<?xml version="1.0" encoding="UTF-8"?>
<COLLADA xmlns="http://www.collada.org/2005/11/COLLADASchema" version="1.4.1">
    <asset>
        <contributor>
            <author>VCGLab</author>
            <authoring_tool>VCGLib | MeshLab</authoring_tool>
        </contributor>
        <created>화 8 26 08:59:53 2025 GMT</created>
        <modified>화 8 26 08:59:53 2025 GMT</modified>
        <up_axis>Y_UP</up_axis>
    </asset>
    <library_geometries>
        <geometry id="shape0-lib" name="shape0">
            <mesh>
                <source id="shape0-lib-positions" name="position">
                    <float_array id="shape0-lib-positions-array" count="8436">0.00599254 -0.000299075 0.0205 0.006 -1.54588e-17 0.2905 0.00599254 -0.000299075 0.2905 0.006 1.45172e-17 0.0205 0.00597019 -0.000597407 0.0205 0.00597019 -0.000597407 0.2905 0.00593298 -0.000894254 0.0205 0.00593298 -0.000894254 0.2905 0.00588103 -0.00118888 0.0205 0.00588103 -0.00118888 0.2905 0.00581446 -0.00148054 0.0205 0.00581446 -0.00148054 0.2905 0.00573344 -0.00176853 0.0205 0.00573344 -0.00176853 0.2905 0.00563816 -0.00205212 0.0205 0.00563816 -0.00205212 0.2905 0.00552886 -0.00233061 0.0205 0.00552886 -0.00233061 0.2905 0.00540581 -0.0026033 0.0205 0.00540581 -0.0026033 0.2905 0.00526933 -0.00286952 0.0205 0.00526933 -0.00286952 0.2905 0.00511975 -0.00312861 0.0205 0.00511975 -0.00312861 0.2905 0.00495743 -0.00337992 0.0205 0.00495743 -0.00337992 0.2905 0.00478279 -0.00362283 0.0205 0.00478279 -0.00362283 0.2905 0.00459627 -0.00385673 0.0205 0.00459627 -0.00385673 0.2905 0.00439831 -0.00408104 0.0205 0.00439831 -0.00408104 0.2905 0.00418942 -0.0042952 0.0205 0.00418942 -0.0042952 0.2905 0.00397011 -0.00449869 0.0205 0.00397011 -0.00449869 0.2905 0.00374094 -0.00469099 0.0205 0.00374094 -0.00469099 0.2905 0.00350246 -0.00487163 0.0205 0.00350246 -0.00487163 0.2905 0.00325528 -0.00504015 0.0205 0.00325528 -0.00504015 0.2905 0.003 -0.00519615 0.0205 0.003 -0.00519615 0.2905 0.00273726 -0.00533923 0.0205 0.00273726 -0.00533923 0.2905 0.00246772 -0.00546903 0.0205 0.00246772 -0.00546903 0.2905 0.00219205 -0.00558524 0.0205 0.00219205 -0.00558524 0.2905 0.00191092 -0.00568756 0.0205 0.00191092 -0.00568756 0.2905 0.00162504 -0.00577575 0.0205 0.00162504 -0.00577575 0.2905 0.00133513 -0.00584957 0.0205 0.00133513 -0.00584957 0.2905 0.00104189 -0.00590885 0.0205 0.00104189 -0.00590885 0.2905 0.000746062 -0.00595343 0.0205 0.000746062 -0.00595343 0.2905 0.000448381 -0.00598322 0.0205 0.000448381 -0.00598322 0.2905 0.000149584 -0.00599814 0.0205 0.000149584 -0.00599814 0.2905 -0.000149584 -0.00599814 0.0205 -0.000149584 -0.00599814 0.2905 -0.000448381 -0.00598322 0.0205 -0.000448381 -0.00598322 0.2905 -0.000746062 -0.00595343 0.0205 -0.000746062 -0.00595343 0.2905 -0.00104189 -0.00590885 0.0205 -0.00104189 -0.00590885 0.2905 -0.00133513 -0.00584957 0.0205 -0.00133513 -0.00584957 0.2905 -0.00162504 -0.00577575 0.0205 -0.00162504 -0.00577575 0.2905 -0.00191092 -0.00568756 0.0205 -0.00191092 -0.00568756 0.2905 -0.00219205 -0.00558524 0.0205 -0.00219205 -0.00558524 0.2905 -0.00246772 -0.00546903 0.0205 -0.00246772 -0.00546903 0.2905 -0.00273726 -0.00533923 0.0205 -0.00273726 -0.00533923 0.2905 -0.003 -0.00519615 0.0205 -0.003 -0.00519615 0.2905 -0.00325528 -0.00504015 0.0205 -0.00325528 -0.00504015 0.2905 -0.00350246 -0.00487163 0.0205 -0.00350246 -0.00487163 0.2905 -0.00374094 -0.00469099 0.0205 -0.00374094 -0.00469099 0.2905 -0.00397011 -0.00449869 0.2905 -0.00397011 -0.00449869 0.0205 -0.00418942 -0.0042952 0.0205 -0.00418942 -0.0042952 0.2905 -0.00439831 -0.00408104 0.0205 -0.00439831 -0.00408104 0.2905 -0.00459627 -0.00385673 0.0205 -0.00459627 -0.00385673 0.2905 -0.00478279 -0.00362283 0.0205 -0.00478279 -0.00362283 0.2905 -0.00495743 -0.00337992 0.0205 -0.00495743 -0.00337992 0.2905 -0.00511975 -0.00312861 0.0205 -0.00511975 -0.00312861 0.2905 -0.00526933 -0.00286952 0.0205 -0.00526933 -0.00286952 0.2905 -0.00540581 -0.0026033 0.0205 -0.00540581 -0.0026033 0.2905 -0.00552886 -0.00233061 0.0205 -0.00552886 -0.00233061 0.2905 -0.00563816 -0.00205212 0.0205 -0.00563816 -0.00205212 0.2905 -0.00573344 -0.00176853 0.0205 -0.00573344 -0.00176853 0.2905 -0.00581446 -0.00148054 0.0205 -0.00581446 -0.00148054 0.2905 -0.00588103 -0.00118888 0.0205 -0.00588103 -0.00118888 0.2905 -0.00593298 -0.000894254 0.2905 -0.00593298 -0.000894254 0.0205 -0.00597019 -0.000597407 0.0205 -0.00597019 -0.000597407 0.2905 -0.00599254 -0.000299075 0.0205 -0.00599254 -0.000299075 0.2905 -0.006 -8.72885e-18 0.0205 -0.006 2.45812e-18 0.2905 -0.00599254 0.000299075 0.0205 -0.00599254 0.000299075 0.2905 -0.00597019 0.000597407 0.0205 -0.00597019 0.000597407 0.2905 -0.00593298 0.000894254 0.0205 -0.00593298 0.000894254 0.2905 -0.00588103 0.00118888 0.0205 -0.00588103 0.00118888 0.2905 -0.00581446 0.00148054 0.0205 -0.00581446 0.00148054 0.2905 -0.00573344 0.00176853 0.2905 -0.00573344 0.00176853 0.0205 -0.00563816 0.00205212 0.0205 -0.00563816 0.00205212 0.2905 -0.00552886 0.00233061 0.0205 -0.00552886 0.00233061 0.2905 -0.00540581 0.0026033 0.0205 -0.00540581 0.0026033 0.2905 -0.00526933 0.00286952 0.2905 -0.00526933 0.00286952 0.0205 -0.00511975 0.00312861 0.0205 -0.00511975 0.00312861 0.2905 -0.00495743 0.00337992 0.0205 -0.00495743 0.00337992 0.2905 -0.00478279 0.00362283 0.0205 -0.00478279 0.00362283 0.2905 -0.00459627 0.00385673 0.0205 -0.00459627 0.00385673 0.2905 -0.00439831 0.00408104 0.0205 -0.00439831 0.00408104 0.2905 -0.00418942 0.0042952 0.0205 -0.00418942 0.0042952 0.2905 -0.00397011 0.00449869 0.0205 -0.00397011 0.00449869 0.2905 -0.00374094 0.00469099 0.0205 -0.00374094 0.00469099 0.2905 -0.00350246 0.00487163 0.0205 -0.00350246 0.00487163 0.2905 -0.00325528 0.00504015 0.0205 -0.00325528 0.00504015 0.2905 -0.003 0.00519615 0.0205 -0.003 0.00519615 0.2905 -0.00273726 0.00533923 0.0205 -0.00273726 0.00533923 0.2905 -0.00246772 0.00546903 0.0205 -0.00246772 0.00546903 0.2905 -0.00219205 0.00558524 0.0205 -0.00219205 0.00558524 0.2905 -0.00191092 0.00568756 0.2905 -0.00191092 0.00568756 0.0205 -0.00162504 0.00577575 0.0205 -0.00162504 0.00577575 0.2905 -0.00133513 0.00584957 0.0205 -0.00133513 0.00584957 0.2905 -0.00104189 0.00590885 0.0205 -0.00104189 0.00590885 0.2905 -0.000746062 0.00595343 0.0205 -0.000746062 0.00595343 0.2905 -0.000448381 0.00598322 0.0205 -0.000448381 0.00598322 0.2905 -0.000149584 0.00599814 0.0205 -0.000149584 0.00599814 0.2905 0.000149584 0.00599814 0.0205 0.000149584 0.00599814 0.2905 0.000448381 0.00598322 0.2905 0.000448381 0.00598322 0.0205 0.000746062 0.00595343 0.0205 0.000746062 0.00595343 0.2905 0.00104189 0.00590885 0.0205 0.00104189 0.00590885 0.2905 0.00133513 0.00584957 0.0205 0.00133513 0.00584957 0.2905 0.00162504 0.00577575 0.0205 0.00162504 0.00577575 0.2905 0.00191092 0.00568756 0.0205 0.00191092 0.00568756 0.2905 0.00219205 0.00558524 0.2905 0.00219205 0.00558524 0.0205 0.00246772 0.00546903 0.0205 0.00246772 0.00546903 0.2905 0.00273726 0.00533923 0.0205 0.00273726 0.00533923 0.2905 0.003 0.00519615 0.0205 0.003 0.00519615 0.2905 0.00325528 0.00504015 0.0205 0.00325528 0.00504015 0.2905 0.00350246 0.00487163 0.2905 0.00350246 0.00487163 0.0205 0.00374094 0.00469099 0.0205 0.00374094 0.00469099 0.2905 0.00397011 0.00449869 0.2905 0.00397011 0.00449869 0.0205 0.00418942 0.0042952 0.0205 0.00418942 0.0042952 0.2905 0.00439831 0.00408104 0.0205 0.00439831 0.00408104 0.2905 0.00459627 0.00385673 0.0205 0.00459627 0.00385673 0.2905 0.00478279 0.00362283 0.0205 0.00478279 0.00362283 0.2905 0.00495743 0.00337992 0.0205 0.00495743 0.00337992 0.2905 0.00511975 0.00312861 0.0205 0.00511975 0.00312861 0.2905 0.00526933 0.00286952 0.0205 0.00526933 0.00286952 0.2905 0.00540581 0.0026033 0.0205 0.00540581 0.0026033 0.2905 0.00552886 0.00233061 0.0205 0.00552886 0.00233061 0.2905 0.00563816 0.00205212 0.0205 0.00563816 0.00205212 0.2905 0.00573344 0.00176853 0.0205 0.00573344 0.00176853 0.2905 0.00581446 0.00148054 0.2905 0.00581446 0.00148054 0.0205 0.00588103 0.00118888 0.2905 0.00588103 0.00118888 0.0205 0.00593298 0.000894254 0.0205 0.00593298 0.000894254 0.2905 0.00597019 0.000597407 0.0205 0.00597019 0.000597407 0.2905 0.00599254 0.000299075 0.0205 0.00599254 0.000299075 0.2905 -0.00243319 -0.00237327 0.291 -0.00349369 -0.00420201 0.291 -0.0026574 -0.00211921 0.291 -0.0021848 -0.00260374 0.291 -0.00450007 -0.00313057 0.291 -0.00191469 -0.00280834 0.291 -0.00280921 -0.00191529 0.291 -0.00300343 -0.00158734 0.291 -0.00158737 -0.00300341 0.291 -0.00124216 -0.00316497 0.291 -0.00316399 -0.00124177 0.291 -0.00525577 -0.00148842 0.291 -0.00100186 -0.00324794 0.291 -0.00327191 -0.000920572 0.291 -0.000232022 -0.00539661 0.291 -0.00335258 -0.000548167 0.291 -0.000631579 -0.00333787 0.291 -0.000169423 -0.00339472 0.291 -0.00339789 -8.4738e-05 0.291 0.000169423 -0.00339472 0.291 -0.00338944 0.000254003 0.291 0.000506586 -0.00336098 0.291 -0.00334731 0.00059022 0.291 -0.00486349 0.00212429 0.291 -0.00327191 0.000920572 0.291 0.000838714 -0.00329384 0.291 0.00116251 -0.00319396 0.291 -0.00316399 0.00124177 0.291 -0.00302462 0.00155063 0.291 0.00147475 -0.00306234 0.291 0.00177233 -0.00290029 0.291 -0.0028552 0.00184408 0.291 0.0020523 -0.00270941 0.291 -0.00257489 0.0022159 0.291 -0.00231187 0.0024916 0.291 0.00240212 -0.00240209 0.291 0.0026574 -0.00211921 0.291 0.00502301 -0.00197372 0.291 -0.00194848 0.00278275 0.291 0.0028552 -0.00184408 0.291 -0.00262806 0.00477039 0.291 -0.00158737 0.00300341 0.291 0.00302462 -0.00155063 0.291 0.00316399 -0.00124177 0.291 -0.00124216 0.00316497 0.291 -0.00100186 0.00324794 0.291 0.00327191 -0.000920572 0.291 -0.000673487 0.00333155 0.291 0.00334731 -0.00059022 0.291 -0.000338425 0.00338205 0.291 0.00338944 -0.000254003 0.291 4.23295e-05 0.00339683 0.291 0.00339472 0.000127002 0.291 -0.000349367 0.00544627 0.291 0.000422769 0.00337361 0.291 0.00546633 0.000255402 0.291 0.000673487 0.00333155 0.291 0.00333788 0.00063154 0.291 0.00324895 0.00100217 0.291 0.00100186 0.00324794 0.291 0.00316399 0.00124177 0.291 0.00135845 0.00311366 0.291 0.00302462 0.00155063 0.291 0.00290119 0.00177288 0.291 0.00177233 0.00290029 0.291 0.0020523 0.00270941 0.291 0.00250896 0.00470673 0.291 0.00231187 0.0024916 0.291 0.00454465 0.00299329 0.291 0.00268214 0.00208479 0.291 0.00249238 0.00231259 0.291 -0.00234146 -0.00246126 0.02 -0.00260455 -0.00218548 0.02 -0.00283046 -0.0018785 0.02 -0.0020523 -0.00270941 0.02 -0.00177233 -0.00290029 0.02 -0.00529366 -0.00027482 0.02 -0.00302462 -0.00155063 0.02 -0.00147475 -0.00306234 0.02 -0.00260426 -0.0048017 0.02 -0.00316399 -0.00124177 0.02 -0.00112201 -0.00320645 0.02 -0.00327191 -0.000920572 0.02 -0.000673487 -0.00333155 0.02 -0.00334731 -0.00059022 0.02 -0.00338944 -0.000254003 0.02 -0.000338425 -0.00338205 0.02 -0.00019563 -0.00534511 0.02 -0.00339789 8.4738e-05 0.02 4.23295e-05 -0.00339683 0.02 0.000506586 -0.00336098 0.02 -0.00336521 0.000464376 0.02 0.000838714 -0.00329384 0.02 -0.00327191 0.000920572 0.02 -0.00319495 0.00116287 0.02 0.00116251 -0.00319396 0.02 -0.00313302 0.00132068 0.02 -0.00479802 0.00258478 0.02 -0.00302462 0.00155063 0.02 0.00151197 -0.00304207 0.02 0.00191469 -0.00280834 0.02 -0.00283046 0.0018785 0.02 -0.00251887 0.00227937 0.02 0.00221587 -0.00257491 0.02 -0.00224973 0.00254926 0.02 0.00275973 -0.00198411 0.02 0.00254846 -0.00224903 0.02 -0.00209363 0.00492642 0.02 -0.00201728 0.00273328 0.02 -0.00158737 0.00300341 0.02 0.00362829 -0.0039681 0.02 0.00309816 -0.00139794 0.02 0.00294357 -0.00169947 0.02 -0.00112201 0.00320645 0.02 0.00514182 -0.00185967 0.02 0.00323343 -0.00104172 0.02 -0.000673487 0.00333155 0.02 0.00334731 -0.00059022 0.02 -0.000338425 0.00338205 0.02 0.0033905 -0.000211634 0.02 0 0.00339894 0.02 0.000338425 0.00338205 0.02 0.00338944 0.000254003 0.02 0.00159906 0.00520939 0.02 0.00334731 0.00059022 0.02 0.000590404 0.00334835 0.02 0.000879214 0.00328135 0.02 0.00323343 0.00104172 0.02 0.00132027 0.00313205 0.02 0.00309816 0.00139794 0.02 0.00155112 0.00302556 0.02 0.00177233 0.00290029 0.02 0.00294357 0.00169947 0.02 0.00275973 0.00198411 0.02 0.0020523 0.00270941 0.02 0.00496504 0.00188304 0.02 0.00254846 0.00224903 0.02 0.00231187 0.0024916 0.02 -0.00339577 0.000169476 0.04225 -0.00166484 0.0013462 0.042982 -0.000565871 0.00210507 0.0429549 -0.00335258 0.000548167 0.04225 -0.00327191 0.000920572 0.04225 -0.00319495 0.00116287 0.04225 0.000815703 0.00214321 0.0429077 -0.00313302 0.00132068 0.04225 -0.00302462 0.00155063 0.04225 -0.00278273 0.00194851 0.04225 -0.00246123 0.00234149 0.04225 -0.00224973 0.00254926 0.04225 -0.00194848 0.00278275 0.04225 -0.00162556 0.00298502 0.04225 -0.00128044 0.00314654 0.04225 -0.000838714 0.00329384 0.04225 -0.000506586 0.00336098 0.04225 -0.000127041 0.00339472 0.04225 0.000338425 0.00338205 0.04225 0.000590404 0.00334835 0.04225 0.00200279 0.00106033 0.0428773 0.000879214 0.00328135 0.04225 0.00124216 0.00316497 0.04225 0.00139838 0.00309912 0.04225 0.00155112 0.00302556 0.04225 0.00177233 0.00290029 0.04225 0.0020523 0.00270941 0.04225 0.00231187 0.0024916 0.04225 0.00254846 0.00224903 0.04225 0.00275973 0.00198411 0.04225 0.00294357 0.00169947 0.04225 0.00314656 0.0012804 0.04225 0.00327191 0.000920572 0.04225 0.00334731 0.00059022 0.04225 0.00338944 0.000254003 0.04225 0.00339789 -8.4738e-05 0.04225 0.00336521 -0.000464376 0.04225 0.00327191 -0.000920572 0.04225 0.00200915 -0.000860327 0.042914 0.00314656 -0.0012804 0.04225 0.000675217 -0.00191621 0.043046 0.00298595 -0.00162606 0.04225 0.00283046 -0.0018785 0.04225 0.00260455 -0.00218548 0.04225 0.00240212 -0.00240209 0.04225 0.00211987 -0.00265823 0.04225 0.00180735 -0.00287641 0.04225 0.00155112 -0.00302556 0.04225 0.00128044 -0.00314654 0.04225 0.000838714 -0.00329384 0.04225 0.000506586 -0.00336098 0.04225 0.000169423 -0.00339472 0.04225 -0.000169423 -0.00339472 0.04225 -0.000422769 -0.00337361 0.04225 -0.00120156 -0.0031775 0.04225 -0.000797173 -0.00330224 0.04225 -0.00155112 -0.00302556 0.04225 -0.00177233 -0.00290029 0.04225 -0.000726894 -0.00207012 0.0429479 -0.00198473 -0.00276059 0.04225 -0.00107621 -0.000865383 0.0434497 -0.0021848 -0.00260374 0.04225 -0.00246123 -0.00234149 0.04225 -0.00275973 -0.00198411 0.04225 -0.00290119 -0.00177288 0.04225 -0.00302462 -0.00155063 0.04225 -0.00316399 -0.00124177 0.04225 -0.00327191 -0.000920572 0.04225 -0.0019876 2.80758e-05 0.0430761 -0.00334731 -0.00059022 0.04225 -0.0033905 -0.000211634 0.04225 0.00339789 8.4738e-05 0.26875 0.00337256 0.000422637 0.26875 0.00330225 0.000797134 0.26875 0.00319495 0.00116287 0.26875 0.00309816 0.00139794 0.26875 0.00294357 0.00169947 0.26875 -0.000226792 0.00162156 0.267733 0.00268214 0.00208479 0.26875 0.00166735 0.00157817 0.268114 0.00243319 0.00237327 0.26875 0.00215101 0.00262933 0.26875 -0.00185897 0.000942091 0.268008 0.00177233 0.00290029 0.26875 0.00147475 0.00306234 0.26875 0.00116251 0.00319396 0.26875 0.000838714 0.00329384 0.26875 0.000506586 0.00336098 0.26875 4.23295e-05 0.00339683 0.26875 -0.000338425 0.00338205 0.26875 -0.000673487 0.00333155 0.26875 -0.00100186 0.00324794 0.26875 -0.00135845 0.00311366 0.26875 -0.0017 0.00294449 0.26875 -0.00201728 0.00273328 0.26875 -0.00231187 0.0024916 0.26875 -0.00249238 0.00231259 0.26875 -0.00273331 0.00201725 0.26875 -0.00294357 0.00169947 0.26875 -0.00309816 0.00139794 0.26875 -0.00323343 0.00104172 0.26875 -0.00334731 0.00059022 0.26875 -0.00338944 0.000254003 0.26875 -0.00339789 -8.4738e-05 0.26875 -0.000111657 -0.00202549 0.26798 -0.00335258 -0.000548167 0.26875 -0.00327191 -0.000920572 0.26875 -0.00316399 -0.00124177 0.26875 -0.00296291 -0.00166176 0.26875 -0.00273331 -0.00201725 0.26875 -0.00243319 -0.00237327 0.26875 -0.00208476 -0.00268217 0.26875 -0.00196353 -0.000978234 0.268085 -0.00184466 -0.00285609 0.26875 -0.00151197 -0.00304207 0.26875 -0.00116251 -0.00319396 0.26875 -0.000838714 -0.00329384 0.26875 -0.000506586 -0.00336098 0.26875 -0.000169423 -0.00339472 0.26875 0.00165859 -0.00129744 0.268009 0.000169423 -0.00339472 0.26875 0.00236088 7.27575e-05 0.268158 0.000506586 -0.00336098 0.26875 0.000838714 -0.00329384 0.26875 0.00116251 -0.00319396 0.26875 0.00147475 -0.00306234 0.26875 0.00177233 -0.00290029 0.26875 0.00215101 -0.00262933 0.26875 0.00243319 -0.00237327 0.26875 0.0026574 -0.00211921 0.26875 0.0028552 -0.00184408 0.26875 0.00302462 -0.00155063 0.26875 0.00313302 -0.00132068 0.26875 0.00323343 -0.00104172 0.26875 0.00334731 -0.00059022 0.26875 0.00338944 -0.000254003 0.26875 0.00561856 0.000211855 0.29075 0.00458616 -0.00338577 0.29075 0.00282501 -0.00470548 0.290938 0.00181993 -0.00541676 0.29075 -0.000635547 -0.00564708 0.29075 -0.00274033 -0.00503265 0.29075 -0.00429669 -0.0037915 0.29075 -0.0050435 -0.00274654 0.29075 -0.00551611 -0.00155227 0.29075 -0.00560815 0.000917665 0.29075 -0.00491671 0.00291984 0.29075 -0.00303358 0.00482635 0.29075 -0.000639614 0.0056681 0.29075 0.0012779 0.00559887 0.29075 0.00333967 0.00457987 0.29075 0.00475208 0.00315502 0.29075 0.00519771 0.00207491 0.02025 0.00348937 0.0043838 0.020125 0.00215626 0.00529623 0.02025 -0.0013231 0.00546093 0.02025 -0.00396734 0.00392911 0.020125 -0.00458351 0.00347188 0.02025 -0.00533568 0.00201667 0.02025 -0.00564375 -0.000599148 0.02025 -0.00443327 -0.00342488 0.020125 -0.00374378 -0.00429147 0.02025 -0.0015554 -0.00552821 0.02025 0.000103187 -0.00566727 0.02025 0.00248607 -0.00516299 0.02025 0.00460342 -0.0032629 0.02025 0.00566831 -0.000637692 0.02025 -0.0045022 0.00295858 0.29431 -0.00516661 0.00179369 0.294241 -0.00515665 0.00167404 0.291716 0.00122025 -0.00523919 0.291689 0.00280472 -0.00368639 0.295 0.000998302 -0.00538255 0.294226 -0.00235698 -0.00404293 0.295 -0.00106704 -0.00502474 0.294497 -0.00400615 -0.00363348 0.294293 -0.00485195 -0.00195991 0.294434 -0.00141133 0.00437953 0.295 -0.00253863 0.0043243 0.294717 0.00113796 0.00498166 0.294581 0.00454647 -0.00105919 0.295 0.00488201 0.00159444 0.294416 3.29654e-05 -0.00487768 0.294813 -0.00414292 -0.00306722 0.294542 -0.00441151 -0.00108501 0.295 -0.00461587 0.00210643 0.294604 -0.00395205 0.00247958 0.295 -0.00088754 0.00546387 0.294191 8.3061e-05 0.00507321 0.294615 0.00238611 0.00396538 0.295 0.00376433 0.00375312 0.294392 0.00432223 0.00217911 0.294818 0.00464067 -0.00191062 0.294635 0.00518891 -0.00206156 0.294152 0.00391597 -0.00335632 0.29454 -0.00472213 0.00205971 0.291458 -0.00485691 -0.00189593 0.291556 -0.00339238 -0.00392847 0.291541 -0.000608546 -0.00523808 0.291586 0.000333204 -0.00453719 0.291 0.00391633 -0.00254633 0.291 0.0039443 -0.00334883 0.291526 0.00519124 -0.00215089 0.29188 0.00500898 9.98944e-05 0.291302 0.00470879 0.000144673 0.291 -0.000193764 0.0045361 0.291 0.000468351 0.00530136 0.291661 -0.00140501 0.00511097 0.29161 -0.0045736 0.000219339 0.291 -0.00430552 -0.00263797 0.291375 -0.00297581 -0.00353815 0.291 0.00034019 -0.00504243 0.291396 0.00465504 -0.00195627 0.291375 0.00421879 0.00276963 0.291385 0.0036954 0.00277236 0.291 0.00477822 0.00277954 0.291804 0.00361628 0.00382292 0.291557 -0.000260897 0.00506505 0.291396 -0.0040745 0.00324437 0.291548 -0.0035412 0.00307248 0.291 4.07234e-05 0.00334376 0.291 0.00148265 0.00304591 0.291 -0.00140167 0.00308959 0.291 0.0023807 0.00240501 0.291 -0.00225591 0.00251411 0.291 0.00307543 0.00137202 0.291 -0.00311756 0.0012335 0.291 0.00338899 0.000197196 0.291 0.00333009 -0.000612261 0.291 -0.00332525 -0.000604307 0.291 0.00284287 -0.00181505 0.291 0.00193132 -0.00278281 0.291 -0.00291935 -0.00171796 0.291 -0.00239223 -0.002402 0.291 0.000542589 -0.00331311 0.291 -0.000973925 -0.00319704 0.291 0.000702877 0.00330075 0.295 -0.000552996 0.00333928 0.295 0.00178357 0.00289121 0.295 0.00251294 0.00226866 0.295 -0.00187625 0.00279638 0.295 0.00314271 0.00125188 0.295 0.00337652 0.000302342 0.295 -0.00286044 0.00181437 0.295 0.00330545 -0.000709135 0.295 -0.00335059 0.000106811 0.295 0.00261041 -0.00214046 0.295 -0.00307325 -0.00138239 0.295 0.00164437 -0.00296143 0.295 -0.00246936 -0.00232946 0.295 0.000439892 -0.00333289 0.295 -0.00139041 -0.00303267 0.295 -0.00138944 0.00231311 0.278 -0.00334947 -0.000551073 0.278176 0.000904416 0.00331879 0.278236 0.00230274 0.00212237 0.278 0.000592377 -0.00213258 0.278 0.00253414 -0.00233347 0.278278 -0.00356257 0.0045 0.306176 0.00296687 0.0045 0.3055 -0.00110855 0.00493513 0.305065 0.000749388 0.00479838 0.304595 0.00809632 0.0045 0.31251 0.00548681 0.0045 0.314913 0.00997277 0.00450014 0.315596 0.00715156 0.0045 0.317887 0.00486446 0.0045 0.30777 0.0108606 0.00450004 0.318311 0.00237533 0.0045 0.312996 0.0110845 0.00449996 0.32112 -0.00141693 0.0045 0.31264 0.0105236 0.00450005 0.323914 0.00719387 0.0045 0.321887 0.00886904 0.00449965 0.327137 -0.00678883 0.0045 0.310484 -0.00389586 0.0045 0.313609 0.00480631 0.0045 0.325671 -0.00971226 0.00450007 0.31511 0.00605189 0.00450014 0.329792 -0.00672149 0.0045 0.316885 -0.0107848 0.00450009 0.318032 0.00243198 0.0044996 0.331268 0.00132911 0.0045 0.327342 -0.000499927 0.00449995 0.331598 -0.0073188 0.0045 0.321438 -0.0109844 0.00450006 0.321888 -0.00297086 0.00450009 0.331206 -0.00156191 0.0045 0.327333 -0.00602918 0.0045 0.324448 -0.0101867 0.00449984 0.324841 -0.00830122 0.00450018 0.327875 -0.00585195 0.00450013 0.32987 -0.0038414 0.0045 0.326433 0.00356257 -0.0045 0.306176 -0.00296687 -0.0045 0.3055 0.00180372 -0.00484404 0.305156 -0.00617442 -0.0045 0.309559 -0.00542967 -0.0045 0.314909 -0.00972309 -0.00450007 0.315132 -0.0105914 -0.00450029 0.317119 -0.00694697 -0.0045 0.317123 -0.00247478 -0.0045 0.312928 -0.00409931 -0.0045 0.306772 -0.00744684 -0.0045 0.319535 -0.0109398 -0.0045 0.318552 0.00102435 -0.0045 0.312577 -0.0110873 -0.00449994 0.320948 -0.00700163 -0.0045 0.322634 -0.0104154 -0.00449997 0.324212 -0.00911067 -0.00449948 0.326839 0.00680242 -0.00449883 0.310504 0.0043567 -0.0045 0.313958 -0.00708408 -0.00450045 0.329038 -0.00439627 -0.0045 0.326035 0.00971226 -0.00450007 0.31511 0.0062662 -0.0045 0.315841 -0.0050602 -0.00449995 0.330381 0.0106527 -0.00450022 0.317376 0.0073184 -0.0045 0.318425 -0.00230605 -0.00449953 0.331352 0.0110687 -0.00449987 0.319661 -0.00135354 -0.0045 0.327347 0.000651037 -0.00449999 0.331573 0.0108607 -0.00450011 0.322639 0.00735594 -0.0045 0.321415 0.003768 -0.00449999 0.330928 0.00121247 -0.0045 0.327415 0.00572851 -0.00449985 0.330024 0.00340191 -0.0045 0.326688 0.00960631 -0.00449946 0.326059 0.00599904 -0.0045 0.324457 0.00774662 -0.00450033 0.328418 -0.0105239 -0.00224903 0.315244 -0.0106312 -0.00330978 0.316068 -0.0111433 -0.00330978 0.317585 -0.0114399 -0.00330978 0.319159 -0.0114311 -0.0016712 0.317294 -0.0110369 -0.000463182 0.31591 -0.0117304 -0.0016712 0.318707 -0.0104204 0.00185713 0.31488 -0.0113746 -0.00361207 0.321397 -0.0116122 0.000209155 0.317568 -0.0117101 -0.00249659 0.320963 -0.0102052 0.0034384 0.315254 -0.0115687 -0.00249659 0.322384 -0.0119292 -0.000837644 0.32087 -0.0118699 0.000418822 0.319002 -0.0110633 0.00228719 0.316599 -0.0108106 -0.00341054 0.324324 -0.0112778 -0.00146204 0.324216 -0.0114141 0.00310471 0.318655 -0.0116842 0 0.323036 -0.0118978 0.00125442 0.320561 -0.0111406 0.000418822 0.324825 -0.00973923 -0.00330978 0.326627 -0.0115187 0.00320724 0.320806 -0.0103696 -0.00187882 0.326173 -0.0102931 -0.000209155 0.326609 -0.00854075 -0.00330978 0.328226 -0.00826851 -0.00249659 0.328808 -0.00936878 -0.00125442 0.327863 -0.0107368 0.0025943 0.325048 -0.00683754 -0.00371283 0.329612 -0.0113618 0.00269684 0.323065 -0.00828839 -0.000628489 0.329125 -0.00976181 0.00135823 0.327257 -0.00686471 -0.00249659 0.329985 -0.00532595 -0.00310471 0.33077 -0.00643214 -0.000942222 0.33054 -0.00928726 0.00330978 0.327292 -0.0080497 0.00135823 0.329252 -0.00340145 -0.00320724 0.331504 -0.00767781 0.00330978 0.32907 -0.00635886 0.00146204 0.330522 -0.00445361 -0.000835598 0.33156 -0.000695417 -0.00351131 0.331933 -0.00327887 -0.000835598 0.331971 -0.00576818 0.00341054 0.330428 -0.00451097 0.00187627 0.331429 -0.00261903 0.000835598 0.332124 0.00157333 -0.00249049 0.332076 0.000520888 -0.000835598 0.332409 -0.00343216 0.00351131 0.331428 -0.000977762 -0.0011478 0.332351 -0.00159846 0.00330978 0.331894 -0.000565824 0.00114984 0.332379 0.0040481 -0.00341054 0.331216 0.00405944 -0.00114984 0.331689 0.00604965 -0.00208389 0.330607 0.00292825 0.000732811 0.332067 0.000955019 0.00300395 0.332027 0.00709346 -0.00310471 0.329603 0.00860134 -0.00310471 0.32821 0.0038176 0.00305433 0.331406 0.00718129 -0.000418822 0.330071 0.00962861 -0.00371283 0.32656 0.0051648 0.000940432 0.331244 0.0089178 -0.000837644 0.328432 0.00703273 0.00156662 0.330044 0.0100264 -0.00249659 0.326571 0.0063552 0.00310648 0.330144 0.00863727 0.00166712 0.328595 0.00983912 0.000941455 0.327243 0.0112495 -0.00310471 0.323147 0.0107531 -0.00269684 0.325004 0.0105806 -0.000418822 0.326053 0.0113727 -0.00125442 0.324026 0.00803534 0.00371283 0.328576 0.0116129 -0.00249049 0.321882 0.0106997 0.00187627 0.325534 0.00962339 0.00330978 0.326797 0.0119407 -0.000627977 0.321079 0.011302 -0.00310471 0.318061 0.0114177 0.000837644 0.324042 0.0115987 -0.00290318 0.320157 0.0117218 0.000835598 0.322725 0.0107303 -0.00341054 0.316403 0.0110492 0.00300395 0.323979 0.011554 0.00269811 0.32207 0.0118601 -0.000940432 0.319265 0.0118839 0.0010468 0.319419 0.0118493 0.0016712 0.320768 0.00998096 -0.0032991 0.314747 0.0111885 -0.0016712 0.316615 0.0115753 0.000418822 0.31747 0.0115008 0.00330978 0.320155 0.0108102 -0.000499273 0.315394 0.01148 0.00269811 0.318438 0.010495 0.00171094 0.315019 0.0109146 0.00279455 0.316552 9.96918e-05 0.00399751 0.303 -0.000850816 0.00464987 0.304346 -0.000298827 0.00398758 0.303 -0.000694377 0.00393801 0.303 -0.00108303 0.0038493 0.303 -0.00136808 0.00375877 0.303 -0.00155374 0.0036859 0.303 -0.00186746 0.00353345 0.303 -0.00234215 0.00404077 0.304234 -0.00237323 0.00321565 0.303 -0.00272069 0.00293221 0.303 -0.00302931 0.0026069 0.303 -0.00330393 0.00225258 0.303 -0.00391829 0.00344344 0.305244 -0.0034641 0.002 0.303 -0.00360276 0.001735 0.303 -0.0037576 0.00136766 0.303 -0.0038751 0.000986723 0.303 -0.00395409 0.000595984 0.303 -0.00399379 0.000199322 0.303 -0.00590107 0.000156884 0.306436 -0.00399379 -0.000199322 0.303 -0.00504655 0.00225961 0.305763 -0.00611995 -0.00076693 0.306899 -0.00396896 -0.000497375 0.303 -0.00391947 -0.000792338 0.303 -0.00781115 -0.00178284 0.310216 -0.0038505 -0.00108336 0.303 -0.0037576 -0.00136766 0.303 -0.00360276 -0.001735 0.303 -0.00432756 -0.00278763 0.305076 -0.0034121 -0.00208509 0.303 -0.00315549 -0.00245266 0.303 -0.00279208 -0.00286258 0.303 -0.00249318 -0.00312635 0.303 -0.00225328 -0.00330496 0.303 -0.00186746 -0.00353345 0.303 -0.00765494 0.0038407 0.311247 -0.00146091 -0.00372234 0.303 -0.00103441 -0.0038604 0.303 -0.00768255 0.00216153 0.31016 -0.00371221 -0.00377223 0.305356 -0.00777896 0.00137164 0.310012 -0.0015234 -0.00458675 0.304576 -0.00049722 -0.00396772 0.303 -0.00619233 -0.00397722 0.309059 -4.98459e-05 -0.00399627 0.303 -0.0101026 0.000220333 0.314004 -0.000281431 -0.00487268 0.304669 0.000398271 -0.00398012 0.303 -0.0101924 -0.00132118 0.314294 0.000742988 -0.00392691 0.303 -0.00532406 -0.00207012 0.306092 0.000921152 -0.00452529 0.304122 0.00117902 -0.00382229 0.303 -0.00894045 -0.0036142 0.313166 0.00247376 -0.00395253 0.30429 0.00146091 -0.00372234 0.303 0.00182428 -0.00355838 0.303 0.00216951 -0.00335906 0.303 0.00241522 -0.00318853 0.303 0.00264592 -0.00299819 0.303 0.0029313 -0.00271985 0.303 0.00321563 -0.00237327 0.303 0.0034641 -0.002 0.303 0.00360276 -0.001735 0.303 0.00372349 -0.00146136 0.303 0.00379171 -0.00127395 0.303 0.00390717 -0.000840658 0.303 0.00586113 -0.00133777 0.306618 0.00554491 -0.000415534 0.305819 0.00397889 -0.000398148 0.303 0.00437316 -0.00356073 0.305973 0.00399876 0 0.303 0.00397889 0.000398148 0.303 0.00390717 0.000840658 0.303 0.0037576 0.00136766 0.303 0.00566564 -0.00327106 0.307572 0.00548014 0.0021508 0.306394 0.00364602 0.00164515 0.303 0.0059188 0.00303439 0.307768 0.00343595 0.0020413 0.303 0.00324775 0.00233497 0.303 0.00483137 0.00342589 0.306471 0.00296335 0.00268165 0.303 0.00272069 0.00293221 0.303 0.00237323 0.00321565 0.303 0.00208574 0.00341316 0.303 0.00191302 0.00351289 0.303 0.00173553 0.00360387 0.303 0.007335 -0.00330968 0.310279 0.00306639 0.00382619 0.304655 0.00155374 0.0036859 0.303 0.00754678 -0.00253558 0.310125 0.00113029 0.00383342 0.303 0.0022595 0.00447565 0.304834 0.000792585 0.00392069 0.303 0.00049722 0.00396772 0.303 0.00996144 -0.00169013 0.313995 0.00890018 0.0001683 0.311836 0.0075977 0.00173702 0.309841 0.00811157 0.00415856 0.3122 0.00961125 0.00361748 0.314287 9.96918e-05 0.00399751 0.278767 0.00049722 0.00396772 0.278767 0.000792585 0.00392069 0.278767 0.00098703 0.00387631 0.278767 0.00127355 0.00379053 0.278767 0.00164464 0.00364489 0.278767 0.00191302 0.00351289 0.278767 0.00216951 0.00335906 0.278767 0.00249318 0.00312635 0.278767 0.00279208 0.00286258 0.278767 0.00306323 0.00257035 0.278767 0.00330393 0.00225258 0.278767 0.00351179 0.00191242 0.278767 0.00370181 0.0015064 0.278767 0.00388498 0.00093785 0.278767 0.00397889 0.000398148 0.278767 0.00399876 0 0.278767 0.00397889 -0.000398148 0.278767 0.00391947 -0.000792338 0.278767 0.0038211 -0.00117865 0.278767 0.00372349 -0.00146136 0.278767 0.00360276 -0.001735 0.278767 0.0034641 -0.002 0.278767 0.00321563 -0.00237327 0.278767 0.0029313 -0.00271985 0.278767 0.00264592 -0.00299819 0.278767 0.00241522 -0.00318853 0.278767 0.00225328 -0.00330496 0.278767 0.00199938 -0.00346302 0.278767 0.00164464 -0.00364489 0.278767 0.00127355 -0.00379053 0.278767 0.000840703 -0.00390716 0.278767 0.000398271 -0.00398012 0.278767 -4.98459e-05 -0.00399627 0.278767 -0.00049722 -0.00396772 0.278767 -0.000937805 -0.003885 0.278767 -0.00136808 -0.00375877 0.278767 -0.00164464 -0.00364489 0.278767 -0.00199938 -0.00346302 0.278767 -0.00233425 -0.00324674 0.278767 -0.00268161 -0.00296338 0.278767 -0.00309333 -0.00253061 0.278767 -0.0034121 -0.00208509 0.278767 -0.00366313 -0.00159818 0.278767 -0.0038211 -0.00117865 0.278767 -0.00389971 -0.000890084 0.278767 -0.00395409 -0.000595984 0.278767 -0.00399379 -0.000199322 0.278767 -0.00398882 0.000248935 0.278767 -0.00393923 0.000694593 0.278767 -0.0038751 0.000986723 0.278767 -0.0037576 0.00136766 0.278767 -0.00360276 0.001735 0.278767 -0.0034641 0.002 0.278767 -0.00330393 0.00225258 0.278767 -0.00306323 0.00257035 0.278767 -0.00279208 0.00286258 0.278767 -0.0024527 0.00315546 0.278767 -0.00199938 0.00346302 0.278767 -0.00164464 0.00364489 0.278767 -0.00136808 0.00375877 0.278767 -0.00108303 0.0038493 0.278767 -0.000694377 0.00393801 0.278767 -0.000298827 0.00398758 0.278767 -0.00101219 0.00326387 0.278266 -0.00314252 0.00134843 0.278268 -0.00257721 -0.00224787 0.278274 -0.00131828 -0.00315327 0.278192 0.000371289 -0.0033657 0.278244 0.00333701 7.03425e-05 0.278203 0.00243166 0.00247809 0.278272 0.00679744 -0.00396073 0.319216 0.00715718 -0.00419185 0.320446 0.00629266 -0.00387223 0.323036 0.00270343 -0.00419185 0.326647 0.000321042 -0.00396023 0.326952 -0.0030425 -0.00403143 0.326304 -0.0010598 -0.00403777 0.326966 -0.00496344 -0.00411481 0.325043 -0.00674875 -0.00387748 0.321891 -0.00696814 -0.00403527 0.318913 -0.00648659 -0.00403777 0.317196 -0.00506547 -0.00394367 0.315181 -0.00237492 -0.00392602 0.313464 -0.00053987 -0.00419185 0.312796 0.0016797 -0.00403777 0.313171 0.00362596 -0.00403777 0.313935 0.00516059 -0.00419185 0.314967 0.00558351 -0.00396073 0.315862 0.00770226 -0.000639354 0.321421 0.00651155 0.00135738 0.324224 0.00751454 0.00227861 0.32025 0.00728139 0.00192882 0.322205 0.00635296 0.00384232 0.32298 0.00701322 0.00403777 0.319551 0.0051441 0.00228716 0.325516 0.00422991 0.000473385 0.326633 0.0076972 0.000647068 0.318363 0.00712098 0.00304321 0.318566 0.00365106 0.00198533 0.326709 0.00231619 0.000953506 0.327504 0.00707985 0.000906414 0.31663 0.0019158 0.00275569 0.327146 -0.000549473 0.00277562 0.327326 0.00756729 -0.00196064 0.319777 0.000230327 0.000417637 0.327852 0.00596466 0.00306637 0.315895 0.00716001 -0.0023724 0.317832 0.00645224 -0.0010037 0.315616 0.00587863 0.000727585 0.314838 0.00620908 -0.00318104 0.316339 0.00430511 0.00252776 0.313947 0.00439861 0.000273363 0.313454 0.00409548 0.00403777 0.31438 -0.00255574 0.000750588 0.327395 -0.0042723 0.000101722 0.326642 -0.00340518 0.00278275 0.32655 0.00303395 0.00198616 0.312963 0.00454357 -0.0025287 0.314057 0.00384272 -0.0011697 0.313181 0.00251638 -0.000686767 0.312546 0.00143894 0.00313503 0.312908 0.00312676 -0.00289989 0.313357 0.00190514 0.00138428 0.312508 0.00709724 -0.00282801 0.321895 -0.00528091 0.00141771 0.325673 -0.00365578 0.00359765 0.326016 0.000481294 -0.00268588 0.312623 0.00685697 -0.000908615 0.323781 0.000481294 -0.000670175 0.312185 0.00597814 -0.00288909 0.324242 -0.000587139 0.00251255 0.312541 -0.00257231 0.00257702 0.313017 0.0057624 -0.000852255 0.325316 0.00430804 -0.00386722 0.325546 -0.000686594 0.000310365 0.312166 0.00466804 -0.0013877 0.326204 -0.00657398 0.00264233 0.323459 -0.00177743 0.00114165 0.312394 -0.00703544 0.000436187 0.323552 -0.00232383 -0.00134211 0.312614 0.00273187 -0.00272467 0.326861 -0.00333571 -0.00265506 0.313375 -0.00758304 0.00149878 0.321537 -0.00469086 0.00298844 0.314399 -0.0075633 0.00221187 0.319902 -0.00395539 0.000893368 0.313223 -0.00683352 0.0037083 0.318151 0.00227449 -0.000915955 0.327454 -0.0052876 0.00080612 0.314217 -0.00672775 0.00282054 0.317061 0.000345356 -0.00240094 0.327503 -0.00459677 -0.00081175 0.313641 -0.00618708 0.00237149 0.315731 -0.00596078 -0.00145816 0.315016 -0.00659237 0.000285943 0.315654 -0.000964606 -0.00287006 0.327287 -0.00752123 0.000528784 0.317749 -0.00551302 -0.00290551 0.315186 -0.00684198 -0.00204372 0.316717 -0.00116781 -0.000527475 0.327792 -0.00384514 -0.00267121 0.326344 -0.00264476 -0.00229698 0.327058 -0.0076809 -0.00108378 0.31896 -0.0070365 -0.00329475 0.318568 -0.00540188 -0.00259021 0.325096 -0.00584016 -0.00053407 0.325273 -0.00664167 -0.00239702 0.323506 -0.00751123 -0.00164408 0.32146 -0.000589719 0.00403777 0.312987 -0.00336989 0.00403777 0.313844 -0.00550207 0.00403777 0.31558 -0.0070094 0.00374728 0.320773 -0.00627185 0.00403777 0.32324 -0.0051722 0.0036067 0.32493 -0.000922021 0.00396073 0.326859 0.00184116 0.00403777 0.326763 0.00395185 0.00378162 0.325814 0.00621718 0.00411481 0.316605 0.00141546 0.00403777 0.313087 -0.00471891 0.006 0.321732 -0.0023146 0.006 0.324453 -0.00449776 0.00596893 0.317508 0.00252663 0.006 0.324332 -0.00173203 0.006 0.31519 0.00493356 0.006 0.321223 0.00217017 0.006 0.315422 0.00472244 0.006 0.318053 0.00336519 -0.006 0.323863 0.00501595 -0.00574964 0.322044 0.000441035 -0.006 0.325064 -0.00274418 -0.006 0.324321 0.00498018 -0.006 0.318863 0.00420145 -0.00553822 0.316289 -0.0047929 -0.006 0.321464 0.000803728 -0.006 0.315031 -0.00149045 -0.006 0.319419 -0.00459566 -0.006 0.317671 -0.00287542 -0.006 0.315742 -0.00191847 0.00336793 0.313092 -0.00599239 0.00499175 0.319102 -0.00263321 0.00149102 0.312753 -0.00339322 0.00497425 0.314925 -0.0040985 0.00369542 0.3144 -0.00629181 0.00468736 0.320381 -0.00712969 -0.000454627 0.323315 -0.00522034 0.00515019 0.317121 -0.00707832 0.00242847 0.322229 -0.00732665 0.00274441 0.319677 -0.00535072 0.00152508 0.314459 -0.00578789 0.00330611 0.315789 -0.0045087 -6.87253e-05 0.313541 -0.00780434 9.18318e-05 0.320747 -0.00646935 -0.000572206 0.315536 -0.0070064 0.00205851 0.317142 -0.00759198 -0.000301382 0.317905 0.00685974 -0.00240282 0.316977 0.00611678 -0.000311142 0.314988 0.00703348 -0.00336015 0.318962 0.00733287 -0.00178032 0.322134 0.00564789 -0.00307781 0.315457 0.005485 -0.00506167 0.3175 0.00483137 -0.00199407 0.314105 0.00675931 -0.00383067 0.321307 0.00390389 -0.00363437 0.314172 0.00328859 -0.00158579 0.312995 0.00258975 0.000223988 0.312539 0.0057917 -0.00535145 0.319931 0.00184561 -0.00296971 0.312957 0.00057417 -0.000769162 0.312176 0.00277314 -0.00499293 0.314567 0.00780876 -0.000249926 0.319837 0.00629354 -0.00108089 0.32462 0.00642994 -0.00275222 0.323622 0.00716175 0.00118131 0.322912 0.00464227 -0.00410744 0.32487 0.00524352 -3.36343e-05 0.325895 0.00477617 -0.0050364 0.323667 0.004794 -0.00243771 0.325773 0.00581676 0.0019304 0.324871 -0.000327911 -0.00306629 0.312755 0.000172004 -0.00524188 0.314126 -0.00164776 -0.00363032 0.31318 -0.00220304 -0.000917836 0.312518 0.00648135 0.00363475 0.32266 0.00711119 0.00334549 0.320338 0.00758047 0.00132719 0.318336 0.00298091 -0.0036329 0.326323 -0.00325408 -0.00203456 0.31309 0.00257625 -0.00535414 0.32521 -0.0020176 -0.00508548 0.314304 0.00362365 0.00152717 0.32683 0.00330467 -0.000759664 0.327097 0.00499137 0.00370454 0.324858 0.00617344 0.00479763 0.321063 0.00178295 -0.0021944 0.327397 -0.00347179 -0.00389069 0.314056 0.00337112 0.00368934 0.326073 -0.00503296 -0.00193551 0.314284 0.00602498 0.00495677 0.318937 0.000963935 -0.0049572 0.326064 -0.00347633 -0.00522288 0.315182 0.00536587 0.0050495 0.322794 0.00679405 0.00101332 0.316092 0.0040238 0.00526109 0.324335 -0.00113493 -0.00518773 0.325838 0.00139034 0.00165412 0.327565 0.00683644 0.00307597 0.317587 -0.00555226 -0.00388188 0.315991 0.000757629 -0.00371687 0.326914 0.00694092 -0.000712814 0.316352 0.0014781 0.00409487 0.32658 0.000207483 -0.00241098 0.327531 -0.00468043 -0.00531493 0.316528 0.00542663 0.00488783 0.317088 0.00237798 0.00537478 0.325278 0.000756619 -0.000614001 0.327819 -0.000961252 0.000717504 0.327768 -0.001644 -0.00353995 0.326843 -0.000897521 -0.00136544 0.327741 -0.00557153 -0.00525669 0.318099 0.0055463 0.00292519 0.315258 -0.000345272 0.00277215 0.327364 -0.00656234 -0.0022088 0.316205 6.91048e-05 0.00481894 0.326253 -0.00718447 -0.00266209 0.318453 -0.00247978 -0.00165866 0.327291 -0.00285967 0.00137027 0.327202 -0.00578006 -0.00505418 0.321693 0.00546943 0.000927366 0.314392 -0.00177743 0.00420774 0.326428 -0.00392602 -0.00140443 0.326676 -0.00308169 0.00286088 0.326658 -0.00462614 -0.0053162 0.323537 -0.00387586 -0.00463805 0.325012 0.0038406 0.00201548 0.313388 0.00333031 0.0038056 0.313956 0.00352268 0.00528128 0.315337 0.00423422 -1.98287e-05 0.313353 -0.00641299 -0.00450739 0.320231 0.00171493 0.00489648 0.314059 -0.00201426 0.00529167 0.325506 -0.00420137 -0.00324356 0.325793 -0.0062646 -0.00346093 0.323296 -0.00508805 -0.000348795 0.32604 0.00178211 0.00241153 0.312705 0.000207652 0.00392245 0.313138 -0.00401531 0.00446382 0.325084 -0.0059573 -0.00156172 0.324935 0.00013821 0.00547547 0.31428 0.00130746 0.000774188 0.312238 -0.00145991 0.00512618 0.314191 -0.00645423 0.0007519 0.324437 -0.00517737 0.00146296 0.325761 -0.0072692 -0.00233179 0.321936 -0.00549864 0.00296857 0.32485 -0.000379571 0.0021708 0.31243 -0.00522647 0.00481572 0.323331 -0.00091326 0.000295666 0.312183 0.000397653 0.0057 0.316026 0.00168905 0.0057 0.316378 0.00240825 0.00580508 0.316795 0.00289557 0 0.317245 0.00335488 0.00285 0.317833 0.00377527 0.00579646 0.318628 0.00389675 -0.00285 0.319136 0.00394421 0.0057 0.319355 0.00396279 0.0057 0.320497 0.00380404 0.0057 0.321226 0.00375229 0.0058843 0.321275 0.00357889 0.0057 0.321779 0.00229233 0 0.323274 0.0022551 0.0059419 0.323124 -0.000358182 0.00575229 0.323983 -0.00168905 0.0057 0.323622 -0.00221003 0.0057 0.32333 -0.00163175 0.00580153 0.323659 -0.00275384 0 0.322895 -0.00319611 0.00285 0.32239 -0.00168919 0.00597932 0.320604 -0.00364036 0.0057 0.321643 -0.00381756 0 0.321177 -0.00397148 -0.004275 0.320347 -0.00397145 0 0.319552 -0.00384451 0 0.318918 -0.00397416 0.00580521 0.320287 -0.00360399 0 0.318278 -0.00324837 0.00575077 0.31766 -0.0026069 0.0057 0.316971 -0.00221003 0.0057 0.31667 -0.00182484 0 0.31644 -0.00203837 0.00587973 0.316492 -0.000160066 0.00579012 0.316014 0.0039941 -0.00285 0.319938 0.00393801 -0.0057 0.320694 0.00380404 -0.0057 0.321226 0.00364489 -0.0057 0.321645 0.00315154 0 0.32245 0.00278943 0 0.32286 0.00182263 0 0.323555 0.00120016 0 0.323807 0.00054637 0 0.323959 9.95369e-05 0 0.323994 -0.000655919 -0.00285 0.323935 -0.00168905 -0.0057 0.323622 -0.00224978 -0.0057 0.3233 -0.00348977 -0.00575127 0.321954 -0.00338856 -0.00579646 0.317845 -0.00299819 -0.0057 0.317354 -0.0026069 -0.0057 0.316971 -0.00129381 0 0.316227 -0.000595984 0 0.316046 -4.97994e-05 -0.0057 0.316004 0.00105792 0 0.316148 0.00182036 -0.00285 0.316449 0.00253061 -0.00285 0.316907 0.00320915 -0.00580001 0.317629 0.00370183 -0.0057 0.318494 0.000400891 -0.00579557 0.316017 0.0037932 -0.00596371 0.319345 0.00341382 -0.0057547 0.322084 0.00100756 -0.00579443 0.323861 -0.00154064 -0.00580864 0.323703 -0.00407374 -0.00591423 0.319589 -0.00205859 -0.00579342 0.316557 0.00399254 9.95678e-05 0.014 0.00394651 -0.000456905 0.02 0.00386709 -0.000946519 0.014 0.00364036 -0.00164259 0.02 0.00355396 -0.00182201 0.014 0.00307344 -0.00253065 0.02 0.00246953 -0.00313647 0.02 0.00281024 -0.00281021 0.014 0.00191242 -0.00351179 0.014 0.00191242 -0.00351179 0.02 0.00164515 -0.00364602 0.014 0.0015064 -0.00370181 0.02 1.15247e-05 -0.00394366 0.02 0.00107083 -0.00386234 0.0175746 0.000628126 -0.00391415 0.014 0.000713335 -0.00402772 0.0167166 -0.00059411 -0.00395182 0.0168205 -0.000598921 -0.00393009 0.0181352 -0.000644856 -0.00394421 0.014 -0.00135008 -0.00376469 0.0176106 -0.00148258 -0.00370916 0.02 -0.00118293 -0.00381743 0.0171332 -0.0015494 -0.0036756 0.014 -0.00237327 -0.00321563 0.014 -0.0020825 -0.00340786 0.02 -0.00281809 -0.00281812 0.02 -0.00292116 -0.00271069 0.014 -0.00359053 -0.0017289 0.02 -0.00358584 -0.00175437 0.014 -0.00379053 -0.00127355 0.014 -0.00389365 -0.000888701 0.02 -0.00392691 -0.000742988 0.014 -0.00398758 -0.000298827 0.02 -0.00398758 -0.000298827 0.014 -0.00391379 0.000703017 0.02 -0.00399379 0.000149414 0.014 -0.00379353 0.00123539 0.014 -0.00362789 0.00166418 0.02 -0.00353345 0.00186746 0.014 -0.00314971 0.00244796 0.014 -0.00282075 0.00280385 0.02 -0.00227296 0.00326749 0.014 -0.00186382 0.00352694 0.02 -0.00139194 0.00375 0.0175 -0.0011528 0.00382517 0.0178946 -0.0010671 0.00383734 0.02 -0.00155326 0.00368476 0.014 -0.0012984 0.00378284 0.0172298 -0.000751708 0.00392487 0.0168665 -0.000912464 0.00388632 0.014 0.000699251 0.0040568 0.0183115 0.00024739 0.00397151 0.02 -0.000348348 0.00398137 0.014 0.00110118 0.00390336 0.0175861 0.000384245 0.00396717 0.014 0.00148258 0.00370916 0.014 0.00166562 0.00363065 0.02 0.00212629 0.00338402 0.02 0.0020825 0.00340786 0.014 0.00281809 0.00281812 0.02 0.00286468 0.0027597 0.014 0.00345872 0.00199689 0.02 0.00353345 0.00186746 0.014 0.00372234 0.00146091 0.02 0.00372234 0.00146091 0.014 0.0038493 0.00108303 0.02 0.00394421 0.000644902 0.02 0.0038604 0.00103441 0.014 0.00395532 0.000596169 0.014 0.0143994 -0.008 0.0147946 0.01 -0.008 0.011 0.016 -0.008 -1.33227e-18 0.00996441 -0.008 0.0114212 0.00985754 -0.008 0.0119053 0.00962953 -0.008 0.0124264 0.00932759 -0.008 0.0128863 0.00797511 -0.008 0.0138345 0.00839601 -0.008 0.0136509 0.00887301 -0.008 0.0133403 -0.007 -0.008 0.02 0.00722063 -0.008 0.013991 0.007 -0.008 0.014 0.00754865 -0.008 0.0139469 -0.007 -0.008 0.014 -0.00381028 0.00451105 0.021 -0.00558094 0.00209092 0.021 -0.00172913 0.00573194 0.021 -0.00596229 -0.00020515 0.021 -0.00536578 -0.00252261 0.021 0.00875736 0.007 0.021 0.00374621 0.00460773 0.021 0.00172913 0.00573194 0.021 -0.000149305 0.00597578 0.021 0.00521029 0.00294385 0.021 -0.00369487 -0.00469318 0.021 0.0058119 0.00144151 0.021 -0.00155903 -0.00574937 0.021 0.00598602 0.00011206 0.021 0.00875736 -0.007 0.021 0.0013687 -0.00582948 0.021 0.00232988 -0.00552714 0.021 0.00372104 -0.00463606 0.021 0.00525335 -0.00272335 0.021 3.72102e-05 -0.00598696 0.021 -0.007 0.008 0.02 0.007 0.008 0.014 -0.007 0.008 0.014 0.01 0.008 1.33227e-18 0.01 0.008 0.011 0.016 0.008 1.33227e-18 0.0143813 0.008 0.0148568 0.00996441 0.008 0.0114212 0.0074762 0.008 0.0139595 0.0071472 0.008 0.0139964 0.00987891 0.008 0.0118349 0.00969883 0.008 0.0122967 0.00945202 0.008 0.0127269 0.00924556 0.008 0.0129856 0.00892991 0.008 0.0132936 0.00839601 0.008 0.0136509 0.00793963 0.008 0.0138443 0.01 -0.00790207 -0.00114089 0.01 -0.00799982 -0.000647618 0.016 -0.00766684 -0.00226058 0.01 -0.00760807 -0.00245111 0.016 -0.00724429 -0.00337801 0.01 -0.00715778 -0.00355765 0.016 -0.00665991 -0.00441999 0.01 -0.00654759 -0.00458473 0.016 -0.00592676 -0.00536323 0.01 -0.00579114 -0.00550939 0.016 -0.00490533 -0.00631098 0.01 -0.00482293 -0.00636715 0.016 -0.00377414 -0.00703423 0.01 -0.00359818 -0.00712723 0.016 -0.00182493 -0.00777264 0.01 -0.00163035 -0.0078145 0.016 -0.000796295 -0.00795777 0.01 -0.000597841 -0.00797763 0.016 9.95988e-05 -0.00799254 0.01 0.00029892 -0.00798757 0.016 0.00128971 -0.00788843 0.01 0.00148607 -0.00785381 0.016 0.00245102 -0.0076081 0.01 0.00264002 -0.0075446 0.016 0.00355757 -0.00715782 0.01 0.003735 -0.00706686 0.01 0.00474654 -0.00643125 0.016 0.00482293 -0.00636715 0.01 0.00565205 -0.00565199 0.016 0.00601804 -0.00524478 0.01 0.00643131 -0.00474646 0.016 0.00697154 -0.00391002 0.01 0.00716486 -0.00350574 0.016 0.00754463 -0.00263993 0.01 0.00776999 -0.00187561 0.016 0.00786995 -0.00133731 0.01 0.00796275 -0.000696604 0.011 0.00599454 7.28274e-05 0.017 0.00599441 7.47688e-05 0.011 0.0059189 0.000952392 0.017 0.00591631 0.000967354 0.011 0.00575782 0.0016697 0.017 0.00570605 0.00183833 0.011 0.00529844 0.00279055 0.017 0.00536833 0.00266824 0.017 0.00511975 0.00312861 0.011 0.00477105 0.00363008 0.017 0.00473319 0.00367905 0.011 0.00404861 0.00441241 0.017 0.00398999 0.00446499 0.011 0.00310999 0.00511747 0.017 0.00318943 0.00507602 0.017 0.00260249 0.00540413 0.011 0.00243072 0.00548361 0.011 0.00141801 0.00581249 0.017 0.00183515 0.00569534 0.017 0.000597221 0.00596833 0.011 0.000109155 0.00598636 0.017 -0.000410381 0.00597392 0.011 -0.00132617 0.00584215 0.017 -0.00165885 0.00575752 0.011 -0.00238545 0.00549989 0.011 -0.00313923 0.0050993 0.017 -0.00283061 0.00527567 0.011 -0.00400522 0.00446064 0.017 -0.00370641 0.0047078 0.011 -0.00496868 0.0033345 0.017 -0.00466239 0.00374243 0.017 -0.00526933 0.00286952 0.011 -0.00548001 0.00243078 0.017 -0.00555275 0.00225954 0.011 -0.00571971 0.00180631 0.017 -0.00577395 0.00162454 0.011 -0.00589593 0.00104672 0.017 -0.00595443 0.000633214 0.011 -0.00595519 -0.000449753 0.017 -0.00596743 -0.000484512 0.017 -0.00563949 -0.00201302 0.011 -0.00558637 -0.00216665 0.017 -0.00516625 -0.0030257 0.011 -0.0051464 -0.00306659 0.011 -0.00449356 -0.00396826 0.017 -0.00449729 -0.00396888 0.011 -0.00396826 -0.00449356 0.017 -0.00399266 -0.0044676 0.011 -0.00306659 -0.0051464 0.017 -0.00286507 -0.00526114 0.011 -0.00199198 -0.0056499 0.017 -0.00147641 -0.00579821 0.011 -0.000913295 -0.00592495 0.017 -0.00022419 -0.00599068 0.011 0.000160999 -0.00598596 0.011 0.00140872 -0.00581438 0.017 0.000707833 -0.00594977 0.017 0.00204893 -0.0056294 0.017 0.00312375 -0.00511179 0.011 0.00301766 -0.00516031 0.011 0.00400981 -0.00444737 0.017 0.00391035 -0.00454397 0.017 0.00454392 -0.00391041 0.011 0.00470277 -0.00372315 0.017 0.00495743 -0.00337992 0.011 0.00496805 -0.00336429 0.011 0.0054847 -0.00237879 0.017 0.00540429 -0.002541 0.011 0.00590072 -0.00103487 0.017 0.00589967 -0.00104027 0.016967 0.00525387 -0.00480219 0.017 0.00678566 -0.00107574 0.017 0.007 0.0127574 0.017 -0.007 -1.16573e-18 0.017 -0.007 0.0127574 0.01 0.00611126 -0.00331452 0.01 0.00266408 -0.00637762 0.01 0.00692799 -0.000377632 0.01 -0.000237989 -0.00694194 0.01 0.00671301 0.00193383 0.01 -0.00309556 -0.00622808 0.01 -0.00509766 -0.00475918 0.01 0.00573557 0.00389637 0.01 0.00270549 0.00633403 0.01 -0.00632698 -0.00290269 0.01 -0.00693979 -0.000141669 0.01 -0.000456334 0.00695711 0.01 -0.00210059 0.00666271 0.01 -0.00436187 0.0053999 0.01 -0.00623163 0.00305944 -0.007 0.00744603 0.0208859 0.00678769 0.00750239 0.0208619 -0.007 0.00784208 0.0205332 0.00087868 0.00794867 0.0203134 0.00087868 0.00798799 0.0201466 -0.007 0.0056463 0.0185619 -0.007 0.00604592 0.0181516 -0.007 0.00523342 0.0187215 -0.007 0.00624704 0.0175248 -0.007 0.00473836 0.0187044 -0.007 0.00614026 0.0170542 -0.007 0.00573589 0.0165039 -0.007 0.00517151 0.0162797 -0.007 0.00427109 0.0185076 -0.007 0.00396469 0.0181882 -0.007 -0.00425296 0.0184906 -0.007 -0.00393815 0.0181465 -0.007 -0.00463414 0.0186901 -0.007 -0.00375885 0.0175552 -0.007 0.00378506 0.0177388 -0.007 -0.00507358 0.018736 -0.007 0.00376477 0.017327 -0.007 -0.00740394 0.0209112 -0.007 -0.00381545 0.0171228 -0.007 0.00387217 0.0169726 -0.007 -0.00767075 0.0207401 -0.007 -0.00565731 0.0185448 -0.007 -0.00784208 0.0205332 -0.007 0.00404274 0.0167004 -0.007 -0.00405395 0.0166935 0.00481802 -0.0079029 0.020427 -0.007 0.00438789 0.0164234 -0.007 -0.00798202 0.0201704 -0.007 -0.00441701 0.0163992 -0.007 -0.00607459 0.0181251 -0.007 -0.00622053 0.0177459 -0.007 -0.00618202 0.0171622 -0.007 -0.00469397 0.0162946 -0.007 -0.00502483 0.0162512 -0.007 -0.00546735 0.016356 -0.007 -0.00593032 0.0166747 0.0015 -0.00622053 0.0177459 0.0015 -0.00607459 0.0181251 0.0015 -0.00578785 0.0184623 0.0015 -0.00541289 0.0186746 0.0015 -0.00493814 0.0187416 0.0015 -0.00460988 0.0186847 0.00179044 -0.00506714 0.0174788 0.0015 -0.00420811 0.018448 0.0015 -0.0043537 0.0164381 0.0015 -0.00481539 0.0162706 0.0015 -0.0051976 0.0162685 0.0015 -0.00561211 0.0164234 0.0015 -0.00597122 0.016721 0.0015 -0.00620364 0.01722 0.0015 0.0044271 0.0186079 0.0015 0.00503437 0.0187315 0.0015 0.00568411 0.0185291 0.00178465 0.00497136 0.0174939 0.0015 0.00608548 0.0180826 0.0015 0.00624704 0.0175248 0.0015 0.0061565 0.0170738 0.0015 0.00579438 0.0165592 0.0015 0.0051166 0.0162744 0.0015 0.00448468 0.0163687 0.000667764 0.00406947 0.016675 0.0161213 0.007 0.0148787 0.0135 -0.007 0.0175 0.0108787 0.007 0.0201213 0.00916009 0 0.0209653 0.00976555 0 0.0208178 0.0103298 0 0.0205519 0.0106873 -0.0035 0.0202936 0.0169865 0 0.0130145 0.016887 0 0.0135563 0.0165928 0 0.0142527 0.0163169 0 0.0146588 0.0105 0.00103888 0.00635981 0.0105 0.00390037 0.00514921 0.0105 0.00575295 0.00285846 0.0105 0.00644154 0.000807229 0.0105 0.00636152 -0.00112171 0.0105 0.00568908 -0.00309777 0.01025 0.00452493 -0.00496714 0.0105 0.00190402 -0.00617268 0.0105 0 -0.00649192 0.0105 -0.00190402 -0.00617268 0.0105 -0.00365703 -0.00536388 0.0105 -0.00536972 -0.00356265 0.0105 -0.00624928 -0.00175827 0.0105 -0.00640348 0.000722445 0.0105 -0.00583642 0.00281034 0.0105 -0.00406694 0.00497265 0.0105 -0.00159397 0.00625991 0.00504998 0.00319545 0.02 0.0036963 0.0046641 0.02 0.00190406 0.00566628 0.02 0.0056858 0.00191033 0.02 0.00595587 0.000539384 0.02 0.00576236 -0.00140831 0.02 -0.000241056 0.00595443 0.02 -0.00225322 0.00553722 0.02 -0.0044098 0.00398938 0.02 0.00449803 -0.00392021 0.02 0.00318058 -0.00506179 0.02 0.00112583 -0.005852 0.02 -0.00574628 0.00134979 0.02 -0.000855515 -0.00592563 0.02 -0.0058422 -0.00123762 0.02 -0.00249069 -0.00542904 0.02 -0.00451212 -0.0037992 0.02 -0.007 -0.00716408 0.0209995 0.00678769 -0.00759212 0.0207984 0.00875736 -0.00780224 0.020595 0.00875736 -0.00798202 0.0201704 0.00952084 -0.00789712 0.0201591 0.00987943 -0.00738162 0.0205697 0.0130556 -0.00789809 0.0170556 0.0134451 -0.00732301 0.0174451 0.016959 -0.00725261 0.00637868 0.0164176 -0.00761155 0.0137138 0.0161466 -0.00798799 0.00637868 0.0163929 -0.00791641 0.00478401 0.0166971 -0.00770566 0.00717601 0.0168915 0.00729024 -0.00092257 0.0167465 0.00765207 0.00637868 0.0163692 0.00792361 0.00637868 0.0162948 0.00791415 -0.000593559 0.0166236 0.00728542 -0.00232821 0.0164322 0.0062987 -0.00456839 0.016549 0.0034587 -0.006803 0.01681 0.000422417 -0.00738917 0.0167073 -0.00377225 -0.00647403 0.0162701 -0.00165096 -0.00764766 0.0166203 -0.00673979 -0.00341222 0.0169962 -0.00380935 -0.00381141 0.0165355 -0.00768825 -0.000959394 0.0161466 0.00798799 0.00637868 0.0169616 0.00724706 0.00637868 0.0164897 0.00753261 0.0138013 0.014428 0.00797676 0.0152605 0.0137766 0.00733818 0.0171212 0.0131827 0.00781344 0.0171827 0.0108237 0.00704901 0.0201704 0.0102821 0.00761287 0.0201992 0.00935145 0.0079114 0.0202 0.00946553 0.00743055 0.0207561 0.00875736 0.00785257 0.020511 0.00087868 0.00767075 0.0207401 -0.007 0.00712527 0.0209997 -0.0100001 -0.00800003 1.96413e-07 -0.016 -0.00797515 -0.000597655 -0.01 -0.0079429 -0.000894996 -0.016 -0.00784032 -0.00153397 -0.01 -0.00772079 -0.00206883 -0.016 -0.00740366 -0.00301272 -0.01 -0.00728072 -0.00328519 -0.016 -0.00670977 -0.00433363 -0.01 -0.00638834 -0.00477645 -0.016 -0.00579114 -0.00550939 -0.01 -0.00513431 -0.00611884 -0.016 -0.00506121 -0.00618666 -0.01 -0.00390994 -0.00697159 -0.016 -0.00390994 -0.00697159 -0.0161175 -0.00308429 -0.00734858 -0.01 -0.0030128 -0.00740363 -0.016 -0.00197099 -0.00774057 -0.01 -0.00143417 -0.00784656 -0.016 -0.00049787 -0.00797764 -0.01 0 -0.00799751 -0.016 0.000398643 -0.00798757 -0.016 0.00128971 -0.00788843 -0.01 0.00119049 -0.00789836 -0.01 0.00245102 -0.0076081 -0.016 0.00273191 -0.00750586 -0.016 0.00382484 -0.00702359 -0.01 0.00355757 -0.00715782 -0.01 0.00474654 -0.00643125 -0.016 0.00458465 -0.00654764 -0.016 0.00565205 -0.00565199 -0.01 0.00565205 -0.00565199 -0.01 0.00643131 -0.00474646 -0.016 0.00643131 -0.00474646 -0.01 0.00710792 -0.00364402 -0.016 0.00710792 -0.00364402 -0.016 0.00760807 -0.00245111 -0.01 0.00766684 -0.00226058 -0.01 0.00793923 -0.000844286 -0.016 0.00793923 -0.000844286 -0.016 0.008 1.54436e-18 -0.01 0.008 1.54436e-18 -0.017 0.00598602 0.00011206 -0.011 0.0059823 0.000261319 -0.017 0.00589037 0.00111448 -0.011 0.00579709 0.00151479 -0.017 0.0056858 0.00191033 -0.017 0.00546733 0.00246696 -0.011 0.00555275 0.00225954 -0.017 0.00492939 0.00340616 -0.017 0.00434336 0.00413204 -0.011 0.00476481 0.00360955 -0.017 0.00379591 0.00464 -0.011 0.00407977 0.00439694 -0.011 0.00343849 0.00491073 -0.017 0.00293245 0.00522869 -0.011 0.00266818 0.00536836 -0.017 0.00232988 0.00552714 -0.017 0.00120245 0.00585548 -0.011 0.00172913 0.00573194 -0.011 0.000597221 0.00596833 -0.017 0.000112095 0.00598695 -0.011 -0.00022419 0.00599068 -0.017 -0.000746062 0.00595343 -0.017 -0.00178037 0.00570736 -0.011 -0.00132988 0.00582783 -0.011 -0.00246772 0.00546903 -0.017 -0.00246772 0.00546903 -0.017 -0.00273726 0.00533923 -0.011 -0.00273726 0.00533923 -0.011 -0.00312764 0.00511815 -0.017 -0.00312764 0.00511815 -0.017 -0.0036217 0.00478131 -0.017 -0.00446976 0.0039691 -0.011 -0.00406963 0.00438602 -0.011 -0.00487011 0.00350137 -0.017 -0.00503859 0.00325427 -0.017 -0.00550324 0.00236018 -0.011 -0.00537364 0.0026293 -0.017 -0.00582749 0.00140671 -0.011 -0.00577395 0.00162454 -0.011 -0.0059386 0.000819486 -0.017 -0.00598603 0.000261226 -0.017 -0.00593587 -0.000781362 -0.011 -0.00598882 -0.000149352 -0.011 -0.00586074 -0.00126105 -0.017 -0.00552706 -0.00228928 -0.011 -0.00533026 -0.00271189 -0.017 -0.00491069 -0.00343855 -0.017 -0.00434336 -0.00413204 -0.011 -0.00456308 -0.00387743 -0.017 -0.00385553 -0.00459484 -0.011 -0.00385553 -0.00459484 -0.017 -0.00350246 -0.00487163 -0.011 -0.00321746 -0.00505016 -0.017 -0.00293245 -0.00522869 -0.011 -0.00232988 -0.00552714 -0.017 -0.00232988 -0.00552714 -0.017 -0.00155155 -0.00579061 -0.011 -0.00176798 -0.00573165 -0.017 -0.000559083 -0.00596091 -0.011 -0.000855515 -0.00592563 -0.017 0.000597221 -0.00596833 -0.011 0.000373403 -0.00598323 -0.017 0.00140678 -0.00582748 -0.011 0.00158595 -0.00577416 -0.017 0.00205148 -0.0056364 -0.011 0.00276245 -0.00530642 -0.017 0.00286507 -0.00526114 -0.017 0.0036217 -0.00478131 -0.017 0.00413199 -0.0043434 -0.011 0.00404489 -0.00441406 -0.017 0.00459627 -0.00385673 -0.011 0.00473319 -0.00367905 -0.017 0.00499493 -0.00331499 -0.011 0.00524404 -0.00289843 -0.011 0.00575013 -0.00169544 -0.017 0.00556963 -0.00218592 -0.017 0.00590701 -0.00104157 -0.011 0.0059386 -0.000819486 -0.0157461 0.00330501 0.0152539 -0.0160953 -0.00383097 0.0149044 -0.0161834 0.00406517 0.0148133 -0.015714 -0.00323951 0.015286 -0.0147366 0.00244224 0.0162634 -0.0146574 -0.00241361 0.0163426 -0.013465 -0.00221898 0.017535 -0.0136447 0.0021874 0.0173553 -0.0121266 0.00257048 0.0188734 -0.0116132 -0.00290565 0.0193868 -0.0111645 -2.35834e-06 0.0198355 -0.011 -0.000684196 0.02 -0.0108254 0 0.0201721 -0.0169994 0.00662936 -0.00128332 -0.0169994 -0.000833254 -0.0063143 -0.017 0.007 0.0127574 -0.017 -0.007 -9.53645e-19 -0.017 -0.007 0.0127574 -0.007 0.00540268 0.0159658 -0.007 0.00625926 0.0166168 -0.007 0.00475359 0.0159283 -0.007 0.008 0.02 -0.007 0.00657146 0.0177967 -0.007 0.00658802 0.0174071 -0.007 0 0.021 -0.00772611 0.00778224 0.0205507 -0.00721967 0.00722449 0.0209716 -0.007 0.00547097 0.0190015 -0.007 0.00627724 0.0184044 -0.007 0.00469368 0.0190563 -0.007 -0.00372142 0.0165753 -0.007 0.00398957 0.0163171 -0.007 -0.00348046 0.0170115 -0.007 -0.00437136 0.016031 -0.007 0.00347997 0.0170244 -0.007 -0.00352115 0.0180332 -0.007 0.00348428 0.0179072 -0.007 0.00397622 0.0186979 -0.007 -0.00498781 0.0159208 -0.007 -0.00586992 0.0161936 -0.007 -0.00391882 0.0186601 -0.007 -0.00644199 0.0168361 -0.007 -0.0065888 0.0175124 -0.007 -0.008 0.02 -0.007 -0.00621053 0.0184852 -0.007 -0.00559171 0.0189676 -0.007 -0.00453823 0.0190039 -0.00727459 -0.0076458 0.0206427 -0.01 -0.008 0.011 -0.00725716 -0.008 0.0139865 -0.0107836 -0.008 0.0183876 -0.00998646 -0.008 0.0112572 -0.016 -0.008 0.0127574 -0.00994236 -0.008 0.0115853 -0.016266 -0.00783551 0.0135499 -0.009068 -0.008 0.0131721 -0.00875593 -0.008 0.0134294 -0.00838046 -0.008 0.0136607 -0.00788597 -0.008 0.0138573 -0.00987891 -0.008 0.0118349 -0.00962953 -0.008 0.0124264 -0.00929359 -0.008 0.0129299 -0.00875736 0 0.021 -0.0159988 0.008 0.0128064 -0.0108791 0.008 0.0183897 -0.01 0.008 0.011 -0.00998646 0.008 0.0112572 -0.00994236 0.008 0.0115853 -0.00985754 0.008 0.0119053 -0.00962953 0.008 0.0124264 -0.00929359 0.008 0.0129299 -0.009068 0.008 0.0131721 -0.00797349 0.008 0.0138293 -0.00844537 0.008 0.013626 -0.00881504 0.008 0.0133855 -0.0102375 0.00786662 0.0198836 -0.00733041 0.008 0.0139793 -0.0149887 0.00733689 0.0159 -0.0169874 0.002625 0.0129961 -0.0169083 0 0.0134859 -0.016758 0 0.0139196 -0.0164505 -0.00175 0.0144832 -0.0163094 -0.00530837 0.0146722 -0.0161787 -0.00592735 0.0148169 -0.0163137 0.00472309 0.014667 -0.0163131 -0.00470969 0.0146678 -0.0163131 0.00529031 0.0146678 -0.0162779 0.00442288 0.0147095 -0.0159575 0.00635188 0.0150404 -0.0162437 -0.00426943 0.0147484 -0.0105133 0 0.0204294 -0.0101042 0 0.0206756 -0.00966264 0 0.0208575 -0.00912404 0 0.020973 -0.00923233 -0.00794682 0.0201188 -0.012827 -0.00786379 0.0174225 -0.010265 -0.00726389 0.0204922 -0.0103379 -0.0076068 0.0201978 -0.00894794 -0.0073353 0.0208856 -0.0155362 -0.00692009 0.015441 -0.0164862 -0.00727038 0.0141619 -0.0143433 -0.00759539 0.0163601 -0.0117155 -0.00723715 0.0191398 -0.0159324 -0.00764839 0.0146898 -0.0163587 -0.00792992 0.00637868 -0.0161223 -0.00799159 0.00478401 -0.0166531 -0.00774792 0.00637868 -0.0168986 -0.00742498 0.00637868 -0.016988 -0.00714655 0.00637868 -0.016098 0.00799519 0.00637868 -0.0162995 0.00794598 0.00637868 -0.016595 0.00780224 0.00637868 -0.016761 0.00764052 0.00637868 -0.0166576 0.00662604 -0.00341418 -0.0166185 0.00762192 -0.000779515 -0.0164682 0.00516418 -0.00572094 -0.0163577 0.0019436 -0.0075701 -0.0169336 0.00184672 -0.00695202 -0.016579 -0.00149637 -0.00749816 -0.0164398 -0.00449219 -0.00639767 -0.0165804 -0.00666766 -0.00370853 -0.0169754 -0.00566053 -0.00398019 -0.0167111 -0.00740078 -0.00117735 -0.0169642 0.00724152 0.00637868 -0.0144008 0.00795734 0.0154386 -0.0130479 0.0078847 0.0171757 -0.015871 0.0077495 0.0146284 -0.0162937 0.00789837 0.0132625 -0.0164134 0.0072924 0.0142361 -0.0107213 0.00745044 0.0200876 -0.0116 0.00712719 0.0193243 -0.0138853 0.00771814 0.0166747 -0.0124378 0.00779247 0.0180018 -0.00908281 0.00741724 0.0207551 -0.011 0.00342466 0.0175122 -0.011 0.00368788 0.018376 -0.011 0.00456495 0.0190017 -0.011 0.00552745 0.0189909 -0.011 0.00633277 0.018271 -0.011 0.00659227 0.0175868 -0.011 0.00645051 0.0168722 -0.011 0.00587879 0.0161895 -0.011 0.00519079 0.0159232 -0.011 0.00451522 0.015992 -0.011 0.00371548 0.0166132 -0.011 0.0030632 0.0154492 -0.011 0.00230088 0.0166918 -0.011 0.00418895 0.0147776 -0.011 0.00483184 0.0146644 -0.011 0.00222393 0.0180663 -0.011 0.00272419 0.0191249 -0.011 0.00593181 0.0148335 -0.011 0.00701836 0.0155164 -0.011 0.00757772 0.0163145 -0.011 0.00781755 0.017285 -0.011 0.00760668 0.0186228 -0.011 0.00672802 0.0197056 -0.011 -0.00638894 0.0182027 -0.011 -0.00585836 0.0188462 -0.011 -0.00520025 0.0190567 -0.011 -0.00421573 0.0188347 -0.011 -0.00349108 0.0177674 -0.011 -0.00359749 0.016738 -0.011 -0.00415186 0.0161806 -0.011 -0.00493192 0.0159163 -0.011 -0.00590036 0.016238 -0.011 -0.00652291 0.0170872 -0.011 -0.00742967 0.0160982 -0.011 -0.00648952 0.0151034 -0.011 -0.00544072 0.0146927 -0.011 -0.00482274 0.014658 -0.011 -0.00772331 0.0179939 -0.011 -0.00418134 0.0147834 -0.011 -0.00302297 0.0154957 -0.011 -0.00670623 0.0197724 -0.011 -0.00231674 0.0166272 -0.011 -0.0022643 0.0181917 -0.011 -0.00305449 0.0195255 -0.01 -0.00383362 -0.00577638 -0.01 -0.00567763 -0.00405537 -0.01 -0.00686832 -0.000941298 -0.01 -0.000409312 -0.00688743 -0.01 -0.00670745 0.00190945 -0.01 0.00349995 -0.00593409 -0.01 0.00617242 -0.00312813 -0.01 -0.00522124 0.0045047 -0.01 -0.00299147 0.00631191 -0.01 -0.000474835 0.00687443 -0.01 0.00695442 -8.67432e-05 -0.01 0.00313386 0.00616777 -0.01 0.00632503 0.0028412 -0.0105 0.00642345 -8.08989e-05 -0.0105 0.00553967 0.00329218 -0.0105 0.00377079 0.00524484 -0.0105 0.00190965 0.00618992 -0.0105 -0.000482731 0.0064416 -0.0105 -0.00237176 0.00604316 -0.0105 -0.00352217 0.00545338 -0.0105 -0.00494839 0.00415219 -0.0105 -0.0060299 0.00236689 -0.0105 -0.00645966 0.000484387 -0.0105 -0.00608587 -0.0021307 -0.0105 -0.004556 -0.00455733 -0.0105 -0.00281088 -0.00583616 -0.0105 -0.00040236 -0.00643153 -0.0105 0.00221525 -0.00608724 -0.0105 0.004543 -0.00454185 -0.0105 0.00603012 -0.00236632 0.008 -0.00228977 0.00444313 0.008 -0.00159998 0.00472889 0.008 -0.00277131 0.00415658 0.008 -0.000350359 0.00761571 0.008 -0.000878401 0.00492066 0.008 -0.000321793 0.00498535 0.008 -0.00335986 0.00369711 0.008 -0.00468358 0.00615395 0.008 -0.00387336 0.00315505 0.008 0.00042483 0.00497763 0.008 -0.00420587 0.00270382 0.008 -0.00442172 0.00232501 0.008 -0.00693561 0.00333607 0.008 -0.00465823 0.00181684 0.008 0.00148912 0.00475775 0.008 0.00227091 0.0044528 0.008 -0.00482824 0.00128273 0.008 0.00270298 0.00420456 0.008 -0.00496847 0.000486538 0.008 0.00423301 0.0064287 0.008 -0.00496636 -0.000507592 0.008 0.00329535 0.00375007 0.008 0.00382221 0.00322105 0.008 0.00713514 0.00276616 0.008 -0.00476731 -0.00148159 0.008 -0.00722762 -0.00245399 0.008 0.00436161 0.00242255 0.008 -0.00446891 -0.00223296 0.008 0.00475181 0.00154196 0.008 -0.00387756 -0.00314573 0.008 0.00493489 0.000754514 0.008 -0.00334416 -0.00371132 0.008 0.00499262 -0.000176245 0.008 0.00698105 -0.0029884 0.008 0.00494418 -0.000734503 0.008 -0.00256384 -0.00427555 0.008 0.0047024 -0.00166728 0.008 -0.00181627 -0.00465678 0.008 -0.00395074 -0.0065169 0.008 -0.00128279 -0.00482822 0.008 0.00436241 -0.00243447 0.008 0.00383106 -0.00320083 0.008 -0.00042483 -0.00497763 0.008 0.000135204 -0.00499662 0.008 0.00326669 -0.00377969 0.008 0.00393532 -0.00665909 0.008 0.000546923 -0.0076937 0.008 0.000816575 -0.00492854 0.008 0.00282535 -0.00412522 0.008 0.00142301 -0.00478877 0.008 0.00228692 -0.00443761 0.0082 -0.00769623 0.00209604 0.009 -0.00797763 -1.69065e-05 0.009 -0.00783602 -0.0014751 0.009 -0.00739545 -0.00300086 0.0082 -0.00646121 -0.00466656 0.009 -0.00570621 -0.00558932 0.0082 -0.00390071 -0.00693943 0.0082 -0.00214706 -0.0076936 0.009 -0.000878162 -0.00794478 0.0086 0.00359048 -0.00712994 0.0082 0.0052267 -0.0060475 0.0082 0.00642334 -0.00471959 0.0082 0.00789104 -0.00117229 0.0082 0.00797657 0.000514776 0.009 0.00763294 0.00232022 0.009 0.00697194 0.00390112 0.0082 0.0062568 0.0049475 0.0082 0.00492498 0.00628244 0.0082 0.00336265 0.00725143 0.0082 0.00214706 0.0076936 0.0082 -1.72622e-05 0.00797017 0.0082 -0.00231595 0.00761998 0.0088 -0.00541309 0.0058823 0.0098 -0.00755018 0.00262402 0.0098 -0.00790324 0.00112394 0.0098 -0.00665047 -0.00443417 0.0098 -0.00468639 -0.00646237 0.0098 -0.00275486 -0.00747251 0.009 0.000613791 -0.00796395 0.009 0.00236688 -0.00761715 0.0098 0.00478998 -0.0063782 0.0098 0.00638129 -0.00475064 0.009 0.00733917 -0.00315648 0.0098 0.00791036 -0.000924052 0.0098 0.00794099 0.000911735 0.0098 0.00600241 0.00525323 0.0098 0.00464894 0.00649528 0.0098 0.00354248 0.0071653 0.0098 0.00214706 0.0076936 0.0098 0.000380782 0.00796109 0.0098 -0.00150262 0.00785066 0.0098 -0.00293394 0.00742922 0.009 -0.00434784 0.00670057 0.009 -0.00637736 0.00480943 0.009 -0.00716534 0.00354239 0.01 -0.00341776 0.00692176 0.01 0.000104804 0.00773555 0.01 0.00383016 0.00671154 0.01 0.00694186 0.00325161 0.01 0.00724242 -0.00238607 0.01 0.00451075 -0.0061868 0.01 0.000340772 -0.00763742 0.01 -0.00465976 -0.00611887 0.01 -0.00744704 -0.00140561 0.01 -0.00662196 0.00389065 0.01 0.00351558 -0.00324668 0.01 0.000929439 0.00566611 0.01 -0.00559307 0.000401306 0.0105 -0.00564074 0.00203953 0.0105 -0.00581578 0.00146776 0.0105 -0.00593302 0.000881404 0.0101187 -0.00563525 0.00245254 0.0105 -0.00599067 -1.26956e-05 0.0103622 -0.00601419 -0.000252084 0.0105 -0.00582448 -0.00141912 0.0103374 -0.00550818 -0.00243446 0.0105 -0.00481589 -0.00357012 0.0104319 -0.00399394 -0.00448021 0.0105 -0.00295022 -0.00520972 0.0105 -0.00161029 -0.0057702 0.0103374 -0.00120539 -0.0058946 0.0105 -0.000211424 -0.00599114 0.0105 0.000683871 -0.00595574 0.0105 0.00188354 -0.00568307 0.0103331 0.00295679 -0.00524552 0.0105 0.00374971 -0.00468159 0.0105 0.0044001 -0.00406538 0.0105 0.00516852 -0.00301258 0.0105 0.00598401 -0.000360722 0.0105 0.00599003 0.000311677 0.0102788 0.00552571 -0.00234072 0.0105 0.00592923 0.000906543 0.0101677 0.00605109 0.00106503 0.0105 0.00575048 0.00166976 0.0104221 0.00512727 0.00312832 0.0105 0.00433464 0.00414119 0.010178 0.00392187 0.00468583 0.0105 0.00384698 0.00460443 0.0105 0.00301475 0.00517265 0.0105 0.00196795 0.00566265 0.0104173 0.000656285 0.00595248 0.0105 -0.00101549 0.00590032 0.0103452 -0.00181287 0.00573479 0.0105 -0.00274772 0.00533176 0.0105 -0.00350732 0.00485664 0.0105 -0.00427194 0.00420135 0.0101796 -0.00392309 0.00468998 0.0104443 -0.00516167 0.00304647 0.017 -0.00570996 0.00182617 0.017 -0.00588171 0.00117605 0.017 -0.00598385 0.00028593 0.017 -0.00596705 -0.000609868 0.017 -0.00585807 -0.0012734 0.017 -0.00560285 -0.00213228 0.017 -0.00514742 -0.00307287 0.017 -0.00455413 -0.00388651 0.017 -0.00366901 -0.00474098 0.017 -0.00268687 -0.0053503 0.017 -0.00132067 -0.00584329 0.017 -0.000360792 -0.00598401 0.017 0.000535108 -0.00597094 0.017 0.00141905 -0.0058245 0.017 0.0022713 -0.00554794 0.017 0.00326088 -0.00502543 0.017 0.00419199 -0.00427965 0.017 0.00478897 -0.00361156 0.017 0.00531226 -0.0027512 0.015375 0.00580122 -0.00150261 0.017 0.00596216 -0.000583845 0.017 0.00599003 0.000311677 0.017 0.00588798 0.00112703 0.017 0.00560875 0.00209452 0.017 0.00482795 0.00353272 0.017 0.00417901 0.00430273 0.017 0.00363755 0.0047612 0.017 0.00265686 0.00537398 0.017 0.00168325 0.00575371 0.01375 0.00124936 0.00586705 0.017 0.000435023 0.00597486 0.017 -0.000535108 0.00597094 0.017 -0.0013471 0.00584491 0.017 -0.00244003 0.00546729 0.017 -0.00371367 0.00469613 0.017 -0.00459728 0.003841 0.017 -0.0052672 0.00285391 0.018 0.00446891 0.00223296 0.018 0.00528666 0.00214478 0.018 0.00475181 0.00154196 0.018 0.00397307 0.00302276 0.018 0.00493489 0.000754514 0.01775 0.00367397 0.00439264 0.018 0.00499262 -0.000176245 0.018 0.00336347 0.00368608 0.017875 0.00238993 0.00518777 0.018 0.00494418 -0.000734503 0.018 0.00270298 0.00420456 0.018 0.0047024 -0.00166728 0.018 0.00210166 0.00453214 0.018 0.00134191 0.0048085 0.018 0.00417661 -0.00272205 0.018 0.000548851 0.00496549 0.018 -0.000383619 0.00497747 0.018 0.00353997 -0.00352504 0.018 9.40821e-05 0.0056834 0.018 0.00312475 -0.00390133 0.018 0.00282535 -0.00412522 0.018 0.00242461 -0.0043649 0.018 0.00315206 -0.00476017 0.018 -0.00136228 0.00480277 0.018 -0.00206545 0.00455175 0.018 0.00142301 -0.00478877 0.018 -0.00213852 0.00527052 0.018 -0.00250839 0.00432348 0.018 0.000600097 -0.00495301 0.018 -0.00297505 0.00401327 0.018 0.000901981 -0.00561338 0.018 -0.00368552 0.00336294 0.018 -0.00398533 0.00409391 0.018 -0.00042483 -0.00497763 0.018 -0.00427064 0.00259732 0.018 -0.00110193 -0.00487547 0.018 -0.00527935 0.0021155 0.018 -0.00158189 -0.00474153 0.018 -0.00450803 0.0021592 0.018 -0.00210166 -0.00453214 0.018 -0.00465823 0.00181684 0.01775 -0.00251692 -0.00519772 0.018 -0.00484046 0.00122161 0.018 -0.00285678 -0.00409831 0.018 -0.00498667 0.000300602 0.018 -0.00343569 -0.00362675 0.018 -0.00387756 -0.00314573 0.018 -0.00494898 -0.000662328 0.018 -0.00471962 -0.00162982 0.01775 -0.00436105 -0.00373975 0.018 -0.00558144 -0.000889696 0.018 -0.00441183 -0.00234373 0.0175 -0.00441552 0.00378472 0.0175 -0.00293395 0.00505643 0.0175 -0.000881074 0.00576265 0.0175 0.00086092 0.00579513 0.0175 0.00507099 0.00277516 0.01775 0.00574404 0.000542768 0.01775 0.0056349 -0.00129354 0.01775 0.00497543 -0.0028889 0.0175 0.00429364 -0.00396739 0.0175 0.00272908 -0.00513547 0.0175 0.000449496 -0.00582868 0.01775 -0.00107287 -0.00568401 0.0175 -0.00566358 -0.00115769 0.0175 -0.00566832 0.00143027 -0.014 -0.00427811 0.0162501 -0.014 -0.00604352 0.0156157 -0.014 -0.00355662 0.0175002 -0.014 -0.00572148 0.0162499 -0.014 -0.00427852 0.0187501 -0.014 -0.00288255 0.0176669 -0.014 -0.00644338 0.0174998 -0.014 -0.00572189 0.0187499 -0.014 -0.0065039 0.0191709 -0.011 -0.00406336 0.0166857 -0.011 -0.00441757 0.0164012 -0.011 -0.00382322 0.0170866 -0.011 -0.00483949 0.0162672 -0.011 -0.00304313 0.0163579 -0.011 -0.00376282 0.0175497 -0.011 -0.00537623 0.0163177 -0.011 -0.00391546 0.0180812 -0.011 -0.00634505 0.0155658 -0.011 -0.005816 0.0165705 -0.011 -0.00372011 0.0194299 -0.011 -0.00439765 0.0185847 -0.011 -0.00618205 0.0171552 -0.011 -0.00497582 0.0187379 -0.011 -0.00617603 0.0178873 -0.011 -0.00713783 0.0187554 -0.011 -0.00552483 0.0186217 -0.011 -0.00591337 0.0183433 -0.0125 -0.00748511 0.0164541 -0.0125 -0.00641155 0.0151896 -0.0125 -0.00487738 0.0147942 -0.0125 -0.0035753 0.0151616 -0.0125 -0.00299594 0.015646 -0.0125 -0.0024821 0.0165168 -0.0125 -0.00235842 0.0179029 -0.0125 -0.0032289 0.0195347 -0.0125 -0.0045608 0.0201779 -0.0118 -0.00564984 0.0201534 -0.0125 -0.00653033 0.0197741 -0.0125 -0.00719697 0.0191263 -0.0125 -0.00765253 0.018083 -0.012 -0.00572189 0.0187499 -0.012 -0.00644338 0.0174998 -0.012 -0.00427852 0.0187501 -0.012 -0.00355662 0.0175002 -0.012 -0.00427811 0.0162501 -0.012 -0.00572148 0.0162499 -0.0031 -0.00606879 0.0181074 -0.0031 -0.00563362 0.0185638 -0.0031 -0.00504947 0.0187374 -0.0031 -0.00449829 0.018632 -0.0031 -0.00391252 0.0180692 -0.0031 -0.00375985 0.0174633 -0.0031 -0.00391138 0.0169096 -0.0031 -0.00423145 0.0165223 -0.0031 -0.00465953 0.0163093 -0.0031 -0.005209 0.0162745 -0.0031 -0.00566727 0.0164511 -0.0031 -0.00600511 0.0167726 -0.0031 -0.00621738 0.017298 -0.00302939 -0.0049416 0.0173048 0.000209211 -0.00229991 0.0125 0.00115699 -0.00620557 0.0125 -0.00210168 -0.00601146 0.0125 0.00209638 -0.000968771 0.0125 0.0054795 -0.00221163 0.0125 -0.00188717 -0.00133113 0.0125 -0.00426265 -0.00464207 0.0125 -0.00619962 -0.000766984 0.0125 0.00188717 0.00133113 0.0125 -0.00209638 0.000968771 0.0125 0.00518104 0.00332561 0.0125 -0.00397674 0.00458799 0.0125 -0.000209211 0.00229991 0.0125 0.00124232 0.00610912 0.0125 0.00104567 -0.00320782 0.014 0.00147359 -0.0030331 0.014 0.000679586 -0.00330293 0.014 0.000437131 -0.00632895 0.014 0.000221785 -0.00336665 0.014 0.00190919 -0.00277959 0.014 -0.000114527 -0.00337201 0.014 0.00230215 -0.002464 0.014 0.00266769 -0.00205881 0.014 -0.000491066 -0.00333617 0.014 0.00459869 -0.00418658 0.014 -0.000862266 -0.00326299 0.014 -0.00102384 -0.00321596 0.014 0.00302274 -0.0014894 0.014 -0.0012991 -0.00311183 0.014 -0.00164077 -0.00294932 0.014 -0.00195901 -0.00274471 0.014 -0.00280577 -0.00566907 0.014 0.00324922 -0.000902086 0.014 0.0033316 -0.000532926 0.014 -0.00225522 -0.00250949 0.014 0.00564982 0.00219515 0.014 0.0033681 -0.000198558 0.014 -0.00249388 -0.00227247 0.014 0.0033618 0.000263614 0.014 -0.00270775 -0.00201287 0.014 -0.00289471 -0.00173326 0.014 0.00331295 0.000638686 0.014 0.00321886 0.00100504 0.014 -0.00306889 -0.00139752 0.014 -0.00324291 -0.000924514 0.014 0.0030529 0.00143643 0.014 -0.00532393 -0.00323193 0.014 -0.00334067 -0.000472755 0.014 0.00282633 0.0018393 0.014 0.00260405 0.00214534 0.014 -0.0033721 -1.16101e-05 0.014 -0.00590671 0.00203452 0.014 0.00234621 0.00242208 0.014 -0.00333616 0.000491104 0.014 0.0030997 0.00550884 0.014 0.00199415 0.00272157 0.014 -0.00326198 0.000861998 0.014 -0.00315994 0.0011825 0.014 0.0015643 0.00298467 0.014 -0.00300605 0.00152802 0.014 0.00118287 0.00316092 0.014 0.00102384 0.00321596 0.014 -0.00277044 0.00192568 0.014 0.000739043 0.00329013 0.014 -0.00247982 0.0022851 0.014 -0.000522246 0.00629712 0.014 0.000282466 0.00336211 0.014 -0.00227318 0.00249465 0.014 -0.00428595 0.00462743 0.014 -0.00197787 0.00273116 0.014 -0.000221509 0.00336247 0.014 -0.00166056 0.00293702 0.014 -0.000721082 0.003296 0.014 -0.00135987 0.00308776 0.014 -0.00104567 0.00320782 0.014 -0.00639964 0.00110565 0.01325 -0.00645597 -0.000394986 0.0134125 -0.00617418 -0.00201264 0.01325 -0.00569528 -0.00310385 0.01325 -0.00466946 -0.00445885 0.01325 -0.00313666 -0.00567987 0.012925 -0.00200706 -0.00617083 0.01325 -0.000922663 -0.00640491 0.01325 0.000505455 -0.0064424 0.013575 0.00254662 -0.00593297 0.01325 0.00441799 -0.00472917 0.0134125 0.00587925 -0.00265135 0.0130875 0.00637659 -0.00102001 0.0137375 0.00625151 0.00165168 0.0133312 0.00547895 0.00346907 0.01325 0.00453359 0.00463638 0.01325 0.0033479 0.00556005 0.01325 0.00153081 0.00626492 0.0130875 -0.000667278 0.00644587 0.0134125 -0.00173311 0.00622714 0.0126 -0.00231645 0.00606241 0.0139 -0.00333606 0.00557153 0.01325 -0.00442812 0.00472504 0.01325 -0.00569489 0.00304234 0.01325 -0.000209211 0.00229991 0.0175 -0.00209638 0.000968771 0.0175 0.00188717 0.00133113 0.0175 0.00209638 -0.000968771 0.0175 0.000209211 -0.00229991 0.0175 -0.00188717 -0.00133113 0.0175 -0.00300605 0.00152802 0.0339 -0.00277044 0.00192568 0.0339 -0.00247982 0.0022851 0.0339 -0.00217647 0.00257569 0.0339 -0.00180489 0.0028506 0.0339 -0.00147359 0.0030331 0.0339 -0.00104567 0.00320782 0.0339 -0.000721082 0.003296 0.0339 -0.000263575 0.0033618 0.0339 0.000114527 0.00337201 0.0339 0.000491066 0.00333617 0.0339 0.000862266 0.00326299 0.0339 0.00110336 0.00318844 0.0339 0.0015643 0.00298467 0.0339 0.00199415 0.00272157 0.0339 0.00225522 0.00250949 0.0339 0.00249388 0.00227247 0.0339 0.00280123 0.00187307 0.0339 0.0030529 0.00143643 0.0339 0.00318075 0.00112532 0.0339 0.00327699 0.000803029 0.0339 0.00334448 0.000430858 0.0339 0.00336848 -0.000156489 0.0339 0.0033316 -0.000532926 0.0339 0.00324922 -0.000902086 0.0339 0.00302274 -0.0014894 0.0339 0.00277044 -0.00192568 0.0339 0.00244944 -0.0023142 0.0339 0.00194232 -0.00275366 0.0339 0.00151209 -0.00301614 0.0339 0.00116427 -0.00316475 0.0339 0.000679586 -0.00330293 0.0339 0.000221785 -0.00336665 0.0339 -0.000114527 -0.00337201 0.0339 -0.000491066 -0.00333617 0.0339 -0.000862266 -0.00326299 0.0339 -0.00110336 -0.00318844 0.0339 -0.00141534 -0.00306274 0.0339 -0.00174839 -0.00288345 0.0339 -0.00215862 -0.00259066 0.0339 -0.00249388 -0.00227247 0.0339 -0.00273113 -0.0019779 0.0339 -0.00304911 -0.00143465 0.0339 -0.00324291 -0.000924514 0.0339 -0.00334448 -0.000430858 0.0339 -0.00337381 3.04254e-05 0.0339 -0.00334737 0.00040774 0.0339 -0.00326198 0.000861998 0.0339 -0.00315994 0.0011825 0.0339 0.000411195 -0.00296684 0.034 -0.00307801 -0.000634359 0.034 0.00302947 -0.000321441 0.034 -0.00208057 0.00225851 0.034 0.00115261 0.00288794 0.034 -0.008 0.00236853 0.00439206 -0.008 0.00154201 0.00475179 -0.008 0.00307423 0.00393782 -0.008 0.00607501 0.0046547 -0.008 0.000631249 0.00495216 -0.008 0.00195172 0.00745185 -0.008 0.00353997 0.00352504 -0.008 -0.000114025 0.00499715 -0.008 -0.00227089 0.00737466 -0.008 0.00409834 0.00285673 -0.008 -0.000672416 0.00495027 -0.008 0.00442172 0.00232501 -0.008 -0.00157993 0.00473563 -0.008 0.00471886 0.00164001 -0.008 -0.00227091 0.0044528 -0.008 0.00770082 0.00104604 -0.008 -0.00290559 0.00405955 -0.008 -0.00584867 0.00483986 -0.008 0.00490143 0.000980038 -0.008 0.00497465 0.000487143 -0.008 0.00499843 -1.05928e-05 -0.008 -0.00348251 0.00358561 -0.008 -0.00397307 0.00302276 -0.008 0.0049177 -0.000846384 -0.008 0.00475181 -0.00154196 -0.008 -0.00438467 0.00239982 -0.008 0.0067104 -0.0035372 -0.008 -0.00460182 0.00195133 -0.008 0.00441183 -0.00234373 -0.008 0.00397307 -0.00302276 -0.008 -0.00772612 0.000668092 -0.008 -0.00485547 0.00115087 -0.008 -0.00497578 0.000445981 -0.008 -0.0049987 -0.00011406 -0.008 0.00336347 -0.00368608 -0.008 -0.0049868 -0.000363083 -0.008 -0.00733297 -0.00243287 -0.008 -0.00494418 -0.000734503 -0.008 -0.00479474 -0.00140276 -0.008 0.00248695 -0.00432868 -0.008 0.00181627 -0.00465678 -0.008 0.00233297 -0.00731099 -0.008 -0.00453212 -0.00210171 -0.008 -0.00421688 -0.00267377 -0.008 0.000886488 -0.00490984 -0.008 -7.28935e-05 -0.0049952 -0.008 -0.00367132 -0.00339203 -0.008 -0.00326669 -0.00377969 -0.008 -0.000967638 -0.00489053 -0.008 -0.00482082 -0.00599694 -0.008 -0.00258451 -0.00426854 -0.008 -0.00148908 -0.00758192 -0.008 -0.00183599 -0.00464904 -0.009 0.00764278 0.00228761 -0.009 0.00792762 0.000951476 -0.0082 0.00794428 -0.000562281 -0.0082 0.006759 -0.00426691 -0.0082 0.00559722 -0.00569172 -0.0082 0.0043194 -0.00671894 -0.0082 0.00228363 -0.00762973 -0.0082 -1.65192e-05 -0.00797018 -0.0082 -0.0027865 -0.00746077 -0.009 -0.00519548 -0.00604865 -0.0082 -0.00627772 -0.00492094 -0.0082 -0.00797847 -0.00038124 -0.009 -0.00794099 0.000911735 -0.0082 -0.00757162 0.00250918 -0.009 -0.00404974 0.006851 -0.009 0.00160029 0.0078307 -0.0082 0.00325338 0.00728972 -0.0082 0.00497787 0.00621499 -0.0082 0.00660095 0.00447999 -0.0098 0.00734316 0.00313089 -0.0098 0.00779688 -0.00156743 -0.009 0.00724254 -0.00331382 -0.0098 0.00600783 -0.00525835 -0.0098 0.0044755 -0.00659499 -0.0098 0.00228363 -0.00762973 -0.0098 -0.000414521 -0.00795941 -0.0098 -0.00217965 -0.00768443 -0.0098 -0.00399598 -0.00688749 -0.0098 -0.00637736 -0.00480943 -0.009 -0.00713932 -0.00358521 -0.009 -0.00769121 -0.00214639 -0.0098 -0.00797114 -0.00043056 -0.0098 -0.00748313 0.00271466 -0.009 -0.0066601 0.00438056 -0.009 -0.00569025 0.00557369 -0.009 -0.00228859 0.00764508 -0.0086 -0.000169501 0.00797212 -0.0098 0.00338395 0.00721683 -0.0098 0.00510195 0.00613151 -0.0098 0.00637736 0.00480943 -0.01 0.00713268 0.00240044 -0.01 0.00412253 0.00657557 -0.01 0.0014331 0.0076134 -0.01 -0.00218448 0.0073844 -0.01 -0.00582246 0.00482912 -0.01 -0.00774649 0.000136747 -0.01 -0.00720863 -0.00278548 -0.01 -0.00451851 -0.0061532 -0.01 0.000272284 -0.00772087 -0.01 0.0041128 -0.00650457 -0.01 0.00721688 -0.00259931 -0.01 -0.00493602 0.00241438 -0.01 0.000486975 0.00625802 -0.01 0.000224089 -0.00507301 -0.01 0.00544896 0.00276099 -0.0105 0.0054734 0.00241477 -0.0103465 0.00587403 0.00147529 -0.0105 0.00593286 0.000768384 -0.0104459 0.00598858 -0.000404965 -0.0105 0.00582448 -0.00141912 -0.0103382 0.0057278 -0.00190132 -0.0105 0.00510516 -0.00313458 -0.0103374 0.0043225 -0.00417953 -0.0105 0.00378601 -0.00464808 -0.0105 0.00305097 -0.00516044 -0.0105 0.00224777 -0.00555752 -0.0105 0.000620235 -0.00595017 -0.0105 -0.000683871 -0.00595574 -0.010337 0.00117128 -0.00588848 -0.0105 -0.00156389 -0.00578729 -0.0105 -0.00247546 -0.0054553 -0.0104245 -0.00327204 -0.00502681 -0.0105 -0.00414124 -0.00433459 -0.0105 -0.004603 -0.00384578 -0.0105 -0.0051184 -0.00311291 -0.0101979 -0.00451856 -0.00411999 -0.0105 -0.00561183 -0.00210851 -0.01039 -0.00591021 -0.000995123 -0.0105 -0.00596173 0.000496973 -0.0105 -0.00578731 0.00156382 -0.0105 -0.00494257 0.00338515 -0.0103364 -0.00567941 0.00203269 -0.0103374 -0.00400347 0.0045069 -0.0105 -0.00433464 0.00414119 -0.0105 -0.00268687 0.0053503 -0.0103347 -0.00130682 0.00585147 -0.0105 -0.000658621 0.00595858 -0.0105 0.000460343 0.00597297 -0.0104179 0.00192435 0.00570312 -0.0105 0.00300633 0.00518172 -0.0105 0.00392003 0.00453562 -0.0105 0.00475764 0.00363454 -0.0101459 0.00476148 0.00379378 -0.017 0.00581578 0.00146776 -0.017 0.00596216 0.000583845 -0.017 0.00598243 -0.000386082 -0.017 0.00585807 -0.0012734 -0.017 0.00546813 -0.00244043 -0.017 0.00494257 -0.00338515 -0.017 0.00433464 -0.00414119 -0.017 0.00372983 -0.00469745 -0.017 0.00317873 -0.00508273 -0.017 0.0022799 -0.00553699 -0.017 0.00132232 -0.00585056 -0.017 0.000435023 -0.00597486 -0.017 -0.000535108 -0.00597094 -0.017 -0.00141905 -0.0058245 -0.017 -0.0022713 -0.00554794 -0.017 -0.00326088 -0.00502543 -0.017 -0.00403183 -0.00443653 -0.017 -0.00464803 -0.00378607 -0.017 -0.0052672 -0.00285391 -0.017 -0.00570996 -0.00182617 -0.015375 -0.0058744 -0.00117458 -0.017 -0.00597547 0.000161412 -0.017 -0.00578731 0.00156382 -0.017 -0.00527942 0.00280455 -0.017 -0.00458666 0.00386526 -0.017 -0.00392401 0.00452185 -0.017 -0.00298805 0.00520088 -0.017 -0.00217682 0.00558119 -0.017 -0.00132232 0.00585056 -0.017 -0.000435023 0.00597486 -0.017 0.000535108 0.00597094 -0.017 0.00177378 0.00570841 -0.017 0.00307281 0.00514746 -0.017 0.00380568 0.00463199 -0.017 0.00452254 0.00392463 -0.017 0.00532498 0.00271603 -0.018 -0.00446891 0.00223296 -0.01775 -0.00537737 0.00211192 -0.01775 -0.00453615 0.00357362 -0.018 -0.00476731 0.00148159 -0.018 -0.00494103 0.000755453 -0.018 -0.0039105 0.00309219 -0.018 -0.00315501 0.0038734 -0.018 -0.0049952 7.28354e-05 -0.018 -0.0049868 -0.000363083 -0.018 -0.00491059 -0.000918388 -0.018 -0.00270298 0.00420456 -0.01775 -0.00313211 0.0048494 -0.018 -0.00559716 -0.00113766 -0.018 -0.00184178 0.00463683 -0.01775 -0.00168425 0.00552533 -0.018 -0.00469477 -0.0016975 -0.018 -0.0043948 -0.00238122 -0.018 -0.00110193 0.00487547 -0.018 -0.00042483 0.00497763 -0.01775 0.000292763 0.00575032 -0.01775 -0.00440512 -0.00373137 -0.018 0.000135204 0.00499662 -0.018 -0.00384856 -0.00317505 -0.018 -0.00326669 -0.00377969 -0.018 0.000693391 0.00494737 -0.01775 -0.00302911 -0.00491994 -0.018 -0.00236616 -0.00438805 -0.018 0.00142301 0.00478877 -0.018 -0.00154201 -0.00475179 -0.018 0.00228692 0.00443761 -0.018 0.00297505 0.00401327 -0.018 0.00353997 0.00352504 -0.01775 -0.00126597 -0.00561961 -0.018 -0.000631249 -0.00495216 -0.018 0.00409834 0.00285673 -0.018 0.00030066 -0.00498667 -0.018 0.00125011 -0.00482606 -0.018 0.00105522 -0.00558898 -0.018 0.00442172 0.00232501 -0.018 0.00210166 -0.00453214 -0.018 0.00471886 0.00164001 -0.018 0.00264101 -0.0050616 -0.018 0.00270298 -0.00420456 -0.018 0.00493804 0.000733591 -0.018 0.00345377 -0.00360053 -0.018 0.0049987 0.00011406 -0.018 0.00443212 -0.00353927 -0.018 0.00496636 -0.000507592 -0.018 0.00484126 -0.00124367 -0.018 0.00416903 -0.00274213 -0.018 0.0045961 -0.0019489 -0.018 0.00563226 -0.000779811 -0.01775 0.00454128 0.0035741 -0.01775 0.00356357 0.00455152 -0.01775 0.00221587 0.00533458 -0.01775 -0.00575602 0.000468394 -0.0175 -0.00577187 -0.00100513 -0.01775 -0.00531281 -0.0022842 -0.0175 0.00169802 -0.00554656 -0.0175 0.0038587 -0.00439158 -0.0175 0.00538233 -0.00220262 -0.0175 0.0058281 0.000132986 -0.01775 0.00544666 0.00185144 -0.014 0.00572189 0.0162501 -0.014 0.00612658 0.0155576 -0.014 0.00644338 0.0175002 -0.014 0.00427852 0.0162499 -0.014 0.00572148 0.0187501 -0.014 0.00741457 0.0181788 -0.014 0.00355662 0.0174998 -0.014 0.00262025 0.0182037 -0.014 0.00488886 0.0199589 -0.014 0.00427811 0.0187499 -0.011 0.00586161 0.0166039 -0.011 0.00615314 0.0170557 -0.011 0.00531647 0.016303 -0.011 0.00744292 0.0168086 -0.011 0.00481579 0.0162731 -0.011 0.00576896 0.0150612 -0.011 0.00620018 0.0177797 -0.011 0.00562262 0.0196935 -0.011 0.00371825 0.0153136 -0.011 0.00599243 0.0182487 -0.011 0.00418082 0.0165859 -0.011 0.00558441 0.0185897 -0.011 0.0038339 0.0170636 -0.011 0.00379558 0.0177365 -0.011 0.00270176 0.0179285 -0.011 0.00492622 0.018736 -0.011 0.00447147 0.0186298 -0.011 0.00409647 0.0183509 -0.0125 0.00226809 0.01773 -0.0125 0.00235112 0.0168515 -0.0125 0.00285215 0.0158192 -0.01395 0.00311249 0.015668 -0.0125 0.00406267 0.0149475 -0.0125 0.00504327 0.0147581 -0.0125 0.00566021 0.0148396 -0.0125 0.00662632 0.0153229 -0.0125 0.00752351 0.0165573 -0.0125 0.00764554 0.0181831 -0.0125 0.00710798 0.0192141 -0.0125 0.00585992 0.0200619 -0.0125 0.00410424 0.0200309 -0.0125 0.00277924 0.0190907 -0.0125 0.0023727 0.018292 -0.012 0.00427811 0.0187499 -0.012 0.00355662 0.0174998 -0.012 0.00572148 0.0187501 -0.012 0.00644338 0.0175002 -0.012 0.00572189 0.0162501 -0.012 0.00427852 0.0162499 -0.0031 0.00390794 0.0180784 -0.0031 0.00429277 0.0185194 -0.0031 0.00481607 0.018722 -0.0031 0.00529456 0.018712 -0.0031 0.0057554 0.018481 -0.0031 0.00607615 0.0181123 -0.0031 0.00621765 0.017428 -0.0031 0.00600725 0.0167714 -0.0031 0.00555924 0.0164062 -0.0031 0.00503746 0.0162549 -0.0031 0.00433226 0.0164847 -0.0031 0.00384005 0.0170528 -0.0031 0.00375739 0.017537 -0.00302932 0.0051761 0.0174917</float_array>
                    <technique_common>
                        <accessor count="2812" source="#shape0-lib-positions-array" stride="3">
                            <param name="X" type="float"/>
                            <param name="Y" type="float"/>
                            <param name="Z" type="float"/>
                        </accessor>
                    </technique_common>
                </source>
                <source id="shape0-lib-normals" name="normal">
                    <float_array id="shape0-lib-normals-array" count="16896">0.999689 -0.0249323 0 0.999689 -0.0249323 0 0.997204 -0.074727 0 0.997204 -0.074727 0 0.992239 -0.124346 0 0.992239 -0.124346 0 0.984808 -0.173648 0 0.984808 -0.173648 0 0.974928 -0.222521 0 0.974928 -0.222521 0 0.962624 -0.27084 0 0.962624 -0.27084 0 0.947928 -0.318486 0 0.947928 -0.318486 0 0.930873 -0.365343 0 0.930873 -0.365343 0 0.911506 -0.411288 0 0.911506 -0.411288 0 0.889873 -0.456208 0 0.889873 -0.456208 0 0.866024 -0.500002 0 0.866024 -0.500002 0 0.840026 -0.542546 0 0.840026 -0.542546 0 0.811938 -0.583743 0 0.811938 -0.583743 0 0.781832 -0.623489 0 0.781832 -0.623489 0 0.749781 -0.661686 0 0.749781 -0.661686 0 0.715866 -0.698237 0 0.715866 -0.698237 0 0.680173 -0.733052 0 0.680173 -0.733052 0 0.642788 -0.766044 0 0.642788 -0.766044 0 0.603803 -0.797133 0 0.603803 -0.797133 0 0.56332 -0.826239 0 0.56332 -0.826239 0 0.521435 -0.853291 0 0.521435 -0.853291 0 0.478256 -0.878221 0 0.478256 -0.878221 0 0.433884 -0.900969 0 0.433884 -0.900969 0 0.388433 -0.921477 0 0.388433 -0.921477 0 0.342022 -0.939692 0 0.342022 -0.939692 0 0.294754 -0.955573 0 0.294754 -0.955573 0 0.246757 -0.969077 0 0.246757 -0.969077 0 0.198146 -0.980173 0 0.198146 -0.980173 0 0.149043 -0.988831 0 0.149043 -0.988831 0 0.0995706 -0.995031 0 0.0995706 -0.995031 0 0.0498444 -0.998757 0 0.0498444 -0.998757 0 0 -1 0 0 -1 0 -0.0498444 -0.998757 0 -0.0498444 -0.998757 0 -0.0995706 -0.995031 0 -0.0995706 -0.995031 0 -0.149043 -0.988831 0 -0.149043 -0.988831 0 -0.198146 -0.980173 0 -0.198146 -0.980173 0 -0.246757 -0.969077 0 -0.246757 -0.969077 0 -0.294754 -0.955573 0 -0.294754 -0.955573 0 -0.342022 -0.939692 0 -0.342022 -0.939692 0 -0.388433 -0.921477 0 -0.388433 -0.921477 0 -0.433884 -0.900969 0 -0.433884 -0.900969 0 -0.478256 -0.878221 0 -0.478256 -0.878221 0 -0.521435 -0.853291 0 -0.521435 -0.853291 0 -0.56332 -0.826239 0 -0.56332 -0.826239 0 -0.603803 -0.797133 0 -0.603803 -0.797133 0 -0.642788 -0.766044 0 -0.642788 -0.766044 0 -0.680173 -0.733052 0 -0.680173 -0.733052 0 -0.715866 -0.698237 0 -0.715866 -0.698237 0 -0.749781 -0.661686 0 -0.749781 -0.661686 0 -0.781832 -0.623489 0 -0.781832 -0.623489 0 -0.811938 -0.583743 0 -0.811938 -0.583743 0 -0.840026 -0.542546 0 -0.840026 -0.542546 0 -0.866024 -0.500002 0 -0.866024 -0.500002 0 -0.889873 -0.456208 0 -0.889873 -0.456208 0 -0.911506 -0.411288 0 -0.911506 -0.411288 0 -0.930873 -0.365343 0 -0.930873 -0.365343 0 -0.947928 -0.318486 0 -0.947928 -0.318486 0 -0.962624 -0.27084 0 -0.962624 -0.27084 0 -0.974928 -0.222521 0 -0.984808 -0.173648 0 -0.974928 -0.222521 0 -0.984808 -0.173648 0 -0.992239 -0.124346 0 -0.992239 -0.124346 0 -0.997204 -0.074727 0 -0.997204 -0.074727 0 -0.999689 -0.0249323 0 -0.999689 -0.0249323 1.03303e-18 -0.999689 0.0249323 0 -0.999689 0.0249323 0 -0.997204 0.074727 0 -0.997204 0.074727 0 -0.992239 0.124346 0 -0.992239 0.124346 0 -0.984808 0.173648 0 -0.984808 0.173648 0 -0.974928 0.222521 0 -0.974928 0.222521 0 -0.962624 0.27084 0 -0.962624 0.27084 0 -0.947928 0.318486 0 -0.947928 0.318486 0 -0.930873 0.365343 0 -0.930873 0.365343 0 -0.911506 0.411288 0 -0.911506 0.411288 0 -0.889873 0.456208 0 -0.889873 0.456208 0 -0.866024 0.500002 0 -0.866024 0.500002 0 -0.840026 0.542546 0 -0.840026 0.542546 0 -0.811938 0.583743 0 -0.811938 0.583743 0 -0.781832 0.623489 0 -0.781832 0.623489 0 -0.749781 0.661686 0 -0.749781 0.661686 0 -0.715866 0.698237 0 -0.715866 0.698237 0 -0.680173 0.733052 0 -0.680173 0.733052 0 -0.642788 0.766044 0 -0.642788 0.766044 0 -0.603803 0.797133 0 -0.603803 0.797133 0 -0.56332 0.826239 0 -0.56332 0.826239 0 -0.521435 0.853291 0 -0.521435 0.853291 0 -0.478256 0.878221 0 -0.478256 0.878221 0 -0.433884 0.900969 0 -0.433884 0.900969 0 -0.388433 0.921477 0 -0.388433 0.921477 0 -0.342022 0.939692 0 -0.342022 0.939692 0 -0.294754 0.955573 0 -0.294754 0.955573 0 -0.246757 0.969077 0 -0.246757 0.969077 0 -0.198146 0.980173 0 -0.198146 0.980173 0 -0.149043 0.988831 0 -0.149043 0.988831 0 -0.0995706 0.995031 0 -0.0995706 0.995031 0 -0.0498444 0.998757 0 -0.0498444 0.998757 0 0 1 0 0 1 0 0.0498444 0.998757 0 0.0498444 0.998757 0 0.0995706 0.995031 0 0.0995706 0.995031 0 0.149043 0.988831 0 0.149043 0.988831 0 0.198146 0.980173 0 0.198146 0.980173 0 0.246757 0.969077 0 0.246757 0.969077 0 0.294754 0.955573 0 0.342022 0.939692 0 0.294754 0.955573 0 0.342022 0.939692 0 0.388433 0.921477 0 0.388433 0.921477 0 0.433884 0.900969 0 0.433884 0.900969 0 0.478256 0.878221 0 0.478256 0.878221 0 0.521435 0.853291 0 0.56332 0.826239 0 0.521435 0.853291 0 0.56332 0.826239 0 0.603803 0.797133 0 0.642788 0.766044 0 0.603803 0.797133 0 0.642788 0.766044 0 0.680173 0.733052 0 0.680173 0.733052 0 0.715866 0.698237 0 0.715866 0.698237 0 0.749781 0.661686 0 0.749781 0.661686 0 0.781832 0.623489 0 0.781832 0.623489 0 0.811938 0.583743 0 0.811938 0.583743 0 0.840026 0.542546 0 0.840026 0.542546 0 0.866024 0.500002 0 0.866024 0.500002 0 0.889873 0.456208 0 0.889873 0.456208 0 0.911506 0.411288 0 0.911506 0.411288 0 0.930873 0.365343 0 0.930873 0.365343 0 0.947928 0.318486 0 0.962624 0.27084 0 0.947928 0.318486 0 0.974928 0.222521 0 0.962624 0.27084 0 0.974928 0.222521 0 0.984808 0.173648 0 0.984808 0.173648 0 0.992239 0.124346 0 0.992239 0.124346 0 0.997204 0.074727 0 0.997204 0.074727 0 0.999689 0.0249323 0 0.999689 0.0249323 2.76804e-18 0 0 1 0 0 1 0 0 1 0 0 1 0 0 1 0 0 1 0 0 1 0 0 1 0 0 1 0 0 1 0 0 1 0 0 1 0 0 1 0 0 1 0 0 1 0 0 1 0 0 1 0 0 1 0 0 1 0 0 1 0 0 1 0.0222638 -0.00807818 0.99972 0 0 1 0.00696341 -0.0344462 0.999382 0 0 1 0.00951785 -0.0308561 0.999479 0 0 1 0.0119023 -0.0282356 0.99953 0 0 1 0.0143026 -0.026264 0.999553 0 0 1 0.0168812 -0.0247602 0.999551 0 0 1 0.0205147 -0.0233526 0.999517 0 0 1 0.0249694 -0.0225325 0.999434 0 0 1 0 0 1 0.00147983 -0.0240614 0.999709 0 0 1 0 0 1 0 0 1 0 0 1 0 0 1 0 0 1 0 0 1 0 0 1 0 0 1 0 0 1 0 0 1 0 0 1 0 0 1 0 0 1 0 0 1 0 0 1 0 0 1 0 0 1 0 0 1 0 0 1 0 0 1 0 0 1 0 0 1 0 0 1 0 0 1 0 0 1 0 0 1 0 0 1 0 0 1 0 0 1 0 0 1 0 0 1 0 0 1 -0.0414453 -0.0395377 -0.998358 -0.0388146 -0.0452307 -0.998222 -0.056921 0.0150163 -0.998266 -0.0455342 -0.0335088 -0.998401 0 0 -1 -0.0313708 -0.0481846 -0.998346 0 0 -1 0 0 -1 0 0 -1 0 0 -1 0 0 -1 0 0 -1 0 0 -1 0 0 -1 0 0 -1 0 0 -1 0 0 -1 0 0 -1 0 0 -1 0 0 -1 0 0 -1 0 0 -1 0 0 -1 0 0 -1 0 0 -1 0 0 -1 0 0 -1 0 0 -1 0 0 -1 0 0 -1 0 0 -1 0 0 -1 0.0114642 0.0855523 -0.996268 0 0 -1 -0.0727525 0.0116874 -0.997282 0 0 -1 0 0 -1 0 0 -1 0 0 -1 0 0 -1 0 0 -1 0 0 -1 0 0 -1 0 0 -1 0 0 -1 0 0 -1 0 0 -1 0 0 -1 0 0 -1 0 0 -1 0 0 -1 0 0 -1 0 0 -1 0 0 -1 0 0 -1 0 0 -1 0 0 -1 0 0 -1 0 0 -1 0 0 -1 0 0 -1 0 0 -1 0.0287753 0.0508111 -0.998294 0.0653589 -0.00143489 -0.997861 0.0320574 0.0470195 -0.998379 0 0 -1 0 0 -1 0.036358 0.0433299 -0.998399 0.0132367 0.057708 -0.998246 0 0 -1 0.506519 0.00701453 -0.8622 0.26203 -0.132406 -0.955934 0.100319 -0.180218 -0.978498 -0.0293246 -0.159326 -0.98679 0.500906 -0.0571393 -0.863613 -0.119208 -0.102935 -0.987519 0.485286 -0.105123 -0.868013 0.461153 -0.146457 -0.875151 0.441852 -0.173415 -0.880167 0.439405 -0.207124 -0.874084 0.441802 -0.171051 -0.880654 0.427181 -0.259715 -0.866063 0.391917 -0.320622 -0.862324 0.350341 -0.35664 -0.866065 0.298967 -0.385732 -0.872829 0.250456 -0.399834 -0.881706 0.208698 -0.445932 -0.870396 0.254158 -0.399514 -0.880791 -0.170995 -0.0194087 -0.985081 0.158842 -0.476346 -0.864791 0.0991755 -0.490595 -0.865726 0.0436058 -0.490551 -0.870321 -0.0129564 -0.476185 -0.87925 -0.0601204 -0.449432 -0.891289 -0.114202 -0.492282 -0.862912 -0.0166599 -0.481382 -0.876353 -0.156355 -0.487631 -0.858935 -0.198381 -0.470615 -0.859748 -0.220579 -0.458036 -0.861132 -0.247857 -0.437663 -0.864302 -0.170469 0.0927157 -0.980991 -0.231654 -0.339773 -0.911532 -0.333915 -0.341362 -0.87862 -0.280197 -0.333926 -0.899991 -0.327204 -0.319146 -0.889429 -0.369969 -0.295041 -0.88095 -0.405768 -0.262073 -0.875597 -0.438194 -0.212249 -0.873462 -0.451444 -0.157263 -0.878332 0.0216282 0.389719 -0.92068 -0.449816 -0.102668 -0.887201 -0.437849 -0.0548697 -0.897373 -0.426502 -0.0106362 -0.904424 -0.421111 -0.0187392 -0.906815 -0.448515 0.0386109 -0.892941 -0.459838 0.094045 -0.883009 -0.453654 0.158033 -0.877054 -0.43671 0.202908 -0.87642 -0.403634 0.24863 -0.88049 -0.374341 0.275479 -0.885426 -0.324444 0.303195 -0.895996 -0.287003 0.316276 -0.904212 -0.277625 0.397657 -0.874525 -0.332507 0.308655 -0.891163 -0.248739 0.427313 -0.869214 -0.204974 0.45861 -0.864675 -0.159916 0.479568 -0.86281 -0.0988594 0.489031 -0.866646 -0.0486666 0.486348 -0.872409 0 0.474053 -0.880496 0.0102269 0.469493 -0.882877 0.0398923 0.47887 -0.876979 0.0927906 0.486731 -0.86861 0.148367 0.480994 -0.864079 0.199815 0.45971 -0.865298 0.24207 0.427445 -0.87103 0.264963 0.402855 -0.876072 0.311389 0.397199 -0.86329 0.244294 0.432337 -0.867989 0.350916 0.369896 -0.860253 0.393459 0.328633 -0.858598 0.424079 0.283997 -0.859943 0.443798 0.246484 -0.861562 0.459078 0.207144 -0.863909 0.45276 0.15212 -0.87856 0.477587 0.123464 -0.869866 0.479319 0.109402 -0.870795 0.499352 0.0569674 -0.864524 0.999904 0.0138472 -0.000147701 0.993557 -0.113337 -0.000137151 0.996315 -0.0857689 0.000232022 0.977332 -0.21171 0 0.97972 -0.20037 0.000198462 0.953089 -0.30269 0 0.953089 -0.30269 0 0.930874 -0.365342 0 0.904545 -0.426379 0 0.930874 -0.365342 0 0.904545 -0.426379 0 0.860435 -0.50956 0 0.854472 -0.519497 -0.000198464 0.773994 -0.633193 -0.000237222 0.789546 -0.613691 0.000237224 0.700778 -0.713379 0 0.708083 -0.706129 0.000137136 0.612603 -0.79039 -0.00013714 0.620706 -0.784044 0 0.530853 -0.847464 0.000210635 0.532037 -0.846721 0.000237222 0.42388 -0.905718 -2.10941e-05 0.399899 -0.916559 0.000379457 0.316335 -0.948647 -0.000301972 0.268654 -0.963237 0.000362414 0.198145 -0.980173 -0.000189883 0.149043 -0.988831 0.000189892 0.0885424 -0.996072 -0.00027422 0.0498449 -0.998757 9.49509e-05 -0.0271988 -0.99963 -0.000345112 -0.0498449 -0.998757 0 -0.132589 -0.991171 0 -0.132589 -0.991171 0 -0.225984 -0.974131 0 -0.225984 -0.974131 0 -0.30533 -0.952247 0 -0.320637 -0.947202 0.000276073 -0.388435 -0.921476 -1.05959e-09 -0.418851 -0.908055 0.000126635 -0.433885 -0.900968 0 -0.492784 -0.870152 0 -0.492784 -0.870152 0 -0.563321 -0.826238 0 -0.563321 -0.826238 0 -0.642787 -0.766045 0 -0.642787 -0.766045 0 -0.715867 -0.698237 0 -0.715867 -0.698237 0 -0.781831 -0.62349 0 -0.781831 -0.62349 0 -0.840026 -0.542546 0 -0.840026 -0.542546 0 -0.899982 -0.435927 -0.000345125 -0.889872 -0.45621 0 -0.944342 -0.328966 -0.000158197 -0.934862 -0.35501 0.000158197 -0.974928 -0.222521 0 -0.969635 -0.244558 0.00034513 -0.992239 -0.124344 0 -0.992239 -0.124344 0 -0.999689 -0.0249303 0 -0.999997 -0.00226911 0.000345119 -0.996315 0.0857689 -0.000158203 -0.993555 0.113347 0.000158203 -0.97972 0.20037 -0.000345123 -0.969635 0.244558 0.00034513 -0.944342 0.328966 -0.000158197 -0.934862 0.35501 0.000158196 -0.90689 0.421366 -0.00025318 -0.889872 0.45621 0.000189887 -0.851432 0.524464 -0.000108519 -0.840026 0.542546 9.49522e-05 -0.805417 0.592709 -0.000253177 -0.781831 0.62349 0.000189899 -0.730628 0.682776 -0.000108514 -0.699859 0.714281 0.000310585 -0.672005 0.740546 -0.000126595 -0.612595 0.790397 0.000316402 -0.572444 0.819944 -0.000253179 -0.501964 0.864888 0.000224362 -0.503076 0.864242 0.00024393 -0.408045 0.912962 4.05748e-05 -0.398616 0.917118 0.000158197 -0.316335 0.948647 -0.000345127 -0.294755 0.955573 0 -0.198145 0.980173 0 -0.198145 0.980173 0 -0.0995681 0.995031 0 -0.0769927 0.997032 0.000345128 0 1 -9.49426e-05 0.0387813 0.999248 0.00027421 0.0830175 0.996548 -6.33269e-05 0.149043 0.988831 0.000189885 0.187268 0.982309 -0.000253169 0.294755 0.955573 -0.000189666 0.268654 0.963237 0.000224374 0.378207 0.925721 0.000147563 0.398627 0.917113 -0.000147702 0.492784 0.870152 0 0.478254 0.878222 0.000189891 0.549511 0.835486 0 0.616968 0.786988 -6.3311e-05 0.563321 0.826238 0.000189891 0.68825 0.725474 -0.00020035 0.651231 0.75888 0.000274216 0.723563 0.690258 0.000179309 0.7675 0.641048 -0.00044875 0.805417 0.592709 0.000253176 0.830893 0.556433 -1.25616e-09 0.874216 0.485537 0 0.860435 0.50956 0.000316405 0.911506 0.411287 0 0.911506 0.411287 0 0.947927 0.318488 0 0.947927 0.318488 0 0.974928 0.222521 0 0.974928 0.222521 0 0.993555 0.113347 -0.000168658 0.992239 0.124344 0 0.999689 0.0249303 -7.10517e-10 -0.496104 0.0123719 0.868175 -0.198545 -0.063276 0.978047 -0.495369 -0.037123 0.867889 -0.479865 -0.0901034 0.872703 -0.452688 -0.1328 0.881724 -0.413108 -0.170109 0.894653 -0.41907 -0.214845 0.882169 -0.41786 -0.166761 0.893076 -0.407374 -0.276391 0.870434 -0.379044 -0.327113 0.865634 -0.335501 -0.369713 0.866459 -0.284138 -0.397109 0.87268 -0.222271 -0.408157 0.88544 -0.171423 -0.406662 0.897352 -0.13847 -0.448908 0.882784 -0.189186 -0.410173 0.89217 0.153981 0.0311432 0.987583 -0.0954809 -0.472318 0.876241 -0.0380366 -0.492563 0.869445 0.0193814 -0.499386 0.866163 0.0746776 -0.49545 0.86542 0.123118 -0.483518 0.866633 0.173773 -0.461467 0.869972 0.214847 -0.433767 0.875035 0.25973 -0.390178 0.883347 0.283344 -0.345374 0.894669 0.293748 -0.343381 0.892077 0.096339 0.0703654 0.992858 0.326133 -0.328852 0.886281 0.371569 -0.303117 0.877529 0.407907 -0.269903 0.872218 0.438217 -0.224661 0.870341 0.457825 -0.173857 0.871877 0.464973 -0.117274 0.877523 0.456039 -0.0571492 0.888123 0.440026 -0.0109734 0.897918 0.427067 0.0129331 0.904128 0.442129 0.0432286 0.895909 -0.0439434 0.0662066 0.996838 0.454202 0.0983895 0.885449 0.453003 0.152202 0.878421 0.438019 0.209715 0.874162 0.404381 0.261177 0.876506 0.35716 0.301077 0.884189 0.292104 0.329484 0.897839 -0.172568 -0.0180114 0.984833 0.244321 0.337293 0.909143 0.242575 0.337342 0.909592 0.214844 0.384315 0.897855 0.182994 0.421023 0.888399 0.140053 0.454042 0.879904 0.0961809 0.475781 0.874289 0.0488438 0.488119 0.871409 0 0.49027 0.871571 -0.0482472 0.482157 0.874755 -0.0938835 0.464417 0.880626 -0.135199 0.438302 0.888601 -0.170936 0.405506 0.897967 -0.200367 0.367935 0.908007 -0.276744 0.386776 0.879668 -0.180364 0.401955 0.89772 -0.329322 0.362903 0.871693 -0.372707 0.328917 0.8677 -0.404068 0.290505 0.867373 -0.42627 0.246107 0.870474 -0.43662 0.205811 0.875788 -0.441127 0.158784 0.883286 -0.439042 0.128909 0.88917 -0.453803 0.114457 0.883721 -0.483651 0.0606094 0.87316 -0.997204 -0.0747305 -8.30532e-09 -0.982824 -0.184543 0.000200335 -0.993713 -0.111958 -0.00049813 -0.959562 -0.281496 0.000295422 -0.972401 -0.233314 -0.000179333 -0.942502 -0.3342 -0.000126627 -0.924673 -0.380761 6.3308e-05 -0.911506 -0.411287 -0.0001899 -0.889872 -0.45621 0.000189893 -0.874216 -0.485537 -6.33116e-05 -0.827515 -0.561444 0.00027608 -0.818359 -0.574708 0 -0.757062 -0.653342 0.000232012 -0.768324 -0.640062 0 -0.704164 -0.710037 -6.33141e-05 -0.672013 -0.740539 0.000274223 -0.642787 -0.766045 -9.495e-05 -0.5819 -0.81326 0.000345113 -0.563321 -0.826238 0 -0.478254 -0.878222 0 -0.458229 -0.888834 -0.000345123 -0.388436 -0.921476 9.49433e-05 -0.352408 -0.935847 -0.000274207 -0.294755 -0.955573 0.000189909 -0.246755 -0.969078 -0.000189897 -0.198145 -0.980173 0.000189883 -0.0769927 -0.997032 0.00027607 -0.165456 -0.986217 -6.33198e-05 -0.0609146 -0.998143 0 0.0387813 -0.999248 0 0.0387813 -0.999248 0 0.149043 -0.988831 0 0.149043 -0.988831 0 0.246755 -0.969078 0 0.246755 -0.969078 0 0.326357 -0.945247 0 0.352408 -0.935847 0.000316405 0.423871 -0.905723 -0.000126583 0.443845 -0.896104 0.000126583 0.521435 -0.853291 -0.000379555 0.554126 -0.832433 0.000137151 0.625262 -0.780415 -0.00019846 0.634264 -0.773117 0 0.704164 -0.710037 0 0.723556 -0.690266 -0.000316386 0.774871 -0.63212 0.000126595 0.7985 -0.601995 -0.000310602 0.833966 -0.551816 0.000274215 0.866026 -0.499999 -0.000189892 0.889872 -0.45621 0.000189893 0.911506 -0.411287 -0.0001899 0.934862 -0.35501 0.000274198 0.947927 -0.318488 -9.49477e-05 0.969635 -0.244558 0.00034513 0.974928 -0.222521 0 0.992239 -0.124344 0 0.992239 -0.124344 0 0.999689 -0.0249303 0 0.999689 -0.0249303 0 0.995254 0.0973097 0 0.995254 0.0973097 0 0.977333 0.21171 0 0.977333 0.21171 0 0.947927 0.318488 0 0.947927 0.318488 0 0.906895 0.421356 0 0.901952 0.431837 0.00019846 0.86043 0.509569 -0.000137154 0.840026 0.542546 0.000379552 0.802124 0.597157 1.5702e-09 0.764583 0.644525 0.000345133 0.74978 0.661687 0 0.680173 0.733052 0 0.663386 0.748278 0.000345128 0.586627 0.809858 0.000108511 0.603804 0.797133 -9.49466e-05 0.48796 0.872866 0.000137133 0.511953 0.859013 -0.000232028 0.398616 0.917118 0.000232022 0.423871 0.905723 -0.000137157 0.326357 0.945247 -6.33091e-05 0.294755 0.955573 0.000189909 0.236009 0.971751 -0.000274208 0.198145 0.980173 9.4946e-05 0.122092 0.992519 -0.00034512 0.0995681 0.995031 0 0 1 0 0 1 0 -0.0995681 0.995031 0 -0.0995681 0.995031 0 -0.198145 0.980173 0 -0.198145 0.980173 0 -0.294755 0.955573 0 -0.294755 0.955573 0 -0.388436 0.921476 0 -0.388436 0.921476 0 -0.478254 0.878222 0 -0.478254 0.878222 0 -0.5819 0.81326 0.000345113 -0.563321 0.826238 0 -0.659983 0.751281 -0.00022438 -0.672013 0.740539 2.10921e-05 -0.74978 0.661687 -0.000189659 -0.742406 0.66995 0 -0.811938 0.583744 0 -0.811938 0.583744 0 -0.866026 0.499999 0 -0.866026 0.499999 0 -0.904545 0.426379 0 -0.911506 0.411287 -0.000189896 -0.940902 0.338679 0.000108508 -0.947927 0.318488 -9.49477e-05 -0.969635 0.244558 0.00034513 -0.974928 0.222521 0 -0.992239 0.124344 0 -0.992239 0.124344 0 -0.999689 0.0249303 -0.000189667 -0.999904 0.0138571 0 0.542861 -0.013539 0.839713 0.553482 0.0138039 0.832747 0.51814 -0.0388276 0.854414 0.482279 -0.0604384 0.87393 0.829408 -0.164952 0.533735 0.439225 -0.0774472 0.895033 0.393001 -0.0896998 0.915152 0.346993 -0.0976285 0.932773 0.303552 -0.101988 0.947341 0.421677 -0.165497 0.891515 0.461923 -0.208428 0.862082 0.348181 -0.0999168 0.932087 0.954172 -0.273817 -0.120745 0.495986 -0.254275 0.830266 0.519443 -0.299902 0.800149 0.528677 -0.341455 0.777116 0.521815 -0.375159 0.766137 0.499016 -0.397952 0.769817 0.462323 -0.408003 0.787268 0.287615 -0.252553 0.923848 0.415324 -0.405096 0.814496 0.362579 -0.390767 0.846072 0.388104 -0.462523 0.797149 0.37948 -0.500985 0.777823 0.389261 -0.401686 0.82893 0.363125 -0.532607 0.764507 0.339542 -0.555637 0.758932 0.267448 -0.491115 0.829022 0.262938 -0.545997 0.795456 0.271287 -0.584869 0.764416 0.248775 -0.590166 0.767994 0.225282 -0.618952 0.752427 0.194147 -0.629413 0.752427 0.158037 -0.620651 0.767995 0.107436 -0.392616 0.913406 0.120079 -0.593996 0.795456 0.0833476 -0.552973 0.82902 0.0489884 -0.489552 0.870597 0.0269124 -0.539256 0.841712 0.0712734 -0.75984 0.646191 0.0466136 -0.496944 0.86653 0 -0.580098 0.814547 -0.0303098 -0.607331 0.793871 -0.0617999 -0.61758 0.784076 -0.0918663 -0.60949 0.787453 -0.118038 -0.583901 0.803198 -0.138448 -0.543721 0.827767 -0.152208 -0.493448 0.856354 -0.159499 -0.438218 0.884605 -0.148816 -0.406317 0.901532 -0.250531 -0.594331 0.764202 -0.154928 -0.53072 0.833267 -0.291935 -0.606208 0.739788 -0.161806 -0.55428 0.816451 -0.326383 -0.599336 0.730938 -0.350824 -0.574099 0.739819 -0.363291 -0.53285 0.764258 -0.363348 -0.479687 0.798673 -0.386808 -0.460979 0.798673 -0.43865 -0.472753 0.764259 -0.357826 -0.4487 0.81892 -0.506264 -0.634836 0.583678 -0.462754 -0.434656 0.772614 -0.481638 -0.469777 0.73982 -0.511683 -0.451564 0.730938 -0.526048 -0.419509 0.739788 -0.523682 -0.376501 0.764202 -0.569212 -0.367636 0.735419 -0.603792 -0.348601 0.716877 -0.522647 -0.373525 0.766368 -0.612197 -0.437524 0.658626 -0.620419 -0.318068 0.716877 -0.617648 -0.278694 0.735419 -0.545294 -0.25094 0.799803 -0.637371 -0.252229 0.728107 -0.597331 -0.236384 0.766367 -0.600392 -0.235638 0.764202 -0.637806 -0.214291 0.739786 -0.656938 -0.184834 0.730937 -0.655938 -0.149713 0.739819 -0.635114 -0.111988 0.764257 -0.597097 -0.0748271 0.798672 -0.512766 -0.0191075 0.858316 -0.689148 -0.0256802 0.724166 -0.465043 -0.0348487 0.884602 -0.516227 -0.0128747 0.856355 -0.376995 0.0409356 0.92531 -0.560898 0.0139888 0.827767 -0.594045 0.0445156 0.803199 -0.611591 0.0766435 0.787453 -0.611236 0.107777 0.784076 -0.592842 0.135312 0.793869 -0.558417 0.157114 0.814546 -0.511812 0.171959 0.841712 -0.457988 0.179748 0.870596 -0.565964 0.255373 0.783881 -0.580093 0.297394 0.75832 -0.513594 0.177367 0.839501 -0.593391 0.204924 0.778391 -0.576549 0.332873 0.746181 -0.555255 0.358621 0.750389 -0.518138 0.372515 0.769913 -0.468867 0.373909 0.800222 -0.41236 0.363911 0.835182 -0.353847 0.345133 0.869296 -0.44749 0.378042 0.810455 -0.362579 0.390767 0.846072 -0.372926 0.444435 0.814496 -0.346069 0.341825 0.873723 -0.274849 0.271479 0.922365 -0.372313 0.491522 0.787267 -0.359547 0.52736 0.769817 -0.335115 0.548391 0.766136 -0.300994 0.552716 0.777115 -0.260243 0.540401 0.80015 -0.216501 0.513602 0.830265 -0.173327 0.476208 0.862081 -0.133519 0.432862 0.891517 -0.167185 0.475481 0.863694 -0.265467 0.755 0.599585 -0.18378 0.619601 0.763098 -0.144115 0.565976 0.811728 -0.123018 0.608537 0.783932 -0.0957909 0.635528 0.766113 -0.0644373 0.643937 0.76236 -0.0315861 0.632906 0.773584 0 0.603831 0.797112 0.0279603 0.560255 0.827848 0.0507615 0.507271 0.86029 0.0215738 0.597543 0.801547 0.102828 0.397429 0.911853 0.027562 0.763404 0.645333 0.100993 0.670043 0.73542 0.138147 0.683376 0.716877 0.199728 0.647508 0.73542 0.172039 0.675641 0.716877 0.141062 0.387562 0.910987 0.179246 0.425224 0.887161 0.252741 0.511378 0.821349 0.3106 0.628447 0.71315 0.22085 0.4586 0.860762 0.263455 0.483783 0.834593 0.303805 0.497155 0.812736 0.338371 0.4963 0.799494 0.364017 0.48057 0.797837 0.378584 0.451178 0.808154 0.381308 0.410952 0.828084 0.373003 0.363817 0.853526 0.375967 0.372684 0.848384 0.437898 0.386448 0.811729 0.485398 0.387091 0.783932 0.448747 0.533145 0.717205 0.317285 0.314515 0.894656 0.521838 0.375175 0.766113 0.543626 0.35111 0.76236 0.548796 0.316849 0.773582 0.537331 0.275471 0.797114 0.511311 0.230713 0.827848 0.474568 0.186255 0.860287 0.362196 0.121691 0.924124 0.409302 0.11516 0.905102 0.84034 0.282892 0.462386 0.403945 0.118923 0.90702 0.685617 0.201848 0.699419 0.45536 0.103933 0.88422 0.496601 0.0875641 0.863551 0.528905 0.0662815 0.846089 0.548647 0.0411137 0.835042 0.583835 0.0145609 -0.811742 0.393351 0.0185786 -0.919201 0.620638 -0.0154788 -0.783945 0.353283 0.0264738 -0.935142 0.39119 0.0490233 -0.919003 0.680122 0.117992 -0.723541 0.45545 0.0790142 -0.886748 0.427326 0.0753491 -0.900952 0.458579 0.104667 -0.882468 0.481557 0.135489 -0.865878 0.493281 0.165733 -0.853936 0.491886 0.193052 -0.848987 0.477076 0.215265 -0.852091 0.45021 0.230807 -0.862577 0.414005 0.239027 -0.878331 0.371987 0.240254 -0.896607 0.327717 0.235612 -0.914925 0.284196 0.226639 -0.931594 0.243507 0.214896 -0.945793 0.464786 0.45334 -0.760563 0.458317 0.493948 -0.738892 0.444858 0.283151 -0.849663 0.533886 0.353437 -0.768146 0.441371 0.526004 -0.726988 0.414744 0.547539 -0.726766 0.379967 0.55731 -0.738262 0.339121 0.554948 -0.759625 0.280671 0.520546 -0.806384 0.296945 0.54528 -0.783896 0.282835 0.587312 -0.758333 0.297206 0.541928 -0.786119 0.25859 0.613452 -0.746196 0.22607 0.621118 -0.750403 0.188091 0.609781 -0.769928 0.147977 0.581142 -0.800235 0.108972 0.539055 -0.835192 0.0736686 0.488757 -0.869304 0.0336563 0.336336 -0.941141 0.0189039 0.378786 -0.925291 0.0430818 0.910091 -0.412163 0.0184538 0.389831 -0.920701 -0.0356392 0.465092 -0.884545 0 0.421925 -0.906631 -0.0230991 0.462847 -0.886137 -0.0498212 0.497874 -0.865817 -0.0788515 0.523143 -0.84859 -0.108246 0.53546 -0.837595 -0.135726 0.53303 -0.835139 -0.15912 0.515856 -0.841768 -0.176797 0.485743 -0.856035 -0.187977 0.445937 -0.875103 -0.192825 0.400405 -0.895821 -0.192858 0.405814 -0.893376 -0.238966 0.438814 -0.86622 -0.284236 0.465132 -0.838369 -0.45958 0.820977 -0.338796 -0.330807 0.485204 -0.80941 -0.376279 0.496758 -0.782078 -0.417988 0.498138 -0.7597 -0.453356 0.488601 -0.745478 -0.480205 0.468379 -0.741637 -0.49695 0.438562 -0.748802 -0.492728 0.462494 -0.737102 -0.552925 0.440942 -0.706997 -0.42213 0.339018 -0.840757 -0.574217 0.412833 -0.706997 -0.67118 0.34692 -0.655105 -0.580097 0.299841 -0.757352 -0.428238 0.276585 -0.860298 -0.48578 0.280467 -0.827862 -0.53732 0.275466 -0.797123 -0.577601 0.260624 -0.773597 -0.602402 0.236427 -0.762374 -0.609223 0.204687 -0.766127 -0.492889 0.0854292 -0.865888 -0.597626 0.168146 -0.783945 -0.569376 0.129956 -0.811741 -0.623745 0.0734593 -0.778169 -0.486608 0.0573086 -0.871738 -0.411126 0.0724926 -0.908692 -0.463898 0.0581349 -0.883979 -0.514626 0.0385642 -0.856547 -0.558565 0.0139306 -0.829344 -0.590849 -0.0147358 -0.806648 -0.607543 -0.0455271 -0.792981 -0.606517 -0.0760077 -0.791429 -0.587773 -0.10364 -0.80236 -0.553433 -0.126317 -0.823259 -0.507403 -0.142761 -0.849801 -0.454593 -0.152734 -0.877506 -0.399824 -0.15692 -0.90306 -0.346928 -0.15654 -0.924736 -0.298323 -0.15294 -0.942132 -0.557065 -0.321624 -0.765661 -0.562508 -0.363306 -0.742694 -0.469202 -0.162598 -0.867993 -0.497639 -0.175601 -0.849423 -0.555806 -0.399596 -0.728974 -0.537091 -0.428315 -0.72669 -0.434556 -0.383499 -0.814917 -0.439333 -0.428514 -0.789533 -0.46206 -0.475604 -0.748533 -0.430465 -0.463931 -0.774253 -0.408104 -0.486358 -0.772597 -0.367633 -0.412713 -0.833375 -0.37408 -0.493856 -0.784965 -0.331544 -0.486286 -0.808458 -0.284432 -0.465452 -0.838125 -0.236754 -0.434751 -0.868872 -0.191799 -0.398275 -0.896989 -0.15167 -0.359806 -0.920617 -0.231752 -0.636729 -0.735436 -0.205498 -0.66621 -0.716892 -0.446 -0.789189 -0.422215 -0.279126 -0.493907 -0.823496 -0.102018 -0.452193 -0.886066 -0.172035 -0.675625 -0.716892 -0.134263 -0.66416 -0.735435 -0.0776564 -0.515214 -0.853536 -0.0558178 -0.5578 -0.828096 -0.0539042 -0.642904 -0.764048 -0.049837 -0.594395 -0.802627 -0.0293562 -0.588224 -0.808165 0 -0.602857 -0.797849 0.0299394 -0.599911 -0.799507 0.0580112 -0.579719 -0.812749 0.0821002 -0.544696 -0.834605 0.100855 -0.4989 -0.860772 0.113865 -0.447177 -0.887168 0.121562 -0.394097 -0.910994 0.108806 -0.302152 -0.94703 0.220591 -0.606066 -0.764214 0.261348 -0.619992 -0.739802 0.1109 -0.524036 -0.844445 0.114413 -0.540634 -0.833441 0.296094 -0.614846 -0.730953 0.321765 -0.590857 -0.739835 0.33627 -0.550283 -0.764272 0.338977 -0.497188 -0.798686 0.596009 -0.664157 -0.451297 0.226555 -0.299095 -0.926939 0.270221 -0.322036 -0.907344 0.317865 -0.35421 -0.879487 0.316715 -0.341338 -0.884975 0.363325 -0.354377 -0.861633 0.406429 -0.358676 -0.840338 0.442091 -0.352555 -0.824779 0.46684 -0.335634 -0.818175 0.478367 -0.308962 -0.822014 0.445733 -0.319968 -0.836028 0.475976 -0.274806 -0.835421 0.46072 -0.236195 -0.85554 0.435181 -0.196362 -0.878669 0.402801 -0.158089 -0.901531 0.483245 -0.162361 -0.860298 0.539968 -0.151923 -0.827861 0.411957 -0.167107 -0.895749 0.920677 -0.373466 -0.113474 0.588675 -0.134361 -0.797125 0.624051 -0.110037 -0.773597 0.642113 -0.0804685 -0.762375 0.640891 -0.0480261 -0.766128 0.221045 0.97366 0.0559135 -0.0973346 0.98851 -0.115643 0.874082 0.454516 0.171455 -0.824545 0.564999 -0.0300289 -0.863589 0.497441 -0.0822581 -0.892753 -0.450466 -0.00847355 -0.806084 -0.579992 -0.117638 0.0025704 -0.998416 -0.0562003 0.692093 -0.721792 0.00471205 0.717003 -0.696503 0.0281147 0.437873 -0.715079 0.544912 -0.401302 -0.776159 0.486348 -0.764986 -0.0310265 0.643299 -0.48777 0.485171 0.725734 -0.245306 0.328038 0.912259 0.373944 0.706801 0.600499 0.639238 0.0872681 0.764041 0.189877 -0.567835 0.800943 -0.0616329 -0.804476 0.590778 -0.146335 -0.596252 0.789348 -0.444049 -0.448393 0.775734 -0.369384 -0.25657 0.893156 -0.730417 -0.414978 0.54248 -0.526765 -0.258603 0.809718 -0.574704 0.0643795 0.815825 -0.539433 0.0695311 0.839153 -0.642419 0.325244 0.693913 -0.613277 0.329606 0.71781 -0.193069 0.760409 0.620082 -0.129128 0.563299 0.8161 0.0893752 0.825608 0.557122 0.067371 0.44985 0.89056 0.0446975 0.409845 0.911059 0.422168 0.373291 0.826092 0.773343 0.405951 0.486974 0.938268 -0.0431307 0.34321 0.661273 0.00140017 0.750144 0.569303 -0.334863 0.75084 0.461056 -0.305665 0.833064 0.436228 -0.275135 0.856741 -0.711694 0.431084 -0.55467 -0.815269 -0.0424752 -0.577523 -0.295712 -0.652275 -0.697919 -0.152482 -0.505052 -0.849513 0.277069 -0.471565 -0.837173 0.287698 -0.517795 -0.805679 0.702779 0.271035 -0.657755 0.213286 0.470311 -0.856339 0.218383 0.522805 -0.824005 -0.331707 0.75865 -0.560732 -0.25634 0.396037 -0.881728 -0.482853 0.174717 -0.858095 -0.598373 0.147806 -0.787467 -0.493375 -0.158526 -0.855249 -0.363742 -0.154673 -0.918569 -0.809165 -0.582496 -0.0771401 -0.51422 -0.457365 -0.725531 -0.0303419 -0.616639 -0.786661 0.0349366 -0.778203 -0.627041 0.123979 -0.610843 -0.781985 0.648692 -0.401106 -0.646771 0.563512 -0.3677 -0.739764 0.691413 -0.144043 -0.707955 0.652012 -0.138586 -0.745435 0.545814 -0.160734 -0.822345 0.584764 0.197565 -0.786778 0.581982 0.196812 -0.789026 0.536914 0.425976 -0.728195 0.53777 0.426329 -0.727356 0.0921499 0.60404 -0.791609 -0.0697142 0.832301 -0.549923 -0.126926 0.583895 -0.801845 -0.59993 0.381249 -0.703373 0 0 -1 0 0 -1 0 0 -1 0 0 -1 0 0 -1 0 0 -1 0 0 -1 0 0 -1 0 0 -1 0 0 -1 0 0 -1 0 0 -1 0 0 -1 0 0 -1 0 0 -1 0 0 -1 0 0 -1 0 0 -1 0 0 -1 0 0 -1 0 0 -1 0 0 -1 0 0 -1 0 0 -1 0 0 1 0 0 1 0 0 1 0 0 1 0 0 1 0.1006 0.00751962 0.994899 0.103159 0.0638949 0.992611 0 0 1 0 0 1 0.128333 0.0316003 0.991228 0.070932 0.0609509 0.995617 0 0 1 0 0 1 0 0 1 0 0 1 0 0 1 0 0 1 0 0 1 0 0 1 0 0 1 0 0 1 0 0 1 -0.0173343 -0.115963 0.993102 -0.0189519 -0.11554 0.993122 0.0586055 -0.0560705 0.996705 0.996302 0.085913 -0.000610051 0.996498 0.0836153 0.000500713 0.996779 0.0801685 -0.00213101 0.570165 -0.821524 0.0033184 0.570259 -0.821458 0.00346992 -0.164604 -0.985274 0.0462709 -0.425673 -0.904877 -0.0007288 -0.427929 -0.903811 0.0014408 -0.996494 -0.0836615 -0.000142292 -0.996505 -0.0835355 2.7366e-05 -0.570522 0.821275 -0.00336686 -0.573017 0.819542 -0.0015674 -0.567759 0.823194 0.00127599 0.425149 0.905122 0.0016051 0.423717 0.905795 0.000173235 0.669993 0.742179 -0.0167214 -0.356687 0.934085 0.0161242 -0.294704 0.955584 -0.00283904 0.0763072 0.997061 0.00689157 0.161821 0.986536 -0.0236912 0.488922 0.872197 0.015066 0.546017 0.837761 -0.0046632 0.843107 0.537596 -0.0126641 0.792086 0.610395 0.00420491 0.939515 0.342427 0.00741852 0.982756 0.183025 -0.0263128 0.993333 -0.112254 0.0262491 0.960958 -0.275842 -0.0217157 0.829355 -0.558033 0.0277226 0.706222 -0.707784 -0.017084 0.558709 -0.829345 0.00549567 0.379475 -0.924922 -0.0227754 0.173487 -0.984528 0.0246497 -0.0306657 -0.999514 -0.00566959 -0.20224 -0.979067 0.0229525 -0.354351 -0.935064 -0.00950418 -0.580855 -0.813916 0.0122215 -0.649212 -0.760595 -0.00446437 -0.829764 -0.558051 0.00840837 -0.850137 -0.526559 -0.00151593 -0.970955 -0.239086 0.0091509 -0.966173 -0.257867 0.00376842 -0.997531 0.0700923 -0.00444565 -0.997351 0.0725724 -0.00501484 -0.92684 0.37544 0.00338482 -0.899424 0.436756 -0.0167383 -0.727866 0.685587 0.0134747 -0.647525 0.761943 -0.0124271 0.0105993 0.20517 -0.978669 -0.0542085 -0.0241653 -0.998237 -0.082211 -0.0946414 -0.992111 -0.0849678 -0.0280537 -0.995989 0 0 -1 0.108309 -0.0435371 -0.993164 0.0056432 -0.194822 -0.980823 0.133494 -0.0753746 -0.988179 0.0468116 0.890674 0.452226 0.0960699 0.991171 0.0913817 0.243956 0.92449 -0.292922 0 1 0 0 1 0 -5.9876e-05 1 -1.05202e-05 0 1 0 -1.66808e-05 1 4.26712e-05 0 1 0 0 1 0 -1.55069e-05 1 3.24051e-05 0 1 0 1.12273e-05 1 -1.18726e-07 4.79664e-06 1 -3.27044e-05 0 1 0 0 1 0 -1.09136e-05 1 -6.88633e-06 3.45883e-05 1 0.000141113 0 1 0 0.000109292 1 -6.59255e-05 2.20915e-05 1 -2.32404e-07 -1.37987e-05 1 -2.87156e-05 -9.50893e-05 1 0.000128017 2.20651e-05 1 -1.87938e-07 2.29685e-05 1 3.01337e-06 1.80116e-05 1 8.05718e-06 -4.05078e-08 1 1.26759e-05 0.000124671 1 6.6277e-05 5.95167e-05 1 -2.15466e-06 2.52796e-05 1 6.72784e-05 1.17768e-05 1 -2.98269e-05 1.95414e-05 1 -1.66972e-05 -3.61683e-05 1 1.54951e-05 -4.55498e-05 1 -8.37435e-05 3.0328e-05 1 -3.34331e-05 3.60935e-05 1 -1.56025e-05 -0.039289 -0.924335 0.379553 -0.0498762 -0.961572 0.269983 -0.202378 -0.952716 -0.226663 1.6798e-05 -1 -2.33867e-06 0 -1 0 1.75455e-05 -1 1.20255e-05 7.90295e-05 -1 -7.37318e-05 0 -1 0 7.895e-05 -1 1.6358e-05 -5.41609e-05 -1 0.000189624 0 -1 0 -7.88272e-06 -1 2.51697e-05 0 -1 0 0 -1 0 -1.24273e-05 -1 -7.99846e-06 -1.67197e-05 -1 2.40184e-06 0.000235269 -1 9.32838e-05 0.000108144 -1 -0.000261034 6.37509e-05 -1 0.000156801 -9.8464e-05 -1 7.54296e-05 -0.000161474 -1 -0.000294313 -1.56811e-05 -1 1.59035e-05 5.23896e-05 -1 -0.000300517 0.000218552 -1 4.5819e-05 -1.75392e-05 -1 7.14019e-06 -5.02706e-06 -1 1.16615e-05 -7.65162e-05 -1 -3.5445e-05 0.000100899 -1 0.000141064 -1.64499e-05 -1 0.0001554 -0.00016115 -1 7.87485e-05 3.4911e-05 -1 -4.38335e-07 -6.25187e-08 -1 2.34346e-06 -2.33127e-06 -1 -7.92847e-05 1.57639e-06 -1 2.56475e-06 9.93184e-07 -1 2.98901e-06 -2.59793e-05 -1 -1.15899e-05 5.67421e-05 -1 0.000209711 6.76074e-05 -1 -2.76199e-06 -0.000129084 -1 0.000134393 0.000232156 -1 -0.000185284 -5.16275e-05 -1 -6.00953e-05 0.787731 0.387373 -0.47898 -0.841968 -0.279907 -0.461239 -0.84318 -0.274011 -0.462564 -0.855306 -0.358813 -0.373772 -0.903965 -0.299691 -0.305014 -0.914835 -0.337064 -0.222408 -0.903013 -0.103906 -0.416859 -0.936384 -0.303406 -0.176439 -0.924762 -0.217837 -0.312031 -0.91715 -0.182454 -0.354325 -0.919877 -0.125657 -0.371534 -0.930517 -0.361745 -0.0572698 -0.953254 -0.301891 -0.0129616 -0.958661 -0.21986 -0.180637 -0.957655 -0.204244 -0.202931 -0.903906 0.0516809 -0.424597 -0.976276 -0.0639337 -0.206876 -0.949397 -0.0462417 -0.310656 -0.926422 0.0831457 -0.36719 -0.95631 -0.292127 -0.0115533 -0.979794 -0.190516 -0.0608878 -0.984439 -0.0415424 -0.170746 -0.931191 0.0801943 -0.3556 -0.896257 0.213819 -0.388594 -0.99032 -0.132989 -0.0397484 -0.903404 -0.386369 0.185957 -0.995961 -0.0566084 -0.0696935 -0.962891 -0.2523 0.0958435 -0.914237 -0.352122 0.20045 -0.874784 0.362811 -0.321125 -0.919774 -0.337365 0.200501 -0.987294 -0.124875 0.0982725 -0.970867 0.139563 -0.194782 -0.962993 0.149972 -0.22395 -0.899286 0.31177 -0.306732 -0.999646 0.0114638 -0.0240199 -0.940077 -0.210558 0.268179 -0.986117 -0.0831405 0.143736 -0.972377 -0.10004 0.21089 -0.983011 0.153878 -0.100053 -0.916844 0.291807 -0.272482 -0.994441 0.0298382 0.100975 -0.833267 -0.366414 0.414013 -0.844134 -0.347897 0.407928 -0.978721 0.197123 -0.0569942 -0.908657 0.414887 -0.0470325 -0.920037 0.386704 -0.0631756 -0.873069 -0.252364 0.417209 -0.904785 -0.195998 0.378087 -0.982817 0.115943 0.143626 -0.954781 -0.0263496 0.296141 -0.978395 0.176386 0.10785 -0.763036 -0.301149 0.571914 -0.673902 -0.400724 0.620706 -0.910001 -0.0652195 0.409445 -0.910422 -0.0659822 0.408385 -0.955122 0.151254 0.254684 -0.946343 0.109863 0.303917 -0.78205 -0.21168 0.586165 -0.814348 -0.184304 0.550336 -0.839226 -0.101056 0.534311 -0.643341 -0.308852 0.700516 -0.950026 0.283748 0.130144 -0.755958 -0.194299 0.625121 -0.880544 0.116481 0.459428 -0.644501 -0.290424 0.707299 -0.904765 0.348821 0.244385 -0.884268 0.112445 0.453239 -0.623589 -0.241964 0.743364 -0.722759 -0.123133 0.680042 -0.796629 0.0203803 0.604125 -0.507094 -0.39807 0.764458 -0.907011 0.294434 0.301064 -0.636748 -0.135631 0.75905 -0.767217 0.0332537 0.640525 -0.491977 -0.319614 0.809818 -0.518682 -0.261306 0.814056 -0.614266 -0.108081 0.781663 -0.352682 -0.313159 0.881786 -0.850963 0.198063 0.48645 -0.757919 0.0494995 0.650469 -0.309571 -0.365161 0.877966 -0.77594 0.406658 0.482231 -0.843122 0.292281 0.45135 -0.747784 0.170144 0.641771 -0.499207 -0.164738 0.850679 -0.603546 0.024341 0.796957 -0.601407 0.0212285 0.798661 -0.358594 -0.180963 0.915785 -0.44837 -0.13523 0.88356 -0.726331 0.199728 0.657687 -0.179873 -0.263394 0.947771 -0.576459 0.4084 0.707746 -0.7128 0.274463 0.645435 -0.325476 -0.166628 0.930753 -0.597459 0.186563 0.779896 -0.174667 -0.191616 0.965803 -0.459126 0.02062 0.888132 -0.0676267 -0.420958 0.904556 -0.446497 0.0338104 0.894146 -0.573726 0.212279 0.79106 -0.183875 -0.180925 0.966155 0.0600177 -0.267858 0.961587 -0.556069 0.344396 0.756425 -0.165914 -0.0246265 0.985833 -0.329844 0.0386532 0.943244 -0.465985 0.183232 0.865612 -0.0019281 -0.174319 0.984687 0.0211641 -0.184448 0.982614 -0.324187 0.0415903 0.945078 0.193499 -0.296315 0.935284 0.201056 -0.323364 0.924669 -0.12493 0.0100059 0.992115 -0.390632 0.371125 0.842421 -0.375313 0.399273 0.836493 -0.389609 0.257905 0.884132 -0.256045 0.169843 0.951627 -0.14466 0.150401 0.977984 -0.223866 0.181184 0.957631 -0.0376141 -0.00573813 0.999276 0.25467 -0.199332 0.946261 0.189116 -0.0768973 0.978939 0.395592 -0.327876 0.857907 -0.145839 0.363952 0.919929 -0.20357 0.303665 0.930778 0.194821 -0.0792991 0.977628 -0.0258261 0.207207 0.977956 0.473926 -0.20528 0.856303 0.398488 -0.189809 0.897318 0.0968585 0.0677707 0.992988 0.467417 -0.329006 0.820535 0.101011 0.105325 0.989294 0.583403 -0.349561 0.733109 -0.019069 0.258391 0.965852 0.104087 0.36635 0.924637 0.343879 0.018053 0.93884 0.204609 0.194801 0.959264 0.648839 -0.292802 0.702335 0.457477 -0.0529199 0.887645 0.4801 -0.0438751 0.876116 0.601219 -0.155978 0.783714 0.330648 0.139162 0.933438 0.727618 -0.358543 0.584824 0.72513 -0.384342 0.571374 0.198739 0.280236 0.939133 0.65928 -0.149723 0.73684 0.527525 0.0507243 0.848024 0.66937 -0.164189 0.724559 0.494179 0.161923 0.854147 0.431958 0.20801 0.877578 0.774545 -0.258636 0.577223 0.692851 0.0613757 0.718464 0.344229 0.410663 0.844312 0.774045 -0.167666 0.610526 0.669154 0.0265754 0.742648 0.872952 -0.367905 0.320313 0.855441 -0.295188 0.425541 0.418502 0.307388 0.854616 0.85553 -0.283799 0.433043 0.8235 -0.0798123 0.561675 0.879023 -0.358973 0.313778 0.89289 -0.130896 0.430828 0.757873 0.04248 0.651017 0.822545 -0.0473252 0.566728 0.643255 0.235683 0.728475 0.631554 0.19295 0.750939 0.587136 0.516837 0.623018 0.583944 0.316316 0.747632 0.934192 -0.20203 0.294056 0.943779 -0.30728 0.121899 0.907743 -0.116908 0.40291 0.781488 0.183434 0.596346 0.94241 -0.327921 0.0658145 0.751382 0.226962 0.619607 0.877371 0.062113 0.475775 0.927974 -0.0226464 0.371957 0.939656 -0.334385 0.0723404 0.74408 0.301498 0.596191 0.912095 0.0448694 0.407516 0.838153 0.17367 0.517048 0.966676 -0.159561 0.200194 0.985998 -0.0705833 0.151082 0.986553 -0.160599 0.0303571 0.974104 -0.0225746 0.224972 0.928911 0.167596 0.330207 0.953078 -0.282923 -0.107688 0.922731 -0.346948 -0.167914 0.816211 0.397832 0.418962 0.975328 -0.0837176 0.204272 0.85914 0.319266 0.399936 0.865821 0.292063 0.406267 0.989841 -0.140803 -0.0197191 0.960272 0.169777 0.221479 0.917825 -0.298822 -0.261349 0.975417 -0.184639 -0.120296 0.994907 0.0513208 0.0867588 0.984116 0.130823 0.120009 0.855101 -0.37793 -0.354924 0.959561 0.166282 0.22714 0.968789 -0.133761 -0.208699 0.999043 -0.00860787 -0.0428873 0.923483 0.332756 0.190927 0.935316 -0.21177 -0.283438 0.999149 0.0406695 0.00682632 0.856443 -0.315329 -0.408746 0.92269 0.338131 0.185231 0.97106 -0.0890896 -0.221597 0.973651 0.223683 0.0443762 0.956987 0.28303 0.0637937 0.890824 -0.183916 -0.41546 0.896138 -0.147128 -0.418677 0.890739 -0.183364 -0.415886 0.987683 0.000380155 -0.156465 0.97765 0.199234 -0.0671334 0.943135 -0.0395729 -0.330047 0.980705 0.180092 -0.0760555 0.973323 0.122992 -0.193691 0.92132 0.38181 -0.073424 0.948218 0.156965 -0.276125 0.941091 0.314764 -0.123574 0.916856 0.106215 -0.38483 0.945246 0.0811594 -0.316105 0.918647 0.297392 -0.260086 0.896922 0.330941 -0.293274 0.875909 0.247075 -0.414411 0.87543 0.25244 -0.412185 -0.0223717 0.897062 -0.441337 -0.109454 0.873416 -0.474515 -0.0138056 0.894974 -0.445905 -0.195688 0.857369 -0.47605 -0.0273064 0.925679 -0.377324 -0.269153 0.847493 -0.457507 -0.384943 0.792123 -0.473666 -0.326634 0.832254 -0.447956 -0.311373 0.843123 -0.438395 -0.465641 0.741075 -0.483721 -0.309767 0.840367 -0.444778 -0.562224 0.689194 -0.457074 -0.554646 0.698122 -0.452763 -0.336609 0.846804 -0.411846 -0.637278 0.604591 -0.477856 -0.570873 0.642772 -0.510831 -0.695037 0.538688 -0.47617 -0.750662 0.476033 -0.458148 -0.776027 0.406026 -0.482623 -0.733391 0.494472 -0.466514 -0.805606 0.339591 -0.485465 -0.834975 0.257557 -0.486293 -0.817122 0.314888 -0.482863 -0.856466 0.173137 -0.486302 -0.852467 0.194507 -0.485249 -0.871637 0.0774518 -0.483994 -0.871462 0.0872031 -0.482648 -0.874336 0 -0.485321 -0.862118 -0.144636 -0.485626 -0.871149 -0.0725703 -0.485626 -0.875325 -0.0342281 -0.482321 -0.753497 0.337454 -0.56424 -0.651812 0.613131 -0.446331 -0.729165 0.481989 -0.485804 -0.861422 -0.150117 -0.485197 -0.850271 -0.201519 -0.486239 -0.832429 -0.271248 -0.483205 -0.832161 -0.271915 -0.48329 -0.805705 -0.339633 -0.485272 -0.779369 -0.405399 -0.47774 -0.76977 -0.419194 -0.481384 -0.716818 -0.500436 -0.485527 -0.679602 -0.559802 -0.474092 -0.656114 -0.581679 -0.480795 -0.580302 -0.65756 -0.480484 -0.527886 -0.709078 -0.467488 -0.758265 0.442033 -0.479209 -0.462256 -0.780541 -0.420803 -0.445712 -0.784301 -0.431525 -0.374723 -0.806522 -0.457281 -0.457242 -0.598315 -0.657989 -0.815226 0.312698 -0.487469 -0.556238 -0.667494 -0.495027 -0.271651 -0.839198 -0.471118 -0.814367 0.324736 -0.480991 -0.848486 0.228316 -0.477433 -0.811872 0.326602 -0.483937 -0.64612 -0.592533 -0.481075 -0.674302 -0.55892 -0.482623 -0.704873 -0.503132 -0.500013 -0.779766 -0.397415 -0.483763 -0.853928 0.194226 -0.482788 -0.174335 -0.872578 -0.456306 -0.871273 0.0791388 -0.484376 -0.871729 0.0885977 -0.481912 -0.167661 -0.87554 -0.453123 -0.0561992 -0.880698 -0.470333 -0.777619 -0.400197 -0.484924 -0.752798 -0.468617 -0.462269 -0.873863 -0.035841 -0.484849 0.0319518 -0.886695 -0.46125 -0.873977 -0.0402823 -0.484296 -0.892755 -0.03261 -0.449361 0.0498434 -0.888996 -0.455193 0.133598 -0.86548 -0.4828 -0.860958 -0.151836 -0.485487 -0.857699 -0.184578 -0.479878 0.203945 -0.849995 -0.485712 -0.842244 -0.25003 -0.477608 -0.833511 -0.266065 -0.484219 0.352601 -0.827297 -0.437323 0.306963 -0.865696 -0.395404 0.0989902 -0.924006 -0.369344 -0.770059 -0.408098 -0.490372 0.369992 -0.819986 -0.436726 0.343266 -0.774261 -0.531684 0.444292 -0.769536 -0.458714 0.572468 -0.693875 -0.436828 0.50745 -0.731162 -0.455956 0.423811 -0.774508 -0.469596 0.639975 -0.656132 -0.399905 0.676185 -0.554743 -0.484803 0.553803 -0.691324 -0.464082 0.588207 -0.619715 -0.519582 0.774555 -0.405256 -0.485625 0.727885 -0.484533 -0.485191 0.71063 -0.512967 -0.481528 0.799459 -0.35276 -0.486236 0.777501 -0.400076 -0.485213 0.814097 -0.319374 -0.485021 0.844925 -0.225148 -0.485191 0.821342 -0.298943 -0.485829 0.839057 -0.243432 -0.486543 0.865163 -0.140217 -0.48149 0.866041 -0.123096 -0.484582 0.873222 -0.0435816 -0.485371 0.873279 0.043584 -0.485267 0.874256 -0.0328317 -0.484354 0.619071 -0.634189 -0.463201 0.863644 0.139971 -0.48428 0.869569 0.10966 -0.481482 0.841222 0.238745 -0.485126 0.715005 -0.501448 -0.487152 0.810562 0.325922 -0.486584 0.837216 0.255044 -0.483757 0.79827 0.357589 -0.48466 0.771628 0.409182 -0.486992 0.73658 0.472032 -0.484393 0.743171 0.462705 -0.483322 0.676836 0.555265 -0.483295 0.76447 -0.432945 -0.477645 0.635796 0.615741 -0.465433 0.624998 0.623292 -0.469983 0.553725 0.678776 -0.48234 0.497988 0.724867 -0.475999 0.399177 0.778625 -0.484149 0.438279 0.759121 -0.481297 0.486855 0.735017 -0.471935 0.463373 0.718672 -0.518456 0.762138 -0.432654 -0.481618 0.813312 -0.327516 -0.480893 0.565347 0.676106 -0.472508 0.290284 0.833275 -0.47052 0.360261 0.798415 -0.482437 0.643672 0.581707 -0.497296 0.815724 -0.319285 -0.482341 0.254441 0.853148 -0.45541 0.849005 -0.21504 -0.482648 0.848834 -0.216821 -0.482152 0.138416 0.869247 -0.474605 0.221435 0.856874 -0.465547 0.86462 -0.125293 -0.486554 0.0659984 0.880673 -0.469106 0.874261 -0.0605392 -0.481667 0.874873 -0.0591044 -0.480734 0.883751 0.0470137 -0.46559 0.743567 0.461265 -0.484088 0.69079 0.548541 -0.471076 0.736927 0.47164 -0.484246 0.796887 0.359554 -0.485481 0.868193 0.103702 -0.485269 0.853147 0.212787 -0.476301 0.77965 0.439219 -0.446356 0.838175 0.249437 -0.48502 0.801103 0.351345 -0.484553 0.0747313 0.997204 0 0.0747313 0.997204 0 0.157255 0.987558 0 0.157255 0.987558 0 0.250202 0.968194 0.00023443 0.222523 0.974927 0 0.286802 0.95799 0 0.328975 0.944339 0.000273476 0.365341 0.930874 -0.000205134 0.411289 0.911505 0 0.45621 0.889872 0 0.500001 0.866025 0 0.441358 0.897331 -0.00013678 0.514325 0.857596 -0.000136784 0.566252 0.824232 0.000117212 0.583742 0.811939 -0.000102565 0.632118 0.774872 0.000273488 0.661687 0.74978 -0.00020514 0.718346 0.695687 0.000117203 0.733051 0.680173 -0.000102557 0.773122 0.634257 0.000273487 0.797132 0.603805 -0.000205121 0.841949 0.539557 0.000117222 0.853291 0.521435 -0.000102567 0.883469 0.468489 0.000273471 0.905719 0.423879 -0.000341789 0.927805 0.373065 -8.5782e-10 0.962007 0.273025 0.00021438 0.951822 0.30665 -0.00043555 0.98712 0.159983 0 0.985199 0.171412 -0.000214391 0.998757 0.049847 0 0.998757 0.049847 0 0.998757 -0.049847 0 0.998757 -0.049847 0 0.98712 -0.159983 0.000182186 0.988831 -0.149041 0 0.969077 -0.246758 -1.10329e-09 0.966282 -0.257486 0.00015955 0.945247 -0.326355 -0.000136782 0.939693 -0.342019 0 0.914894 -0.403695 0 0.914894 -0.403695 0 0.886049 -0.463591 0 0.886049 -0.463591 0 0.832432 -0.554127 0 0.832432 -0.554127 0 0.773116 -0.634265 0 0.773116 -0.634265 0 0.698238 -0.715866 0 0.698238 -0.715866 0 0.636397 -0.771362 0 0.636397 -0.771362 0 0.583743 -0.811939 0 0.570167 -0.821529 0.000136793 0.528509 -0.848928 -6.83847e-05 0.5 -0.866025 0.000205118 0.456211 -0.889871 -0.000205128 0.411288 -0.911506 0.000205121 0.365341 -0.930874 -0.000205132 0.334197 -0.942503 6.83839e-05 0.233315 -0.972401 0.000148135 0.260163 -0.965565 -0.000250638 0.152556 -0.988295 0 0.0360112 -0.999351 0 0.162721 -0.986672 -0.000148155 0.0360112 -0.999351 0 -0.0636824 -0.99797 0 -0.0636824 -0.99797 0 -0.184543 -0.982824 0 -0.195921 -0.98062 0.000214387 -0.281496 -0.959562 -0.000148149 -0.307969 -0.951396 0.000250615 -0.380761 -0.924673 -6.84033e-05 -0.421358 -0.906895 0.000296205 -0.456211 -0.889872 -0.000102555 -0.509569 -0.86043 0.000273478 -0.542545 -0.840027 -0.000205124 -0.597156 -0.802125 6.83926e-05 -0.63211 -0.774879 -0.000296216 -0.661687 -0.74978 0.000102563 -0.748277 -0.663386 0.000214376 -0.724512 -0.689263 -0.000435551 -0.81995 -0.572436 0 -0.81326 -0.5819 -0.000214392 -0.878222 -0.478254 0 -0.888834 -0.458228 -0.000372803 -0.921476 -0.388434 0.000102561 -0.935847 -0.352405 -0.000296203 -0.950542 -0.310597 6.83832e-05 -0.964842 -0.262831 -0.000136792 -0.973045 -0.230618 0.000136799 -0.983331 -0.181827 -6.83888e-05 -0.986217 -0.165455 6.83889e-05 -0.996548 -0.0830166 0 -0.995031 -0.0995678 -0.000205127 -1 0 -0.000204881 -0.999939 0.0110753 0 -0.995031 0.0995678 -1.19293e-08 -0.980173 0.198145 0.000205117 -0.993866 0.110592 -0.000159555 -0.976744 0.214408 0 -0.955572 0.294756 0 -0.955572 0.294756 0 -0.921476 0.388434 0 -0.921476 0.388434 0 -0.886049 0.463591 0 -0.844507 0.535545 0 -0.886049 0.463591 0 -0.844507 0.535545 0 -0.790396 0.612596 0.00018219 -0.797132 0.603805 0 -0.733051 0.680173 6.61973e-09 -0.725468 0.688256 0.000159533 -0.653342 0.757063 -0.000250647 -0.632118 0.774872 0.000148143 -0.561443 0.827516 -0.000214388 -0.532026 0.846728 0.000435555 -0.456211 0.889872 -0.000102555 -0.437085 0.89942 0.000117216 -0.380761 0.924673 -0.000136797 -0.36534 0.930874 0 -0.302689 0.953089 0 -0.302689 0.953089 0 -0.22252 0.974928 0 -0.22252 0.974928 0 -0.124345 0.992239 0 -0.124345 0.992239 0 -0.0249311 0.999689 0 -0.0249311 0.999689 0 -0.0144387 0.578964 -0.815225 -0.0774723 0.61821 -0.782186 -0.144582 0.633459 -0.760148 -0.198055 0.623624 -0.756219 -0.245794 0.596906 -0.763733 -0.284738 0.5554 -0.781316 -0.321105 0.473279 -0.820304 -0.338281 0.375347 -0.862949 -0.329302 0.38158 -0.863688 -0.327589 0.363446 -0.87212 -0.397781 0.369087 -0.839967 -0.474273 0.359248 -0.803745 -0.529464 0.335761 -0.779059 -0.574128 0.30039 -0.761671 -0.604667 0.254888 -0.754593 -0.615262 0.189784 -0.765137 -0.566671 0.0630558 -0.821528 -0.602026 0.132152 -0.787464 -0.186895 0.0677521 -0.980041 -0.602076 0.103877 -0.791653 -0.673861 0.00746369 -0.73882 -0.6948 -0.0695253 -0.715834 -0.665848 -0.181383 -0.723704 -0.688596 -0.127328 -0.713879 -0.563747 -0.300943 -0.76917 -0.49693 -0.187125 -0.847375 -0.528304 -0.272361 -0.804186 -0.52468 -0.375416 -0.764051 -0.47471 -0.451615 -0.755443 -0.393418 -0.482276 -0.782708 -0.310396 -0.480588 -0.820177 -0.319488 -0.623183 -0.713842 -0.411899 -0.504065 -0.759116 -0.195654 -0.666946 -0.71896 -0.268397 -0.651798 -0.709312 -0.0561543 -0.634941 -0.770517 -0.105417 -0.561419 -0.82079 -0.0397099 -0.622295 -0.781775 0.0233377 -0.647646 -0.761584 0.10589 -0.642072 -0.759297 0.163928 -0.608399 -0.776517 0.213809 -0.544776 -0.810867 0.116715 -0.212625 -0.970138 0.243455 -0.474875 -0.845709 0.309822 -0.497658 -0.810152 0.242323 -0.479993 -0.843141 0.408784 -0.495477 -0.766419 0.359925 -0.500627 -0.787291 0.462296 -0.473968 -0.749424 0.512803 -0.420704 -0.748359 0.522908 -0.273591 -0.807289 0.531776 -0.353988 -0.769355 0.506518 -0.2235 -0.832759 0.516347 -0.178273 -0.837618 0.489486 -0.190003 -0.85106 0.56927 -0.144955 -0.809271 0.618133 -0.0931678 -0.780533 0.646497 -0.032266 -0.762234 0.650477 0.0324647 -0.758832 0.624445 0.108646 -0.773476 0.554326 0.178588 -0.812914 0.678368 0.274579 -0.681486 0.466457 0.218304 -0.857182 0.496546 0.210805 -0.842023 0.529113 0.323334 -0.784534 0.528585 0.400388 -0.748524 0.502701 0.466439 -0.727823 0.453285 0.513634 -0.7285 0.298881 0.5084 -0.807588 0.385878 0.536726 -0.750349 0.312738 0.534533 -0.785156 0.287379 0.584274 -0.758971 0.315167 0.525515 -0.790256 0.248177 0.632345 -0.733859 0.197812 0.660741 -0.72408 -0.0229764 0.277484 -0.960456 0.10654 0.669069 -0.735524 0.152883 0.669817 -0.726617 0.0487789 0.650897 -0.757597 -0.0296009 0.594145 -0.803813 -0.855363 -0.517919 0.0107398 -0.444837 -0.894803 -0.0380523 -0.629397 -0.768494 -0.115227 -0.818537 -0.443454 -0.365166 -0.546166 -0.71861 -0.430467 -0.597377 -0.399526 -0.695356 -0.283204 -0.725826 -0.626875 -0.241239 -0.643977 -0.726014 -0.144656 -0.871825 -0.467969 -0.153636 -0.777616 -0.609679 0.026913 -0.625552 -0.779718 0.020415 -0.643422 -0.765239 0.224148 -0.700575 -0.677461 0.336759 -0.525665 -0.781198 0.369811 -0.775144 -0.512242 0.737612 -0.369646 -0.565057 0.592778 -0.705289 -0.38882 0.859227 -0.496481 -0.123431 0.688251 -0.725369 -0.012269 0.788252 -0.593284 0.163321 0.680094 -0.707613 0.19172 0.638927 -0.632458 0.437915 0.615923 -0.677011 0.402858 0.42999 -0.607947 0.667465 0.419599 -0.657479 0.625826 0.097637 -0.196073 0.975716 0.157832 -0.688523 0.707832 0.00132394 -0.927831 0.372998 -0.0578288 -0.755866 0.652168 -0.321753 -0.541581 0.776637 -0.322601 -0.468755 0.822312 -0.344329 -0.856688 0.384087 -0.452133 -0.686198 0.569832 -0.628042 -0.447056 0.63695 -0.547591 -0.710263 0.442347 -0.526394 -0.822793 0.214294 -0.600943 -0.769143 0.217456 -0.673637 -0.736734 0.0586202 -0.925652 -0.0682604 -0.372167 -0.983201 -0.118869 -0.138517 -0.814326 -0.0105505 -0.580312 -0.996616 -0.076346 -0.0304648 -0.875545 -0.259883 -0.407287 -0.717618 -0.0973215 -0.689604 -0.693244 -0.0909038 -0.714947 -0.919622 -0.340146 -0.196457 -0.997423 0.0655335 0.0292155 -0.911776 -0.371449 -0.175189 -0.757091 -0.330571 -0.563503 -0.966219 -0.226452 0.123046 -0.590023 -0.186424 -0.785569 -0.684723 -0.428853 -0.58927 -0.560165 -0.292471 -0.775033 -0.963492 -0.241508 0.11557 -0.406972 0.0338597 -0.912813 -0.912084 -0.334058 0.237714 -0.436402 -0.122292 -0.891402 -0.923907 -0.246982 0.292225 -0.916818 -0.0473716 0.396485 -0.375471 -0.362301 -0.853088 -0.869864 -0.321912 0.373778 -0.341109 -0.255722 -0.904572 -0.421628 -0.28201 -0.861801 -0.106134 -0.216626 -0.970468 -0.974382 0.142787 0.17376 -0.688593 -0.28514 0.666734 -0.171999 0.0305678 -0.984623 -0.799343 -0.222795 0.558044 -0.931768 0.104617 0.347654 -0.0728701 -0.23988 -0.968064 -0.829304 -0.023954 0.558284 -0.0722755 -0.28936 -0.954488 -0.92487 0.110706 0.363812 -0.0219357 -0.372736 -0.927678 -0.692753 -0.275686 0.666401 0.14252 -0.149125 -0.978494 -0.872439 0.238987 0.426305 0.139347 -0.171314 -0.975312 -0.688727 -0.286573 0.665981 -0.638964 -0.189504 0.745529 -0.677345 0.102837 0.728443 -0.937108 0.324957 0.127402 -0.84369 0.449027 0.294213 -0.825307 0.47925 0.298644 -0.697146 0.115987 0.707485 0.25131 -0.280569 -0.92635 0.250888 -0.285855 -0.924847 0.317324 -0.449506 -0.835015 -0.733035 0.28668 0.616826 -0.9268 0.371732 -0.0534581 -0.673935 0.121745 0.728691 -0.544889 -0.200607 0.814157 -0.363397 -0.0223852 0.931365 -0.427092 -0.186002 0.88487 -0.754302 0.22814 0.615614 -0.380895 -0.303325 0.873449 -0.963575 0.241465 -0.114969 -0.386817 -0.500071 0.774792 -0.66397 0.350407 0.660574 0.469061 -0.261796 -0.843472 -0.391242 -0.0988534 0.914963 -0.433209 -0.00363958 0.901286 0.50322 -0.144331 -0.85202 -0.483448 0.283962 0.828036 -0.477994 0.222042 0.849835 -0.229861 -0.274583 0.933685 -0.84687 0.517167 -0.123893 -0.348633 0.236178 0.907014 0.57991 -0.314152 -0.751674 0.666017 -0.0382744 -0.744954 -0.930976 0.189809 -0.31186 -0.174589 -0.0336565 0.984066 -0.0486732 -0.194887 0.979617 -0.938451 -0.0495051 -0.341848 -0.348565 0.298464 0.888494 -0.881458 0.226344 -0.414488 -0.866697 0.290124 -0.405788 -0.236079 0.276244 0.931642 -0.093081 -0.0913083 0.991463 -0.0989366 -0.246657 0.96404 -0.168913 0.209086 0.963199 0.555652 -0.29185 -0.778508 -0.251319 0.164135 0.953886 -0.0873384 -0.279724 0.9561 0.776214 -0.236874 -0.584279 -0.0616542 -0.164896 0.984382 0.789222 -0.102124 -0.605557 0.215623 -0.273722 0.937328 -0.790848 0.217781 -0.571953 0.0754973 -0.170755 0.982417 -0.698113 0.454828 -0.552964 0.778336 -0.258322 -0.572243 0.797957 -0.19105 -0.571633 0.0766976 0.432409 0.89841 0.214396 -0.286157 0.933889 0.275371 -0.355707 0.893109 0.0980113 0.211113 0.972535 0.113066 0.154031 0.981576 -0.686979 0.277857 -0.671457 -0.683895 0.282261 -0.672768 0.9115 -0.205701 -0.356166 -0.637856 0.0275046 -0.769664 0.143844 0.306577 0.940914 0.968283 0.0281939 -0.248261 0.368016 -0.190747 0.910044 0.936975 -0.242362 -0.251673 0.508567 -0.197228 0.83813 0.230423 0.0352816 0.972451 -0.480901 0.289369 -0.827647 0.902995 -0.325547 -0.280393 0.997764 0.0243206 -0.0622604 0.303184 0.292275 0.907003 0.355173 0.00450826 0.93479 0.589158 -0.359089 0.723842 0.505791 -0.208226 0.837148 0.569265 -0.378137 0.730034 -0.426673 0.182207 -0.885861 0.422963 0.0623746 0.903998 0.9533 -0.280885 -0.111004 0.697924 -0.225413 0.679773 -0.444858 0.100698 -0.889922 0.438765 0.173149 0.881763 0.4861 0.420742 0.765952 0.841728 -0.37563 0.38781 0.841635 -0.30572 0.44518 -0.295267 0.517342 -0.803228 0.99939 -0.0347728 -0.00310149 0.598845 -0.0291801 0.800333 0.925644 -0.372308 0.0676044 0.699069 -0.247198 0.670966 0.759429 -0.170751 0.627783 -0.219025 0.253198 -0.942294 -0.203294 0.329184 -0.922122 0.600693 0.255263 0.757634 0.698911 0.0443387 0.713833 0.953146 -0.182507 0.241256 0.590453 0.29577 0.750923 0.736606 0.0197809 0.676033 0.614272 0.276576 0.739037 0.036195 0.332609 -0.94237 -0.115653 0.117444 -0.986322 -0.0251267 0.266771 -0.963432 0.888362 -0.18085 0.422025 0.940205 -0.259159 0.221025 -0.0396643 0.121228 -0.991832 0.860779 0.132151 0.491523 0.889617 -0.188238 0.416111 0.764945 0.327062 0.554878 0.0825872 0.217007 -0.97267 0.797482 0.3075 0.519101 0.301043 0.321496 -0.897783 0.914609 0.0826836 0.395795 0.211825 0.242845 -0.946655 0.206019 0.223407 -0.952704 0.797243 0.271443 0.539187 0.996737 -0.0529759 0.0609071 0.945638 0.130089 0.298069 0.351872 0.09284 -0.931433 0.425846 0.277025 -0.861343 0.941545 0.209666 0.263692 0.940136 0.228266 0.25306 0.370921 0.0914771 -0.924148 0.592671 0.371088 -0.714867 0.939821 0.229028 0.253541 0.465554 0.165164 -0.869471 0.533954 0.182092 -0.825673 0.995488 0.0563738 -0.0763295 0.95994 0.280194 -0.00235151 0.621322 0.177731 -0.763132 0.807541 0.407196 -0.426695 0.778848 0.243953 -0.577826 0.947579 0.318443 -0.0262153 0.59914 0.194772 -0.776592 0.782322 0.217168 -0.58379 0.919878 0.256871 -0.29638 0.846722 0.12601 -0.516898 0.928836 0.134655 -0.345156 -0.0807251 0.502111 0.861027 0.18452 0.779619 0.598454 0.272198 0.664126 0.696308 0.748528 0.151388 0.645591 0.421887 0.743871 0.518332 0.683617 0.58996 0.42967 0.951584 0.280895 0.124844 0.997168 -0.0334423 0.0673655 0.80638 0.480004 -0.345467 0.762907 0.574833 -0.295872 0.762631 0.538125 -0.358911 0.652539 0.238185 -0.719347 0.52338 0.443977 -0.727296 0.327733 0.451243 -0.830043 0.112135 0.727671 -0.676698 0.00239606 0.661678 -0.749785 -0.0437635 0.761746 -0.646396 -0.363148 0.54498 -0.755725 -0.369083 0.261871 -0.89174 -0.604931 0.620367 -0.499203 -0.830076 0.191422 -0.523766 -0.683738 0.724109 -0.0903781 -0.947487 0.319636 0.0100194 -0.57114 0.801917 0.175294 -0.783426 0.440285 0.438626 -0.417352 0.830296 0.369359 -0.450391 0.513012 0.73073 -0.295274 0.733865 0.611764 -0.0475306 0.287436 0.95662 0.00513625 0.999977 -0.00453853 0.0117049 0.999925 -0.00347094 -0.00119489 0.998857 -0.0477852 0.00416896 0.999966 -0.00713634 -0.00797756 0.999961 0.00388322 -0.0480649 0.998151 -0.0372137 -0.00528271 0.999719 0.0231133 -0.000226396 0.999993 0.003822 -0.00314233 0.999995 0.000209256 -0.00232738 0.999995 0.00225743 0.00676365 -0.99995 -0.00739089 0.157459 -0.987501 0.006985 0 -1 0 0.00132944 -0.996917 0.0784477 0 -1 0 -0.0906062 -0.984644 -0.149221 0 -1 0 0.174728 -0.978127 -0.112861 0.00691895 -0.99997 0.00361731 0 -1 0 0 -1 0 0 -1 0 -0.379618 0.522529 -0.763449 -0.911923 0.158851 0.378369 -0.287807 0.0418807 -0.956772 -0.451008 0.322298 -0.832295 -0.524292 0.695155 -0.49181 -0.573513 0.818403 -0.0360471 -0.953441 0.121085 0.276204 -0.681816 0.700832 -0.209667 -0.611708 0.56464 -0.554071 -0.894076 0.425577 0.139686 -0.400148 0.0178709 -0.916276 -0.509229 0.271845 -0.81657 -0.591513 0.583895 -0.556039 -0.518695 0.203892 -0.830291 -0.641395 0.351725 -0.681837 -0.830676 0.47798 -0.285505 -0.825385 0.474791 -0.305472 -0.866168 0.492363 -0.0856236 -0.96712 0.223284 0.12175 -0.861372 0.452304 -0.231211 -0.813995 0.20582 -0.543186 -0.825048 0.162099 -0.541314 -0.981306 0.114228 -0.154886 -0.972731 0.208525 -0.101545 -0.897008 0.0820821 -0.434326 -0.982331 -0.18079 -0.0483913 0.969719 -0.0794039 -0.230955 0.966135 -0.129011 -0.223473 0.965571 -0.190964 -0.17665 0.855145 -0.00551079 -0.518359 0.653761 -0.0225201 -0.756366 0.967513 -0.250593 0.0334831 0.801679 -0.229395 -0.551986 0.808169 -0.237957 -0.538739 0.738846 -0.232394 -0.632534 0.955804 -0.289053 0.0537398 0.644644 -0.0942635 -0.758649 0.820044 -0.484066 -0.3053 0.776917 -0.48151 -0.405647 0.55203 -0.146025 -0.820938 0.66933 -0.558966 -0.489443 0.846816 -0.53183 -0.00770139 0.797019 -0.579646 -0.169622 0.624158 -0.380787 -0.682222 0.435584 -0.0580612 -0.898274 0.602068 -0.549724 -0.579066 0.978833 0.00280277 0.204643 0.882181 -0.366205 0.296059 0.498106 -0.31465 -0.808014 0.742511 -0.647677 -0.170854 0.573645 -0.758352 -0.30957 0.760482 -0.629173 0.16065 0.188946 -0.170624 -0.96705 0.379499 -0.372589 -0.846852 0.204942 -0.0580552 -0.977051 0.509949 -0.602699 -0.613763 0.316039 -0.497648 -0.807754 0.262123 -0.185066 -0.947123 0.758829 -0.542374 0.360566 0.575806 -0.815547 0.0577132 0.755918 -0.55083 0.353799 0.296595 -0.81179 -0.50302 0.888668 -0.179311 0.422039 0.916132 -0.0514946 0.397556 0.717621 -0.51033 0.473902 0.190271 -0.556249 -0.80894 0.101496 -0.280487 -0.954477 0.184875 -0.685854 -0.703865 0.977057 0.172089 0.12548 0.553698 -0.729105 0.402274 0.706425 -0.38518 0.593801 0.737277 -0.3008 0.604932 0.102287 -0.51356 -0.851935 -0.109047 -0.202523 -0.973187 0.799841 0.0770203 0.59525 0.836483 0.0873456 0.540987 -0.1129 -0.151 -0.982066 0.690661 -0.165014 0.704101 -0.0404314 -0.539478 -0.841028 0.981865 0.184321 0.0443472 0.837954 0.280558 0.468103 0.934354 0.281593 0.218374 0.560072 -0.146269 0.815429 0.492322 -0.661586 0.565618 0.515048 -0.443356 0.733594 -0.189177 -0.269273 -0.944301 0.507701 -0.622507 0.595588 0.450926 -0.557034 0.697409 -0.107045 -0.590537 -0.79988 -0.105153 -0.797127 -0.594585 -0.219283 -0.273539 -0.936532 -0.112087 -0.806895 -0.579964 0.864665 0.470535 0.175932 0.214271 -0.826013 0.521335 0.442815 -0.279215 0.852029 0.767721 0.579322 0.273844 -0.424341 -0.0634975 -0.903273 0.630492 0.206268 0.748287 0.519148 0.0272582 0.854249 -0.349714 -0.3998 -0.847266 0.27213 -0.566848 0.777579 0.931165 0.34195 -0.126495 -0.303173 -0.533005 -0.789931 0.776028 0.364846 0.514458 0.607876 0.288285 0.73985 0.714964 0.519281 0.468161 0.237506 -0.522242 0.819057 0.43258 -0.279452 0.857194 -0.316999 -0.703295 -0.636308 -0.537146 -0.338876 -0.772423 0.564235 0.33075 0.756468 -0.555703 -0.167761 -0.814279 0.871596 0.471763 -0.133263 0.173979 -0.725436 0.665938 -0.371019 -0.598918 -0.709677 0.835974 0.548495 -0.0173279 0.502113 0.539052 0.676243 0.65558 0.572683 0.492188 0.267319 -0.0826478 0.960057 0.246281 -0.439533 0.863804 0.315573 0.0664259 0.946574 0.693288 0.685049 0.22374 0.465897 0.807975 0.360716 0.42769 0.867719 0.253268 0.274124 0.0307121 0.961204 0.696493 0.717546 0.00507499 -0.486902 -0.72609 -0.48551 -0.715866 0.0234883 -0.697842 -0.699591 -0.0856415 -0.709393 0.130259 -0.378109 0.916551 -0.00178858 -0.69144 0.722432 -0.581136 -0.524356 -0.622359 0.434621 0.580604 0.688479 0.311207 0.346212 0.885036 -0.477049 -0.769064 -0.4254 0.906483 0.235424 -0.35052 0.109379 -0.189414 0.975786 -0.591111 -0.572412 -0.568272 0.642092 0.765434 -0.0427587 -0.619841 -0.417489 -0.664455 -0.0260616 -0.568355 0.822371 0.942032 0.0296897 -0.334207 0.793811 0.541429 -0.276983 0.703499 0.664385 -0.25235 0.31118 0.346237 0.885035 0.760177 0.467231 -0.451471 -0.0645072 -0.534 0.84302 0.368032 0.748177 0.552071 -0.134124 -0.807391 0.57457 -0.0595646 -0.446789 0.892654 0.81752 0.326862 -0.474154 -0.749254 -0.21379 -0.626827 0.0296447 -0.166613 0.985577 0.32402 0.552793 0.767744 -0.141248 -0.336285 0.931108 -0.659882 -0.665104 -0.34956 0.129737 0.367291 0.921013 -0.708309 -0.34918 -0.613492 0.0466192 0.0979501 0.994099 -0.337017 -0.633364 0.696613 0.761275 0.23308 -0.605091 0.00873618 0.190377 0.981672 -0.0403093 -0.0140128 0.999089 0.78099 0.112367 -0.614352 0.544966 0.719126 -0.431126 0.0340376 0.831419 0.554602 0.159412 0.646496 0.746077 -0.614458 -0.788302 -0.0319544 0.0377123 0.470706 0.881484 -0.206023 -0.312481 0.927313 -0.674714 -0.738047 -0.00690981 0.622774 0.553493 -0.55299 -0.339969 -0.563952 0.752582 0.410935 0.819917 -0.398584 -0.717268 -0.580622 -0.385234 -0.902551 -0.118071 -0.414078 -0.375356 -0.518367 0.768378 -0.436774 -0.843287 0.313203 -0.270161 -0.0205787 0.962595 -0.478414 -0.679597 0.556119 -0.198257 0.245968 0.948786 -0.828197 -0.458857 -0.321776 0.0134031 0.844106 0.536008 -0.688318 -0.724911 0.0268814 -0.0791663 0.487791 0.869363 -0.824901 -0.469999 -0.31407 -0.92507 -0.229791 -0.302393 0.576985 0.516837 -0.63243 0.576865 0.391963 -0.716653 -0.388858 -0.373432 0.842222 -0.626465 -0.723862 0.289077 -0.1341 0.625048 0.768982 -0.848197 -0.505898 -0.156936 0.634281 0.286882 -0.717904 -0.0133873 0.827838 0.560808 -0.228826 0.303552 0.92493 -0.221093 0.368186 0.903082 -0.288203 -0.00803274 0.957536 -0.417791 -0.341659 0.841855 -0.394334 -0.0224841 0.918692 0.580324 0.126134 -0.804559 -0.720431 -0.588401 0.367102 0.366916 0.609813 -0.702496 -0.653803 -0.503834 0.564529 0.320792 0.680689 -0.658601 -0.655419 -0.47992 0.583183 0.453129 0.102933 -0.885482 -0.470861 0.0138585 0.882098 0.356015 0.373444 -0.856617 -0.522085 0.104341 0.846487 -0.854344 -0.484186 0.188841 0.261638 0.467352 -0.844469 -0.397471 0.514536 0.759782 -0.615921 -0.264149 0.742204 0.342512 0.195968 -0.918848 -0.412081 0.697173 0.586634 -0.383526 0.548467 0.743029 -0.622259 -0.234362 0.746906 -0.685866 -0.408682 0.602135 -0.846412 -0.48301 0.224252 0.178035 0.734683 -0.654633 -0.507519 0.227751 0.830996 -0.926938 -0.37499 0.0130124 0.298131 0.180972 -0.937212 0.217664 0.471635 -0.854507 0.105567 0.59234 -0.798742 0.02706 0.889145 -0.456824 -0.55307 0.341684 0.759846 -0.533352 0.413787 0.737777 -0.857404 -0.249659 0.450033 0.0949664 0.247568 -0.964205 -0.083562 0.588093 -0.804465 -0.770257 -0.0282884 0.637105 0.0795899 0.350312 -0.933245 -0.122099 0.730503 -0.671905 -0.866502 -0.252151 0.430807 -0.736075 0.067217 0.673555 -0.476231 0.77209 0.420811 -0.48295 0.732038 0.480499 -0.826846 -0.0571451 0.559518 0.0178371 0.0317407 -0.999337 -0.00393047 0.131835 -0.991264 -0.976148 -0.217084 -0.00315708 -0.635115 0.544409 0.547949 -0.0840001 0.397312 -0.913831 -0.125473 0.549115 -0.826274 -0.75791 0.211606 0.617085 -0.967399 -0.0992939 0.232982 -0.308112 0.673072 -0.67234 -0.805356 0.442868 0.394043 -0.846575 0.280567 0.452319 -0.734559 0.635571 0.237641 -0.817064 0.507818 0.272998 -0.192858 0.182036 -0.964193 -0.33201 0.560666 -0.758566 -0.406349 0.780912 -0.474402 -0.210928 0.251201 -0.944673 -0.65399 0.756027 0.0268395 0.0194464 -0.0191553 -0.999627 -0.29063 -0.0389031 0.956044 0.503772 -0.020977 -0.863582 -0.00608959 -0.999215 0.0391545 -0.501539 -0.000468467 0.865135 -0.679601 -0.000129976 0.733582 -0.756824 -0.0128269 0.653493 -0.800852 -0.0467689 0.597033 -0.027682 -0.99949 0.0159405 -0.97407 -0.000390175 0.226247 0.973724 -0.0098201 -0.227521 -0.999619 -0.0264806 -0.00780056 -0.0215127 -0.999225 0.0329757 0.964368 -0.013743 0.264209 -0.0193624 -0.999693 0.0154592 -0.954716 -0.212798 -0.207929 -0.914625 -0.157866 -0.37221 0.948877 -0.0342101 0.313788 -0.748604 -0.0555134 -0.66069 -0.777224 -0.0419749 -0.627823 -0.639627 -0.023353 -0.768331 -0.513568 -0.0248131 -0.85769 -0.374509 -0.0399137 -0.926364 -0.308272 -0.0543591 -0.949744 -0.226873 -0.0315809 -0.973412 -0.0773996 -0.00797697 -0.996968 0.246806 -0.00310686 -0.96906 0.0097247 -0.982271 -0.187213 0.0279765 -0.997889 -0.0586042 0.488827 0.0385311 -0.871529 -0.491622 -0.0195679 0.870589 0.662865 -0.0296774 -0.74815 0.890298 -0.453332 -0.0431251 -0.416791 -0.290766 -0.861244 0.0892544 -0.99109 -0.0988678 0.970766 -0.0106128 -0.239795 0.999999 0.000275262 0.0015214 0.980258 -0.024354 0.196218 0.962818 -0.0414159 0.266957 0.935889 -0.020083 0.351723 0.0703742 -0.996714 0.0401129 0.663163 -0.380181 0.64473 0.590423 0.209072 0.779544 0.119249 -0.992767 0.0139179 -0.0406096 -0.998793 0.0276383 0.710125 0.0196353 0.703802 0.372356 0.00540799 0.928074 0.246236 -0.0124095 0.96913 0.251728 -0.0135375 0.967703 -0.997521 0.000947983 -0.0703648 -0.977094 -0.00156745 -0.212802 -0.969634 0 -0.244562 -0.926239 -0.000925347 -0.376936 -0.934853 0 -0.355034 -0.884945 0.000358586 -0.465695 -0.832706 -0.00273653 -0.553708 -0.226986 -0.00150644 -0.973897 0.0649565 0.00334886 -0.997882 0.258782 -0.00165621 -0.965934 0.47905 0.00040878 -0.877788 0.53859 0 -0.842568 0.48919 0 -0.872177 0.498346 0.000551673 -0.866978 0.62561 -0.00012133 -0.780136 0.854732 -0.00285386 -0.519062 0.926289 0.00194962 -0.376808 0.983982 -0.000813341 -0.178264 0.878618 -0.00302575 0.477515 0.782802 0.00045384 0.622271 0.732184 -0.00222611 0.681103 0.699847 0 0.714293 0.603766 0 0.797162 0.601963 9.86893e-05 0.798524 0.488743 -0.00211804 0.872425 0.0756872 -0.000119375 0.997132 -0.0227165 -0.00106593 0.999741 -0.0296475 -0.000793535 0.99956 -0.188679 -0.000824568 0.982038 -0.36007 0.0022711 0.932922 -0.541368 0.00320913 0.840779 -0.784617 -0.00143452 0.619979 -0.884246 0.000195546 0.467022 -0.96039 0.00288137 0.278646 -0.992704 0.00242111 0.120552 0.0316865 0.0104252 -0.999444 -0.00605886 0.998377 0.0566254 -0.319204 0.0147522 0.947571 -0.0654901 0.990989 0.116842 -0.494505 0.111796 0.861955 -0.539592 0.0810012 0.838021 -0.712454 0.00786796 0.701675 -0.869063 0.0029493 0.494694 0.865023 0.0532829 -0.498895 -0.943756 0.0532389 0.32633 -0.99187 0.0410533 0.120451 -0.994169 0.0455241 0.0977575 -0.474054 0.87234 -0.119566 -0.401761 0.907191 -0.124869 -0.629033 0.739762 -0.238891 -0.0079353 0.996986 -0.077175 -0.749736 0.0079127 -0.661689 -0.639426 0.0342346 -0.76809 -0.593815 0.0503484 -0.803025 -0.0357788 0.999018 -0.0261165 -0.513538 0.0270187 -0.857641 -0.374805 0.00384193 -0.927096 -0.00281195 0.998998 -0.0446568 -0.0773976 0.0107914 -0.996942 -0.00564078 0.0221005 -0.99974 0.0612384 0.0597983 -0.99633 0.498044 0.0348025 -0.866453 0.0685736 0.996688 -0.0437172 0.735124 0.0168417 -0.677724 0.324981 0.885142 -0.333033 0.769165 0.00615216 -0.639021 0.962159 0.0181514 -0.271884 0.0281206 0.996739 -0.0756333 0.968686 0.0519257 -0.242798 0.995251 -0.0178018 -0.0956995 0.980427 -0.0157521 0.196251 0.0384789 0.995857 0.0823893 0.930576 0.00543013 0.366058 0.936044 0.00850348 0.351781 0.0565191 0.996553 0.0607213 0.545228 0.62694 0.556483 0.517878 0.6664 0.536389 0.372359 0.00370067 0.928081 0.0159969 0.9975 0.0688348 0.214513 0.0272861 0.97634 0.251565 0.0384569 0.967076 -0.992879 0.119078 0.00342648 -0.968216 0.25 -0.00758358 -0.941582 0.336767 0.00348889 -0.842886 0.538078 -0.00395208 -0.798985 0.601309 0.00703169 -0.708223 0.705986 -0.00182703 -0.615712 0.787932 0.00788222 -0.558726 0.829352 0 -0.448799 0.893633 0 -0.423879 0.905718 -0.00138043 -0.348969 0.937134 0.000643947 -0.25489 0.966811 0.0175551 -0.159601 0.986502 -0.0366313 -0.03433 0.999239 0.0185089 -0.519277 0.853026 0.0519481 0.0610541 0.997342 0.0397782 -0.0236096 0.999716 0.00312218 0.154906 0.98697 -0.0435258 0.221839 0.975082 -0.00136031 0.221919 0.97501 -0.0103546 0.284657 0.958576 0.0100955 0.316271 0.94865 0.00594849 0.397367 0.91766 0.000707152 0.448809 0.893628 -1.35388e-07 0.487476 0.873126 0.00435032 0.625504 0.780203 -0.00531587 0.677696 0.735341 0.00152563 0.8157 0.578464 -0.00365391 0.821138 0.570727 -0.00178104 0.920094 0.391696 -0.000943623 0.94064 0.339361 -0.00560026 0.968515 0.248956 0.000677515 0.987558 0.157243 -0.00165534 0.990801 0.135325 0 0.999904 0.0138581 0 0.997278 -0.0734445 -0.00651939 0.983413 -0.181345 0.0036211 0.958478 -0.285101 -0.00608485 0.924771 -0.38052 0.00166491 0.816021 -0.577927 -0.0104593 0.834194 -0.551444 -0.00555155 0.682854 -0.730531 0.00589351 0.602863 -0.797818 -0.00660915 0.501575 -0.865108 0.0032074 0.362979 -0.931683 -0.0146139 0.417377 -0.908731 -0.00229819 0.310561 -0.950527 -0.00714468 0.336546 -0.941665 0.00204121 0.300049 -0.953909 0.00529299 0.250789 -0.968041 -0.00104605 0.123946 -0.992289 0.000692518 0.101517 -0.994566 -0.023067 0.166155 -0.986092 0.00394298 0.100616 -0.99491 -0.00545306 -0.659485 -0.720939 -0.212901 -0.0193656 -0.999002 0.0402573 -0.510377 -0.855557 0.0868132 -0.233334 -0.970833 -0.0551199 -0.228592 -0.973108 0.0283864 -0.440951 -0.89753 0.00170782 -0.448808 -0.893626 0.0019986 -0.471996 -0.8816 -5.90606e-05 -0.63315 -0.774025 0.00262045 -0.638057 -0.769988 0.00159647 -0.788471 -0.615072 -0.000133549 -0.800176 -0.599758 0.00297225 -0.897336 -0.441346 -0.00165527 -0.906895 -0.421358 0 -0.951396 -0.307969 0 -0.947927 -0.318487 0.000827412 -0.977332 -0.21171 -9.20525e-05 -0.977335 -0.211699 -9.12552e-05 -0.997202 -0.0747432 -0.00124045 -0.999967 -0.00209239 -0.00786589 0 -1 0 -2.82919e-05 -1 -1.54319e-05 0 -1 0 0 -1 0 0 -1 0 0 -1 0 0 -1 0 0 -1 0 0 -1 0 0 -1 0 0 -1 0 0 -1 0 0 -1 0 0.00598842 -0.999679 0.0246184 0 -1 0 -5.14726e-05 3.76593e-05 1 -3.43492e-05 5.85522e-05 1 -0.000116456 1.93421e-05 1 -1.83683e-05 0.000119007 1 -0.000181727 -4.67759e-05 1 -9.87264e-05 -7.59996e-05 1 0 0 1 0 0 1 -1.55896e-05 0.000135568 1 0 0 1 -6.1925e-05 -0.000125226 1 0 0 1 0 0 1 0 0 1 0 0 1 0 0 1 0 0 1 0 0 1 -2.99417e-05 -0.000257734 1 -3.4397e-05 -0.000231099 1 0 0 1 -0.000377399 -1.75975e-05 1 0 1 0 0 1 0 0 1 0 0 1 0 0 1 0 0 1 0 0 1 0 0 1 0 0 1 0 0 1 0 0.00515527 0.999757 0.0214316 0 1 0 0 1 0 0 1 0 0 1 0 0 1 0 0 0 -1 0 0 -1 0 0 -1 0 0 -1 0 0 -1 0 0 -1 0 0 -1 0 0 -1 0 0 -1 0 0 -1 0 0 -1 0 0 -1 0 0 -1 0 0 -1 0 0 -1 0 0 -1 0 0 -1 0 0 -1 0 0 -1 0 0 -1 0 0 -1 0 0 -1 0 0 -1 0 0 -1 0 0 -1 0 0 -1 0 0 -1 0 0 -1 0 0 -1 0 0 -1 0 0 -1 0 0 -1 0 0 -1 0 0 -1 0 0 -1 0.00217863 -0.98092 -0.194398 -0.00260489 -0.975735 -0.218941 0.00206984 -0.935356 -0.353702 -0.00206974 -0.926243 -0.376922 0.00206989 -0.872193 -0.489158 -0.00206991 -0.85972 -0.510761 -0.00206981 -0.773993 -0.633191 0.00206975 -0.789545 -0.613689 -0.0020984 -0.663124 -0.748506 0.00248334 -0.680171 -0.733049 0.000490682 -0.538678 -0.842511 -0.00229412 -0.527303 -0.849674 0.00410559 -0.354255 -0.93514 -0.00410549 -0.329721 -0.944069 0.00112266 -0.177134 -0.984186 -0.00189234 -0.156057 -0.987746 0.00202467 -0.0387822 -0.999246 -0.0011966 -0.0110847 -0.999938 0.0020699 0.0871505 -0.996193 -0.00206971 0.11197 -0.993709 -0.00206976 0.258823 -0.965922 0.00206991 0.23465 -0.972078 -0.00206982 0.399897 -0.916558 0.00206991 0.376911 -0.926247 0.00281328 0.529907 -0.848051 0.0022719 0.532036 -0.846719 -0.000207352 0.652291 -0.757968 0.00771406 0.684558 -0.728918 -0.00196532 0.757974 -0.652281 -0.00655754 0.86079 -0.508919 0.00776973 0.813679 -0.581263 0.00165491 0.911505 -0.411286 -0.00911962 0.93745 -0.348 0.00557515 0.970186 -0.242296 -0.0019654 0.986895 -0.161351 0 0.998573 -0.0533976 0.0050584 0.995292 -0.0967913 5.14593e-06 -0.996322 -0.0856852 -0.000212298 -0.996194 -0.0871608 0.000125539 -0.975702 -0.219101 -0.00179192 -0.972075 -0.234663 0.00267485 -0.925296 -0.379236 0.00310639 -0.92624 -0.376921 0.00475265 -0.846771 -0.531936 0.000564828 -0.879916 -0.475129 -0.000473292 -0.818359 -0.574707 0.00090122 -0.734667 -0.678428 -0.00107773 -0.726586 -0.687075 0.00113866 -0.6006 -0.799549 0.00254136 -0.606723 -0.794909 0.00192406 -0.474468 -0.88027 0.000430168 -0.487951 -0.872871 0.00290316 -0.308875 -0.951098 -0.00222602 -0.354803 -0.934938 0.00773269 -0.131682 -0.991262 -0.00409548 -0.215348 -0.976529 -0.00255364 -0.00554983 -0.999981 0.00659357 0.0999692 -0.994969 -0.00442762 0.170785 -0.985298 0.00362591 0.307453 -0.951556 -0.0063446 0.380312 -0.924837 0.00181802 0.469282 -0.883047 -0.00332065 0.544043 -0.839051 0.00359236 0.593532 -0.804802 -0.00640217 0.710537 -0.703631 0.0054092 0.759848 -0.650078 -0.00309949 0.821034 -0.570871 0.0054493 0.870333 -0.492434 -0.00103123 0.906891 -0.421365 0.00109047 0.933582 -0.358361 -0.00142948 0.944341 -0.328965 0.00195927 0.974127 -0.225994 -0.00275293 0.983825 -0.17911 0.00701395 0.999192 -0.039566 0.00197289 0.99993 -0.0116373 0.00321029 0.977745 0.209774 0.00327932 0.97769 0.210028 -0.00281833 0.905954 0.423367 -2.07357e-05 0.898386 0.439206 -0.00131664 0.80998 0.586456 0.000567232 0.815666 0.578522 -0.000182913 0.707107 0.707107 0.000510952 0.702932 0.711257 -0.00111879 0.586456 0.80998 -0.00369077 0.575513 0.817784 0.00306663 0.42428 0.905526 -0.00794163 0.360706 0.932646 0.00272083 0.247076 0.968992 -0.00661981 0.151912 0.988372 0.0044251 0.0566997 0.998381 -0.00202942 -0.0438487 0.999036 0.006441 -0.136234 0.990656 -0.00519368 -0.232349 0.972619 0.0116223 -0.376568 0.926316 0.000386609 -0.433884 0.900969 0.00340143 -0.583543 0.812075 0.00379278 -0.585299 0.810809 -0.000336655 -0.707103 0.707111 0.0024479 -0.722527 0.691339 -0.00169308 -0.788694 0.614784 0.000125183 -0.804131 0.594452 -0.000337578 -0.882599 0.470126 0.000684015 -0.885673 0.464309 9.92483e-05 -0.955277 0.295712 -0.00425109 -0.949595 0.313451 -4.98906e-05 -0.996432 0.0844008 -9.79932e-05 -0.99641 0.0846591 0.999575 0.0206254 -0.0206256 0.99945 0.0194167 -0.0268979 -0.998803 -0.00849518 -0.0481769 0.999556 0.0235116 -0.0183272 0.99937 0.0313368 -0.0166919 0.999737 0.0166768 -0.015722 -1 0.0003898 -0.000809427 1 0 0 -0.999999 0.000278807 -0.00116709 1 0 0 -0.999999 7.05352e-05 -0.00160705 1 0 0 -0.999997 -0.000354467 -0.00230623 1 0 0 -1 0 0 -0.999993 -0.0013391 -0.0034624 -0.999983 -0.00336551 -0.00478228 -0.99998 -0.00443188 -0.00448437 -0.999983 -0.00469599 -0.00333069 -0.999991 -0.00379405 -0.00177302 -0.999996 -0.00259994 -0.000557814 1 0 0 1 0 0 1 0 0 1 0 0 1 0 0 1 0 0 1 0 0 1 0 0 1 0 0 0.999998 -0.000761368 -0.00162259 1 0 0 1 0 0 1 0 0 1 0 0 1 0 0 1 0 0 1 0 0 1 0 0 1 0 0 1 0 0 1 0 0 -0.982035 -0.143031 0.123086 -0.98071 -0.127503 0.148159 -0.99153 -0.126749 -0.0283291 -0.985614 0.00435174 0.168954 -1 0 0 -1 0 0 -1 0 0 -1 0 0 -1 0 0 -1 0 0 -1 0 0 -1 0 0 -1 0 0 -1 0 0 -1 0 0 -1 0 0 -1 0 0 -1 0 0 -1 0 0 -1 0 0 -1 0 0 -1 0 0 -1 0 0 -1 0 0 -1 0 0 -1 0 0 -1 0 0 -1 0 0 -1 0 0 -1 0 0 -1 0 0 -1 0 0 -1 -1.62595e-06 1.56583e-06 -1 -9.82306e-07 2.1731e-07 -1 0 0 -1 0 0 -1 0 0 -1 0 0 -1 -3.59064e-07 -7.99637e-08 -0.00514393 0.665096 0.74674 -0.00504956 0.958817 0.283981 -0.00278198 0.97334 0.229352 -1 0 0 -1 -7.04181e-07 -1.08191e-06 -1 1.24035e-07 1.20803e-07 -1 3.1437e-07 -1.90723e-07 -1 0 0 -1 1.82822e-07 5.8654e-08 -1 0 0 -1 3.90864e-07 -8.86824e-08 -1 0 0 -1 1.27455e-07 7.76103e-08 -1 0 0 -1 0 0 -1 0 0 -1 0 0 -1 0 0 -1 0 0 -1 0 0 -1 0 0 -1 0 0 -1 0 0 -1 0 0 -1 0 0 -1 0 0 -1 0 0 -1 0 0 -0.000481704 -0.539829 0.841774 -1 0 0 -1 0 0 -1 0 0 -1 0 0 -1 0 0 -0.00156935 -0.933007 0.359855 -1 0 0 -1 0 0 -1 0 0 -1 0 0 -1 0 0 -1 0 0 -1 0 0 -1 0 0 -1 0 0 -1 0 0 -1 0 0 -1 0 0 -1 0 0 -1 0 0 -1 0 0 -0.969262 0.245902 0.00789575 -0.970657 0.224415 -0.0863898 -0.971306 0.181185 -0.15407 -0.972421 0.114933 -0.202949 -0.973336 0.0320588 -0.227133 -0.974691 -0.0381902 -0.220269 -0.974875 -0.113076 -0.191918 -0.832843 -0.513815 0.205831 -0.766615 -0.490815 0.414007 -0.468883 -0.78408 -0.406653 -0.972881 -0.078855 0.217449 -0.972361 -0.0013199 0.23348 -0.970989 0.0837359 0.223983 -0.970073 0.15491 0.186977 -0.969019 0.223895 0.104275 0 0.999485 0.0320927 0.00209071 0.997829 0.0658294 0 0.933239 -0.359256 0 0.933239 -0.359256 0 0.76181 -0.6478 0.00404521 0.70918 -0.705016 -0.000881819 0.49278 -0.870153 0.00556245 0.311243 -0.950314 -0.00157081 0.13976 -0.990184 0.00231399 -0.103859 -0.994589 -0.00013757 -0.170832 -0.9853 0.000902037 -0.50763 -0.861574 -0.00199285 -0.463737 -0.885971 -0.0744382 -0.939187 -0.335242 0.000510667 -0.737829 -0.674988 -0.000228948 -0.748225 -0.663445 0.000668019 -0.953438 -0.301588 0.00185453 -0.956959 -0.290217 -0.00209688 -0.994033 0.109064 -0.000569276 -0.991544 0.129773 0.00653807 -0.914173 0.405271 -0.00116435 -0.874155 0.485645 0.000941941 -0.802017 0.597301 -6.34505e-05 -0.649678 0.76021 0.00114221 -0.629676 0.776857 -0.00164009 -0.353425 0.935461 -0.00221919 -0.340912 0.940093 0.00093959 -0.129936 0.991522 -0.00214208 -0.00565304 0.999982 0.00270969 0.230373 0.973099 -0.00146742 0.350178 0.936682 0.00312134 0.566994 0.823716 -0.00112257 0.637984 0.770049 0.00177784 0.88856 0.458757 -0.00056547 0.906507 0.42219 -0.746073 0.433864 -0.505111 -0.486404 0.827635 0.280055 -0.973009 0.0460167 -0.226133 -0.973017 -0.0686089 -0.220299 -0.973932 -0.168712 -0.151632 -0.974409 -0.21591 -0.0625342 -0.974832 -0.218581 0.0438809 -0.973469 -0.187129 0.131686 -0.972139 -0.0907956 0.216107 -0.972327 0.0344604 0.231069 -0.501535 0.833049 -0.233436 -0.737014 0.50994 0.443589 0.00352165 0.928563 -0.371157 -0.00289978 0.879566 -0.475767 0.00245562 0.721724 -0.692176 -0.00234492 0.627994 -0.778214 0.00374857 0.388153 -0.921587 -0.00382544 0.199405 -0.97991 0.0019787 0.0345189 -0.999402 -0.00584496 -0.297344 -0.954753 -0.00199514 -0.360552 -0.932737 -0.00197006 -0.74375 -0.668455 0.000494534 -0.716377 -0.697713 0.00220987 -0.960522 -0.278196 0 -0.952195 -0.305489 0 -0.975214 0.221264 0.00141865 -0.980437 0.196826 0.000232848 -0.817801 0.5755 0.0016939 -0.80579 0.592198 -0.00193393 -0.387343 0.921934 -0.00350209 -0.369258 0.92932 0.00177191 0.180435 0.983585 0.00469107 0.147502 0.989051 -0.00161061 0.595751 0.803168 0.000401718 0.625857 0.779938 -0.0008093 0.800987 0.598681 0.00186431 0.847353 0.531027 -0.00172072 0.932206 0.361924 0.00191249 0.957025 0.289999 0.00414903 0.998781 -0.0491949 -0.00109513 0.99274 0.120275 -0.00178069 0.982531 -0.186092 0.707107 2.19052e-08 0.707107 0.0857694 0 0.996315 0.703948 -0.0011799 0.71025 0.665588 0.000111155 0.746319 0.998617 0 0.0525704 0.712728 -0.002114 0.701437 -0.510625 -0.16624 -0.84358 -0.701835 -0.0938051 -0.706137 -0.627964 -0.24038 -0.740188 -0.467811 -0.344368 -0.81398 -0.627484 -0.369436 -0.685406 -0.781173 -0.243253 -0.574975 -0.328982 -0.591933 -0.735789 -0.707157 -0.424658 -0.565327 -0.787626 -0.47909 -0.387451 -0.367988 -0.683116 -0.630823 -0.571313 -0.63816 -0.516094 -0.644086 -0.647748 -0.40691 -0.665921 -0.690294 -0.282919 -0.666622 -0.667223 -0.332309 -0.691128 -0.705172 -0.158351 -0.776367 -0.597512 -0.200582 -0.598661 -0.759358 -0.254912 -0.599629 -0.796839 -0.0741124 -0.712889 -0.698698 -0.0600891 -0.682182 -0.728574 0.0617124 -0.730694 -0.682119 0.0282948 -0.639738 -0.767933 0.0318544 -0.681702 -0.69891 0.216352 -0.569485 -0.791949 0.220237 -0.684519 -0.690131 0.234847 -0.647746 -0.72124 0.245433 -0.717376 -0.617036 0.323478 -0.644418 -0.614898 0.454562 -0.698236 -0.517236 0.494909 -0.681908 -0.576476 0.450196 -0.631475 -0.617485 0.46899 -0.693875 -0.420209 0.584775 -0.587665 -0.383707 0.712334 -0.746026 -0.335695 0.575113 -0.719796 -0.261426 0.643079 -0.645372 -0.104067 0.756747 -0.569322 -0.156927 0.806999 -0.686737 -0.120201 0.716899 -0.628929 -0.128562 0.76676 -0.716987 0.039525 0.695966 -0.632356 0.128101 0.764013 -0.694911 0.11891 0.709197 -0.696132 0.17738 0.695656 -0.565174 0.199946 0.800375 -0.657278 0.31976 0.682451 -0.664684 0.312999 0.6784 -0.739628 0.281952 0.611108 -0.722438 0.405497 0.56005 -0.589241 0.477943 0.651433 -0.55401 0.588674 0.588674 -0.782003 0.451683 0.429482 -0.599146 0.580217 0.551699 -0.655307 0.629803 0.41704 -0.686303 0.589111 0.426539 -0.641846 0.688913 0.336798 -0.7525 0.592003 0.288576 -0.640441 0.690356 0.336519 -0.543601 0.819403 0.181868 -0.747325 0.649638 0.139556 -0.762297 0.645981 0.0401526 -0.599692 0.798689 0.0496445 -0.703051 0.710583 -0.0281376 -0.558912 0.809651 -0.179115 -0.644201 0.745068 -0.172853 -0.666225 0.719681 -0.195458 -0.600801 0.771453 -0.209519 -0.683953 0.681073 -0.261434 -0.70506 0.617204 -0.349214 -0.705052 0.55406 -0.442629 -0.679918 0.567493 -0.464396 -0.56185 0.640202 -0.523896 -0.604826 0.60512 -0.517702 -0.667892 0.441744 -0.598984 -0.543235 0.394001 -0.74139 -0.767534 0.312537 -0.559653 -0.525354 0.392874 -0.754754 -0.717589 0.321576 -0.617783 -0.692429 0.221824 -0.686539 -0.696839 0.126409 -0.706 -0.55996 0.0314137 -0.827924 -0.794234 0.0230379 -0.607176 -0.662688 0.0748682 -0.745144 -0.0245216 0 -0.999699 -0.0408949 0.000150759 -0.999163 -0.111578 -0.00017544 -0.993756 -0.133222 0.000175538 -0.991086 -0.241152 -0.000329381 -0.970487 -0.254863 2.81665e-05 -0.966977 -0.390214 -0.000300343 -0.920724 -0.399828 0 -0.91659 -0.545656 0 -0.838009 -0.556158 -0.000447683 -0.831076 -0.706607 0.000766399 -0.707606 -0.698376 0.000394644 -0.715731 -0.835981 0.00103266 -0.548757 -0.781594 -0.000137962 -0.623787 -0.86738 -0.000275728 -0.497646 -0.91613 0.000719639 -0.40088 -0.931688 -0.000355009 -0.36326 -0.976487 0.000354925 -0.215575 -0.979297 0 -0.202427 -0.99645 0 -0.0841927 -0.99645 0 -0.0841927 0 0 1 0 0 1 0 0 1 0 0 1 0 0 1 0 0 1 0 0 1 0 0 1 0 0 1 0 0 1 0 0 1 0 0 1 0 0 1 0 0 1 0 0 1 0 0 1 0 0 1 0 0 1 0 0 1 0 0 1 0 0 1 0 0 1 0 0 1 0 0 1 0 0 1 0 0 1 0 0 1 0 0 1 0 0 1 0 0 1 0 0 1 0 0 1 0 0 1 0 0 1 0 0 1 0 0 1 0 0 1 0 0 1 0 0 1 0 0 1 0 0 1 0 0 1 0 0 1 0.98703 -0.0365946 0.156311 0.958939 0.246827 -0.139688 0.875034 0.454357 0.166958 0.788294 0.60683 -0.101734 0.617422 0.765762 0.179995 0.4398 0.889374 -0.124855 0.2904 0.956237 0.0357528 0.146852 0.986636 -0.0705939 -0.0369736 0.994884 0.0940174 -0.117451 0.99306 0.00616187 -0.299658 0.952665 0.0513241 -0.355998 0.92569 0.127923 -0.538163 0.840187 -0.0668316 -0.654523 0.755358 0.0321714 -0.770783 0.617487 -0.156856 -0.885015 0.445463 0.135315 -0.955462 0.246892 -0.161671 -0.992514 0.0986055 0.0720679 -0.991207 -0.129821 -0.0255836 -0.980606 -0.193175 0.0330955 -0.926817 -0.371142 -0.0571222 -0.89584 -0.443216 0.0320969 -0.749956 -0.659899 -0.0458091 -0.7353 -0.67774 -0.00150357 -0.487909 -0.872541 -0.0248313 -0.486647 -0.873156 -0.0278053 -0.128614 -0.990781 0.0425501 -0.133057 -0.990547 0.0333545 0.152537 -0.988272 0.0071025 0.202311 -0.975715 0.0839631 0.503624 -0.858485 -0.0967797 0.581489 -0.810179 0.0740309 0.794865 -0.581554 -0.173158 0.876915 -0.444 0.184076 0.985631 -0.163702 -0.0416358 0.00296052 -0.345532 0.938402 0.00169446 -0.770161 0.637848 -0.00102761 -0.700469 0.713682 0.00016844 -0.859465 0.511195 0 -0.955629 0.294574 0 -0.994478 0.104942 0.0107875 -0.226648 -0.973917 0.0535692 -0.357585 0.932343 0.0147095 -0.971356 0.237173 0.102185 0.994063 -0.0373875 0.100004 -0.661608 0.743152 0.0284527 0.513581 0.85757 0.00766371 -0.73811 0.674637 0.353335 -0.0156956 0.935365 0.0815389 -0.992304 0.0931846 0.236569 -0.0289939 0.971182 0.453172 -0.726621 0.516389 0.426147 -0.0238226 0.90434 0.482704 -0.691154 0.537869 0.423192 -0.023639 0.905732 0.643041 -0.233325 0.729423 0.649531 -0.0813994 0.755965 -0.999976 -0.00217348 0.00652126 0.295568 -0.930212 0.21759 0.538281 -0.691138 0.482268 0.751826 -0.232696 0.616937 0.785185 -0.0660603 0.615728 0.825794 -0.0587172 0.560906 0.210656 -0.976643 0.0423375 0.448904 -0.893101 0.029247 0.39775 -0.916997 0.0302045 0.920088 -0.0486951 0.388674 0.896968 -0.439832 0.0446774 0.981965 -0.0568236 0.180322 0.995222 -0.0679387 0.0701272 0.0143595 -0.999896 0.0015535 0.987053 -0.160397 0 -0.999934 -0.00930383 -0.00680336 0.977108 0.212589 -0.00812158 0.883138 0.469079 -0.00570296 0.717159 0.696614 -0.0202764 0.584161 0.811605 -0.00733759 0.277759 0.960642 -0.00426889 0.0945459 0.990846 -0.0963589 0.271412 0.962453 -0.00442299 0.680595 0.720642 -0.132159 0.447212 0.864714 -0.228628 0.948605 0.259138 -0.18165 0.464388 0.859241 -0.214589 0.930807 0.335088 -0.145996 0.511145 0.769611 -0.382661 0.621077 0.714392 -0.322346 0.825975 0.48645 -0.284837 0.356255 0.760315 -0.543142 0.676195 0.472539 -0.565214 0.981755 -0.0175251 -0.18934 0.571355 0.561835 -0.598243 0.703684 0.457005 -0.544035 0.996154 0.0778447 0.0402079 0.541134 0.44562 -0.71316 0.554587 0.313638 -0.770756 0.705253 0.166357 -0.689161 0.658497 0.196823 -0.72639 0.505691 -0.0241612 -0.862377 0.878285 0.04167 -0.476319 0.992949 -0.0479493 -0.108414 0.71564 -0.0270882 -0.697944 0.494878 -0.153923 -0.855221 0.815413 -0.142366 -0.5611 0.551364 -0.295545 -0.780161 0.594262 -0.292101 -0.749353 0.555872 -0.447786 -0.700353 0.98401 -0.141065 -0.108742 0.677296 -0.500411 -0.539314 0.760631 -0.476838 -0.440528 0.667074 -0.588206 -0.457194 0.563685 -0.720424 -0.404041 0.595508 -0.751419 -0.284147 0.991473 -0.129357 -0.0157677 0.987145 -0.152476 -0.0479091 0.615685 -0.741881 -0.265601 0.0459087 -0.998321 -0.0353201 0.851559 -0.523948 -0.0180321 0.643507 -0.765305 -0.014417 0.0397404 -0.998461 -0.0386774 0.490153 -0.871583 -0.00961989 0.0315855 -0.955623 -0.292896 0.0142757 0.999897 0.00155543 0.993884 0.110413 -0.00171078 0.179023 0.98319 0.0358824 0.277342 0.959203 0.0548763 0.242127 0.9691 0.0471204 0.583853 0.811178 0.0332549 0.882512 0.468746 0.038076 0.742547 0.66945 0.0214563 0.901133 0.0141758 0.433311 0.982515 0.0459562 0.180423 0.425461 0.835945 0.346669 0.920586 0.0359102 0.388885 0.570745 0.647971 0.504366 0.826385 0.0449533 0.561308 0.580637 0.633351 0.511593 0.943664 0.0159894 0.330518 0.690874 0.216991 0.689643 0.704507 0.0856683 0.704507 0.0109996 0.85326 -0.521369 -0.0168293 0.998092 0.0594134 0.292496 0.91109 0.290451 0.0583514 0.990815 0.121989 0.549033 0.612526 0.56866 0.243611 0.757844 0.605248 0.583841 0.529299 0.615607 0.064298 0.0108229 0.997872 0.781274 0.033779 0.623274 0.00735237 0.973317 0.229346 0.425845 0.0445461 0.903699 0.00697128 0.980042 0.198667 0.558729 0.0294445 0.828828 0.0183939 -0.988244 -0.151772 0.0199939 0.758345 0.651547 0.236631 0.0176237 0.97144 0.0278993 0.999229 0.0276372 0.0218574 -0.47833 0.877908 0.00386528 0.488026 0.87282 0.31817 0.0136102 0.947936 1.59912e-05 0.899553 0.436811 0.000368746 0.777016 0.629481 -0.000878685 0.565983 0.824416 0.000273717 0.334358 0.942446 0.00220808 -0.997967 -0.063693 -0.00174295 -0.989789 -0.142533 0.00300075 -0.982561 -0.185916 -0.00613942 -0.959043 -0.283195 0.0038185 -0.940341 -0.340211 -0.00297885 -0.885279 -0.46505 0.00807178 -0.858068 -0.513472 -0.00322428 -0.787999 -0.615668 -3.80577e-08 -0.680173 -0.733052 0.0106557 -0.730706 -0.682609 0.00231327 -0.571521 -0.820584 0 -0.56332 -0.826239 0 -0.415356 -0.909659 -0.00303597 -0.433881 -0.900965 -0.004612 -0.331676 -0.943382 0.00716263 -0.270141 -0.962794 -0.00322428 -0.158884 -0.987292 0.00539226 -0.104675 -0.994492 -0.00239256 -0.0110753 -0.999936 0.00386363 0.0830024 -0.996542 0.00018399 0.110583 -0.993867 0.00264062 0.256397 -0.966568 -0.00609963 0.22439 -0.97448 -0.00248403 0.403707 -0.914885 0.00186258 0.376911 -0.926248 0.00468797 0.530847 -0.847455 0.00248336 0.521434 -0.853288 0 0.642787 -0.766045 -0.00289636 0.652289 -0.757965 0 0.757976 -0.652283 0 0.757976 -0.652283 0 0.852287 -0.523075 0 0.852287 -0.523075 0 0.922221 -0.386663 0.00281327 0.927185 -0.374594 -0.00318344 0.97941 -0.201855 0 0.982003 -0.188868 0 0.99742 -0.0717876 0 0.99742 -0.0717876 0.00174471 -0.995476 -0.0949929 -0.00562745 -0.989244 -0.146167 0.00155269 -0.968514 -0.248955 0.000621375 -0.930873 -0.365342 -0.00292636 -0.950164 -0.311737 -0.00482906 -0.867733 -0.497008 -0.00660298 -0.86364 -0.504066 -4.88372e-05 -0.778074 -0.628173 -0.00416435 -0.754433 -0.656364 0.00248381 -0.680171 -0.73305 -0.00203261 -0.625261 -0.780413 0.00372497 -0.563316 -0.826233 -0.0024832 -0.510751 -0.859725 0.00131106 -0.443835 -0.896107 -0.00432028 -0.361054 -0.932535 0.00477555 -0.279608 -0.960102 -0.00221006 -0.204431 -0.978878 0.00659765 -0.119709 -0.992787 -0.000903354 -0.0271996 -0.99963 0.0028082 0.0390264 -0.999234 -0.00653208 0.145704 -0.989307 0.00215606 0.231452 -0.972844 -0.00343014 0.300734 -0.953702 0 0.433884 -0.900969 0 0.327596 -0.944818 0 0.433884 -0.900969 0 0.492785 -0.870151 0 0.492785 -0.870151 0 0.563319 -0.82624 -0.00620441 0.613653 -0.789551 0.0040571 0.691671 -0.722201 -0.00282693 0.741496 -0.670951 0.00367247 0.782484 -0.62266 -0.00372338 0.866003 -0.500024 0.00151729 0.887325 -0.461142 0.00324032 0.946747 -0.321961 -0.00346535 0.928979 -0.370115 -0.00146829 0.979719 -0.20037 0.00492486 0.990546 -0.137095 -0.00307869 0.998655 -0.0517648 0.00375245 0.998837 0.048061 -0.00328874 0.993423 0.114453 0.00883363 0.965123 0.261647 -0.00661816 0.939169 0.343391 0.00438459 0.881249 0.472631 -0.00817591 0.835263 0.54979 0.00147443 0.773994 0.633192 0 0.688249 0.725474 -0.00372475 0.711976 0.702194 0 0.616969 0.786988 -0.00337065 0.580861 0.813996 3.34525e-08 0.530862 0.847458 0 0.443836 0.896108 -0.00372467 0.473369 0.880856 0 0.320637 0.947202 0.00310358 0.342018 0.939688 -0.00211065 0.207939 0.97814 0.00256047 0.169119 0.985592 0.00272313 0.0064163 0.999976 -0.00356001 0.0468188 0.998897 -0.00363589 -0.171412 0.985193 -0.00389072 -0.169917 0.985451 -3.43678e-05 -0.284154 0.958779 -0.00031047 -0.418838 0.908061 -0.00732923 -0.36943 0.92923 -0.00278621 -0.535554 0.844497 -0.00995655 -0.571138 0.820794 -0.000517673 -0.651232 0.758878 -0.00237577 -0.723561 0.690257 -0.0035842 -0.729912 0.683531 0.000828396 -0.805417 0.592708 -0.00327676 -0.836749 0.547577 0.00550665 -0.89118 0.453616 -0.00397092 -0.921746 0.387773 0.0057378 -0.959168 0.282779 -0.00263868 -0.977624 0.210344 0.00272315 -0.997659 0.0683306 -0.00162564 -0.999182 0.040398 -0.780982 -0.120102 0.612897 0.513806 -0.046055 -0.856669 -0.751777 0.0261666 0.658898 -0.709608 0.000215011 0.704597 -0.707388 -2.75277e-06 0.706826 -0.707107 2.75451e-07 0.707107 -0.707107 0 0.707106 -0.707106 2.82527e-07 0.707107 -0.707106 1.93778e-07 0.707107 -0.707107 9.51566e-08 0.707106 -0.707107 -2.50491e-07 0.707107 -0.707106 -1.50178e-07 0.707107 -0.635242 -0.0319386 0.771653 0.999998 0.00143054 -0.0013647 1 0.000276704 -0.000410444 1 0.000564789 -0.000658147 -0.999986 0.00433171 -0.00318771 1 0.000296176 -0.000467029 -0.999999 0.00100533 -0.000511719 1 0.000426492 -0.000924656 0.999994 0.00101018 -0.0034085 -1 0.000760433 -0.000224189 -0.99998 0.00108153 -0.00621609 -1 0.000816743 -5.59395e-05 -0.999999 -1.09033e-05 -0.00169927 -0.999999 0.0011829 0.000112878 -0.999999 -0.000258604 -0.0015071 -0.999987 0.00492084 0.0012649 -0.999997 -0.000728203 -0.0021512 0.999998 0.00194766 0.000764403 -0.999892 -0.00651263 -0.0131491 0.999995 -0.00164821 -0.00263117 0.999999 -0.000728003 -0.000928619 1 -0.000498836 -0.000525816 -0.999043 -0.0229746 -0.0372303 -0.999644 -0.0206404 -0.0168856 -0.999639 -0.0236682 -0.0126937 -0.999072 -0.0415776 -0.0112718 -1 0 0 -1 0 0 -1 0 0 -1 0 0 -1 0 0 -1 0 0 -1 0.000350749 -5.2241e-05 -1 0 0 -0.999948 -0.00603516 -0.00821928 -1 0 0 -1 0 0 -1 0 0 -1 0 0 -1 0 0 -1 0 0 -1 0 0 -1 0 0 -1 0 0 -1 0 0 -1 0 0 -1 0 0 -1 0 0 -1 0 0 1 0 0 1 0 0 1 0 0 1 0 0 1 0 0 1 0 0 0.13036 0.069259 0.989045 0.115354 -0.00040242 -0.993324 1 0 0 0.581855 0.100876 0.807012 -1 0 0 1 0 0 1 0 0 1 0 0 1 0 0 1 0 0 1 0 0 1 0 0 1 0 0 1 0 0 1 0 0 1 0 0 1 0 0 1 0 0 1 0 0 1 0 0 1 0 0 1 0 0 1 0 0 1 0 0 1 0 0 1 0 0 -1 0 0 1 0 0 0.907653 -0.0520601 0.416481 0 -1 0 0 -1 0 0 -1 0 0 -1 0 0 -1 0 8.43146e-07 -1 2.87868e-06 0 -1 0 0 -1 0 0 -1 0 0 -1 0 0 -1 0 0 -1 0 0 -1 0 -0.160463 -0.975781 0.14867 0 -1 0 -0.161557 0.98026 0.113969 -0.0521714 0.997492 0.0478396 0 1 0 0 1 0 0 1 0 0 1 0 0 1 0 0 1 0 0 1 0 0 1 0 0 1 0 0 1 0 0 1 0 0 1 0 0 1 0 0 1 0 0 1 0 -0.7494 0.181337 0.636801 -0.998604 0 0.052824 -0.807321 -0.00069808 0.590112 0.725454 -0.00775986 -0.688226 -0.887726 -0.0210397 0.459892 -0.802027 -4.58993e-06 0.597288 -0.803462 8.0636e-05 0.595356 -0.757721 -6.49463e-05 0.652579 -0.764964 1.83551e-06 0.644073 -0.960885 0.0115086 0.276707 -0.824491 0.0794847 0.560265 -0.739002 0.000103111 0.673703 -0.724373 -0.000125076 0.689408 0 -0.0466814 0.99891 0.140135 -0.0190857 0.989948 0.0049247 -0.874898 0.484282 -0.0211488 -0.998544 0.0496256 -0.137687 -0.978519 0.153434 -0.258183 -0.912919 0.316102 -0.950525 -0.0598871 0.304822 -0.636048 -0.0150611 0.771502 -0.515691 -0.0102105 0.856714 -0.259122 -0.596911 0.759311 -0.17954 -0.735574 0.65322 -0.0511009 -0.77147 0.634211 -0.380893 -0.0149075 0.924499 -0.287274 -0.024333 0.957539 -0.209496 -0.0166781 0.977667 -0.0735467 -0.0136471 0.997198 -0.614874 -0.0367427 0.787769 -0.749462 -0.231901 0.620104 -0.684069 -0.309263 0.66061 -0.597157 -0.547426 0.586284 -0.455978 -0.763092 0.458012 -0.510971 -0.85957 0.0069297 -0.156299 -0.987595 0.0150226 -0.525678 -0.850493 0.0179922 -0.913648 -0.404075 0.0443896 -0.794994 -0.604198 0.0541229 -0.950576 -0.305322 0.0564296 -0.939553 -0.00725827 0.342326 -0.505496 -0.862623 0.0188669 -0.954934 -0.081976 -0.285275 -0.107801 -0.990226 0.088498 -0.944533 -0.024393 0.327508 -0.269168 -0.934682 0.232202 -0.720483 -0.619091 0.312458 -0.901745 -0.0193161 0.431837 -0.00217811 -0.999997 -0.00102192 -0.996656 -0.0817161 0 -0.0038339 -0.999988 -0.00314098 -0.460824 0.885202 -0.0637109 -0.514872 0.857236 -0.00726484 -0.237119 0.970907 -0.033387 -0.437357 0.899038 -0.021211 -0.697715 0.716202 -0.0157507 -0.459621 0.832982 -0.308041 -0.890927 0.453753 -0.0189152 -0.92896 0.369319 -0.0252392 -0.759358 0.637279 -0.131342 -0.897045 0.417631 -0.14455 -0.629871 0.716289 -0.300321 -0.772875 0.540826 -0.331921 -0.624435 0.635555 -0.454038 -0.570032 0.62277 -0.53593 -0.486606 0.561553 -0.669233 -0.972642 0.171869 -0.156294 -0.696621 0.339111 -0.632237 -0.831562 0.294852 -0.470708 -0.953532 0.21289 -0.213202 -0.999474 0.0181375 -0.0269039 -0.587196 0.32678 -0.740551 -0.364552 0.238753 -0.900055 -0.716076 0.328928 -0.615664 -0.563635 0.0913438 -0.820958 -0.701064 0.0302076 -0.712458 -0.628926 -0.00861067 -0.777417 -0.733801 0.0330227 -0.678562 -0.477585 -0.139594 -0.867425 -0.949704 -0.0502338 -0.309093 -0.530787 -0.231073 -0.815396 -0.718047 -0.26915 -0.641847 -0.315464 -0.534556 -0.784049 -0.460321 -0.422115 -0.780976 -0.948224 -0.147412 -0.281319 -0.46715 -0.601394 -0.648149 -0.955123 -0.132782 -0.264779 -0.668906 -0.560426 -0.488352 -0.818265 -0.42524 -0.386798 -0.584444 -0.639413 -0.499576 -0.491977 -0.770735 -0.404878 -0.659216 -0.721169 -0.212954 -0.903071 -0.397825 -0.161858 -0.597 -0.761809 -0.251474 -0.564162 -0.817234 -0.117685 -0.620098 -0.784351 -0.0164859 -0.486779 -0.87268 -0.0384081 -0.525441 -0.850109 -0.0350241 -0.795974 -0.604943 -0.0216847 -0.951805 -0.305717 -0.0245921 -0.826699 -0.56253 -0.0113671 -0.93638 -0.330864 -0.117142 -0.048765 0.99881 4.58897e-06 -0.996262 0.0863545 -0.00232238 0.999978 0.00319941 0.00573406 -0.268158 0.930963 0.247788 0.448264 0.213122 -0.868124 -0.498577 0.762114 0.413043 -0.31994 0.947429 0.0042292 -0.237246 0.971425 0.00691755 -0.853609 0.0177335 0.520612 -0.437446 0.89922 0.00658687 -0.697655 0.71614 0.0205313 -0.944378 0.0304068 0.327454 -0.959205 0.277366 0.0547204 -0.946744 0.0312867 0.320463 -0.889511 0.453033 0.0594204 -0.992219 0.103718 0.0688819 -0.659412 0.0177296 0.751572 -0.720586 0.333179 0.608069 -0.600982 0.537628 0.591419 -0.442194 0.752957 0.487361 -0.312332 0.89078 0.330091 -0.405935 0.818542 0.406455 -0.682228 0.381157 0.623927 -0.133153 0.980472 0.144724 0.0111173 0.996389 0.0841801 -0.127963 0.80219 0.583196 -0.0735211 0.0296852 0.996852 -0.112507 0.027856 0.99326 -0.209432 0.0298685 0.977367 -0.133055 0.980499 0.144633 -0.380591 0.0425085 0.923766 -0.272037 0.659669 0.700594 -0.376211 0.0418859 0.925587 -0.515558 0.0248909 0.856493 -0.636022 0.0176283 0.77147 -0.102238 0.963791 0.246281 0 0.00393617 0.999992 0.0145242 0.95647 -0.291468 -0.0186882 0.848939 -0.52816 0.0236445 0.580621 -0.813831 -0.00217342 0.446885 -0.894589 0.015875 -0.0703644 -0.997395 0.00248851 -0.0112642 -0.999933 0.0185345 -0.595007 -0.803507 -0.00743686 -0.666419 -0.74554 0.0020365 -0.900051 -0.43578 0.0137438 -0.93492 -0.354592 -0.00296942 -0.999093 -0.0424875 0.0076986 -0.980856 0.194583 -0.0196174 -0.923125 0.384 0.00434006 -0.766661 0.642037 -0.0274837 -0.604847 0.795868 0.00918162 -0.361007 0.932518 -0.00758481 -0.0577356 0.998303 0.00980913 0.101361 0.994801 -0.0128289 0.453538 0.891145 0.0164189 0.613332 0.789655 -0.0123264 0.811273 0.584538 0.0243715 0.951174 0.307693 -0.0144222 0.999884 -0.00489208 -1 0 0 -1 0 0 -1 0 0 -1 0 0 -1 0 0 -1 0 0 -1 0 0 -1 0 0 -1 0 0 -1 0 0 -1 0 0 -1 0 0 -1 0 0 -1 0 0 -1 0 0 -1 0 0 -1 0 0 -1 0 0 -1 0 0 -1 0 0 -1 0 0 -1 0 0 -1 0 0 -1 0 0 -0.115429 -0.771335 -0.625875 0.104279 -0.860388 -0.498857 -0.0602865 -0.986008 -0.155414 -0.0278092 -0.995499 -0.0906025 -0.0509971 -0.91904 0.390851 -0.0172907 -0.970648 0.239884 0.0097873 -0.902648 0.430269 -0.0101954 -0.818868 0.573891 0.0182835 -0.667548 0.744343 -0.00974245 -0.532117 0.846614 0.0110012 -0.334474 0.942341 -0.0124706 -0.151946 0.98831 0.000528655 -0.00138964 0.999999 -0.0050108 0.173505 0.98482 -0.00237029 0.140016 0.990146 -4.03294e-05 0.278549 0.960422 -0.00923127 0.512301 0.858756 -0.00594823 0.498916 0.86663 0.0126164 0.766324 0.64233 -0.0276946 0.852056 0.522718 0.0122102 0.976386 0.215686 -0.0288078 0.998022 0.0558741 0.0700706 0.948356 -0.309371 -0.0279863 0.903774 -0.427093 -0.24389 0.258348 0.934759 0.062248 0.248207 0.966705 0.0290181 0.992447 -0.119192 -0.0159737 0.931899 -0.362366 0.0105172 0.771489 -0.636156 -0.0170461 0.614668 -0.788601 0.0085934 0.304629 -0.952432 -0.0188915 0.0344354 -0.999228 0.0235227 -0.219923 -0.975234 -0.00213536 -0.485244 -0.874376 0.0392815 -0.843815 -0.535195 0.0310881 -0.826927 -0.561449 -0.00486827 -0.999196 -0.0397995 0.0220667 -0.994457 0.102803 -0.00744763 -0.8753 0.483523 0.00672157 -0.70901 0.705167 -0.00654986 -0.642045 0.766639 0.0271646 -0.175865 0.984039 -0.00555319 -0.320935 0.947085 0.00333285 0.315203 0.949018 0.00833934 0.295449 0.955322 0.00168656 0.746856 0.664984 0.0207939 0.806346 0.591078 -0.00645256 0.977219 0.212135 -1 0 0 -1 0 0 -1 0 0 -1 0 0 -1 0 0 -1 0 0 -1 0 0 -1 0 0 -1 0 0 -1 0 0 -1 0 0 -1 0 0 -1 0 0 1 0 0 -1 0 0 -1 0 0 -1 0 0 -1 0 0 -1 0 0 1 0 0 -1 0 0 -1 0 0 -0.873504 -0.0955628 0.477345 -0.244774 -0.111037 0.963201 -0.0931502 -0.8566 -0.507503 0.0983217 -0.897007 -0.430942 -0.0272905 -0.999067 0.0334827 0.0147831 -0.989077 0.146657 -0.0187394 -0.848172 0.529389 0.00925076 -0.792294 0.61007 -0.0157849 -0.523748 0.851727 -0.0129239 -0.536152 0.844023 -0.000664603 -0.3351 0.942182 -0.00226644 -0.19198 0.981396 -0.00355569 -0.17953 0.983746 0.00200843 0.00730814 0.999971 -0.00246582 0.0561795 0.998418 0.00191484 0.228064 0.973644 -0.011933 0.364575 0.931098 0.0117236 0.537647 0.843088 -0.0178568 0.726678 0.686746 0.00587576 0.809473 0.587128 -0.0257062 0.959892 0.27919 -0.122915 0.980721 0.151912 0.0433617 0.929158 -0.367131 -0.201012 0.850362 -0.48629 0.650088 0.028698 -0.759317 1 0 0 1 0 0 1 0 0 1 0 0 1 0 0 1 0 0 1 0 0 1 0 0 1 0 0 1 0 0 1 4.45018e-06 0.00010328 1 0 0 1 0 0 1 -7.78173e-05 4.39131e-06 1 0 0 1 0 0 1 0 0 1 0 0 1 0 0 1 0 0 1 0 0 1 0 0 1 0 0 1 0 0 1 -5.89502e-05 -8.38188e-06 1 0 0 1 0 0 1 0 0 1 0 0 1 0 0 1 0 0 1 0 0 1 0 0 1 0 0 1 0 0 0.0525626 0 -0.998618 0.0626771 -0.00016306 -0.998034 0.227072 -0.000459947 -0.973878 0.201254 0.000479674 -0.979539 0.369372 0.000396373 -0.929282 0.395641 -0.000386402 -0.918405 0.524586 0.0002821 -0.851357 0.545332 -0.000282056 -0.83822 0.636122 0.000235987 -0.771589 0.644883 0 -0.764282 0.731715 0 -0.68161 0.731715 0 -0.68161 0.831863 0 -0.55498 0.831863 0 -0.55498 0.916131 0 -0.40088 0.921456 0.000479696 -0.388481 0.966629 -0.000163019 -0.25618 0.991085 0 -0.133233 0.969174 0 -0.246376 0.991085 0 -0.133233 0.998618 0 -0.052563 0.998618 0 -0.052563 0.611476 -0.782764 -0.115658 0.719419 -0.679065 -0.14597 0.373749 -0.897244 -0.235086 0.790531 -0.592425 -0.15522 0.526315 -0.807918 -0.265067 0.713551 -0.605083 -0.353158 0.453687 -0.643097 -0.616923 0.585581 -0.600764 -0.544222 0.543129 -0.633465 -0.55112 0.283093 -0.710804 -0.643906 0.683761 -0.456258 -0.569474 0.674627 -0.377016 -0.634616 0.701572 -0.257289 -0.66453 0.614136 -0.357322 -0.703674 0.730302 -0.309295 -0.609094 0.392735 -0.176731 -0.90251 0.696413 -0.146708 -0.702486 0.663758 -0.0203439 -0.747671 0.653155 -0.0792237 -0.753069 0.581819 -0.0850924 -0.808854 0.695352 0.104715 -0.711 0.648279 0.15714 -0.745011 0.644879 0.157734 -0.747831 0.622265 0.170761 -0.763955 0.719957 0.208716 -0.661891 0.689231 0.314367 -0.65279 0.676785 0.335853 -0.655106 0.722073 0.315614 -0.615628 0.697082 0.353323 -0.623891 0.554102 0.524153 -0.646711 0.711861 0.430989 -0.554528 0.642766 0.516314 -0.565925 0.664253 0.503808 -0.552218 0.703334 0.527101 -0.476954 0.618166 0.680725 -0.393046 0.639593 0.657482 -0.398293 0.584994 0.703802 -0.403045 0.647942 0.651474 -0.394654 0.715801 0.648714 -0.258454 0.624221 0.765404 -0.156539 0.745197 0.650118 -0.148418 0.548146 0.835054 -0.0471229 0.654998 0.736677 -0.168178 0.709231 0.704031 -0.0364931 0.601466 0.79086 0.113041 0.771487 0.629844 0.0900266 0.542852 0.83431 0.0961214 0.714128 0.657447 0.240384 0.522081 0.796648 0.304604 0.549945 0.706513 0.445421 0.806112 0.500584 0.315593 0.59266 0.672787 0.442845 0.623097 0.533659 0.571802 0.68675 0.517534 0.510424 0.60138 0.464089 0.650356 0.743742 0.395121 0.539191 0.618616 0.464412 0.633747 0.707035 0.334759 0.622927 0.672958 0.252985 0.695073 0.459637 0.274089 0.844754 0.625272 0.162277 0.763348 0.664202 0.179389 0.72571 0.575345 0.196272 0.794012 0.695608 0.0336359 0.717634 0.526889 -0.144419 0.837575 0.66987 -0.0968215 0.736138 0.617447 -0.102577 0.779895 0.297122 -0.226223 0.927654 0.723101 -0.255188 0.641876 0.614442 -0.450628 0.647607 0.759062 -0.360081 0.542371 0.571093 -0.454035 0.68389 0.379187 -0.670045 0.638167 0.669728 -0.542041 0.507598 0.530984 -0.70905 0.464009 0.572003 -0.677162 0.462887 0.738337 -0.55678 0.380597 0.719656 -0.640002 0.269245 0.71795 -0.674166 0.173342 0.537432 -0.82444 0.177385 0.61476 -0.777287 0.133773 0.474391 -0.86756 0.149309 0.672731 -0.739283 0.02989 -1 0 0 -1 0 0 -1 0 0 -1 0 0 -1 0 0 -1 0 0 -1 0 0 -1 0 0 -1 0 0 -1 0 0 -1 0 0 -1 0 0 -1 0 0 -1 0 0 -1 0 0 -1 0 0 -1 0 0 -1 0 0 -1 0 0 -1 0 0 -1 0 0 -1 0 0 -1 0 0 -1 0 0 -1 0 0 -1 0 0 -1 0 0 -1 0 0 -1 0 0 -1 0 0 -1 0 0 -1 0 0 -1 0 0 -1 0 0 -1 0 0 -1 0 0 -1 0 0 -1 0 0 -1 0 0 -1 0 0 -1 0 0 -1 0 0 -1 0 0 -1 0 0 -1 0 0 -1 0 0 -1 0 0 -1 0 0 -1 0 0 -1 0 0 -1 0 0 -0.657141 -0.752811 0.0379657 -0.845926 0.382844 -0.371268 -0.454992 -0.886326 -0.0860706 -0.298672 -0.916896 -0.264759 -0.331431 -0.881843 -0.335419 -0.969598 -0.190471 -0.153622 -0.319569 -0.578562 -0.750428 -0.690481 -0.603802 -0.398321 -0.878841 -0.188494 -0.438302 -0.959569 -0.0712479 -0.272306 -0.27033 -0.0201046 -0.962558 -0.260103 -0.0124095 -0.965501 -0.267928 0.18697 -0.945123 -0.416605 0.26548 -0.86946 -0.559101 0.142444 -0.816772 -0.381744 0.443233 -0.811059 -0.949199 0.242167 -0.200937 -0.96577 0.192702 -0.173652 -0.366743 0.872308 -0.323386 -0.367832 0.84696 -0.383873 -0.971311 0.237508 -0.0120411 -0.976258 0.216534 -0.00579822 -0.310054 0.899259 0.308544 -0.276081 0.886746 0.370758 -0.288192 0.87882 0.38029 -0.957783 0.225329 0.178547 -0.88817 0.325306 0.324546 -0.768779 0.337073 0.543471 -0.921825 0.132498 0.364258 -0.961682 0.0687365 0.265411 -0.891616 0.0573953 0.44914 -0.832268 -0.0834936 0.54805 -0.953445 -0.096393 0.285747 -0.287596 -0.486525 0.824974 -0.243648 -0.561626 0.790703 -0.435464 -0.70322 0.562007 -0.455175 -0.702756 0.546763 -0.290895 -0.812453 0.505273 -0.288345 -0.83624 0.466433 0.0132523 -0.973316 0.229084 -0.0624555 -0.992134 0.108483 -0.0347868 -0.878691 -0.476122 0.000375592 -0.774112 -0.633048 -0.0691696 -0.616902 -0.783995 0.0366246 -0.463116 -0.885541 -0.023133 -0.394964 -0.918405 0.0494587 -0.223861 -0.973365 -0.0234067 0.547605 -0.836409 0.00653458 0.742855 -0.669421 0.0506073 0.714109 -0.698203 0.0126981 0.859896 -0.510311 0.0282498 0.965927 -0.257268 -0.00420479 0.998709 -0.0506321 0.0263618 0.999513 -0.0166785 -0.0275023 0.979684 0.198651 0.0202754 0.818143 0.574657 -0.0223922 0.707755 0.706103 0.0186357 0.676012 0.736655 -0.0244163 0.517828 0.855136 -0.0134901 0.527028 0.849741 0.0105492 0.35405 0.935167 0 0.341835 0.93976 0 0.149738 0.988726 -0.0258953 0.126716 0.991601 -0.0658271 -0.150282 0.986449 0.020225 -0.0585242 0.998081 0.00527485 -0.282446 0.959269 -0.058995 -0.43072 0.900555 -0.0340198 -0.931982 0.360904 0.244008 -0.800187 0.547869 0.267403 -0.818253 0.50888 0.439014 -0.626022 0.644486 0.456736 -0.611347 0.646257 0.409256 -0.602899 0.684852 0.38767 -0.586035 0.71153 0.868328 -0.140092 0.475795 0.921334 -0.0875095 0.378795 0.722495 -0.0404705 0.690191 0.797449 0.0903498 0.596583 0.928691 0.0982931 0.35759 0.84985 0.186604 0.492884 0.767077 0.332315 0.548781 0.89182 0.305875 0.333314 0.954476 0.221786 0.199464 0.304518 0.850195 0.429461 0.268117 0.888823 0.371627 0.283804 0.890374 0.355935 0.974756 0.222956 0.0118865 0.954935 0.296773 -0.00495213 0.352544 0.868464 -0.348543 0.351096 0.869873 -0.346487 0.95945 0.228894 -0.164511 0.857579 0.367775 -0.359583 0.603666 -0.10897 -0.789755 0.289262 0.434239 -0.853091 0.54295 0.275912 -0.793145 0.349735 0.181809 -0.919038 0.307363 -0.0122297 -0.951514 0.373668 -0.0733984 -0.924654 0.965516 -0.0756494 -0.24911 0.84554 -0.247429 -0.473119 0.610123 -0.734 -0.298318 0.973772 -0.195844 -0.115816 0.285382 -0.635677 -0.717267 0.367398 -0.893217 -0.259194 0.365761 -0.894177 -0.258199 0.366475 -0.926072 -0.0899302 0.296927 -0.943565 -0.146695 0.972815 -0.228824 0.0356475 0.950731 -0.301771 0.0710264 1 0 0 1 0 0 1 0 0 1 0 0 1 0 0 1 0 0 1 0 0 1 0 0 1 0 0 1 0 0 1 0 0 1 0 0 1 0 0 0.290245 -0.915033 0.280128 -0.142756 -0.981869 0.124716 -0.719109 -0.68141 0.136248 0.058479 -0.99622 0.0642271 -0.735493 -0.676927 0.0286318 -0.834586 -0.538651 -0.115414 -0.462855 -0.864669 -0.195227 -0.724143 -0.537899 -0.431603 -0.987542 -0.101174 -0.120515 -0.994037 -0.0405412 -0.101227 -0.998049 -0.0516339 -0.0351021 -0.859024 -0.254436 -0.44423 -0.247139 -0.373919 -0.893928 -0.640786 0.0303364 -0.76712 -0.905694 0.0644051 -0.419011 -0.749139 0.146812 -0.645939 -0.984886 0.025691 -0.171287 -0.631533 0.533264 -0.562846 -0.840799 0.397626 -0.367357 -0.947002 0.231643 -0.22255 -0.437345 0.72639 -0.530177 -0.0158793 0.974508 -0.223791 0.161293 0.986867 -0.00883827 -0.46635 0.871842 -0.149699 0.381981 0.919381 0.0939665 0.422266 0.882589 0.206708 -0.985069 0.162388 -0.0571726 0.105649 0.912377 0.395483 -0.992991 -0.0808781 0.0861884 -0.992037 0.12096 0.0350977 -0.989128 0.0107844 -0.146662 0.0291536 0.788273 0.614634 0.324832 0.651376 0.685706 0.321826 0.533875 0.781924 -0.962574 0.114899 0.245459 -0.446247 0.295004 0.844888 -0.393461 0.307248 0.86648 -0.013514 0.216547 0.976179 -0.585644 -0.0541899 0.808755 -0.588714 -0.053905 0.806542 -0.230526 -0.417172 0.879105 0.239935 -0.514806 0.823047 -0.981628 -0.119843 0.148472 0.409971 -0.593534 0.692562 -0.997355 0.0713323 0.0139912 0.0635503 -0.792051 0.607138 0.0489696 -0.793847 0.606143 -0.997621 -0.0388843 0.0569198 0.429495 -0.806029 0.407249 -0.00057355 -0.956195 0.29273 0.0016564 -0.966827 0.255427 -0.00114715 -0.98059 0.196069 0.00267472 -0.993477 0.114 -0.00190974 -0.997926 0.0643371 0.00190962 -0.999822 -0.0187531 0.0119748 -0.995782 0.0909624 -0.00172807 -0.986777 -0.162075 -0.00149884 -0.987015 -0.160622 0.00143298 -0.958572 -0.284846 -7.64515e-05 -0.954748 -0.297415 0.00697667 -0.900025 -0.435782 -0.00369135 -0.853615 -0.520891 0.00385973 -0.807993 -0.58918 -0.00272905 -0.742232 -0.670137 0.00579607 -0.69453 -0.71944 -0.0042139 -0.572696 -0.819757 0.00298118 -0.527187 -0.849744 -0.00431806 -0.385885 -0.922537 0.00454615 -0.339421 -0.940624 0.00229643 -0.29285 -0.956156 0.00510994 -0.145043 -0.989412 -0.00112433 -0.0964905 -0.995333 0.00143301 0.0145795 -0.999893 -0.00143293 0.0395149 -0.999218 0.00143298 0.163443 -0.986552 -0.00537911 0.221629 -0.975116 0.00136069 0.308655 -0.951173 -0.00324135 0.377087 -0.926172 0.00789526 0.466913 -0.884268 0.000471854 0.579507 -0.814968 0.0057268 0.625135 -0.780495 -0.00190966 0.687771 -0.725925 0.00190965 0.745676 -0.666306 -0.00716191 0.807713 -0.589533 0.0020025 0.854376 -0.519652 -0.000641043 0.882885 -0.469589 0.00796076 0.934593 -0.35563 -0.00246413 0.98573 -0.168314 0.00229203 0.999513 -0.0311082 0 0.99996 -0.00895553 0 0.994817 0.101677 0.00208481 0.992256 0.124195 -0.00155566 0.973652 0.228036 0.00282984 0.96078 0.277298 -0.00560479 0.919669 0.392654 0.0106574 0.87879 0.477089 -0.002063 0.787442 0.616386 0.00229166 0.764658 0.644433 -0.00152931 0.688724 0.725022 0.00241345 0.646198 0.763166 -0.00175102 0.563873 0.82586 0.00290939 0.529898 0.848057 -0.00470895 0.423946 0.905675 0.00286491 0.363365 0.931642 -0.00186285 0.265787 0.96403 0.00120092 0.135953 0.990714 -0.0085231 -0.031603 0.999464 -0.00353623 -0.00404153 0.999986 0.000599445 -0.15338 0.988167 -0.00200288 -0.20289 0.9792 0.00721599 -0.326557 0.94515 -0.000403964 -0.395948 0.918273 0.00742455 -0.530282 0.847789 0.00468043 -0.51793 0.85541 -0.00190878 -0.650733 0.759304 0.00502968 -0.695426 0.71858 -0.00579906 -0.792024 0.610463 0.00317506 -0.827427 0.561565 -0.0019205 -0.903048 0.429535 0.0032073 -0.918397 0.395647 1 0 0 0.984543 0.131009 -0.116239 0.968522 0.138326 0.206956 1 0 0 0.947419 0.311683 0.072466 0.942751 0.24555 0.225665 0.95389 0.299582 0.018582 0.944209 0.234883 0.230869 0.939628 0.340918 -0.0295769 0.945048 0.326357 -0.0193972 0.977561 0.130073 0.165698 0.955409 0.285838 -0.0740927 0.985004 0.0825364 0.151508 0.944532 0.30351 -0.125461 0.985046 0.0588949 0.161912 0.990741 0.0779398 0.111162 0.953329 0.270221 -0.134701 1 0 0 0.946006 0.254002 -0.201383 1 0 0 0.978246 0.197918 -0.0621592 1 0 0 1 0 0 1 0 0 1 0 0 1 0 0 1 0 0 1 0 0 1 0 0 1 0 0 1 0 0 1 0 0 1 0 0 1 0 0 1 0 0 0.964792 -0.113652 -0.237191 1 0 0 1 0 0 0.953962 -0.0447467 -0.296572 1 0 0 0.951239 -0.0829127 -0.297102 0.946161 -0.103306 -0.306769 0.951422 -0.115047 -0.285588 1 0 0 1 0 0 0.952732 -0.151348 -0.263431 1 0 0 1 0 0 0.931027 -0.230485 -0.282959 0.935609 -0.218951 -0.276942 1 0 0 0.94967 -0.230691 -0.211916 1 0 0 0.946291 -0.269078 -0.17925 1 0 0 0.958024 -0.223386 -0.179689 0 0.956191 -0.292742 -0.000689293 0.952891 -0.303312 0.000143413 0.984842 -0.173454 -0.00111706 0.987631 -0.156792 0.00186018 0.999996 0.00211908 -0.00113113 0.999234 0.0391121 0.00139569 0.979749 0.200223 -0.00122138 0.97303 0.230677 0.00103852 0.929389 0.3691 -0.000856622 0.91829 0.395908 0.00123189 0.839262 0.543726 0 0.832244 0.55441 0.000856618 0.727503 0.686104 0 0.736438 0.676505 0.00280124 0.585948 0.810344 -0.0007762 0.63155 0.775334 -0.000775935 0.498163 0.867083 0.0018615 0.454293 0.89085 -0.000897194 0.373662 0.927564 0.000897221 0.305954 0.952046 -0.000310731 0.2688 0.963196 0 0.171561 0.985174 0.00197351 0.149191 0.988806 0 0.0338828 0.999426 -0.00324326 -0.0240196 0.999706 0.000282316 -0.0994187 0.995046 -0.00183752 -0.195716 0.980659 0 -0.224587 0.974454 0 -0.37656 0.926392 -0.00132954 -0.389729 0.920929 0.000621139 -0.501844 0.864958 0 -0.513306 0.858206 0 -0.598857 0.800856 0.000828409 -0.616455 0.78739 -0.000517629 -0.67152 0.740986 0.00179023 -0.716003 0.698094 -0.00266814 -0.783595 0.621266 0.00111682 -0.821795 0.569782 -0.00379878 -0.894963 0.446125 0 -0.914248 0.405156 0 -0.968008 0.250919 0 -0.968008 0.250919 0 -0.996258 0.0864318 0 -0.996258 0.0864318 0 -0.998082 -0.0619076 0 -0.998082 -0.0619076 0 -0.974021 -0.226459 0 -0.974021 -0.226459 0.00212984 -0.914262 -0.405117 0 -0.925448 -0.378874 -0.000992738 -0.846929 -0.531705 0.00140152 -0.828651 -0.559764 0.000310776 -0.708554 -0.705656 -0.00230982 -0.736289 -0.676663 -0.000827578 -0.617475 -0.78659 0 -0.608719 -0.793386 0 -0.498164 -0.867083 -0.0011293 -0.478385 -0.87815 0.00124129 -0.363396 -0.931634 -0.000262765 -0.341835 -0.93976 0.00131992 -0.202327 -0.979317 0.00211986 -0.194183 -0.980963 -0.000852031 -0.0103421 -0.999946 -0.00105499 -0.0128526 -0.999917 -6.9051e-05 0.115454 -0.993313 -0.00310205 0.175734 -0.984433 0.00103442 0.256839 -0.966454 -0.00103439 0.336207 -0.941788 0.00144887 0.382733 -0.923858 -0.000621303 0.458096 -0.888903 0.000897248 0.511382 -0.859353 -0.000655509 0.553581 -0.832795 0.00124165 0.615361 -0.788244 -0.00266131 0.675201 -0.737629 0.000659695 0.725971 -0.687725 -0.00230161 0.794529 -0.607222 -0.00110358 0.805035 -0.593226 0.000355077 0.868849 -0.495077 -0.000310654 0.879233 -0.476391 0.000828413 0.906619 -0.421949 0 0.915747 -0.401756 0.363139 -0.855707 0.36864 0.0429636 -0.88199 0.469306 0.53259 -0.747182 0.397575 0.342037 -0.777525 0.527698 0.356488 -0.781898 0.511421 0.316525 -0.659678 0.681643 0.424549 -0.589709 0.687024 0.442681 -0.481805 0.756239 0.0907907 -0.648631 0.755669 0.187872 -0.508714 0.840187 0.414657 -0.29602 0.860483 0.417805 -0.296697 0.858726 0.111918 -0.323261 0.939668 0.292188 -0.146686 0.945045 0.454701 -0.161961 0.875794 0.38234 -0.00373448 0.924014 0.351351 -0.0174534 0.936081 0.191248 -0.0182979 0.981371 0.0527488 0.33506 0.940719 0.0259707 0.0660374 0.997479 0.506349 0.20822 0.836812 0.363032 0.265722 0.893084 0.114166 0.531043 0.839619 0.587623 0.294013 0.753827 0.364173 0.493512 0.789825 0.325005 0.611119 0.721738 0.517467 0.654322 0.551445 0.417274 0.718675 0.556227 0.39829 0.723737 0.563533 0.283579 0.842763 0.45753 -0.0571379 0.957618 0.282317 0.548427 0.803406 0.231877 0.403351 0.862631 0.305248 0.276028 0.953708 0.11937 0.319709 0.947057 -0.0294756 0.354761 0.93331 -0.0554718 0.0949695 0.938364 -0.332346 0.0901601 0.961599 -0.259227 0.326061 0.87365 -0.361136 0.252486 0.790374 -0.558176 0.430221 0.771267 -0.469103 0.255731 0.720882 -0.644151 0.581023 0.620355 -0.526852 0.354249 0.559452 -0.749347 0.0949445 0.595545 -0.797692 0.442272 0.560681 -0.700023 0.372911 0.328984 -0.867587 0.289102 0.446989 -0.846535 0.448696 0.275841 -0.850049 0.486049 0.254261 -0.836126 0.147059 0.287777 -0.94634 0.294951 0.156172 -0.942663 0.275855 0.0140138 -0.961097 0.410101 -0.0193044 -0.911836 0.344336 -0.0326171 -0.93828 0.249865 -0.140444 -0.958041 0.293231 -0.305115 -0.906046 0.259117 -0.327831 -0.908507 0.280593 -0.506011 -0.815611 0.429028 -0.560211 -0.708589 0.304414 -0.661579 -0.685307 0.307623 -0.768818 -0.560614 0.594899 -0.723459 -0.35029 0.350943 -0.849268 -0.394439 0.514923 -0.784382 -0.34583 0.4018 -0.877792 -0.260841 0.388278 -0.909358 -0.149359 0.505769 -0.862517 -0.0161777 0.343729 -0.932947 0.107054 0.53724 -0.8392 0.0843561 0.163061 -0.986614 -0.0018081 0.536206 -0.844086 -0.00154689 0.272083 -0.930354 0.245791 1 0 0 -1 0 0 -1 0 0 -1 0 0 -1 0 0 1 0 0 1 0 0 -1 0 0 -1 0 0 1 0 0 1 0 0 1 0 0 1 0 0 1 0 0 1 0 0 1 0 0 1 0 0 1 0 0 1 0 0 1 0 0 1 0 0 1 0 0 1 0 0 1 0 0 1 0 0 1 0 0 1 0 0 0 0.866107 -0.499858 0 0.866107 -0.499858 0 0.000166472 -1 0 0.000166472 -1 0 -0.865943 -0.500143 0 -0.865943 -0.500143 0 -0.866107 0.499858 0 -0.866107 0.499858 0 -0.000166472 1 0 -0.000166472 1 0 0.865943 0.500143 0 0.865943 0.500143 -1 0 0 -1 0 0 -1 0 0 -1 0 0 -0.00462097 -0.999956 0.00821395 0.0083209 -0.983532 0.180542 -0.0021437 -0.866523 0.499133 0.00636907 -0.723677 0.690109 -0.00205857 -0.582429 0.812879 0.00310632 -0.284963 0.958534 -0.00186823 -0.207107 0.978317 0.00181473 0.187931 0.982181 -0.0025241 0.256254 0.966606 0.0045077 0.692826 0.72109 0.000788216 0.722176 0.691709 6.41833e-05 0.961159 0.275995 0.00230717 0.969686 0.244343 -0.0017868 0.9916 -0.129331 0.00484955 0.964523 -0.263954 -0.00193997 0.85787 -0.513863 0.00322334 0.770865 -0.63699 -0.00280458 0.626248 -0.779619 0.00323 0.445388 -0.895332 -0.00181764 0.302531 -0.953138 0.00387425 0.0631394 -0.997997 -0.00346097 -0.093637 -0.9956 0.00250891 -0.359516 -0.933135 -0.0037231 -0.498354 -0.866966 0.00202913 -0.689409 -0.72437 -0.00671347 -0.847568 -0.530644 0.00262418 -0.927171 -0.374629 0.361051 -0.927659 -0.0953498 0.133877 -0.908201 0.396544 0.200672 -0.68273 0.702575 0.804453 -0.115026 0.582773 0.294145 -0.565661 0.770393 0.344646 0.200885 0.916986 0.201082 0.425997 0.882095 0.306319 0.839893 0.448049 0.555143 0.812266 0.178998 0.341321 0.936227 -0.0835387 0.259128 0.831804 -0.490872 0.358675 0.598827 -0.716072 0.557361 0.22542 -0.799084 0.58879 0.188552 -0.785986 0.24612 -0.241885 -0.938572 0.192452 -0.748068 -0.635103 0.511172 -0.834099 -0.207321 -0.648776 -0.754678 -0.0977267 -0.6685 -0.739814 -0.0760421 -0.347725 -0.714747 -0.606814 -0.318741 -0.236545 -0.917851 -0.593867 0.21844 -0.774342 -0.789842 0.393446 -0.470479 -0.736554 0.368184 -0.567387 -0.526687 0.732088 -0.432027 -0.316843 0.944725 -0.0842969 -0.357143 0.824118 0.439634 -0.714373 0.304314 0.630131 -0.745004 0.255856 0.616042 -0.322008 -0.227664 0.918956 -0.372744 -0.100963 0.922425 -0.287962 -0.667386 0.686785 -0.380586 -0.847484 0.370034 0.998418 -0.0553101 0.010153 0.998674 -0.0372576 0.0355294 0.998738 -0.0143132 0.0481454 0.998706 0.00955579 0.0499411 0.998444 0.0386368 0.040213 0.998229 0.057692 0.0145373 0.997939 0.0618948 -0.0169383 0.997729 0.0519191 -0.0429024 0.997599 0.0308479 -0.0620114 0.997572 0.00439723 -0.0695038 0.997779 -0.0239493 -0.0621611 0.998014 -0.0434246 -0.0456267 0.998231 -0.0551252 -0.0222737 0 0 -1 0 0 -1 0 0 -1 0 0 -1 0 0 -1 0 0 -1 0 0 -1 0 0 -1 0 0 -1 0 0 -1 0 0 -1 0 0 -1 0 0 -1 0 0 -1 0 0 1 0 0 1 0 0 1 0 0 1 0 0 1 0 0 1 0 0 1 0 0 1 0 0 1 0 0 1 0 0 1 0 0 1 0 0 1 0 0 1 0 0 1 0 0 1 0 0 1 0 0 1 0 0 1 0 0 1 0 0 1 0 0 1 0 0 1 0 0 1 0 0 1 0 0 1 0 0 1 0 0 1 0 0 1 0 0 1 0 0 1 0 0 1 0 0 1 0 0 1 0 0 1 0 0 1 0 0 1 0 0 1 0 0 1 0 0 1 0 0 1 0 0 1 0 0 1 0 0 1 0 0 1 0 0 1 0 0 1 0 0 1 0 0 1 0 0 1 0 0 1 0 0 1 0 0 1 0 0 1 0 0 1 0 0 1 0 0 1 0 0 1 0 0 1 0 0 1 0 0 1 -0.219342 0.975324 0.0251577 -0.399752 0.91442 -0.0635144 0.576398 -0.817169 0 0.576398 -0.817169 0 -0.41949 -0.90776 0 -0.41949 -0.90776 0 -0.995888 -0.0905911 0 -0.995888 -0.0905911 0 -0.576398 0.817169 0 -0.576398 0.817169 0 0.41949 0.90776 0 0.41949 0.90776 0 0.995888 0.0905911 0 0.995888 0.0905911 0 -0.860327 0.509743 0 -0.860327 0.509743 0 -0.777606 0.628751 0 -0.777606 0.628751 0 -0.691752 0.722135 0.000421229 -0.71204 0.702139 0 -0.625106 0.78054 -0.000140508 -0.594768 0.803897 0.000344736 -0.544273 0.838908 -0.000304326 -0.4825 0.875896 0.000304336 -0.448168 0.893949 -0.000105387 -0.37801 0.925802 0.000383037 -0.356932 0.93413 0 -0.262149 0.965028 0 -0.262149 0.965028 0 -0.142366 0.989814 -0.000267643 -0.131898 0.991263 0 -0.0269863 0.999636 -2.34191e-05 0.000719316 1 -0.000491438 0.09475 0.995501 0.000304335 0.155712 0.987803 -0.000344726 0.19341 0.981118 0.000140494 0.29543 0.955364 0.000140539 0.252048 0.967715 -0.000240886 0.404332 0.914612 0.000350936 0.327023 0.945016 -6.49795e-09 0.419477 0.907766 0 0.522049 0.852916 0 0.522049 0.852916 0 0.630514 0.776178 0 0.647943 0.761689 -0.000383052 0.704665 0.709541 0.000105376 0.731651 0.681679 -0.000304333 0.79251 0.609859 0.000491437 0.809102 0.587668 2.34115e-05 0.871614 0.490193 0.000267635 0.866385 0.499377 0 0.924942 0.380109 0 0.933318 0.35905 -0.000383039 0.958192 0.286126 0.000105381 0.968568 0.24875 -0.000304338 0.983956 0.178414 0.000304336 0.991626 0.129146 -0.000222352 0.999166 0.0408374 0.000526374 0.999907 0.0136455 -4.7916e-05 0.995233 -0.0975213 0 0.994092 -0.108537 0.00021049 0.975994 -0.217799 0 0.975994 -0.217799 0 0.933033 -0.359792 0 0.933033 -0.359792 0 0.848554 -0.529109 0 0.865665 -0.500623 -0.0011204 0.770918 -0.636935 0.000280793 0.742498 -0.669848 -0.000453283 0.654897 -0.755717 0.00084148 0.626186 -0.779673 -2.6371e-05 0.502989 -0.864293 0.000288988 0.520821 -0.853666 -0.000280259 0.392891 -0.919585 2.34252e-05 0.37801 -0.925802 -0.000249022 0.274164 -0.961683 0.000447524 0.251445 -0.967872 0 0.137872 -0.99045 0 0.137872 -0.99045 0 0.0159141 -0.999873 0 0.0159141 -0.999873 0 -0.09475 -0.995501 0 -0.09475 -0.995501 0 -0.19341 -0.981118 0 -0.19341 -0.981118 0 -0.279512 -0.960142 0 -0.29543 -0.955364 0.000140539 -0.353807 -0.935318 -0.000120435 -0.373719 -0.927542 0.000105375 -0.429526 -0.903054 -0.000280999 -0.473997 -0.880526 0.000351174 -0.540808 -0.841146 -0.000140489 -0.580935 -0.81395 0.000473824 -0.62188 -0.783112 -0.000175584 -0.688404 -0.725328 0.000383044 -0.704665 -0.709541 0 -0.778803 -0.627268 0.000187193 -0.771809 -0.635855 0 -0.831286 -0.555845 -1.06155e-09 -0.863033 -0.505147 0.000884201 -0.887653 -0.460513 2.34107e-05 -0.934815 -0.355136 0 -0.938505 -0.345265 0.000288991 -0.979482 -0.201531 0 -0.977377 -0.211504 0.000258127 -0.997685 -0.0679977 -4.79001e-05 -0.997984 -0.0634702 4.78982e-05 -0.997554 0.0699021 -0.000233792 -0.997455 0.071296 -0.000263287 -0.982785 0.184752 0.000220265 -0.980578 0.196129 0 -0.952876 0.30336 0 -0.952876 0.30336 0 -0.913486 0.406871 0 -0.913486 0.406871 0 0 0 1 0 0 1 0 0 1 -0.766616 0.479193 0.427404 -0.778637 0.586175 0.223883 -0.598456 0.772068 0.213921 -0.555795 0.782402 0.28096 -0.0775823 0.174881 0.981528 -0.139765 0.951135 0.275333 0.112022 0.969535 0.217835 0.194365 0.893057 0.405798 0.342251 0.922924 0.176281 0.595171 0.764006 0.24913 0.617123 0.474921 0.627383 0.579938 0.469672 0.665642 0.819881 0.368126 0.438496 0.786927 0.128608 0.603495 0.204409 -0.0336682 0.978306 0.802768 -0.415245 0.427943 0.811026 -0.532468 0.242311 0.420748 -0.727271 0.542262 0.354287 -0.688203 0.633133 0.274879 -0.917025 0.288975 -0.0810872 -0.96616 0.244866 -0.181098 -0.889989 0.418477 -0.193895 -0.898234 0.394436 -0.428438 -0.892527 0.140844 -0.587109 -0.787225 0.188625 -0.604549 -0.624648 0.494303 -0.765392 -0.579454 0.280016 -0.854619 -0.375065 0.3591 -0.791609 -0.19603 0.578729 -0.58209 -0.0644135 0.810569 -0.877332 0.0840961 0.472457 -0.9225 0.335689 0.190545 -0.533994 0.194316 -0.822856 -0.59023 0.245008 -0.769155 -0.96201 0.00655825 -0.272934 -0.96625 -0.147071 -0.211495 -0.772526 -0.339037 -0.536897 -0.701331 -0.350561 -0.620679 -0.766755 -0.580486 -0.274083 -0.635584 -0.755218 -0.160247 -0.449919 -0.710002 -0.541729 -0.357234 -0.921761 -0.150801 -0.207625 -0.961842 -0.178191 -0.054623 -0.916979 -0.395178 0.0205465 -0.97892 -0.203206 0.230353 -0.970279 -0.0741441 0.482166 -0.521832 -0.70371 0.359395 -0.448209 -0.818501 0.51923 -0.476165 -0.709695 0.819089 -0.0212936 -0.573271 0.829259 -0.0458694 -0.556978 0.646371 0.0348398 -0.762228 0.848726 0.342781 -0.402698 0.714153 0.578368 -0.394304 0.468664 0.601613 -0.646851 0.40355 0.571031 -0.714892 0.362254 0.841401 -0.40102 0.038626 0.961005 -0.273821 0.028015 0.955407 -0.293961 -0.0294188 0.100937 -0.994458 -0.494233 0.707328 -0.505392 -0.545066 0.703189 -0.456541 -0.687863 0.517838 -0.508614 -0.197555 0.117051 0.973278 -0.227293 0.183783 0.956327 -0.221822 0.231565 0.947192 -0.181527 0.245354 0.952286 -0.121125 0.219882 0.967978 -0.0759334 0.185972 0.979617 -0.040175 0.147893 0.988187 -0.0249751 0.128288 0.991422 -0.0209964 0.145979 0.989065 -0.00517405 0.191659 0.981448 0.023906 0.251171 0.967648 0.0590651 0.299623 0.952228 0.101769 0.3291 0.938795 0.147657 0.334006 0.930934 0.166377 0.271824 0.947856 0.1524 0.187608 0.970349 0.13599 0.136931 0.981201 0.114057 0.0877701 0.98959 0.0942118 0.0550952 0.994026 0.095873 0.0552604 0.993858 0.132692 0.0545304 0.989656 0.168759 0.0503934 0.984368 0.216117 0.039187 0.975581 0.277819 0.0113549 0.960566 0.295751 -0.0289801 0.954825 0.274699 -0.0613007 0.959574 0.219101 -0.0844887 0.972037 0.14736 -0.08522 0.985405 0.0930894 -0.0769108 0.992683 0.0714612 -0.0707284 0.994933 0.077271 -0.0891667 0.993015 0.0835292 -0.136911 0.987055 0.0804752 -0.188357 0.978798 0.0670013 -0.23502 0.969679 0.0359835 -0.258499 0.965341 0.00388954 -0.244378 0.969672 -0.020418 -0.214524 0.976505 -0.0354175 -0.179664 0.98309 -0.0443134 -0.143301 0.988687 -0.0480359 -0.119221 0.991705 -0.0496102 -0.0921589 0.994508 -0.0487816 -0.068348 0.996468 -0.0496254 -0.0742357 0.996005 -0.0868793 -0.0915393 0.992004 -0.133984 -0.107914 0.98509 -0.220011 -0.128776 0.96696 -0.338773 -0.1287 0.932024 -0.405342 -0.0834003 0.910353 -0.366837 -0.0233303 0.929993 -0.280307 0.0196421 0.95971 -0.156863 0.0540858 0.986138 -0.108168 0.0203344 0.993925 -0.134365 0.0427768 0.990008 -0.163931 0.0730155 0.983766 0 0 -1 0 0 -1 0 0 -1 0 0 -1 1 0 0 1 0 0 1 0 0 1 0 0 1 0 0 1 0 0 1 0 0 1 0 0 1 0 0 1 0 0 1 0 0 1 0 0 1 0 0 1 0 0 1 0 0 1 0 0 1 0 0 1 0 0 1 0 0 1 0 0 1 0 0 1 0 0 1 0 0 1 0 0 1 0 0 1 0 0 1 0 0 1 0 0 1 0 0 1 0 0 1 0 0 1 0 0 1 0 0 1 0 0 1 0 0 1 0 0 1 0 0 1 0 0 1 0 0 1 0 0 1 0 0 1 0 0 1 0 0 1 0 0 1 0 0 1 0 0 1 0 0 1 0 0 1 0 0 1 0 0 1 0 0 1 0 0 1 0 0 0.415712 0.829224 0.373591 0.198091 0.958642 0.204364 0.208663 0.970479 0.120955 0.944968 0.319782 -0.0691041 0.384429 0.861579 -0.331505 0.457168 0.886912 -0.0662242 0.928171 0.288424 -0.235181 0.976439 0.140903 -0.163442 0.968903 0.155031 -0.192853 0.804399 0.242617 -0.54229 0.838758 0.0797249 -0.538636 0.926226 0.0266558 -0.376025 0.500126 -0.156624 -0.851671 0.913123 -0.175137 -0.368149 0.247249 -0.549808 -0.797859 0.262639 -0.596306 -0.758577 0.943764 -0.270236 -0.190477 0.284303 -0.874203 -0.393625 0.225887 -0.909541 -0.348871 0.256204 -0.928932 -0.267292 0.886087 -0.459839 -0.0582992 0.248649 -0.951451 0.181422 0.23362 -0.96648 0.106483 0.95093 -0.282151 0.126978 0.373794 -0.760886 0.530406 0.321857 -0.734686 0.597198 0.433975 -0.55348 0.710863 0.515168 -0.495482 0.699356 0.246 -0.398406 0.883604 0.259253 -0.194926 0.945934 0.681638 -0.0133743 0.731567 0.305808 0.144322 0.941091 0.29891 0.163043 0.94025 0.958832 0.159421 0.235004 0.939966 0.180501 0.289628 0.797883 0.440216 0.411817 0.935575 0.287797 -0.204629 -0.0741191 0.996851 -0.0282014 0.0799812 0.960064 -0.268105 0.0277177 0.774715 -0.631703 -0.0874363 0.85685 -0.508097 -0.0353926 0.656936 -0.753115 0.000750652 0.626539 -0.779389 -0.0308536 0.408191 -0.912375 0 0.426901 -0.904299 0 0.146417 -0.989223 -0.0368264 0.121204 -0.991944 0.0383431 -0.180736 -0.982784 0.0794859 -0.15344 -0.984956 -0.0243793 -0.401672 -0.915459 0.0956376 -0.526839 -0.844567 -0.00317191 -0.722624 -0.691234 0.0152627 -0.844382 -0.535524 0.000437152 -0.986983 -0.160821 -0.00536891 -0.999657 0.0256513 -0.0233696 -0.971394 0.23632 0.00689095 -0.897841 0.440267 -0.0171832 0.318477 0.947775 0.00450482 0.528905 0.848669 -0.0026891 0.534087 0.845425 0.0385845 0.729725 0.682651 0.0195859 0.719559 0.694155 -0.0184335 0.866616 0.498635 0.0832019 0.911502 0.402793 -0.939135 0.297776 0.171335 -0.984667 0.125546 0.121114 -0.93664 0.284144 0.20486 -0.59402 0.429648 0.680105 -0.856835 0.185622 0.481018 -0.241795 0.217036 0.945744 -0.216876 0.0289587 0.97577 -0.311696 -0.0600267 0.948284 -0.260646 -0.0990133 0.960344 -0.270013 -0.39577 0.877758 -0.536424 -0.48508 0.690613 -0.451684 -0.548106 0.703961 -0.344576 -0.728455 0.592133 -0.377708 -0.745205 0.549551 -0.964856 -0.243136 0.0996938 -0.277588 -0.953311 0.118925 -0.356355 -0.904908 0.232709 -0.850669 -0.517017 -0.0951605 -0.268951 -0.922778 -0.275947 -0.216434 -0.911542 -0.349638 -0.249546 -0.886838 -0.388902 -0.950783 -0.2421 -0.193389 -0.312738 -0.578339 -0.753471 -0.40408 -0.689696 -0.600866 -0.917843 -0.159488 -0.363493 -0.964265 -0.0823954 -0.251801 -0.862853 -0.0778033 -0.499431 -0.608799 0.096219 -0.787468 -0.933434 0.108314 -0.342008 -0.763703 0.275593 -0.583786 -0.962346 0.212797 -0.16914 -0.837519 0.35918 -0.411766 -0.316486 0.854328 -0.412262 -0.319437 0.851165 -0.416507 -0.948252 0.317473 0.00534603 -0.508384 0.85312 0.117181 -0.429324 0.883302 0.188303 -0.462031 0.877805 -0.126435 -1 0 0 -1 0 0 -1 0 0 -1 0 0 -1 0 0 -1 0 0 -1 0 0 -1 0 0 -1 0 0 -1 0 0 -1 0 0 -1 0 0 -1 0 0 -1 0 0 -1 0 0 0.134353 0.989505 0.0531836 0.883136 0.468767 -0.0181198 0.808468 0.588073 -0.0234708 0.0976594 0.981607 -0.164041 0.992881 0.0990958 -0.0660917 0.586647 0.689354 -0.425014 0.993846 0.0944316 -0.0578952 0.430614 0.516101 -0.740413 0.889033 0.202906 -0.410426 0.806532 0.281914 -0.519645 0.960851 0.132179 -0.243505 0.342038 0.00400963 -0.939678 0.930698 -0.0687678 -0.359266 0.966985 -0.0667383 -0.245938 0.864715 -0.171877 -0.471938 0.865993 -0.111584 -0.487447 -0.198794 -0.599912 -0.774975 0.91428 -0.116133 -0.388078 -0.387342 -0.670184 -0.633103 -0.281642 -0.784863 -0.551967 0.504095 -0.800041 -0.325304 0.896949 -0.396833 -0.194953 0.998374 -0.0322082 0.0470353 0.989999 -0.116162 -0.0800555 0.00238844 -0.965854 -0.259076 0.770786 -0.63614 0.0348503 0.907845 -0.419006 0.0158728 0.185259 -0.969813 0.158559 0.673074 -0.612205 0.414942 0.766206 -0.531895 0.360578 0.175022 -0.767276 0.616972 0.714058 -0.312963 0.626239 0.973975 -0.101917 0.202451 0.903515 -0.247814 0.349642 0.51287 -0.0110332 0.858395 0.859873 0.0454871 0.508477 -0.788856 0.00790347 0.614527 0.695532 0.35407 0.625196 0.320695 0.546864 0.773366 0.950881 0.178327 0.25303 0.536617 0.435118 0.72299 -0.299672 0.698771 0.649551 -0.230555 0.839239 0.492466 0.190568 0.89138 0.411248 -0.581367 0.712794 0.392348 -0.00849956 0.920322 0.391068 -0.0042912 0.930639 0.365913 -0.00881853 0.996356 0.0848389 -0.000191463 0.986563 0.163379 -0.000801228 0.998876 0.047397 0.00391341 0.999774 0.0208906 -0.00132964 0.99032 -0.138797 0.00151774 0.987147 -0.159809 -0.00220395 0.948455 -0.316905 -0.0216824 0.978828 -0.203534 0.00169451 0.892589 -0.450868 -0.00311818 0.873872 -0.486147 0.00307137 0.800615 -0.599172 -0.00218746 0.779303 -0.626643 -0.00313346 0.658335 -0.752719 -0.000260786 0.67695 -0.736029 0.00143295 0.571833 -0.820369 0.00127238 0.57298 -0.819569 -0.000641299 0.443178 -0.896434 -0.00180339 0.451051 -0.892496 -0.00156834 0.29365 -0.955912 0.00164677 0.311207 -0.950341 -0.00311132 0.112175 -0.993684 -0.000191363 0.138733 -0.99033 0.00391353 -0.00404152 -0.999984 0.00243675 0.00426698 -0.999988 -0.00143298 -0.163443 -0.986552 0.00143293 -0.187999 -0.982168 -0.001433 -0.308655 -0.951173 0.00264361 -0.342205 -0.939622 -0.00206225 -0.466926 -0.884294 -0.000989754 -0.473798 -0.880633 -0.00119787 -0.60702 -0.794685 0.0017802 -0.623068 -0.782166 -0.00143295 -0.72597 -0.687725 -0.00127237 -0.726931 -0.68671 0.000382354 -0.817975 -0.575253 -0.00297747 -0.83298 -0.553295 0.00297754 -0.897535 -0.440934 -0.00332193 -0.918397 -0.395647 0.00360784 -0.96742 -0.253152 -0.00425925 -0.996739 -0.0805819 0.00387817 -0.999407 -0.0342243 0 -0.986897 0.161352 -0.0047709 -0.991108 0.132973 0 -0.974526 0.224275 -0.011669 -0.925401 0.37881 0.00274402 -0.87799 0.478671 -0.00545464 -0.837237 0.546813 0.00361395 -0.7793 0.626641 -0.00286426 -0.703855 0.710338 -0.00730953 -0.739607 0.673 -0.00518592 -0.587219 0.809411 0.00560697 -0.53891 0.842345 -0.00114598 -0.424474 0.905439 0.0065394 -0.342027 0.939667 0.000568835 -0.300654 0.953733 0.00024429 -0.16297 0.986631 -0.00229197 -0.138732 0.990327 0.00206229 -0.0128522 0.999915 -0.000264787 0.00404155 0.999992 -0.00335976 0.18145 0.983394 0.00208037 0.20734 0.978267 -0.00919246 0.43353 0.901092 -0.00078427 0.39644 0.918061 0.00157294 0.575306 0.817937 0.00194768 0.577357 0.816489 -0.00180336 0.702368 0.711812 0.00389466 0.732426 0.680835 -0.00544614 0.833086 0.553117 0.00376274 0.862468 0.506097 -0.954441 -0.277331 0.11014 -0.946866 -0.313418 0.0722093 -0.941092 -0.283533 0.184268 -0.952554 -0.263802 0.151818 -0.945489 -0.316717 0.0757683 -0.953371 -0.300856 0.0238742 -0.952782 -0.21828 0.211094 -0.96002 -0.25065 0.124645 -0.942785 -0.22421 0.246751 -1 0 0 -1 0 0 -0.951568 -0.181693 0.248003 -0.950986 -0.138722 0.276374 -1 0 0 -0.956962 -0.152995 -0.246609 -0.947191 -0.135649 0.290567 -0.954657 -0.272623 -0.119609 -0.954185 -0.0918519 0.28477 -0.945531 -0.275777 -0.172971 -0.951576 -0.253252 -0.174263 -0.945986 -0.048369 0.32058 -0.939648 -0.038688 0.339948 -0.948421 -0.0107414 0.316833 -0.953044 -0.218202 -0.209987 -0.942883 -0.217757 -0.252097 -0.950487 0.0273104 0.309564 -0.941767 0.0710534 0.328674 -0.955714 -0.164744 -0.243864 -0.94201 0.0712833 0.327927 -0.954921 0.111785 0.275008 -0.947254 -0.11821 -0.297888 -0.938982 -0.138886 -0.314679 -0.947377 0.160823 0.276789 -0.953206 -0.0649595 -0.295262 -0.950775 0.162651 0.263765 -0.953626 0.196818 0.227731 -0.959242 -0.0998258 -0.264366 -1 0 0 -0.947738 0.225571 0.225636 -0.954465 0.228934 0.191273 -1 0 0 -0.948835 0.269793 0.164082 -0.939705 0.302722 0.159103 -1 0 0 -1 0 0 -0.948914 0.289474 0.125569 -0.949571 0.304769 0.0736953 -1 0 0 -1 0 0 -1 0 0 -1 0 0 -0.965602 0.236344 0.108414 -1 0 0 -1 0 0 -1 0 0 -1 0 0 -1 0 0 -1 0 0 0 -0.963803 -0.266615 0.00223372 -0.971985 -0.235033 0 -0.989145 -0.146945 -0.000621367 -0.99886 -0.0477283 0.00124222 -0.99524 -0.0974458 0.000621155 -0.99865 0.0519497 -0.00158629 -0.995365 0.0961533 0.000879123 -0.985862 0.167559 -0.00178099 -0.972717 0.231988 0.00134516 -0.944557 0.328345 -0.00155183 -0.92065 0.390387 0.00249164 -0.880492 0.474055 -0.00122881 -0.839918 0.542712 0.00290965 -0.768251 0.640142 -0.000860287 -0.736291 0.676665 -0.00276327 -0.591253 0.806481 0.00100477 -0.626843 0.779145 0.000564624 -0.478385 0.87815 -0.00134519 -0.439442 0.89827 0.00247045 -0.326269 0.945274 -0.00146566 -0.262615 0.9649 0.00219541 -0.166791 0.98599 -0.00246145 -0.0886202 0.996062 0.00223412 0.0370057 0.999313 -0.00221283 0.11618 0.993226 0.00120911 0.214868 0.976642 -0.00202214 0.267934 0.963435 0.00247052 0.403778 0.914854 -0.000758638 0.453155 0.891431 0.00232023 0.559788 0.828633 0 0.582484 0.812842 0 0.691798 0.722091 0.0022747 0.720538 0.693411 -0.000990145 0.796331 0.60486 0.00192655 0.823809 0.566864 -0.00146314 0.875822 0.482631 0.00134518 0.91574 0.401769 -0.00100862 0.936101 0.35173 0.00176623 0.963709 0.266948 -0.000734198 0.975895 0.21824 0.000828366 0.990712 0.135972 0 0.993482 0.113987 0 0.99886 0.0477285 0.000710123 0.999814 0.0192577 -0.000414228 0.999164 -0.0408894 0.00101625 0.996866 -0.0791054 -0.001781 0.985744 -0.168244 0.000879148 0.972557 -0.232665 -0.00158627 0.953283 -0.302074 -0.000310701 0.900047 -0.435793 0.00195756 0.929388 -0.369099 0.00139311 0.834327 -0.551268 0.00202907 0.838481 -0.544927 0.000155231 0.753856 -0.657039 0.00353563 0.718835 -0.695171 -0.00144857 0.634772 -0.772699 0.000275941 0.590991 -0.806678 -0.00165565 0.526697 -0.850051 0.00280313 0.448597 -0.89373 -0.00077574 0.378813 -0.925473 0.00136463 0.306974 -0.951717 -0.00260681 0.230159 -0.973149 0.000988023 0.149191 -0.988808 -0.000655519 0.0836578 -0.996494 0.000897233 0.0338828 -0.999425 -0.00144886 -0.0602484 -0.998182 -6.90352e-05 -0.087881 -0.996131 -0.00105497 -0.214868 -0.976643 -0.000851997 -0.212415 -0.977179 -0.000919949 -0.399076 -0.916917 0.00105501 -0.37656 -0.926392 0.000406214 -0.524879 -0.851177 -0.000976851 -0.541243 -0.840866 0.000776189 -0.653888 -0.756591 0 -0.663274 -0.748377 0 -0.767405 -0.641163 0 -0.767405 -0.641163 0 -0.854394 -0.519625 0 -0.854394 -0.519625 0 -0.917405 -0.397954 0 -0.917405 -0.397954 -0.231267 0.810513 0.53813 -0.365525 0.823935 0.433039 -0.300572 0.669891 0.678898 -0.290947 0.676419 0.676614 -0.263783 0.55493 0.788968 -0.218507 0.38686 0.895876 -0.3373 0.472944 0.813974 -0.33435 0.195408 0.921968 -0.340912 0.198643 0.918869 -0.283357 0.0038759 0.959007 -0.340807 -0.130427 0.931042 -0.37713 -0.104726 0.92022 -0.259314 -0.29037 0.921109 -0.324269 -0.401538 0.856515 -0.326402 -0.399848 0.856495 -0.257542 -0.567418 0.782118 -0.307887 -0.669666 0.675835 -0.360783 -0.6272 0.690258 -0.259771 -0.808507 0.528049 -0.328209 -0.818707 0.471167 -0.223221 -0.902112 0.369277 -0.229289 -0.964714 0.129432 -0.345826 -0.914345 0.210659 -0.0593543 -0.987371 -0.146886 -0.319137 -0.946688 -0.0439647 -0.295599 -0.954479 -0.0398874 -0.0565996 -0.992396 -0.109302 -0.320602 -0.909726 -0.263842 -0.248373 -0.926142 -0.283851 -0.237688 -0.892082 -0.38431 -0.332124 -0.799066 -0.501185 -0.296223 -0.795599 -0.528465 -0.274339 -0.698117 -0.66134 -0.360247 -0.609794 -0.705956 -0.286775 -0.581525 -0.761307 -0.259459 -0.450937 -0.854012 -0.375865 -0.341801 -0.861335 -0.307236 -0.293727 -0.905169 -0.289874 -0.156425 -0.944195 -0.421278 -0.00366543 -0.906924 -0.546614 0.0666765 -0.834726 0.0595158 0.0195772 -0.998035 -0.445704 0.124191 -0.886524 -0.325274 0.294284 -0.898662 -0.309249 0.300106 -0.902387 -0.452791 0.402165 -0.795766 -0.5004 0.408151 -0.763552 -0.48604 0.565978 -0.665908 0.0336829 0.471151 -0.881409 -0.333434 0.54019 -0.772668 -0.265847 0.65259 -0.709543 -0.393458 0.716448 -0.576101 -0.532591 0.694664 -0.483518 -0.0325404 0.820319 -0.57098 -0.356192 0.816561 -0.454264 -0.560342 0.759536 -0.330337 -0.299141 0.905026 -0.302394 -0.0424452 0.981384 -0.187309 -0.410176 0.903179 -0.126584 -0.505714 0.847405 -0.161738 -0.275769 0.961014 0.0200807 -0.529629 0.841113 0.109649 -0.380805 0.912231 0.15107 -0.261414 0.898286 0.353192 -0.374389 0.915272 0.148694 -1 0 0 -1 0 0 -0.998629 -0.0183606 -0.0490153 -1 0 0 -1 0 0 -1 0 0 -0.999262 -0.033262 -0.0192111 -0.999583 -0.0173497 -0.023078 -1 0 0 -1 0 0 -1 0 0 1 0 0 1 0 0 1 0 0 1 0 0 1 0 0 1 0 0 1 0 0 1 0 0 1 0 0 1 0 0 1 0 0 1 0 0 1 0 0 1 0 0 1 0 0 1 0 0 1 0 0 1 0 0 -0.0202528 -0.584243 -0.811326 0 0.866107 -0.499858 0 0.866107 -0.499858 0 0.000166472 -1 0 0.000166472 -1 0 -0.865943 -0.500143 0 -0.865943 -0.500143 0 -0.866107 0.499858 0 -0.866107 0.499858 0 -0.000166472 1 0 -0.000166472 1 0 0.865943 0.500143 0 0.865943 0.500143 -1 0 0 -1 0 0 -1 0 0 -1 0 0 0.00210814 -0.96345 0.267879 -0.00626292 -0.898077 0.439794 0.00469859 -0.75343 0.657511 -0.00228579 -0.59673 0.802439 0.00486196 -0.361096 0.932516 -0.00145068 -0.227428 0.973794 0.00205802 0.0209227 0.999779 -0.00715596 0.217001 0.976145 0.00259331 0.448051 0.894004 -0.00332993 0.641243 0.767331 0.00333118 0.754454 0.656345 -0.00270001 0.914303 0.405022 0.00684854 0.979265 0.202469 -0.00509416 0.997883 -0.0648275 0.00660406 0.952277 -0.305165 -0.00399368 0.840256 -0.542175 0.00478773 0.63184 -0.775084 -0.00341186 0.483244 -0.875479 0.00399435 0.278375 -0.960464 -0.00396179 0.0595959 -0.998215 0.00651076 -0.309754 -0.950795 -0.00302483 -0.442007 -0.897006 0.00609571 -0.755804 -0.65477 -0.000174175 -0.809143 -0.587612 0.000698502 -0.998381 -0.0568718 -0.0090141 -0.985697 -0.168288 0.287595 -0.953503 -0.0901193 0.251644 -0.951473 0.177129 0.292098 -0.852324 0.433846 0.515723 -0.495806 0.698717 0.582159 -0.420512 0.695889 0.235871 -0.0171561 0.971633 0.280306 0.539392 0.794031 0.589743 0.716089 0.37339 0.516519 0.72417 0.456931 0.0659695 0.995023 -0.0746856 0.140547 0.80089 -0.582084 0.280345 0.693171 -0.664018 0.0991775 0.44517 -0.889937 0.135679 0.129739 -0.982222 0.251292 -0.118236 -0.960663 0.192398 -0.1861 -0.963509 0.0637255 -0.583175 -0.809843 0.384117 -0.860553 -0.334518 0.464005 -0.796926 -0.386792 -0.254752 -0.962716 -0.0909901 -0.333482 -0.924229 -0.185986 -0.115196 -0.893646 -0.433736 -0.423369 -0.0401552 -0.905067 -0.551009 -0.158257 -0.819356 -0.397993 0.120132 -0.909489 -0.277637 0.429788 -0.859186 -0.339966 0.760738 -0.552901 -0.476443 0.789088 -0.387741 -0.151559 0.985676 -0.073984 -0.13658 0.878388 0.458018 -0.407624 0.52606 0.746394 -0.387665 0.517977 0.762506 -0.0571117 -0.0176254 0.998212 -0.337079 -0.576109 0.744631 -0.387927 -0.533384 0.751674 -0.171203 -0.878032 0.446932 -0.17048 -0.968718 0.18034 0.998689 -0.0493162 0.0137119 0.998614 -0.0396476 0.0346001 0.998473 -0.0199502 0.0515206 0.998333 0.00120759 0.0577039 0.998097 0.0276274 0.0551255 0.997891 0.0489783 0.0426091 0.997546 0.0685593 0.0141751 0.997567 0.0663922 -0.0212759 0.997879 0.0411311 -0.0504559 0.998114 0.0170879 -0.0589576 0.998323 -0.0179324 -0.0550437 0.998519 -0.041122 -0.0356249 0.998711 -0.0500277 -0.00854121</float_array>
                    <technique_common>
                        <accessor count="5632" source="#shape0-lib-normals-array" stride="3">
                            <param name="X" type="float"/>
                            <param name="Y" type="float"/>
                            <param name="Z" type="float"/>
                        </accessor>
                    </technique_common>
                </source>
                <vertices id="shape0-lib-vertices">
                    <input semantic="POSITION" source="#shape0-lib-positions"/>
                </vertices>
                <triangles count="5632">
                    <input offset="0" semantic="VERTEX" source="#shape0-lib-vertices"/>
                    <input offset="1" semantic="NORMAL" source="#shape0-lib-normals"/>
                    <p>0 0 1 0 2 0 0 1 3 1 1 1 4 2 2 2 5 2 4 3 0 3 2 3 6 4 5 4 7 4 6 5 4 5 5 5 8 6 7 6 9 6 8 7 6 7 7 7 10 8 9 8 11 8 10 9 8 9 9 9 12 10 11 10 13 10 12 11 10 11 11 11 14 12 13 12 15 12 14 13 12 13 13 13 16 14 15 14 17 14 16 15 14 15 15 15 18 16 17 16 19 16 18 17 16 17 17 17 20 18 19 18 21 18 20 19 18 19 19 19 22 20 20 20 21 20 22 21 21 21 23 21 24 22 22 22 23 22 24 23 23 23 25 23 26 24 24 24 25 24 26 25 25 25 27 25 28 26 27 26 29 26 28 27 26 27 27 27 30 28 29 28 31 28 30 29 28 29 29 29 32 30 31 30 33 30 32 31 30 31 31 31 34 32 33 32 35 32 34 33 32 33 33 33 36 34 35 34 37 34 36 35 34 35 35 35 38 36 37 36 39 36 38 37 36 37 37 37 40 38 39 38 41 38 40 39 38 39 39 39 42 40 41 40 43 40 42 41 40 41 41 41 44 42 43 42 45 42 44 43 42 43 43 43 46 44 45 44 47 44 46 45 44 45 45 45 48 46 47 46 49 46 48 47 46 47 47 47 50 48 49 48 51 48 50 49 48 49 49 49 52 50 51 50 53 50 52 51 50 51 51 51 54 52 53 52 55 52 54 53 52 53 53 53 56 54 55 54 57 54 56 55 54 55 55 55 58 56 57 56 59 56 58 57 56 57 57 57 60 58 59 58 61 58 60 59 58 59 59 59 62 60 61 60 63 60 62 61 60 61 61 61 64 62 63 62 65 62 64 63 62 63 63 63 66 64 65 64 67 64 66 65 64 65 65 65 68 66 67 66 69 66 68 67 66 67 67 67 70 68 69 68 71 68 70 69 68 69 69 69 72 70 71 70 73 70 72 71 70 71 71 71 74 72 72 72 73 72 74 73 73 73 75 73 76 74 74 74 75 74 76 75 75 75 77 75 78 76 76 76 77 76 78 77 77 77 79 77 80 78 78 78 79 78 80 79 79 79 81 79 82 80 80 80 81 80 82 81 81 81 83 81 84 82 82 82 83 82 84 83 83 83 85 83 86 84 84 84 85 84 86 85 85 85 87 85 88 86 86 86 87 86 88 87 87 87 89 87 90 88 88 88 89 88 90 89 89 89 91 89 90 90 91 90 92 90 93 91 90 91 92 91 94 92 93 92 92 92 94 93 92 93 95 93 96 94 95 94 97 94 96 95 94 95 95 95 98 96 97 96 99 96 98 97 96 97 97 97 100 98 99 98 101 98 100 99 98 99 99 99 102 100 101 100 103 100 102 101 100 101 101 101 104 102 103 102 105 102 104 103 102 103 103 103 106 104 105 104 107 104 106 105 104 105 105 105 108 106 107 106 109 106 108 107 106 107 107 107 110 108 109 108 111 108 110 109 108 109 109 109 112 110 111 110 113 110 112 111 110 111 111 111 114 112 113 112 115 112 114 113 112 113 113 113 116 114 115 114 117 114 116 115 114 115 115 115 118 116 117 116 119 116 118 117 119 117 120 117 118 118 116 118 117 118 121 119 118 119 120 119 122 120 120 120 123 120 122 121 121 121 120 121 124 122 123 122 125 122 124 123 122 123 123 123 126 124 124 124 125 124 126 125 125 125 127 125 128 126 126 126 127 126 128 127 127 127 129 127 130 128 128 128 129 128 130 129 129 129 131 129 132 130 130 130 131 130 132 131 131 131 133 131 134 132 132 132 133 132 134 133 133 133 135 133 136 134 134 134 135 134 136 135 135 135 137 135 136 136 137 136 138 136 139 137 136 137 138 137 140 138 139 138 138 138 140 139 138 139 141 139 142 140 140 140 141 140 142 141 141 141 143 141 144 142 142 142 143 142 144 143 143 143 145 143 144 144 145 144 146 144 147 145 144 145 146 145 148 146 147 146 146 146 148 147 146 147 149 147 150 148 148 148 149 148 150 149 149 149 151 149 152 150 150 150 151 150 152 151 151 151 153 151 154 152 152 152 153 152 154 153 153 153 155 153 156 154 154 154 155 154 156 155 155 155 157 155 158 156 156 156 157 156 158 157 157 157 159 157 160 158 158 158 159 158 160 159 159 159 161 159 162 160 160 160 161 160 162 161 161 161 163 161 164 162 162 162 163 162 164 163 163 163 165 163 166 164 165 164 167 164 166 165 164 165 165 165 168 166 167 166 169 166 168 167 166 167 167 167 170 168 169 168 171 168 170 169 168 169 169 169 172 170 171 170 173 170 172 171 170 171 171 171 174 172 172 172 173 172 174 173 173 173 175 173 174 174 175 174 176 174 177 175 174 175 176 175 178 176 177 176 176 176 178 177 176 177 179 177 180 178 178 178 179 178 180 179 179 179 181 179 182 180 180 180 181 180 182 181 181 181 183 181 184 182 182 182 183 182 184 183 183 183 185 183 186 184 184 184 185 184 186 185 185 185 187 185 188 186 186 186 187 186 188 187 187 187 189 187 190 188 188 188 189 188 190 189 189 189 191 189 190 190 191 190 192 190 193 191 190 191 192 191 194 192 193 192 192 192 194 193 192 193 195 193 196 194 194 194 195 194 196 195 195 195 197 195 198 196 196 196 197 196 198 197 197 197 199 197 200 198 198 198 199 198 200 199 199 199 201 199 202 200 201 200 203 200 202 201 203 201 204 201 202 202 200 202 201 202 205 203 202 203 204 203 206 204 204 204 207 204 206 205 205 205 204 205 208 206 207 206 209 206 208 207 206 207 207 207 210 208 209 208 211 208 210 209 208 209 209 209 212 210 211 210 213 210 212 211 213 211 214 211 212 212 210 212 211 212 215 213 212 213 214 213 216 214 214 214 217 214 216 215 217 215 218 215 216 216 215 216 214 216 219 217 216 217 218 217 220 218 218 218 221 218 220 219 219 219 218 219 222 220 221 220 223 220 222 221 220 221 221 221 224 222 222 222 223 222 224 223 223 223 225 223 226 224 224 224 225 224 226 225 225 225 227 225 228 226 226 226 227 226 228 227 227 227 229 227 230 228 229 228 231 228 230 229 228 229 229 229 232 230 230 230 231 230 232 231 231 231 233 231 234 232 233 232 235 232 234 233 232 233 233 233 236 234 235 234 237 234 236 235 234 235 235 235 238 236 237 236 239 236 238 237 236 237 237 237 240 238 239 238 241 238 240 239 241 239 242 239 240 240 238 240 239 240 243 241 242 241 244 241 243 242 240 242 242 242 245 243 243 243 244 243 246 244 244 244 247 244 246 245 245 245 244 245 248 246 247 246 249 246 248 247 246 247 247 247 250 248 249 248 251 248 250 249 248 249 249 249 3 250 250 250 251 250 3 251 251 251 1 251 255 252 252 252 253 252 254 253 253 253 252 253 254 254 256 254 253 254 257 255 255 255 253 255 258 256 256 256 254 256 259 257 256 257 258 257 260 258 257 258 253 258 260 259 253 259 266 259 262 260 256 260 259 260 262 261 263 261 256 261 261 262 260 262 266 262 264 263 261 263 266 263 265 264 263 264 262 264 268 265 264 265 266 265 267 266 263 266 265 266 269 267 268 267 266 267 270 268 275 268 263 268 270 269 263 269 267 269 271 270 269 270 266 270 272 271 275 271 270 271 273 272 271 272 266 272 273 273 266 273 528 273 274 274 275 274 272 274 277 275 273 275 528 275 276 276 275 276 274 276 278 277 277 277 528 277 279 278 275 278 276 278 281 279 278 279 528 279 280 280 275 280 279 280 282 281 281 281 528 281 283 282 275 282 280 282 284 283 282 283 528 283 285 284 275 284 283 284 287 285 284 285 528 285 286 286 275 286 285 286 528 287 288 287 287 287 292 288 275 288 286 288 292 289 286 289 290 289 289 290 288 290 528 290 289 291 291 291 288 291 289 292 294 292 291 292 292 293 290 293 293 293 289 294 295 294 294 294 292 295 293 295 296 295 292 296 296 296 297 296 289 297 298 297 295 297 292 298 297 298 299 298 289 299 300 299 298 299 305 300 292 300 299 300 305 301 299 301 301 301 307 302 300 302 289 302 307 303 302 303 300 303 305 304 301 304 303 304 307 305 304 305 302 305 305 306 303 306 306 306 305 307 306 307 308 307 307 308 309 308 304 308 318 309 305 309 308 309 307 310 310 310 309 310 318 311 308 311 311 311 320 312 310 312 307 312 320 313 312 313 310 313 318 314 311 314 313 314 320 315 314 315 312 315 318 316 313 316 316 316 320 317 315 317 314 317 318 318 316 318 317 318 320 319 321 319 315 319 318 320 317 320 319 320 320 321 322 321 321 321 318 322 319 322 322 322 318 323 322 323 320 323 550 324 324 324 323 324 323 325 326 325 550 325 550 326 326 326 331 326 550 327 325 327 324 327 326 328 327 328 331 328 328 329 325 329 550 329 328 330 329 330 325 330 327 331 330 331 331 331 328 332 332 332 329 332 330 333 333 333 331 333 331 334 333 334 339 334 328 335 334 335 332 335 333 336 335 336 339 336 328 337 336 337 334 337 335 338 338 338 339 338 328 339 337 339 336 339 338 340 341 340 339 340 328 341 340 341 337 341 328 342 343 342 340 342 341 343 342 343 339 343 342 344 344 344 339 344 328 345 345 345 343 345 349 346 345 346 328 346 344 347 347 347 339 347 349 348 346 348 345 348 349 349 348 349 346 349 339 350 351 350 362 350 347 351 351 351 339 351 349 352 350 352 348 352 349 353 353 353 350 353 351 354 352 354 362 354 352 355 355 355 362 355 546 356 354 356 349 356 349 357 354 357 353 357 359 358 354 358 546 358 355 359 358 359 362 359 354 360 359 360 356 360 357 361 362 361 358 361 356 362 359 362 360 362 364 363 362 363 357 363 360 364 359 364 361 364 363 365 362 365 364 365 363 366 366 366 362 366 361 367 359 367 365 367 367 368 366 368 363 368 365 369 359 369 368 369 369 370 366 370 367 370 368 371 359 371 370 371 371 372 366 372 369 372 370 373 359 373 372 373 371 374 387 374 366 374 372 375 359 375 373 375 374 376 387 376 371 376 359 377 375 377 373 377 376 378 387 378 374 378 373 379 375 379 377 379 377 380 375 380 378 380 379 381 387 381 376 381 378 382 375 382 380 382 381 383 387 383 379 383 380 384 375 384 382 384 384 385 387 385 381 385 382 386 543 386 383 386 375 387 543 387 382 387 383 388 543 388 386 388 385 389 387 389 384 389 388 390 387 390 385 390 386 391 543 391 389 391 543 392 387 392 389 392 389 393 387 393 388 393 460 394 390 394 458 394 458 395 391 395 450 395 391 396 392 396 450 396 392 397 396 397 450 397 393 398 458 398 390 398 396 399 410 399 450 399 394 400 458 400 393 400 395 401 458 401 394 401 397 402 391 402 395 402 398 403 391 403 397 403 395 404 391 404 458 404 399 405 391 405 398 405 400 406 391 406 399 406 401 407 391 407 400 407 402 408 391 408 401 408 403 409 391 409 402 409 404 410 392 410 403 410 403 411 392 411 391 411 410 412 428 412 450 412 405 413 392 413 404 413 406 414 392 414 405 414 407 415 392 415 406 415 408 416 392 416 407 416 409 417 392 417 408 417 411 418 396 418 409 418 409 419 396 419 392 419 412 420 396 420 411 420 413 421 396 421 412 421 414 422 396 422 413 422 415 423 396 423 414 423 428 424 430 424 450 424 416 425 410 425 415 425 415 426 410 426 396 426 417 427 410 427 416 427 418 428 410 428 417 428 419 429 410 429 418 429 420 430 410 430 419 430 421 431 410 431 420 431 422 432 410 432 421 432 430 433 448 433 450 433 423 434 410 434 422 434 424 435 410 435 423 435 425 436 428 436 424 436 424 437 428 437 410 437 426 438 428 438 425 438 427 439 428 439 426 439 429 440 428 440 427 440 431 441 428 441 429 441 432 442 428 442 431 442 433 443 428 443 432 443 434 444 428 444 433 444 435 445 428 445 434 445 436 446 430 446 435 446 435 447 430 447 428 447 437 448 430 448 436 448 438 449 430 449 437 449 439 450 430 450 438 450 440 451 430 451 439 451 441 452 430 452 440 452 442 453 430 453 441 453 442 454 448 454 430 454 443 455 448 455 442 455 445 456 448 456 443 456 444 457 448 457 445 457 446 458 448 458 444 458 447 459 448 459 446 459 449 460 448 460 447 460 451 461 450 461 449 461 449 462 450 462 448 462 452 463 450 463 451 463 453 464 450 464 452 464 454 465 450 465 453 465 455 466 450 466 454 466 456 467 450 467 455 467 457 468 458 468 456 468 456 469 458 469 450 469 459 470 458 470 457 470 460 471 458 471 459 471 460 472 340 472 390 472 390 473 343 473 393 473 340 474 343 474 390 474 393 475 345 475 394 475 343 476 345 476 393 476 394 477 345 477 395 477 345 478 346 478 395 478 395 479 348 479 397 479 397 480 348 480 398 480 346 481 348 481 395 481 348 482 350 482 398 482 350 483 353 483 398 483 398 484 353 484 399 484 399 485 354 485 400 485 353 486 354 486 399 486 400 487 356 487 401 487 354 488 356 488 400 488 401 489 360 489 402 489 356 490 360 490 401 490 402 491 361 491 403 491 360 492 361 492 402 492 403 493 361 493 404 493 361 494 365 494 404 494 404 495 365 495 405 495 365 496 368 496 405 496 405 497 368 497 406 497 368 498 370 498 406 498 406 499 370 499 407 499 370 500 372 500 407 500 407 501 372 501 408 501 372 502 373 502 408 502 408 503 377 503 409 503 373 504 377 504 408 504 409 505 378 505 411 505 377 506 378 506 409 506 411 507 378 507 412 507 378 508 380 508 412 508 412 509 380 509 413 509 380 510 382 510 413 510 413 511 382 511 414 511 414 512 382 512 415 512 382 513 383 513 415 513 383 514 386 514 415 514 415 515 386 515 416 515 386 516 389 516 416 516 416 517 389 517 417 517 417 518 389 518 418 518 389 519 388 519 418 519 388 520 385 520 418 520 418 521 385 521 419 521 419 522 385 522 420 522 385 523 384 523 420 523 420 524 381 524 421 524 384 525 381 525 420 525 421 526 379 526 422 526 381 527 379 527 421 527 422 528 376 528 423 528 379 529 376 529 422 529 423 530 374 530 424 530 376 531 374 531 423 531 424 532 374 532 425 532 374 533 371 533 425 533 425 534 371 534 426 534 371 535 369 535 426 535 426 536 369 536 427 536 369 537 367 537 427 537 427 538 367 538 429 538 367 539 363 539 429 539 429 540 363 540 431 540 363 541 364 541 431 541 431 542 364 542 432 542 364 543 357 543 432 543 432 544 357 544 433 544 357 545 358 545 433 545 433 546 358 546 434 546 358 547 355 547 434 547 434 548 355 548 435 548 355 549 352 549 435 549 435 550 352 550 436 550 352 551 351 551 436 551 436 552 351 552 437 552 437 553 351 553 438 553 351 554 347 554 438 554 438 555 347 555 439 555 347 556 344 556 439 556 344 557 342 557 439 557 439 558 342 558 440 558 440 559 342 559 441 559 342 560 341 560 441 560 441 561 341 561 442 561 341 562 338 562 442 562 442 563 338 563 443 563 338 564 335 564 443 564 443 565 335 565 445 565 445 566 333 566 444 566 335 567 333 567 445 567 333 568 330 568 444 568 444 569 330 569 446 569 446 570 327 570 447 570 330 571 327 571 446 571 447 572 327 572 449 572 449 573 326 573 451 573 327 574 326 574 449 574 451 575 323 575 452 575 326 576 323 576 451 576 323 577 324 577 452 577 452 578 324 578 453 578 324 579 325 579 453 579 453 580 325 580 454 580 454 581 329 581 455 581 325 582 329 582 454 582 455 583 332 583 456 583 329 584 332 584 455 584 456 585 332 585 457 585 332 586 334 586 457 586 457 587 334 587 459 587 334 588 336 588 459 588 459 589 337 589 460 589 336 590 337 590 459 590 337 591 340 591 460 591 525 592 461 592 511 592 511 593 469 593 467 593 462 594 511 594 461 594 463 595 511 595 462 595 464 596 511 596 463 596 465 597 511 597 464 597 466 598 469 598 465 598 465 599 469 599 511 599 468 600 469 600 466 600 470 601 469 601 468 601 471 602 469 602 470 602 473 603 469 603 471 603 474 604 469 604 473 604 475 605 469 605 474 605 476 606 467 606 475 606 475 607 467 607 469 607 472 608 502 608 467 608 477 609 467 609 476 609 478 610 467 610 477 610 479 611 467 611 478 611 480 612 467 612 479 612 481 613 467 613 480 613 482 614 467 614 481 614 483 615 467 615 482 615 484 616 467 616 483 616 485 617 472 617 484 617 484 618 472 618 467 618 502 619 494 619 467 619 486 620 472 620 485 620 487 621 472 621 486 621 488 622 472 622 487 622 489 623 472 623 488 623 490 624 472 624 489 624 491 625 472 625 490 625 492 626 472 626 491 626 493 627 472 627 492 627 493 628 502 628 472 628 495 629 502 629 493 629 494 630 509 630 467 630 496 631 502 631 495 631 497 632 502 632 496 632 498 633 502 633 497 633 499 634 502 634 498 634 500 635 502 635 499 635 501 636 502 636 500 636 509 637 511 637 467 637 503 638 502 638 501 638 503 639 494 639 502 639 504 640 494 640 503 640 505 641 494 641 504 641 506 642 494 642 505 642 507 643 494 643 506 643 508 644 494 644 507 644 510 645 494 645 508 645 512 646 494 646 510 646 513 647 494 647 512 647 514 648 494 648 513 648 515 649 494 649 514 649 516 650 494 650 515 650 517 651 509 651 516 651 516 652 509 652 494 652 518 653 509 653 517 653 519 654 509 654 518 654 520 655 509 655 519 655 521 656 509 656 520 656 522 657 509 657 521 657 523 658 509 658 522 658 523 659 511 659 509 659 524 660 511 660 523 660 525 661 511 661 524 661 461 662 304 662 462 662 462 663 309 663 463 663 304 664 309 664 462 664 463 665 310 665 464 665 309 666 310 666 463 666 310 667 312 667 464 667 464 668 312 668 465 668 312 669 314 669 465 669 465 670 314 670 466 670 314 671 315 671 466 671 466 672 315 672 468 672 315 673 321 673 468 673 468 674 322 674 470 674 321 675 322 675 468 675 322 676 319 676 470 676 470 677 319 677 471 677 319 678 317 678 471 678 471 679 317 679 473 679 317 680 316 680 473 680 473 681 316 681 474 681 316 682 313 682 474 682 474 683 313 683 475 683 313 684 311 684 475 684 475 685 311 685 476 685 311 686 308 686 476 686 476 687 308 687 477 687 477 688 306 688 478 688 308 689 306 689 477 689 306 690 303 690 478 690 478 691 301 691 479 691 303 692 301 692 478 692 479 693 301 693 480 693 301 694 299 694 480 694 480 695 299 695 481 695 299 696 297 696 481 696 297 697 296 697 481 697 481 698 296 698 482 698 296 699 293 699 482 699 482 700 293 700 483 700 293 701 290 701 483 701 483 702 290 702 484 702 290 703 286 703 484 703 484 704 286 704 485 704 485 705 286 705 486 705 286 706 285 706 486 706 486 707 285 707 487 707 285 708 283 708 487 708 487 709 283 709 488 709 283 710 280 710 488 710 488 711 280 711 489 711 280 712 279 712 489 712 489 713 279 713 490 713 279 714 276 714 490 714 490 715 276 715 491 715 276 716 274 716 491 716 491 717 274 717 492 717 274 718 272 718 492 718 272 719 270 719 492 719 492 720 270 720 493 720 270 721 267 721 493 721 493 722 267 722 495 722 267 723 265 723 495 723 495 724 265 724 496 724 496 725 265 725 497 725 265 726 262 726 497 726 262 727 259 727 497 727 497 728 259 728 498 728 259 729 258 729 498 729 498 730 258 730 499 730 258 731 254 731 499 731 499 732 254 732 500 732 254 733 252 733 500 733 252 734 255 734 500 734 500 735 255 735 501 735 501 736 257 736 503 736 255 737 257 737 501 737 503 738 260 738 504 738 257 739 260 739 503 739 504 740 261 740 505 740 260 741 261 741 504 741 261 742 264 742 505 742 505 743 264 743 506 743 264 744 268 744 506 744 506 745 268 745 507 745 268 746 269 746 507 746 507 747 269 747 508 747 269 748 271 748 508 748 508 749 271 749 510 749 510 750 271 750 512 750 271 751 273 751 512 751 273 752 277 752 512 752 512 753 277 753 513 753 513 754 277 754 514 754 277 755 278 755 514 755 514 756 281 756 515 756 278 757 281 757 514 757 515 758 282 758 516 758 281 759 282 759 515 759 516 760 284 760 517 760 282 761 284 761 516 761 284 762 287 762 517 762 517 763 287 763 518 763 518 764 287 764 519 764 287 765 288 765 519 765 288 766 291 766 519 766 519 767 291 767 520 767 291 768 294 768 520 768 520 769 294 769 521 769 521 770 294 770 522 770 294 771 295 771 522 771 522 772 295 772 523 772 295 773 298 773 523 773 523 774 298 774 524 774 298 775 300 775 524 775 524 776 300 776 525 776 300 777 302 777 525 777 525 778 304 778 461 778 302 779 304 779 525 779 2 780 1 780 526 780 1 781 251 781 526 781 526 782 5 782 2 782 526 783 7 783 5 783 526 784 307 784 289 784 526 785 9 785 7 785 526 786 11 786 9 786 526 787 13 787 11 787 526 788 15 788 13 788 527 789 17 789 15 789 527 790 19 790 17 790 527 791 15 791 526 791 527 792 526 792 289 792 527 793 21 793 19 793 527 794 23 794 21 794 527 795 25 795 23 795 527 796 27 796 25 796 527 797 29 797 27 797 527 798 31 798 29 798 527 799 289 799 528 799 527 800 33 800 31 800 527 801 35 801 33 801 528 802 37 802 35 802 528 803 39 803 37 803 528 804 35 804 527 804 528 805 41 805 39 805 528 806 43 806 41 806 529 807 45 807 43 807 529 808 47 808 45 808 529 809 43 809 528 809 529 810 49 810 47 810 529 811 51 811 49 811 529 812 53 812 51 812 529 813 55 813 53 813 529 814 528 814 266 814 529 815 57 815 55 815 529 816 59 816 57 816 530 817 61 817 59 817 530 818 63 818 61 818 530 819 529 819 266 819 530 820 59 820 529 820 530 821 65 821 63 821 530 822 67 822 65 822 530 823 69 823 67 823 530 824 71 824 69 824 530 825 73 825 71 825 530 826 75 826 73 826 530 827 77 827 75 827 530 828 79 828 77 828 531 829 266 829 253 829 531 830 81 830 79 830 531 831 79 831 530 831 531 832 83 832 81 832 531 833 530 833 266 833 531 834 85 834 83 834 531 835 87 835 85 835 531 836 89 836 87 836 531 837 91 837 89 837 532 838 92 838 91 838 532 839 95 839 92 839 532 840 91 840 531 840 532 841 531 841 253 841 532 842 253 842 256 842 532 843 97 843 95 843 532 844 99 844 97 844 532 845 101 845 99 845 532 846 103 846 101 846 533 847 105 847 103 847 533 848 107 848 105 848 533 849 103 849 532 849 533 850 532 850 256 850 533 851 109 851 107 851 533 852 111 852 109 852 533 853 256 853 263 853 534 854 533 854 263 854 534 855 111 855 533 855 534 856 113 856 111 856 534 857 115 857 113 857 534 858 117 858 115 858 534 859 119 859 117 859 534 860 120 860 119 860 534 861 123 861 120 861 535 862 123 862 534 862 535 863 534 863 263 863 535 864 125 864 123 864 535 865 127 865 125 865 535 866 263 866 275 866 535 867 129 867 127 867 535 868 131 868 129 868 535 869 133 869 131 869 535 870 135 870 133 870 535 871 137 871 135 871 535 872 138 872 137 872 535 873 141 873 138 873 535 874 143 874 141 874 536 875 145 875 143 875 536 876 146 876 145 876 536 877 143 877 535 877 536 878 535 878 275 878 536 879 149 879 146 879 536 880 151 880 149 880 536 881 153 881 151 881 536 882 155 882 153 882 536 883 157 883 155 883 536 884 159 884 157 884 537 885 275 885 292 885 537 886 161 886 159 886 537 887 163 887 161 887 537 888 159 888 536 888 537 889 536 889 275 889 537 890 165 890 163 890 537 891 167 891 165 891 537 892 169 892 167 892 537 893 171 893 169 893 537 894 173 894 171 894 537 895 175 895 173 895 537 896 176 896 175 896 537 897 179 897 176 897 538 898 179 898 537 898 538 899 537 899 292 899 538 900 292 900 305 900 538 901 181 901 179 901 538 902 183 902 181 902 538 903 185 903 183 903 538 904 187 904 185 904 538 905 189 905 187 905 538 906 191 906 189 906 538 907 192 907 191 907 538 908 195 908 192 908 539 909 195 909 538 909 539 910 305 910 318 910 539 911 538 911 305 911 539 912 197 912 195 912 539 913 199 913 197 913 539 914 203 914 201 914 539 915 201 915 199 915 540 916 204 916 203 916 540 917 207 917 204 917 540 918 203 918 539 918 540 919 539 919 318 919 540 920 209 920 207 920 540 921 211 921 209 921 540 922 213 922 211 922 540 923 214 923 213 923 540 924 217 924 214 924 540 925 218 925 217 925 540 926 221 926 218 926 540 927 223 927 221 927 541 928 223 928 540 928 541 929 225 929 223 929 541 930 227 930 225 930 541 931 318 931 320 931 541 932 540 932 318 932 541 933 229 933 227 933 541 934 231 934 229 934 541 935 233 935 231 935 541 936 235 936 233 936 541 937 237 937 235 937 541 938 239 938 237 938 526 939 241 939 239 939 526 940 242 940 241 940 526 941 320 941 307 941 526 942 239 942 541 942 526 943 541 943 320 943 526 944 244 944 242 944 526 945 247 945 244 945 526 946 249 946 247 946 526 947 251 947 249 947 250 948 3 948 556 948 556 949 366 949 387 949 3 950 0 950 556 950 542 951 248 951 250 951 542 952 246 952 248 952 542 953 556 953 387 953 542 954 250 954 556 954 542 955 245 955 246 955 542 956 243 956 245 956 542 957 240 957 243 957 542 958 238 958 240 958 542 959 236 959 238 959 542 960 234 960 236 960 542 961 232 961 234 961 542 962 230 962 232 962 542 963 228 963 230 963 542 964 226 964 228 964 542 965 224 965 226 965 542 966 222 966 224 966 543 967 220 967 222 967 543 968 219 968 220 968 543 969 222 969 542 969 543 970 542 970 387 970 543 971 216 971 219 971 543 972 215 972 216 972 543 973 212 973 215 973 543 974 210 974 212 974 544 975 543 975 375 975 544 976 208 976 210 976 544 977 206 977 208 977 544 978 210 978 543 978 544 979 205 979 206 979 544 980 202 980 205 980 544 981 200 981 202 981 544 982 198 982 200 982 544 983 196 983 198 983 544 984 194 984 196 984 545 985 193 985 194 985 545 986 190 986 193 986 545 987 544 987 375 987 545 988 194 988 544 988 545 989 375 989 359 989 545 990 188 990 190 990 545 991 186 991 188 991 545 992 184 992 186 992 545 993 182 993 184 993 545 994 180 994 182 994 545 995 178 995 180 995 545 996 177 996 178 996 545 997 174 997 177 997 545 998 172 998 174 998 545 999 170 999 172 999 546 1000 170 1000 545 1000 546 1001 168 1001 170 1001 546 1002 166 1002 168 1002 546 1003 545 1003 359 1003 546 1004 164 1004 166 1004 546 1005 162 1005 164 1005 546 1006 160 1006 162 1006 546 1007 158 1007 160 1007 546 1008 156 1008 158 1008 546 1009 154 1009 156 1009 547 1010 154 1010 546 1010 547 1011 152 1011 154 1011 547 1012 546 1012 349 1012 547 1013 150 1013 152 1013 548 1014 547 1014 349 1014 548 1015 150 1015 547 1015 548 1016 148 1016 150 1016 548 1017 147 1017 148 1017 548 1018 144 1018 147 1018 548 1019 142 1019 144 1019 548 1020 140 1020 142 1020 548 1021 139 1021 140 1021 548 1022 349 1022 328 1022 548 1023 136 1023 139 1023 548 1024 134 1024 136 1024 549 1025 548 1025 328 1025 549 1026 134 1026 548 1026 549 1027 132 1027 134 1027 549 1028 130 1028 132 1028 549 1029 128 1029 130 1029 549 1030 126 1030 128 1030 549 1031 124 1031 126 1031 549 1032 122 1032 124 1032 549 1033 121 1033 122 1033 549 1034 118 1034 121 1034 549 1035 116 1035 118 1035 549 1036 114 1036 116 1036 549 1037 112 1037 114 1037 549 1038 110 1038 112 1038 549 1039 108 1039 110 1039 549 1040 106 1040 108 1040 550 1041 104 1041 106 1041 550 1042 102 1042 104 1042 550 1043 549 1043 328 1043 550 1044 106 1044 549 1044 550 1045 100 1045 102 1045 550 1046 98 1046 100 1046 551 1047 96 1047 98 1047 551 1048 94 1048 96 1048 551 1049 98 1049 550 1049 551 1050 93 1050 94 1050 551 1051 90 1051 93 1051 551 1052 550 1052 331 1052 551 1053 88 1053 90 1053 551 1054 86 1054 88 1054 551 1055 84 1055 86 1055 551 1056 82 1056 84 1056 551 1057 80 1057 82 1057 551 1058 78 1058 80 1058 552 1059 76 1059 78 1059 552 1060 74 1060 76 1060 552 1061 551 1061 331 1061 552 1062 78 1062 551 1062 552 1063 331 1063 339 1063 552 1064 72 1064 74 1064 552 1065 70 1065 72 1065 553 1066 68 1066 70 1066 553 1067 66 1067 68 1067 553 1068 552 1068 339 1068 553 1069 70 1069 552 1069 553 1070 64 1070 66 1070 553 1071 62 1071 64 1071 553 1072 60 1072 62 1072 553 1073 58 1073 60 1073 553 1074 56 1074 58 1074 553 1075 54 1075 56 1075 553 1076 52 1076 54 1076 553 1077 50 1077 52 1077 554 1078 339 1078 362 1078 554 1079 48 1079 50 1079 554 1080 46 1080 48 1080 554 1081 50 1081 553 1081 554 1082 553 1082 339 1082 554 1083 44 1083 46 1083 554 1084 42 1084 44 1084 554 1085 40 1085 42 1085 554 1086 38 1086 40 1086 555 1087 554 1087 362 1087 555 1088 36 1088 38 1088 555 1089 34 1089 36 1089 555 1090 38 1090 554 1090 555 1091 32 1091 34 1091 555 1092 30 1092 32 1092 555 1093 28 1093 30 1093 555 1094 26 1094 28 1094 555 1095 24 1095 26 1095 555 1096 22 1096 24 1096 555 1097 362 1097 366 1097 555 1098 20 1098 22 1098 555 1099 18 1099 20 1099 555 1100 16 1100 18 1100 555 1101 14 1101 16 1101 556 1102 12 1102 14 1102 556 1103 10 1103 12 1103 556 1104 14 1104 555 1104 556 1105 555 1105 366 1105 556 1106 8 1106 10 1106 556 1107 6 1107 8 1107 556 1108 4 1108 6 1108 556 1109 0 1109 4 1109 577 1110 569 1110 596 1110 577 1111 596 1111 597 1111 580 1112 571 1112 605 1112 558 1113 608 1113 559 1113 558 1114 557 1114 608 1114 565 1115 566 1115 586 1115 565 1116 586 1116 587 1116 562 1117 588 1117 560 1117 584 1118 591 1118 592 1118 583 1119 584 1119 592 1119 562 1120 584 1120 561 1120 565 1121 564 1121 563 1121 558 1122 566 1122 574 1122 568 1123 557 1123 576 1123 568 1124 576 1124 567 1124 580 1125 569 1125 579 1125 571 1126 581 1126 570 1126 572 1127 562 1127 561 1127 572 1128 564 1128 562 1128 572 1129 563 1129 564 1129 573 1130 565 1130 563 1130 573 1131 563 1131 574 1131 573 1132 566 1132 565 1132 573 1133 574 1133 566 1133 575 1134 558 1134 574 1134 575 1135 574 1135 576 1135 575 1136 557 1136 558 1136 575 1137 576 1137 557 1137 578 1138 568 1138 567 1138 578 1139 577 1139 568 1139 578 1140 569 1140 577 1140 578 1141 579 1141 569 1141 578 1142 567 1142 579 1142 581 1143 580 1143 579 1143 581 1144 571 1144 580 1144 582 1145 571 1145 570 1145 582 1146 583 1146 571 1146 582 1147 584 1147 583 1147 582 1148 570 1148 561 1148 582 1149 561 1149 584 1149 559 1150 608 1150 585 1150 586 1151 559 1151 598 1151 588 1152 587 1152 600 1152 588 1153 600 1153 589 1153 591 1154 560 1154 589 1154 591 1155 589 1155 590 1155 593 1156 594 1156 604 1156 606 1157 604 1157 595 1157 596 1158 606 1158 595 1158 608 1159 595 1159 609 1159 608 1160 597 1160 595 1160 585 1161 609 1161 598 1161 585 1162 598 1162 559 1162 599 1163 586 1163 598 1163 599 1164 598 1164 600 1164 599 1165 587 1165 586 1165 599 1166 600 1166 587 1166 601 1167 588 1167 589 1167 601 1168 560 1168 588 1168 601 1169 589 1169 560 1169 602 1170 591 1170 590 1170 602 1171 592 1171 591 1171 602 1172 594 1172 593 1172 602 1173 593 1173 592 1173 602 1174 590 1174 594 1174 603 1175 605 1175 593 1175 603 1176 593 1176 604 1176 603 1177 606 1177 605 1177 603 1178 604 1178 606 1178 607 1179 596 1179 595 1179 607 1180 597 1180 596 1180 607 1181 595 1181 597 1181 585 1182 608 1182 609 1182 611 1183 610 1183 595 1183 611 1184 595 1184 604 1184 613 1185 611 1185 604 1185 612 1186 595 1186 610 1186 612 1187 609 1187 595 1187 614 1188 609 1188 612 1188 615 1189 613 1189 604 1189 616 1190 609 1190 614 1190 615 1191 604 1191 594 1191 617 1192 615 1192 594 1192 616 1193 598 1193 609 1193 618 1194 617 1194 594 1194 590 1195 618 1195 594 1195 598 1196 616 1196 619 1196 590 1197 620 1197 618 1197 598 1198 619 1198 622 1198 590 1199 621 1199 620 1199 600 1200 598 1200 622 1200 589 1201 621 1201 590 1201 600 1202 622 1202 623 1202 589 1203 624 1203 621 1203 600 1204 623 1204 625 1204 589 1205 600 1205 625 1205 589 1206 625 1206 624 1206 567 1207 626 1207 579 1207 567 1208 627 1208 626 1208 626 1209 628 1209 579 1209 628 1210 629 1210 579 1210 567 1211 630 1211 627 1211 579 1212 629 1212 581 1212 629 1213 631 1213 581 1213 576 1214 630 1214 567 1214 576 1215 633 1215 630 1215 631 1216 632 1216 581 1216 581 1217 632 1217 570 1217 576 1218 635 1218 633 1218 632 1219 634 1219 570 1219 574 1220 635 1220 576 1220 636 1221 570 1221 634 1221 635 1222 574 1222 637 1222 636 1223 561 1223 570 1223 638 1224 561 1224 636 1224 637 1225 574 1225 639 1225 574 1226 563 1226 639 1226 639 1227 563 1227 641 1227 640 1228 561 1228 638 1228 640 1229 572 1229 561 1229 641 1230 572 1230 640 1230 563 1231 572 1231 641 1231 593 1232 605 1232 571 1232 593 1233 571 1233 583 1233 592 1234 593 1234 583 1234 591 1235 584 1235 562 1235 560 1236 591 1236 562 1236 588 1237 562 1237 564 1237 587 1238 588 1238 564 1238 587 1239 564 1239 565 1239 559 1240 586 1240 566 1240 559 1241 566 1241 558 1241 608 1242 557 1242 568 1242 597 1243 608 1243 568 1243 597 1244 568 1244 577 1244 606 1245 596 1245 569 1245 606 1246 569 1246 580 1246 605 1247 606 1247 580 1247 621 1248 624 1248 638 1248 638 1249 624 1249 640 1249 624 1250 625 1250 640 1250 640 1251 625 1251 641 1251 625 1252 623 1252 641 1252 641 1253 623 1253 639 1253 639 1254 622 1254 637 1254 623 1255 622 1255 639 1255 622 1256 619 1256 637 1256 637 1257 619 1257 635 1257 619 1258 616 1258 635 1258 635 1259 616 1259 633 1259 616 1260 614 1260 633 1260 633 1261 614 1261 630 1261 614 1262 612 1262 630 1262 630 1263 612 1263 627 1263 612 1264 610 1264 627 1264 627 1265 610 1265 626 1265 610 1266 611 1266 626 1266 626 1267 611 1267 628 1267 611 1268 613 1268 628 1268 628 1269 613 1269 629 1269 613 1270 615 1270 629 1270 629 1271 615 1271 631 1271 631 1272 615 1272 632 1272 615 1273 617 1273 632 1273 632 1274 618 1274 634 1274 617 1275 618 1275 632 1275 618 1276 620 1276 634 1276 634 1277 620 1277 636 1277 620 1278 621 1278 636 1278 636 1279 621 1279 638 1279 645 1280 642 1280 644 1280 646 1281 643 1281 642 1281 646 1282 989 1282 643 1282 990 1283 989 1283 646 1283 646 1284 642 1284 645 1284 646 1285 645 1285 992 1285 646 1286 991 1286 990 1286 646 1287 992 1287 647 1287 648 1288 649 1288 650 1288 650 1289 649 1289 651 1289 651 1290 649 1290 915 1290 658 1291 653 1291 652 1291 655 1292 652 1292 653 1292 655 1293 654 1293 652 1293 658 1294 652 1294 656 1294 655 1295 657 1295 654 1295 658 1296 656 1296 649 1296 658 1297 649 1297 648 1297 655 1298 659 1298 657 1298 660 1299 658 1299 648 1299 662 1300 659 1300 655 1300 662 1301 661 1301 659 1301 660 1302 648 1302 664 1302 665 1303 660 1303 664 1303 666 1304 661 1304 662 1304 666 1305 663 1305 661 1305 669 1306 665 1306 664 1306 668 1307 663 1307 666 1307 667 1308 669 1308 664 1308 668 1309 666 1309 672 1309 671 1310 668 1310 672 1310 670 1311 669 1311 667 1311 670 1312 674 1312 669 1312 675 1313 674 1313 670 1313 673 1314 672 1314 677 1314 673 1315 671 1315 672 1315 676 1316 673 1316 677 1316 679 1317 674 1317 675 1317 681 1318 677 1318 682 1318 681 1319 676 1319 677 1319 679 1320 678 1320 674 1320 680 1321 678 1321 679 1321 680 1322 682 1322 678 1322 680 1323 681 1323 682 1323 683 1324 684 1324 685 1324 685 1325 684 1325 868 1325 868 1326 684 1326 863 1326 687 1327 688 1327 686 1327 691 1328 687 1328 686 1328 690 1329 688 1329 687 1329 690 1330 689 1330 688 1330 691 1331 686 1331 692 1331 693 1332 689 1332 690 1332 693 1333 694 1333 689 1333 695 1334 691 1334 692 1334 693 1335 696 1335 694 1335 695 1336 692 1336 684 1336 695 1337 684 1337 683 1337 697 1338 698 1338 696 1338 697 1339 696 1339 693 1339 695 1340 683 1340 700 1340 701 1341 695 1341 700 1341 697 1342 699 1342 698 1342 703 1343 699 1343 697 1343 703 1344 702 1344 699 1344 704 1345 705 1345 701 1345 704 1346 701 1346 700 1346 706 1347 702 1347 703 1347 704 1348 708 1348 705 1348 706 1349 703 1349 711 1349 707 1350 708 1350 704 1350 709 1351 706 1351 711 1351 710 1352 708 1352 707 1352 712 1353 709 1353 711 1353 710 1354 714 1354 708 1354 712 1355 711 1355 716 1355 713 1356 714 1356 710 1356 715 1357 712 1357 716 1357 715 1358 716 1358 718 1358 713 1359 720 1359 714 1359 719 1360 720 1360 713 1360 717 1361 715 1361 718 1361 721 1362 717 1362 718 1362 721 1363 720 1363 719 1363 721 1364 718 1364 720 1364 652 1365 654 1365 922 1365 723 1366 875 1366 688 1366 722 1367 875 1367 723 1367 723 1368 688 1368 689 1368 724 1369 723 1369 689 1369 724 1370 689 1370 694 1370 727 1371 870 1371 722 1371 725 1372 724 1372 694 1372 726 1373 723 1373 724 1373 726 1374 722 1374 723 1374 727 1375 722 1375 726 1375 725 1376 694 1376 696 1376 730 1377 725 1377 696 1377 728 1378 724 1378 725 1378 728 1379 726 1379 724 1379 729 1380 867 1380 727 1380 731 1381 726 1381 728 1381 731 1382 727 1382 726 1382 737 1383 729 1383 727 1383 732 1384 725 1384 730 1384 732 1385 728 1385 725 1385 736 1386 731 1386 728 1386 737 1387 727 1387 731 1387 733 1388 729 1388 737 1388 735 1389 728 1389 732 1389 730 1390 696 1390 698 1390 736 1391 728 1391 735 1391 734 1392 732 1392 730 1392 738 1393 730 1393 698 1393 733 1394 670 1394 667 1394 734 1395 730 1395 738 1395 735 1396 732 1396 734 1396 740 1397 731 1397 736 1397 740 1398 737 1398 731 1398 737 1399 670 1399 733 1399 742 1400 736 1400 735 1400 739 1401 734 1401 738 1401 741 1402 735 1402 734 1402 741 1403 734 1403 739 1403 742 1404 740 1404 736 1404 740 1405 670 1405 737 1405 741 1406 742 1406 735 1406 744 1407 698 1407 699 1407 744 1408 738 1408 698 1408 745 1409 740 1409 742 1409 745 1410 675 1410 670 1410 745 1411 670 1411 740 1411 746 1412 738 1412 744 1412 746 1413 739 1413 738 1413 753 1414 742 1414 741 1414 743 1415 741 1415 739 1415 753 1416 745 1416 742 1416 748 1417 744 1417 699 1417 748 1418 699 1418 702 1418 743 1419 746 1419 747 1419 743 1420 739 1420 746 1420 751 1421 741 1421 743 1421 751 1422 753 1422 741 1422 750 1423 744 1423 748 1423 750 1424 746 1424 744 1424 750 1425 747 1425 746 1425 752 1426 748 1426 702 1426 753 1427 675 1427 745 1427 749 1428 750 1428 748 1428 751 1429 743 1429 747 1429 749 1430 748 1430 752 1430 753 1431 679 1431 675 1431 755 1432 751 1432 747 1432 756 1433 749 1433 752 1433 754 1434 750 1434 749 1434 755 1435 747 1435 750 1435 752 1436 702 1436 706 1436 751 1437 679 1437 753 1437 754 1438 749 1438 756 1438 755 1439 750 1439 754 1439 757 1440 752 1440 706 1440 756 1441 752 1441 757 1441 758 1442 754 1442 756 1442 761 1443 757 1443 706 1443 759 1444 751 1444 755 1444 760 1445 755 1445 754 1445 761 1446 706 1446 709 1446 759 1447 680 1447 679 1447 759 1448 679 1448 751 1448 759 1449 755 1449 760 1449 758 1450 756 1450 757 1450 763 1451 754 1451 758 1451 763 1452 760 1452 754 1452 764 1453 757 1453 761 1453 758 1454 757 1454 764 1454 762 1455 759 1455 760 1455 765 1456 761 1456 709 1456 762 1457 681 1457 680 1457 762 1458 680 1458 759 1458 766 1459 764 1459 761 1459 762 1460 760 1460 763 1460 773 1461 761 1461 765 1461 764 1462 763 1462 758 1462 765 1463 709 1463 712 1463 768 1464 763 1464 764 1464 767 1465 762 1465 763 1465 773 1466 766 1466 761 1466 770 1467 765 1467 712 1467 767 1468 681 1468 762 1468 769 1469 766 1469 773 1469 768 1470 764 1470 766 1470 767 1471 763 1471 768 1471 771 1472 773 1472 765 1472 771 1473 765 1473 770 1473 769 1474 768 1474 766 1474 776 1475 712 1475 715 1475 776 1476 770 1476 712 1476 775 1477 769 1477 773 1477 772 1478 676 1478 681 1478 772 1479 681 1479 767 1479 772 1480 767 1480 768 1480 772 1481 768 1481 769 1481 774 1482 769 1482 775 1482 774 1483 772 1483 769 1483 775 1484 773 1484 771 1484 777 1485 770 1485 776 1485 779 1486 771 1486 770 1486 776 1487 715 1487 717 1487 774 1488 673 1488 676 1488 774 1489 676 1489 772 1489 779 1490 770 1490 777 1490 774 1491 775 1491 780 1491 781 1492 776 1492 717 1492 778 1493 777 1493 776 1493 779 1494 775 1494 771 1494 778 1495 776 1495 781 1495 780 1496 775 1496 779 1496 781 1497 717 1497 721 1497 780 1498 673 1498 774 1498 780 1499 671 1499 673 1499 786 1500 779 1500 777 1500 783 1501 780 1501 779 1501 782 1502 781 1502 721 1502 786 1503 777 1503 778 1503 784 1504 786 1504 778 1504 784 1505 778 1505 781 1505 786 1506 783 1506 779 1506 785 1507 782 1507 721 1507 785 1508 721 1508 719 1508 783 1509 671 1509 780 1509 787 1510 784 1510 781 1510 788 1511 786 1511 784 1511 787 1512 781 1512 782 1512 790 1513 786 1513 788 1513 790 1514 783 1514 786 1514 789 1515 782 1515 785 1515 788 1516 784 1516 787 1516 783 1517 668 1517 671 1517 787 1518 782 1518 789 1518 791 1519 788 1519 787 1519 794 1520 719 1520 713 1520 794 1521 785 1521 719 1521 790 1522 668 1522 783 1522 794 1523 789 1523 785 1523 795 1524 787 1524 789 1524 793 1525 794 1525 713 1525 795 1526 789 1526 794 1526 792 1527 791 1527 787 1527 792 1528 787 1528 795 1528 791 1529 790 1529 788 1529 797 1530 790 1530 791 1530 797 1531 663 1531 668 1531 797 1532 668 1532 790 1532 796 1533 794 1533 793 1533 798 1534 793 1534 713 1534 795 1535 794 1535 796 1535 800 1536 791 1536 792 1536 798 1537 713 1537 710 1537 797 1538 791 1538 800 1538 799 1539 792 1539 795 1539 803 1540 795 1540 796 1540 804 1541 798 1541 710 1541 800 1542 663 1542 797 1542 799 1543 795 1543 803 1543 800 1544 792 1544 799 1544 798 1545 796 1545 793 1545 805 1546 796 1546 798 1546 801 1547 798 1547 804 1547 805 1548 803 1548 796 1548 807 1549 799 1549 803 1549 802 1550 804 1550 710 1550 802 1551 710 1551 707 1551 800 1552 661 1552 663 1552 801 1553 805 1553 798 1553 807 1554 661 1554 800 1554 807 1555 800 1555 799 1555 809 1556 801 1556 804 1556 805 1557 807 1557 803 1557 806 1558 802 1558 707 1558 802 1559 809 1559 804 1559 811 1560 805 1560 801 1560 808 1561 805 1561 811 1561 806 1562 707 1562 704 1562 808 1563 807 1563 805 1563 813 1564 809 1564 802 1564 810 1565 801 1565 809 1565 808 1566 661 1566 807 1566 813 1567 802 1567 806 1567 810 1568 811 1568 801 1568 812 1569 806 1569 704 1569 808 1570 659 1570 661 1570 814 1571 809 1571 813 1571 815 1572 808 1572 811 1572 815 1573 659 1573 808 1573 813 1574 806 1574 812 1574 813 1575 918 1575 816 1575 813 1576 812 1576 918 1576 810 1577 809 1577 814 1577 817 1578 811 1578 810 1578 816 1579 814 1579 813 1579 815 1580 811 1580 817 1580 817 1581 810 1581 814 1581 815 1582 657 1582 659 1582 819 1583 817 1583 814 1583 817 1584 657 1584 815 1584 819 1585 814 1585 816 1585 818 1586 819 1586 816 1586 819 1587 657 1587 817 1587 819 1588 654 1588 657 1588 922 1589 819 1589 818 1589 922 1590 654 1590 819 1590 651 1591 820 1591 822 1591 821 1592 822 1592 823 1592 821 1593 651 1593 822 1593 821 1594 823 1594 824 1594 821 1595 650 1595 651 1595 821 1596 824 1596 825 1596 828 1597 826 1597 827 1597 828 1598 825 1598 826 1598 828 1599 821 1599 825 1599 828 1600 827 1600 829 1600 828 1601 650 1601 821 1601 833 1602 829 1602 830 1602 833 1603 828 1603 829 1603 828 1604 648 1604 650 1604 833 1605 830 1605 831 1605 833 1606 648 1606 828 1606 833 1607 831 1607 832 1607 833 1608 832 1608 834 1608 842 1609 834 1609 835 1609 842 1610 833 1610 834 1610 842 1611 835 1611 836 1611 860 1612 836 1612 837 1612 860 1613 842 1613 836 1613 862 1614 837 1614 838 1614 862 1615 860 1615 837 1615 840 1616 862 1616 838 1616 840 1617 838 1617 839 1617 840 1618 839 1618 841 1618 843 1619 844 1619 845 1619 843 1620 841 1620 844 1620 843 1621 840 1621 841 1621 857 1622 664 1622 648 1622 857 1623 648 1623 833 1623 857 1624 833 1624 842 1624 846 1625 843 1625 845 1625 846 1626 845 1626 847 1626 872 1627 846 1627 847 1627 872 1628 847 1628 848 1628 872 1629 848 1629 849 1629 850 1630 872 1630 849 1630 850 1631 849 1631 851 1631 850 1632 851 1632 852 1632 861 1633 850 1633 852 1633 861 1634 852 1634 853 1634 861 1635 853 1635 854 1635 861 1636 854 1636 855 1636 857 1637 667 1637 664 1637 863 1638 855 1638 856 1638 863 1639 861 1639 855 1639 863 1640 856 1640 858 1640 863 1641 684 1641 861 1641 857 1642 733 1642 667 1642 861 1643 684 1643 692 1643 863 1644 858 1644 859 1644 860 1645 857 1645 842 1645 860 1646 729 1646 733 1646 860 1647 733 1647 857 1647 861 1648 692 1648 686 1648 865 1649 850 1649 861 1649 865 1650 861 1650 686 1650 865 1651 872 1651 850 1651 862 1652 729 1652 860 1652 863 1653 859 1653 864 1653 867 1654 862 1654 840 1654 867 1655 729 1655 862 1655 868 1656 863 1656 864 1656 868 1657 864 1657 866 1657 875 1658 872 1658 865 1658 875 1659 865 1659 686 1659 867 1660 840 1660 843 1660 868 1661 866 1661 869 1661 870 1662 867 1662 843 1662 870 1663 727 1663 867 1663 873 1664 868 1664 869 1664 873 1665 869 1665 871 1665 846 1666 870 1666 843 1666 846 1667 722 1667 870 1667 873 1668 871 1668 874 1668 875 1669 722 1669 846 1669 875 1670 846 1670 872 1670 876 1671 873 1671 874 1671 876 1672 874 1672 877 1672 873 1673 685 1673 868 1673 875 1674 686 1674 688 1674 876 1675 877 1675 878 1675 876 1676 685 1676 873 1676 876 1677 878 1677 879 1677 876 1678 880 1678 881 1678 876 1679 879 1679 880 1679 876 1680 683 1680 685 1680 876 1681 881 1681 882 1681 892 1682 882 1682 883 1682 892 1683 876 1683 882 1683 892 1684 683 1684 876 1684 897 1685 884 1685 885 1685 897 1686 883 1686 884 1686 897 1687 892 1687 883 1687 910 1688 885 1688 886 1688 910 1689 897 1689 885 1689 913 1690 910 1690 886 1690 913 1691 887 1691 888 1691 913 1692 886 1692 887 1692 889 1693 913 1693 888 1693 890 1694 888 1694 891 1694 890 1695 889 1695 888 1695 890 1696 891 1696 893 1696 919 1697 893 1697 894 1697 919 1698 890 1698 893 1698 892 1699 700 1699 683 1699 920 1700 894 1700 895 1700 920 1701 919 1701 894 1701 920 1702 895 1702 896 1702 897 1703 700 1703 892 1703 898 1704 896 1704 899 1704 898 1705 920 1705 896 1705 900 1706 898 1706 899 1706 900 1707 899 1707 901 1707 903 1708 901 1708 902 1708 903 1709 900 1709 901 1709 903 1710 902 1710 904 1710 910 1711 700 1711 897 1711 911 1712 904 1712 905 1712 911 1713 903 1713 904 1713 911 1714 905 1714 906 1714 911 1715 906 1715 907 1715 915 1716 908 1716 909 1716 915 1717 907 1717 908 1717 915 1718 911 1718 907 1718 911 1719 915 1719 649 1719 910 1720 704 1720 700 1720 910 1721 812 1721 704 1721 911 1722 649 1722 656 1722 915 1723 912 1723 914 1723 915 1724 909 1724 912 1724 911 1725 656 1725 903 1725 913 1726 812 1726 910 1726 651 1727 915 1727 914 1727 918 1728 812 1728 913 1728 918 1729 913 1729 889 1729 651 1730 916 1730 917 1730 651 1731 914 1731 916 1731 918 1732 889 1732 890 1732 651 1733 917 1733 820 1733 919 1734 918 1734 890 1734 919 1735 816 1735 918 1735 919 1736 818 1736 816 1736 903 1737 652 1737 900 1737 903 1738 656 1738 652 1738 921 1739 900 1739 652 1739 921 1740 898 1740 900 1740 920 1741 818 1741 919 1741 920 1742 922 1742 818 1742 922 1743 921 1743 652 1743 922 1744 920 1744 898 1744 922 1745 898 1745 921 1745 924 1746 820 1746 917 1746 924 1747 923 1747 820 1747 925 1748 917 1748 916 1748 925 1749 924 1749 917 1749 926 1750 916 1750 914 1750 926 1751 925 1751 916 1751 927 1752 926 1752 914 1752 927 1753 914 1753 912 1753 928 1754 927 1754 912 1754 928 1755 912 1755 909 1755 929 1756 909 1756 908 1756 929 1757 908 1757 907 1757 929 1758 928 1758 909 1758 930 1759 929 1759 907 1759 930 1760 907 1760 906 1760 931 1761 930 1761 906 1761 931 1762 906 1762 905 1762 932 1763 931 1763 905 1763 932 1764 905 1764 904 1764 933 1765 932 1765 904 1765 933 1766 904 1766 902 1766 934 1767 933 1767 902 1767 934 1768 902 1768 901 1768 935 1769 934 1769 901 1769 935 1770 901 1770 899 1770 936 1771 935 1771 899 1771 936 1772 899 1772 896 1772 937 1773 896 1773 895 1773 937 1774 936 1774 896 1774 938 1775 895 1775 894 1775 938 1776 937 1776 895 1776 938 1777 894 1777 893 1777 939 1778 938 1778 893 1778 939 1779 893 1779 891 1779 940 1780 939 1780 891 1780 941 1781 891 1781 888 1781 941 1782 940 1782 891 1782 942 1783 941 1783 888 1783 942 1784 888 1784 887 1784 943 1785 942 1785 887 1785 943 1786 887 1786 886 1786 943 1787 886 1787 885 1787 944 1788 943 1788 885 1788 945 1789 944 1789 885 1789 945 1790 885 1790 884 1790 945 1791 884 1791 883 1791 946 1792 945 1792 883 1792 947 1793 946 1793 883 1793 947 1794 883 1794 882 1794 948 1795 947 1795 882 1795 948 1796 882 1796 881 1796 949 1797 948 1797 881 1797 949 1798 881 1798 880 1798 950 1799 949 1799 880 1799 950 1800 880 1800 879 1800 951 1801 950 1801 879 1801 951 1802 879 1802 878 1802 952 1803 951 1803 878 1803 952 1804 878 1804 877 1804 953 1805 952 1805 877 1805 953 1806 877 1806 874 1806 954 1807 874 1807 871 1807 954 1808 953 1808 874 1808 955 1809 871 1809 869 1809 955 1810 869 1810 866 1810 955 1811 954 1811 871 1811 956 1812 955 1812 866 1812 957 1813 956 1813 866 1813 957 1814 866 1814 864 1814 958 1815 957 1815 864 1815 958 1816 864 1816 859 1816 959 1817 958 1817 859 1817 959 1818 859 1818 858 1818 960 1819 959 1819 858 1819 960 1820 858 1820 856 1820 961 1821 960 1821 856 1821 961 1822 856 1822 855 1822 962 1823 961 1823 855 1823 962 1824 855 1824 854 1824 963 1825 962 1825 854 1825 963 1826 854 1826 853 1826 964 1827 853 1827 852 1827 964 1828 963 1828 853 1828 965 1829 852 1829 851 1829 965 1830 964 1830 852 1830 965 1831 851 1831 849 1831 966 1832 965 1832 849 1832 966 1833 849 1833 848 1833 967 1834 966 1834 848 1834 967 1835 848 1835 847 1835 968 1836 967 1836 847 1836 968 1837 847 1837 845 1837 969 1838 968 1838 845 1838 969 1839 845 1839 844 1839 970 1840 844 1840 841 1840 970 1841 969 1841 844 1841 971 1842 841 1842 839 1842 971 1843 970 1843 841 1843 971 1844 839 1844 838 1844 972 1845 838 1845 837 1845 972 1846 971 1846 838 1846 973 1847 972 1847 837 1847 974 1848 837 1848 836 1848 974 1849 973 1849 837 1849 975 1850 836 1850 835 1850 975 1851 974 1851 836 1851 976 1852 835 1852 834 1852 976 1853 834 1853 832 1853 976 1854 975 1854 835 1854 977 1855 976 1855 832 1855 978 1856 832 1856 831 1856 978 1857 977 1857 832 1857 979 1858 978 1858 831 1858 979 1859 831 1859 830 1859 980 1860 979 1860 830 1860 980 1861 830 1861 829 1861 981 1862 980 1862 829 1862 981 1863 829 1863 827 1863 982 1864 981 1864 827 1864 982 1865 827 1865 826 1865 983 1866 982 1866 826 1866 983 1867 826 1867 825 1867 984 1868 983 1868 825 1868 984 1869 825 1869 824 1869 985 1870 984 1870 824 1870 985 1871 824 1871 823 1871 985 1872 823 1872 822 1872 986 1873 985 1873 822 1873 923 1874 822 1874 820 1874 923 1875 986 1875 822 1875 986 1876 923 1876 987 1876 987 1877 985 1877 986 1877 987 1878 984 1878 985 1878 987 1879 983 1879 984 1879 987 1880 982 1880 983 1880 987 1881 981 1881 982 1881 987 1882 980 1882 981 1882 988 1883 987 1883 642 1883 987 1884 979 1884 980 1884 988 1885 979 1885 987 1885 988 1886 978 1886 979 1886 988 1887 977 1887 978 1887 988 1888 976 1888 977 1888 988 1889 975 1889 976 1889 988 1890 974 1890 975 1890 988 1891 973 1891 974 1891 988 1892 971 1892 972 1892 988 1893 972 1893 973 1893 643 1894 988 1894 642 1894 643 1895 971 1895 988 1895 643 1896 970 1896 971 1896 643 1897 969 1897 970 1897 643 1898 967 1898 968 1898 643 1899 968 1899 969 1899 989 1900 967 1900 643 1900 989 1901 966 1901 967 1901 989 1902 965 1902 966 1902 989 1903 964 1903 965 1903 989 1904 963 1904 964 1904 989 1905 962 1905 963 1905 989 1906 961 1906 962 1906 990 1907 960 1907 961 1907 990 1908 961 1908 989 1908 990 1909 958 1909 959 1909 990 1910 959 1910 960 1910 991 1911 958 1911 990 1911 991 1912 957 1912 958 1912 991 1913 956 1913 957 1913 991 1914 955 1914 956 1914 991 1915 954 1915 955 1915 991 1916 953 1916 954 1916 991 1917 952 1917 953 1917 647 1918 991 1918 646 1918 991 1919 951 1919 952 1919 647 1920 950 1920 951 1920 647 1921 951 1921 991 1921 647 1922 948 1922 949 1922 647 1923 949 1923 950 1923 647 1924 947 1924 948 1924 647 1925 946 1925 947 1925 647 1926 944 1926 945 1926 647 1927 945 1927 946 1927 647 1928 943 1928 944 1928 992 1929 942 1929 943 1929 992 1930 943 1930 647 1930 992 1931 941 1931 942 1931 992 1932 940 1932 941 1932 992 1933 939 1933 940 1933 992 1934 938 1934 939 1934 992 1935 937 1935 938 1935 992 1936 936 1936 937 1936 993 1937 992 1937 645 1937 992 1938 935 1938 936 1938 993 1939 935 1939 992 1939 993 1940 934 1940 935 1940 993 1941 933 1941 934 1941 993 1942 932 1942 933 1942 993 1943 931 1943 932 1943 644 1944 993 1944 645 1944 993 1945 930 1945 931 1945 644 1946 930 1946 993 1946 644 1947 928 1947 929 1947 644 1948 929 1948 930 1948 644 1949 927 1949 928 1949 644 1950 926 1950 927 1950 644 1951 642 1951 987 1951 644 1952 924 1952 925 1952 644 1953 925 1953 926 1953 644 1954 923 1954 924 1954 644 1955 987 1955 923 1955 708 1956 714 1956 995 1956 994 1957 995 1957 996 1957 714 1958 996 1958 995 1958 720 1959 996 1959 714 1959 720 1960 1057 1960 996 1960 718 1961 1057 1961 720 1961 718 1962 997 1962 1057 1962 716 1963 997 1963 718 1963 1057 1964 997 1964 998 1964 716 1965 998 1965 997 1965 716 1966 1000 1966 998 1966 711 1967 1000 1967 716 1967 711 1968 999 1968 1000 1968 703 1969 999 1969 711 1969 703 1970 1001 1970 999 1970 697 1971 1001 1971 703 1971 697 1972 1002 1972 1001 1972 693 1973 1002 1973 697 1973 693 1974 1003 1974 1002 1974 690 1975 1003 1975 693 1975 690 1976 1004 1976 1003 1976 687 1977 1005 1977 690 1977 690 1978 1005 1978 1004 1978 687 1979 1006 1979 1005 1979 691 1980 1006 1980 687 1980 695 1981 1007 1981 691 1981 691 1982 1007 1982 1006 1982 1007 1983 1008 1983 1006 1983 695 1984 1008 1984 1007 1984 701 1985 1008 1985 695 1985 701 1986 1009 1986 1008 1986 1009 1987 1010 1987 1011 1987 701 1988 1010 1988 1009 1988 705 1989 1010 1989 701 1989 705 1990 1011 1990 1010 1990 708 1991 994 1991 705 1991 705 1992 994 1992 1011 1992 708 1993 995 1993 994 1993 1051 1994 1013 1994 1015 1994 1015 1995 1014 1995 1012 1995 1056 1996 1013 1996 1051 1996 1014 1997 1020 1997 1012 1997 1013 1998 1016 1998 1015 1998 1056 1999 1018 1999 1013 1999 1056 2000 1019 2000 1018 2000 1017 2001 1014 2001 1016 2001 1012 2002 1020 2002 1027 2002 1014 2003 1015 2003 1016 2003 1018 2004 1016 2004 1013 2004 1017 2005 1021 2005 1014 2005 1019 2006 1022 2006 1018 2006 1016 2007 1018 2007 1100 2007 1022 2008 1100 2008 1018 2008 1014 2009 1021 2009 1020 2009 1071 2010 1023 2010 1019 2010 1101 2011 1021 2011 1017 2011 1019 2012 1023 2012 1022 2012 1021 2013 1024 2013 1020 2013 1101 2014 1029 2014 1021 2014 1022 2015 1025 2015 1100 2015 1029 2016 1024 2016 1021 2016 1023 2017 1025 2017 1022 2017 1100 2018 1025 2018 1099 2018 1023 2019 1028 2019 1025 2019 1020 2020 1030 2020 1027 2020 1036 2021 1029 2021 1101 2021 1071 2022 1028 2022 1023 2022 1029 2023 1032 2023 1024 2023 1020 2024 1024 2024 1030 2024 1028 2025 1026 2025 1025 2025 1032 2026 1031 2026 1024 2026 1025 2027 1026 2027 1099 2027 1024 2028 1031 2028 1030 2028 1099 2029 1026 2029 1098 2029 1029 2030 1034 2030 1032 2030 1083 2031 1037 2031 1028 2031 1031 2032 1033 2032 1030 2032 1037 2033 1026 2033 1028 2033 1036 2034 1034 2034 1029 2034 1034 2035 1035 2035 1032 2035 1032 2036 1041 2036 1031 2036 994 2037 1027 2037 1030 2037 1030 2038 1033 2038 994 2038 994 2039 1033 2039 1011 2039 1032 2040 1035 2040 1041 2040 1037 2041 1039 2041 1026 2041 1026 2042 1039 2042 1098 2042 1098 2043 1039 2043 1049 2043 1031 2044 1041 2044 1033 2044 994 2045 1047 2045 1027 2045 1035 2046 1042 2046 1041 2046 1034 2047 1040 2047 1035 2047 1040 2048 1046 2048 1035 2048 1102 2049 1044 2049 1036 2049 1033 2050 1041 2050 1011 2050 1036 2051 1044 2051 1034 2051 1027 2052 1047 2052 1012 2052 1044 2053 1040 2053 1034 2053 1011 2054 1041 2054 1009 2054 1038 2055 1048 2055 1037 2055 1046 2056 1043 2056 1035 2056 1035 2057 1043 2057 1042 2057 1037 2058 1048 2058 1039 2058 1042 2059 1045 2059 1041 2059 1041 2060 1045 2060 1009 2060 1044 2061 1046 2061 1040 2061 994 2062 996 2062 1047 2062 1043 2063 1045 2063 1042 2063 1048 2064 1049 2064 1039 2064 1089 2065 1048 2065 1038 2065 1047 2066 1051 2066 1012 2066 1046 2067 1052 2067 1043 2067 1092 2068 1044 2068 1102 2068 1012 2069 1051 2069 1015 2069 1009 2070 1045 2070 1008 2070 996 2071 1053 2071 1047 2071 1047 2072 1053 2072 1051 2072 1043 2073 1050 2073 1045 2073 1046 2074 1058 2074 1052 2074 1044 2075 1054 2075 1046 2075 1052 2076 1050 2076 1043 2076 1048 2077 1097 2077 1049 2077 1045 2078 1050 2078 1008 2078 1092 2079 1054 2079 1044 2079 1048 2080 1060 2080 1097 2080 1054 2081 1058 2081 1046 2081 1089 2082 1062 2082 1048 2082 1055 2083 1054 2083 1092 2083 1053 2084 1056 2084 1051 2084 1054 2085 1061 2085 1058 2085 1057 2086 1053 2086 996 2086 1097 2087 1060 2087 1096 2087 1048 2088 1062 2088 1060 2088 1008 2089 1050 2089 1006 2089 1054 2090 1055 2090 1061 2090 1093 2091 1055 2091 1092 2091 1052 2092 1063 2092 1050 2092 1058 2093 1063 2093 1052 2093 1057 2094 1059 2094 1053 2094 1053 2095 1059 2095 1056 2095 1062 2096 1066 2096 1060 2096 1056 2097 1059 2097 1019 2097 1063 2098 1006 2098 1050 2098 1091 2099 1066 2099 1062 2099 1055 2100 1069 2100 1061 2100 1060 2101 1095 2101 1096 2101 1093 2102 1067 2102 1055 2102 1061 2103 1063 2103 1058 2103 1057 2104 1064 2104 1059 2104 1060 2105 1066 2105 1095 2105 1086 2106 1066 2106 1091 2106 1063 2107 1065 2107 1006 2107 1061 2108 1069 2108 1063 2108 1094 2109 1067 2109 1093 2109 1067 2110 1072 2110 1055 2110 1072 2111 1069 2111 1055 2111 1064 2112 1071 2112 1059 2112 1069 2113 1075 2113 1063 2113 1066 2114 1068 2114 1095 2114 1076 2115 1067 2115 1094 2115 1059 2116 1071 2116 1019 2116 1063 2117 1075 2117 1065 2117 1065 2118 1005 2118 1006 2118 1070 2119 1073 2119 1094 2119 1094 2120 1073 2120 1076 2120 998 2121 1064 2121 1057 2121 1086 2122 1068 2122 1066 2122 1069 2123 1072 2123 1075 2123 1095 2124 1068 2124 1070 2124 1067 2125 1076 2125 1072 2125 1076 2126 1078 2126 1072 2126 1074 2127 1071 2127 1064 2127 998 2128 1074 2128 1064 2128 1065 2129 1081 2129 1005 2129 1072 2130 1077 2130 1075 2130 1070 2131 1068 2131 1073 2131 1075 2132 1081 2132 1065 2132 1072 2133 1078 2133 1077 2133 1075 2134 1077 2134 1081 2134 998 2135 1079 2135 1074 2135 1074 2136 1028 2136 1071 2136 1000 2137 1079 2137 998 2137 1073 2138 1080 2138 1076 2138 1068 2139 1080 2139 1073 2139 1074 2140 1083 2140 1028 2140 1078 2141 1082 2141 1077 2141 1076 2142 1080 2142 1078 2142 1005 2143 1081 2143 1004 2143 1079 2144 1083 2144 1074 2144 1077 2145 1082 2145 1081 2145 999 2146 1085 2146 1000 2146 1078 2147 1080 2147 1082 2147 1000 2148 1085 2148 1079 2148 1079 2149 1085 2149 1083 2149 1081 2150 1082 2150 1004 2150 1080 2151 1068 2151 1086 2151 1080 2152 1086 2152 1082 2152 1085 2153 1037 2153 1083 2153 999 2154 1084 2154 1085 2154 1004 2155 1087 2155 1003 2155 1082 2156 1087 2156 1004 2156 1085 2157 1038 2157 1037 2157 999 2158 1088 2158 1084 2158 1082 2159 1086 2159 1087 2159 1084 2160 1038 2160 1085 2160 1001 2161 1088 2161 999 2161 1087 2162 1002 2162 1003 2162 1086 2163 1091 2163 1087 2163 1084 2164 1088 2164 1038 2164 1002 2165 1090 2165 1001 2165 1001 2166 1090 2166 1088 2166 1087 2167 1091 2167 1002 2167 1088 2168 1089 2168 1038 2168 1088 2169 1090 2169 1089 2169 1002 2170 1091 2170 1090 2170 1090 2171 1062 2171 1089 2171 1090 2172 1091 2172 1062 2172 658 2173 660 2173 1092 2173 660 2174 1093 2174 1092 2174 665 2175 1093 2175 660 2175 669 2176 1094 2176 665 2176 665 2177 1094 2177 1093 2177 669 2178 1070 2178 1094 2178 674 2179 1095 2179 669 2179 669 2180 1095 2180 1070 2180 678 2181 1096 2181 674 2181 674 2182 1096 2182 1095 2182 678 2183 1097 2183 1096 2183 682 2184 1097 2184 678 2184 682 2185 1049 2185 1097 2185 677 2186 1049 2186 682 2186 677 2187 1098 2187 1049 2187 672 2188 1098 2188 677 2188 672 2189 1099 2189 1098 2189 666 2190 1099 2190 672 2190 666 2191 1100 2191 1099 2191 666 2192 1016 2192 1100 2192 662 2193 1016 2193 666 2193 662 2194 1017 2194 1016 2194 655 2195 1017 2195 662 2195 655 2196 1101 2196 1017 2196 653 2197 1101 2197 655 2197 653 2198 1036 2198 1101 2198 658 2199 1036 2199 653 2199 658 2200 1102 2200 1036 2200 1092 2201 1102 2201 658 2201 1262 2202 1103 2202 1104 2202 1255 2203 1262 2203 1104 2203 1255 2204 1104 2204 1106 2204 1262 2205 1105 2205 1103 2205 1107 2206 1105 2206 1262 2206 1108 2207 1255 2207 1106 2207 1108 2208 1262 2208 1255 2208 1109 2209 1107 2209 1262 2209 1110 2210 1262 2210 1108 2210 1109 2211 1262 2211 1110 2211 1302 2212 1111 2212 1119 2212 1302 2213 1112 2213 1111 2213 1119 2214 1111 2214 1113 2214 1302 2215 1115 2215 1112 2215 1119 2216 1113 2216 1114 2216 1302 2217 1116 2217 1115 2217 1117 2218 1119 2218 1114 2218 1118 2219 1116 2219 1302 2219 1118 2220 1302 2220 1119 2220 1120 2221 1119 2221 1117 2221 1121 2222 1118 2222 1119 2222 1121 2223 1119 2223 1120 2223 1126 2224 1125 2224 1122 2224 1128 2225 1235 2225 1130 2225 1166 2226 1124 2226 1241 2226 1126 2227 1122 2227 1124 2227 1125 2228 1129 2228 1105 2228 1123 2229 1103 2229 1105 2229 1130 2230 1135 2230 1128 2230 1129 2231 1123 2231 1105 2231 1126 2232 1129 2232 1125 2232 1131 2233 1130 2233 1127 2233 1124 2234 1166 2234 1134 2234 1132 2235 1126 2235 1124 2235 1133 2236 1129 2236 1126 2236 1134 2237 1132 2237 1124 2237 1132 2238 1133 2238 1126 2238 1137 2239 1123 2239 1129 2239 1137 2240 1129 2240 1133 2240 1131 2241 1127 2241 1123 2241 1135 2242 1130 2242 1131 2242 1131 2243 1123 2243 1137 2243 1137 2244 1133 2244 1132 2244 1136 2245 1137 2245 1132 2245 1135 2246 1131 2246 1137 2246 1138 2247 1135 2247 1137 2247 1138 2248 1137 2248 1136 2248 1208 2249 1135 2249 1138 2249 1193 2250 1169 2250 1154 2250 1139 2251 1193 2251 1154 2251 1139 2252 1154 2252 1141 2252 1193 2253 1140 2253 1186 2253 1140 2254 1221 2254 1212 2254 1142 2255 1141 2255 1154 2255 1143 2256 1140 2256 1193 2256 1143 2257 1193 2257 1139 2257 1145 2258 1140 2258 1143 2258 1146 2259 1141 2259 1142 2259 1145 2260 1221 2260 1140 2260 1144 2261 1139 2261 1141 2261 1143 2262 1139 2262 1144 2262 1148 2263 1221 2263 1145 2263 1116 2264 1143 2264 1144 2264 1150 2265 1141 2265 1146 2265 1150 2266 1144 2266 1141 2266 1147 2267 1145 2267 1143 2267 1148 2268 1149 2268 1221 2268 1116 2269 1147 2269 1143 2269 1142 2270 1154 2270 1157 2270 1156 2271 1146 2271 1142 2271 1147 2272 1148 2272 1145 2272 1150 2273 1115 2273 1144 2273 1144 2274 1115 2274 1116 2274 1112 2275 1150 2275 1146 2275 1151 2276 1149 2276 1148 2276 1151 2277 1148 2277 1147 2277 1152 2278 1233 2278 1149 2278 1153 2279 1147 2279 1116 2279 1153 2280 1151 2280 1147 2280 1152 2281 1149 2281 1151 2281 1160 2282 1146 2282 1156 2282 1150 2283 1112 2283 1115 2283 1160 2284 1112 2284 1146 2284 1153 2285 1116 2285 1118 2285 1155 2286 1156 2286 1142 2286 1155 2287 1142 2287 1157 2287 1158 2288 1160 2288 1156 2288 1164 2289 1151 2289 1153 2289 1163 2290 1152 2290 1151 2290 1164 2291 1153 2291 1118 2291 1168 2292 1157 2292 1154 2292 1160 2293 1111 2293 1112 2293 1161 2294 1158 2294 1156 2294 1161 2295 1156 2295 1155 2295 1163 2296 1151 2296 1164 2296 1166 2297 1152 2297 1163 2297 1162 2298 1159 2298 1155 2298 1162 2299 1155 2299 1157 2299 1166 2300 1241 2300 1152 2300 1159 2301 1161 2301 1155 2301 1165 2302 1163 2302 1164 2302 1169 2303 1168 2303 1154 2303 1167 2304 1162 2304 1157 2304 1168 2305 1167 2305 1157 2305 1175 2306 1161 2306 1159 2306 1172 2307 1160 2307 1158 2307 1170 2308 1158 2308 1161 2308 1165 2309 1166 2309 1163 2309 1172 2310 1111 2310 1160 2310 1170 2311 1172 2311 1158 2311 1173 2312 1165 2312 1164 2312 1173 2313 1164 2313 1118 2313 1171 2314 1166 2314 1165 2314 1173 2315 1118 2315 1121 2315 1177 2316 1167 2316 1168 2316 1172 2317 1113 2317 1111 2317 1175 2318 1170 2318 1161 2318 1177 2319 1185 2319 1167 2319 1171 2320 1134 2320 1166 2320 1174 2321 1159 2321 1162 2321 1174 2322 1175 2322 1159 2322 1179 2323 1171 2323 1165 2323 1183 2324 1172 2324 1170 2324 1190 2325 1168 2325 1169 2325 1179 2326 1165 2326 1173 2326 1176 2327 1162 2327 1167 2327 1176 2328 1174 2328 1162 2328 1185 2329 1176 2329 1167 2329 1192 2330 1183 2330 1170 2330 1178 2331 1170 2331 1175 2331 1184 2332 1173 2332 1121 2332 1181 2333 1171 2333 1179 2333 1180 2334 1174 2334 1176 2334 1181 2335 1134 2335 1171 2335 1182 2336 1168 2336 1190 2336 1183 2337 1113 2337 1172 2337 1184 2338 1179 2338 1173 2338 1182 2339 1177 2339 1168 2339 1187 2340 1180 2340 1176 2340 1187 2341 1176 2341 1185 2341 1199 2342 1178 2342 1175 2342 1178 2343 1192 2343 1170 2343 1189 2344 1175 2344 1174 2344 1185 2345 1177 2345 1108 2345 1185 2346 1108 2346 1106 2346 1185 2347 1106 2347 1187 2347 1189 2348 1199 2348 1175 2348 1182 2349 1108 2349 1177 2349 1196 2350 1184 2350 1121 2350 1136 2351 1132 2351 1134 2351 1136 2352 1134 2352 1181 2352 1195 2353 1192 2353 1178 2353 1188 2354 1113 2354 1183 2354 1191 2355 1179 2355 1184 2355 1198 2356 1180 2356 1187 2356 1189 2357 1174 2357 1180 2357 1196 2358 1121 2358 1120 2358 1186 2359 1190 2359 1169 2359 1195 2360 1178 2360 1199 2360 1196 2361 1191 2361 1184 2361 1182 2362 1110 2362 1108 2362 1191 2363 1181 2363 1179 2363 1192 2364 1188 2364 1183 2364 1193 2365 1186 2365 1169 2365 1197 2366 1182 2366 1190 2366 1197 2367 1110 2367 1182 2367 1194 2368 1189 2368 1180 2368 1197 2369 1190 2369 1204 2369 1201 2370 1188 2370 1192 2370 1198 2371 1187 2371 1106 2371 1188 2372 1114 2372 1113 2372 1201 2373 1192 2373 1195 2373 1204 2374 1190 2374 1186 2374 1206 2375 1136 2375 1181 2375 1202 2376 1195 2376 1199 2376 1198 2377 1194 2377 1180 2377 1202 2378 1201 2378 1195 2378 1203 2379 1196 2379 1120 2379 1205 2380 1189 2380 1194 2380 1206 2381 1181 2381 1191 2381 1200 2382 1199 2382 1189 2382 1217 2383 1114 2383 1188 2383 1212 2384 1204 2384 1186 2384 1205 2385 1200 2385 1189 2385 1200 2386 1202 2386 1199 2386 1212 2387 1186 2387 1140 2387 1220 2388 1110 2388 1197 2388 1207 2389 1198 2389 1106 2389 1207 2390 1194 2390 1198 2390 1203 2391 1120 2391 1117 2391 1207 2392 1205 2392 1194 2392 1209 2393 1201 2393 1202 2393 1222 2394 1203 2394 1117 2394 1220 2395 1197 2395 1204 2395 1217 2396 1188 2396 1201 2396 1220 2397 1109 2397 1110 2397 1203 2398 1191 2398 1196 2398 1138 2399 1136 2399 1206 2399 1225 2400 1217 2400 1201 2400 1216 2401 1117 2401 1114 2401 1209 2402 1202 2402 1200 2402 1216 2403 1114 2403 1217 2403 1210 2404 1200 2404 1205 2404 1208 2405 1206 2405 1191 2405 1207 2406 1106 2406 1104 2406 1211 2407 1222 2407 1117 2407 1213 2408 1205 2408 1207 2408 1208 2409 1191 2409 1203 2409 1208 2410 1138 2410 1206 2410 1219 2411 1220 2411 1204 2411 1218 2412 1219 2412 1204 2412 1209 2413 1225 2413 1201 2413 1216 2414 1211 2414 1117 2414 1224 2415 1213 2415 1207 2415 1208 2416 1203 2416 1222 2416 1218 2417 1204 2417 1212 2417 1224 2418 1207 2418 1104 2418 1215 2419 1210 2419 1205 2419 1215 2420 1205 2420 1213 2420 1210 2421 1209 2421 1200 2421 1214 2422 1225 2422 1209 2422 1214 2423 1209 2423 1210 2423 1218 2424 1212 2424 1221 2424 1226 2425 1211 2425 1216 2425 1223 2426 1220 2426 1219 2426 1226 2427 1216 2427 1217 2427 1223 2428 1109 2428 1220 2428 1226 2429 1217 2429 1225 2429 1149 2430 1218 2430 1221 2430 1227 2431 1214 2431 1210 2431 1228 2432 1219 2432 1218 2432 1236 2433 1227 2433 1210 2433 1237 2434 1222 2434 1211 2434 1228 2435 1223 2435 1219 2435 1230 2436 1215 2436 1213 2436 1231 2437 1225 2437 1214 2437 1228 2438 1218 2438 1149 2438 1230 2439 1224 2439 1104 2439 1230 2440 1213 2440 1224 2440 1227 2441 1231 2441 1214 2441 1231 2442 1226 2442 1225 2442 1226 2443 1237 2443 1211 2443 1232 2444 1109 2444 1223 2444 1236 2445 1210 2445 1215 2445 1208 2446 1222 2446 1237 2446 1233 2447 1228 2447 1149 2447 1229 2448 1223 2448 1228 2448 1229 2449 1232 2449 1223 2449 1232 2450 1107 2450 1109 2450 1238 2451 1236 2451 1215 2451 1238 2452 1215 2452 1230 2452 1128 2453 1226 2453 1231 2453 1239 2454 1228 2454 1233 2454 1234 2455 1232 2455 1229 2455 1235 2456 1231 2456 1227 2456 1239 2457 1229 2457 1228 2457 1234 2458 1107 2458 1232 2458 1237 2459 1226 2459 1128 2459 1235 2460 1227 2460 1236 2460 1240 2461 1104 2461 1103 2461 1240 2462 1230 2462 1104 2462 1128 2463 1231 2463 1235 2463 1241 2464 1233 2464 1152 2464 1241 2465 1239 2465 1233 2465 1135 2466 1208 2466 1237 2466 1240 2467 1238 2467 1230 2467 1122 2468 1229 2468 1239 2468 1122 2469 1234 2469 1229 2469 1235 2470 1236 2470 1238 2470 1135 2471 1237 2471 1128 2471 1125 2472 1107 2472 1234 2472 1130 2473 1238 2473 1240 2473 1130 2474 1235 2474 1238 2474 1127 2475 1240 2475 1103 2475 1127 2476 1130 2476 1240 2476 1124 2477 1239 2477 1241 2477 1122 2478 1125 2478 1234 2478 1125 2479 1105 2479 1107 2479 1124 2480 1122 2480 1239 2480 1123 2481 1127 2481 1103 2481 1275 2482 1242 2482 1296 2482 1244 2483 1275 2483 1296 2483 1244 2484 1296 2484 1243 2484 1244 2485 1262 2485 1275 2485 1244 2486 1243 2486 1297 2486 1244 2487 1298 2487 1245 2487 1244 2488 1245 2488 1246 2488 1247 2489 1244 2489 1246 2489 1247 2490 1262 2490 1244 2490 1247 2491 1248 2491 1249 2491 1247 2492 1249 2492 1276 2492 1247 2493 1276 2493 1252 2493 1252 2494 1262 2494 1247 2494 1252 2495 1276 2495 1250 2495 1252 2496 1255 2496 1262 2496 1252 2497 1250 2497 1251 2497 1252 2498 1251 2498 1253 2498 1252 2499 1253 2499 1280 2499 1252 2500 1280 2500 1281 2500 1255 2501 1252 2501 1281 2501 1255 2502 1281 2502 1254 2502 1255 2503 1254 2503 1282 2503 1255 2504 1282 2504 1283 2504 1256 2505 1255 2505 1283 2505 1256 2506 1283 2506 1284 2506 1256 2507 1284 2507 1285 2507 1259 2508 1256 2508 1286 2508 1259 2509 1255 2509 1256 2509 1259 2510 1262 2510 1255 2510 1259 2511 1257 2511 1258 2511 1259 2512 1258 2512 1260 2512 1259 2513 1260 2513 1261 2513 1262 2514 1259 2514 1261 2514 1262 2515 1261 2515 1263 2515 1268 2516 1262 2516 1263 2516 1268 2517 1263 2517 1264 2517 1268 2518 1265 2518 1266 2518 1268 2519 1266 2519 1267 2519 1270 2520 1268 2520 1267 2520 1270 2521 1267 2521 1269 2521 1270 2522 1262 2522 1268 2522 1274 2523 1270 2523 1271 2523 1274 2524 1271 2524 1272 2524 1274 2525 1262 2525 1270 2525 1275 2526 1262 2526 1274 2526 1274 2527 1272 2527 1273 2527 1274 2528 1273 2528 1293 2528 1275 2529 1274 2529 1293 2529 1275 2530 1293 2530 1294 2530 1276 2531 1277 2531 1250 2531 1250 2532 1277 2532 1251 2532 1277 2533 1278 2533 1251 2533 1251 2534 1279 2534 1253 2534 1278 2535 1279 2535 1251 2535 1279 2536 1303 2536 1253 2536 1253 2537 1303 2537 1280 2537 1283 2538 1304 2538 1284 2538 1285 2539 1286 2539 1256 2539 1286 2540 1305 2540 1259 2540 1305 2541 1287 2541 1259 2541 1259 2542 1287 2542 1257 2542 1257 2543 1287 2543 1258 2543 1287 2544 1288 2544 1258 2544 1258 2545 1288 2545 1260 2545 1261 2546 1289 2546 1263 2546 1289 2547 1264 2547 1263 2547 1264 2548 1265 2548 1268 2548 1269 2549 1290 2549 1270 2549 1290 2550 1291 2550 1270 2550 1270 2551 1291 2551 1271 2551 1291 2552 1292 2552 1271 2552 1271 2553 1292 2553 1272 2553 1292 2554 1307 2554 1272 2554 1307 2555 1273 2555 1272 2555 1294 2556 1295 2556 1275 2556 1275 2557 1295 2557 1242 2557 1295 2558 1301 2558 1242 2558 1301 2559 1296 2559 1242 2559 1296 2560 1297 2560 1243 2560 1297 2561 1298 2561 1244 2561 1245 2562 1299 2562 1246 2562 1246 2563 1300 2563 1247 2563 1247 2564 1300 2564 1248 2564 1248 2565 1276 2565 1249 2565 1301 2566 1295 2566 1294 2566 1301 2567 1119 2567 1302 2567 1301 2568 1297 2568 1296 2568 1299 2569 1301 2569 1302 2569 1299 2570 1297 2570 1301 2570 1299 2571 1298 2571 1297 2571 1299 2572 1245 2572 1298 2572 1299 2573 1300 2573 1246 2573 1299 2574 1248 2574 1300 2574 1302 2575 1248 2575 1299 2575 1302 2576 1276 2576 1248 2576 1302 2577 1277 2577 1276 2577 1302 2578 1278 2578 1277 2578 1303 2579 1278 2579 1302 2579 1303 2580 1279 2580 1278 2580 1303 2581 1302 2581 1119 2581 1303 2582 1281 2582 1280 2582 1303 2583 1254 2583 1281 2583 1304 2584 1254 2584 1303 2584 1304 2585 1303 2585 1119 2585 1304 2586 1282 2586 1254 2586 1304 2587 1283 2587 1282 2587 1305 2588 1304 2588 1119 2588 1304 2589 1285 2589 1284 2589 1304 2590 1286 2590 1285 2590 1305 2591 1286 2591 1304 2591 1305 2592 1288 2592 1287 2592 1289 2593 1305 2593 1119 2593 1289 2594 1260 2594 1288 2594 1289 2595 1288 2595 1305 2595 1289 2596 1261 2596 1260 2596 1289 2597 1265 2597 1264 2597 1306 2598 1289 2598 1119 2598 1306 2599 1265 2599 1289 2599 1306 2600 1266 2600 1265 2600 1306 2601 1267 2601 1266 2601 1290 2602 1306 2602 1119 2602 1290 2603 1267 2603 1306 2603 1290 2604 1269 2604 1267 2604 1307 2605 1290 2605 1119 2605 1290 2606 1292 2606 1291 2606 1307 2607 1292 2607 1290 2607 1307 2608 1293 2608 1273 2608 1301 2609 1307 2609 1119 2609 1301 2610 1293 2610 1307 2610 1301 2611 1294 2611 1293 2611 1308 2612 1310 2612 1309 2612 1309 2613 1310 2613 1311 2613 1310 2614 1312 2614 1311 2614 1311 2615 1312 2615 1313 2615 1312 2616 1315 2616 1313 2616 1313 2617 1315 2617 1314 2617 1315 2618 1316 2618 1314 2618 1314 2619 1316 2619 1317 2619 1316 2620 1318 2620 1317 2620 1317 2621 1318 2621 1319 2621 1318 2622 1321 2622 1319 2622 1318 2623 1322 2623 1321 2623 1319 2624 1321 2624 1320 2624 1321 2625 1325 2625 1320 2625 1321 2626 1322 2626 1323 2626 1323 2627 1322 2627 1324 2627 1322 2628 1326 2628 1324 2628 1325 2629 1328 2629 1320 2629 1324 2630 1326 2630 1329 2630 1325 2631 1327 2631 1328 2631 1326 2632 1330 2632 1329 2632 1329 2633 1330 2633 1327 2633 1327 2634 1330 2634 1328 2634 1328 2635 1330 2635 1332 2635 1330 2636 1331 2636 1332 2636 1332 2637 1331 2637 1333 2637 1331 2638 1334 2638 1333 2638 1333 2639 1334 2639 1335 2639 1334 2640 1336 2640 1335 2640 1336 2641 1337 2641 1335 2641 1335 2642 1337 2642 1338 2642 1337 2643 1339 2643 1338 2643 1338 2644 1339 2644 1340 2644 1339 2645 1341 2645 1340 2645 1341 2646 1343 2646 1340 2646 1340 2647 1343 2647 1342 2647 1343 2648 1344 2648 1342 2648 1342 2649 1344 2649 1345 2649 1344 2650 1346 2650 1345 2650 1345 2651 1347 2651 1348 2651 1346 2652 1347 2652 1345 2652 1347 2653 1349 2653 1348 2653 1348 2654 1349 2654 1350 2654 1349 2655 1354 2655 1350 2655 1350 2656 1351 2656 1353 2656 1354 2657 1351 2657 1350 2657 1351 2658 1352 2658 1353 2658 1351 2659 1354 2659 1355 2659 1354 2660 1357 2660 1355 2660 1355 2661 1357 2661 1356 2661 1352 2662 1358 2662 1353 2662 1358 2663 1359 2663 1353 2663 1357 2664 1360 2664 1356 2664 1356 2665 1360 2665 1621 2665 1358 2666 1361 2666 1359 2666 1360 2667 1362 2667 1621 2667 1621 2668 1362 2668 1361 2668 1359 2669 1361 2669 1364 2669 1362 2670 1363 2670 1361 2670 1361 2671 1363 2671 1364 2671 1363 2672 1366 2672 1364 2672 1364 2673 1366 2673 1365 2673 1365 2674 1368 2674 1367 2674 1366 2675 1368 2675 1365 2675 1367 2676 1368 2676 1369 2676 1368 2677 1370 2677 1369 2677 1369 2678 1370 2678 1371 2678 1370 2679 1372 2679 1371 2679 1372 2680 1375 2680 1371 2680 1371 2681 1375 2681 1373 2681 1373 2682 1375 2682 1374 2682 1375 2683 1376 2683 1374 2683 1376 2684 1308 2684 1374 2684 1374 2685 1308 2685 1309 2685 1377 2686 1378 2686 1379 2686 1379 2687 1378 2687 1430 2687 1377 2688 1380 2688 1378 2688 1377 2689 1381 2689 1380 2689 1377 2690 1382 2690 1381 2690 1377 2691 1383 2691 1382 2691 1384 2692 1377 2692 1390 2692 1385 2693 1377 2693 1384 2693 1386 2694 1377 2694 1385 2694 1383 2695 1377 2695 1386 2695 1388 2696 1387 2696 1389 2696 1390 2697 1387 2697 1388 2697 1377 2698 1387 2698 1390 2698 1671 2699 1387 2699 1377 2699 1389 2700 1387 2700 1391 2700 1705 2701 1393 2701 1392 2701 1392 2702 1394 2702 1705 2702 1705 2703 1395 2703 1393 2703 1394 2704 1400 2704 1705 2704 1395 2705 1667 2705 1396 2705 1396 2706 1667 2706 1402 2706 1401 2707 1397 2707 1398 2707 1398 2708 1397 2708 1399 2708 1400 2709 1397 2709 1705 2709 1399 2710 1397 2710 1400 2710 1667 2711 1404 2711 1402 2711 1401 2712 1403 2712 1397 2712 1403 2713 1405 2713 1397 2713 1405 2714 1406 2714 1397 2714 1407 2715 1406 2715 1408 2715 1408 2716 1406 2716 1409 2716 1409 2717 1406 2717 1410 2717 1410 2718 1406 2718 1405 2718 1667 2719 1406 2719 1411 2719 1667 2720 1411 2720 1404 2720 1411 2721 1406 2721 1407 2721 1705 2722 1667 2722 1395 2722 1412 2723 1413 2723 1414 2723 1415 2724 1416 2724 1417 2724 1419 2725 1418 2725 1416 2725 1416 2726 1418 2726 1417 2726 1421 2727 1412 2727 1420 2727 1413 2728 1412 2728 1421 2728 1422 2729 1418 2729 1419 2729 1423 2730 1418 2730 1422 2730 1424 2731 1418 2731 1423 2731 1425 2732 1418 2732 1424 2732 1701 2733 1418 2733 1412 2733 1426 2734 1418 2734 1425 2734 1427 2735 1418 2735 1426 2735 1428 2736 1418 2736 1427 2736 1420 2737 1418 2737 1428 2737 1412 2738 1418 2738 1420 2738 1368 2739 1366 2739 1413 2739 1413 2740 1370 2740 1368 2740 1366 2741 1363 2741 1413 2741 1413 2742 1372 2742 1370 2742 1413 2743 1375 2743 1372 2743 1363 2744 1362 2744 1413 2744 1413 2745 1376 2745 1375 2745 1413 2746 1308 2746 1376 2746 1362 2747 1360 2747 1413 2747 1349 2748 1414 2748 1354 2748 1354 2749 1414 2749 1357 2749 1357 2750 1414 2750 1360 2750 1360 2751 1414 2751 1413 2751 1349 2752 1347 2752 1414 2752 1308 2753 1389 2753 1310 2753 1310 2754 1389 2754 1312 2754 1312 2755 1389 2755 1315 2755 1413 2756 1389 2756 1308 2756 1347 2757 1346 2757 1414 2757 1389 2758 1316 2758 1315 2758 1389 2759 1318 2759 1316 2759 1346 2760 1344 2760 1414 2760 1389 2761 1322 2761 1318 2761 1344 2762 1343 2762 1414 2762 1343 2763 1391 2763 1414 2763 1322 2764 1391 2764 1326 2764 1326 2765 1391 2765 1330 2765 1330 2766 1391 2766 1331 2766 1331 2767 1391 2767 1334 2767 1334 2768 1391 2768 1336 2768 1336 2769 1391 2769 1337 2769 1337 2770 1391 2770 1339 2770 1339 2771 1391 2771 1341 2771 1341 2772 1391 2772 1343 2772 1389 2773 1391 2773 1322 2773 1431 2774 1430 2774 1429 2774 1431 2775 1429 2775 1432 2775 1433 2776 1431 2776 1432 2776 1433 2777 1432 2777 1434 2777 1435 2778 1433 2778 1434 2778 1435 2779 1434 2779 1436 2779 1437 2780 1436 2780 1438 2780 1437 2781 1435 2781 1436 2781 1439 2782 1438 2782 1440 2782 1439 2783 1437 2783 1438 2783 1441 2784 1439 2784 1440 2784 1441 2785 1440 2785 1442 2785 1443 2786 1441 2786 1442 2786 1443 2787 1442 2787 1444 2787 1445 2788 1443 2788 1444 2788 1445 2789 1444 2789 1446 2789 1447 2790 1445 2790 1446 2790 1447 2791 1446 2791 1448 2791 1449 2792 1447 2792 1448 2792 1449 2793 1448 2793 1450 2793 1451 2794 1450 2794 1452 2794 1451 2795 1449 2795 1450 2795 1453 2796 1452 2796 1454 2796 1453 2797 1451 2797 1452 2797 1456 2798 1453 2798 1454 2798 1456 2799 1454 2799 1455 2799 1456 2800 1455 2800 1457 2800 1458 2801 1456 2801 1457 2801 1458 2802 1457 2802 1459 2802 1460 2803 1459 2803 1461 2803 1460 2804 1458 2804 1459 2804 1462 2805 1460 2805 1461 2805 1462 2806 1461 2806 1463 2806 1464 2807 1462 2807 1463 2807 1464 2808 1463 2808 1465 2808 1417 2809 1465 2809 1415 2809 1417 2810 1464 2810 1465 2810 1466 2811 1467 2811 1468 2811 1467 2812 1469 2812 1468 2812 1468 2813 1469 2813 1470 2813 1469 2814 1471 2814 1470 2814 1470 2815 1471 2815 1472 2815 1471 2816 1473 2816 1472 2816 1472 2817 1474 2817 1475 2817 1473 2818 1474 2818 1472 2818 1474 2819 1476 2819 1475 2819 1475 2820 1476 2820 1477 2820 1476 2821 1478 2821 1477 2821 1477 2822 1478 2822 1479 2822 1478 2823 1480 2823 1479 2823 1479 2824 1481 2824 1482 2824 1480 2825 1481 2825 1479 2825 1482 2826 1484 2826 1483 2826 1481 2827 1484 2827 1482 2827 1483 2828 1485 2828 1486 2828 1484 2829 1485 2829 1483 2829 1485 2830 1487 2830 1486 2830 1486 2831 1487 2831 1488 2831 1487 2832 1489 2832 1488 2832 1488 2833 1489 2833 1490 2833 1489 2834 1492 2834 1490 2834 1490 2835 1492 2835 1491 2835 1492 2836 1494 2836 1491 2836 1491 2837 1494 2837 1493 2837 1494 2838 1496 2838 1493 2838 1493 2839 1496 2839 1495 2839 1496 2840 1497 2840 1495 2840 1495 2841 1497 2841 1498 2841 1497 2842 1499 2842 1498 2842 1498 2843 1499 2843 1500 2843 1499 2844 1501 2844 1500 2844 1500 2845 1501 2845 1502 2845 1501 2846 1503 2846 1502 2846 1502 2847 1503 2847 1504 2847 1503 2848 1505 2848 1504 2848 1505 2849 1506 2849 1504 2849 1504 2850 1506 2850 1507 2850 1506 2851 1508 2851 1507 2851 1507 2852 1508 2852 1509 2852 1509 2853 1508 2853 1510 2853 1508 2854 1511 2854 1510 2854 1510 2855 1513 2855 1512 2855 1511 2856 1513 2856 1510 2856 1512 2857 1513 2857 1514 2857 1513 2858 1515 2858 1514 2858 1514 2859 1515 2859 1516 2859 1515 2860 1517 2860 1516 2860 1516 2861 1517 2861 1518 2861 1517 2862 1519 2862 1518 2862 1518 2863 1519 2863 1520 2863 1519 2864 1522 2864 1520 2864 1520 2865 1522 2865 1521 2865 1522 2866 1523 2866 1521 2866 1521 2867 1523 2867 1525 2867 1523 2868 1524 2868 1525 2868 1525 2869 1527 2869 1526 2869 1524 2870 1527 2870 1525 2870 1527 2871 1528 2871 1526 2871 1526 2872 1528 2872 1529 2872 1528 2873 1530 2873 1529 2873 1529 2874 1530 2874 1531 2874 1530 2875 1533 2875 1531 2875 1531 2876 1533 2876 1532 2876 1532 2877 1535 2877 1534 2877 1533 2878 1535 2878 1532 2878 1534 2879 1467 2879 1466 2879 1535 2880 1467 2880 1534 2880 1536 2881 1528 2881 1527 2881 1527 2882 1524 2882 1536 2882 1536 2883 1524 2883 1691 2883 1536 2884 1530 2884 1528 2884 1536 2885 1533 2885 1530 2885 1537 2886 1533 2886 1536 2886 1524 2887 1523 2887 1691 2887 1537 2888 1535 2888 1533 2888 1523 2889 1522 2889 1691 2889 1537 2890 1467 2890 1535 2890 1522 2891 1519 2891 1691 2891 1537 2892 1469 2892 1467 2892 1519 2893 1517 2893 1691 2893 1537 2894 1471 2894 1469 2894 1537 2895 1473 2895 1471 2895 1517 2896 1515 2896 1691 2896 1515 2897 1513 2897 1691 2897 1511 2898 1691 2898 1513 2898 1508 2899 1691 2899 1511 2899 1506 2900 1691 2900 1508 2900 1505 2901 1691 2901 1506 2901 1484 2902 1538 2902 1485 2902 1481 2903 1538 2903 1484 2903 1480 2904 1538 2904 1481 2904 1537 2905 1538 2905 1473 2905 1478 2906 1538 2906 1480 2906 1476 2907 1538 2907 1478 2907 1474 2908 1538 2908 1476 2908 1473 2909 1538 2909 1474 2909 1538 2910 1487 2910 1485 2910 1505 2911 1539 2911 1691 2911 1503 2912 1539 2912 1505 2912 1503 2913 1501 2913 1539 2913 1501 2914 1499 2914 1539 2914 1538 2915 1540 2915 1487 2915 1497 2916 1540 2916 1499 2916 1496 2917 1540 2917 1497 2917 1499 2918 1540 2918 1539 2918 1494 2919 1540 2919 1496 2919 1492 2920 1540 2920 1494 2920 1489 2921 1540 2921 1492 2921 1487 2922 1540 2922 1489 2922 1457 2923 1639 2923 1459 2923 1455 2924 1639 2924 1457 2924 1639 2925 1541 2925 1459 2925 1455 2926 1542 2926 1639 2926 1459 2927 1541 2927 1461 2927 1454 2928 1542 2928 1455 2928 1452 2929 1542 2929 1454 2929 1541 2930 1543 2930 1461 2930 1461 2931 1543 2931 1463 2931 1450 2932 1542 2932 1452 2932 1463 2933 1543 2933 1465 2933 1450 2934 1544 2934 1542 2934 1448 2935 1544 2935 1450 2935 1465 2936 1543 2936 1415 2936 1446 2937 1544 2937 1448 2937 1444 2938 1544 2938 1446 2938 1543 2939 1545 2939 1415 2939 1444 2940 1546 2940 1544 2940 1442 2941 1546 2941 1444 2941 1440 2942 1546 2942 1442 2942 1440 2943 1547 2943 1546 2943 1440 2944 1438 2944 1547 2944 1438 2945 1436 2945 1547 2945 1436 2946 1550 2946 1547 2946 1545 2947 1416 2947 1415 2947 1548 2948 1416 2948 1545 2948 1549 2949 1416 2949 1548 2949 1436 2950 1434 2950 1550 2950 1434 2951 1432 2951 1550 2951 1550 2952 1429 2952 1551 2952 1432 2953 1429 2953 1550 2953 1549 2954 1552 2954 1416 2954 1429 2955 1430 2955 1551 2955 1430 2956 1555 2956 1551 2956 1552 2957 1378 2957 1416 2957 1553 2958 1378 2958 1552 2958 1554 2959 1378 2959 1553 2959 1555 2960 1378 2960 1554 2960 1430 2961 1378 2961 1555 2961 1556 2962 1704 2962 1558 2962 1412 2963 1558 2963 1559 2963 1412 2964 1559 2964 1560 2964 1705 2965 1556 2965 1558 2965 1705 2966 1558 2966 1412 2966 1561 2967 1412 2967 1562 2967 1561 2968 1705 2968 1412 2968 1563 2969 1705 2969 1561 2969 1564 2970 1562 2970 1412 2970 1565 2971 1705 2971 1563 2971 1566 2972 1564 2972 1412 2972 1569 2973 1705 2973 1565 2973 1414 2974 1566 2974 1412 2974 1414 2975 1567 2975 1566 2975 1568 2976 1567 2976 1414 2976 1587 2977 1568 2977 1414 2977 1571 2978 1569 2978 1570 2978 1572 2979 1571 2979 1570 2979 1572 2980 1570 2980 1575 2980 1574 2981 1572 2981 1575 2981 1667 2982 1571 2982 1573 2982 1667 2983 1705 2983 1569 2983 1667 2984 1569 2984 1571 2984 1576 2985 1667 2985 1573 2985 1574 2986 1575 2986 1577 2986 1579 2987 1574 2987 1577 2987 1579 2988 1577 2988 1580 2988 1582 2989 1667 2989 1576 2989 1581 2990 1668 2990 1578 2990 1581 2991 1578 2991 1667 2991 1585 2992 1579 2992 1580 2992 1585 2993 1580 2993 1584 2993 1583 2994 1581 2994 1667 2994 1585 2995 1584 2995 1587 2995 1588 2996 1586 2996 1583 2996 1588 2997 1583 2997 1667 2997 1589 2998 1585 2998 1587 2998 1387 2999 1588 2999 1667 2999 1387 3000 1582 3000 1590 3000 1387 3001 1667 3001 1582 3001 1589 3002 1587 3002 1414 3002 1591 3003 1387 3003 1590 3003 1592 3004 1387 3004 1591 3004 1391 3005 1589 3005 1414 3005 1391 3006 1387 3006 1592 3006 1391 3007 1593 3007 1589 3007 1391 3008 1594 3008 1593 3008 1391 3009 1595 3009 1594 3009 1391 3010 1596 3010 1595 3010 1391 3011 1592 3011 1596 3011 1610 3012 1597 3012 1603 3012 1598 3013 1603 3013 1597 3013 1599 3014 1603 3014 1598 3014 1600 3015 1603 3015 1599 3015 1601 3016 1603 3016 1600 3016 1602 3017 1603 3017 1601 3017 1604 3018 1603 3018 1602 3018 1321 3019 1603 3019 1604 3019 1323 3020 1603 3020 1321 3020 1605 3021 1603 3021 1323 3021 1606 3022 1603 3022 1605 3022 1607 3023 1603 3023 1606 3023 1608 3024 1603 3024 1607 3024 1609 3025 1603 3025 1608 3025 1610 3026 1603 3026 1609 3026 1610 3027 1591 3027 1597 3027 1592 3028 1591 3028 1610 3028 1597 3029 1591 3029 1598 3029 1591 3030 1590 3030 1598 3030 1598 3031 1590 3031 1599 3031 1590 3032 1582 3032 1599 3032 1599 3033 1582 3033 1600 3033 1582 3034 1576 3034 1600 3034 1600 3035 1576 3035 1601 3035 1576 3036 1573 3036 1601 3036 1601 3037 1573 3037 1602 3037 1602 3038 1573 3038 1604 3038 1573 3039 1571 3039 1604 3039 1325 3040 1321 3040 1604 3040 1571 3041 1572 3041 1604 3041 1604 3042 1572 3042 1325 3042 1325 3043 1572 3043 1327 3043 1572 3044 1574 3044 1327 3044 1574 3045 1329 3045 1327 3045 1574 3046 1579 3046 1329 3046 1329 3047 1585 3047 1324 3047 1579 3048 1585 3048 1329 3048 1324 3049 1585 3049 1323 3049 1323 3050 1585 3050 1605 3050 1585 3051 1589 3051 1605 3051 1589 3052 1593 3052 1605 3052 1605 3053 1593 3053 1606 3053 1593 3054 1594 3054 1606 3054 1606 3055 1594 3055 1607 3055 1594 3056 1595 3056 1607 3056 1607 3057 1595 3057 1608 3057 1595 3058 1596 3058 1608 3058 1608 3059 1596 3059 1609 3059 1596 3060 1592 3060 1609 3060 1609 3061 1592 3061 1610 3061 1358 3062 1614 3062 1361 3062 1611 3063 1614 3063 1358 3063 1612 3064 1614 3064 1611 3064 1613 3065 1614 3065 1612 3065 1615 3066 1614 3066 1613 3066 1616 3067 1614 3067 1615 3067 1617 3068 1614 3068 1616 3068 1618 3069 1614 3069 1617 3069 1619 3070 1614 3070 1618 3070 1620 3071 1614 3071 1619 3071 1621 3072 1614 3072 1620 3072 1361 3073 1614 3073 1621 3073 1575 3074 1570 3074 1352 3074 1352 3075 1570 3075 1358 3075 1570 3076 1569 3076 1358 3076 1358 3077 1569 3077 1611 3077 1569 3078 1565 3078 1611 3078 1611 3079 1565 3079 1612 3079 1565 3080 1563 3080 1612 3080 1612 3081 1563 3081 1613 3081 1563 3082 1561 3082 1613 3082 1613 3083 1562 3083 1615 3083 1561 3084 1562 3084 1613 3084 1615 3085 1562 3085 1616 3085 1562 3086 1564 3086 1616 3086 1564 3087 1566 3087 1616 3087 1616 3088 1566 3088 1617 3088 1617 3089 1566 3089 1618 3089 1566 3090 1567 3090 1618 3090 1618 3091 1568 3091 1619 3091 1567 3092 1568 3092 1618 3092 1568 3093 1587 3093 1619 3093 1619 3094 1587 3094 1620 3094 1620 3095 1587 3095 1621 3095 1587 3096 1584 3096 1621 3096 1621 3097 1584 3097 1356 3097 1584 3098 1580 3098 1356 3098 1580 3099 1355 3099 1356 3099 1580 3100 1577 3100 1355 3100 1577 3101 1575 3101 1351 3101 1351 3102 1355 3102 1577 3102 1352 3103 1351 3103 1575 3103 1623 3104 1622 3104 1624 3104 1397 3105 1406 3105 1625 3105 1624 3106 1628 3106 1623 3106 1624 3107 1699 3107 1628 3107 1540 3108 1538 3108 1629 3108 1623 3109 1632 3109 1622 3109 1549 3110 1633 3110 1552 3110 1486 3111 1633 3111 1483 3111 1483 3112 1633 3112 1482 3112 1633 3113 1634 3113 1482 3113 1482 3114 1634 3114 1479 3114 1549 3115 1634 3115 1633 3115 1548 3116 1634 3116 1549 3116 1479 3117 1634 3117 1477 3117 1548 3118 1635 3118 1634 3118 1477 3119 1635 3119 1475 3119 1634 3120 1635 3120 1477 3120 1475 3121 1635 3121 1472 3121 1472 3122 1635 3122 1470 3122 1545 3123 1635 3123 1548 3123 1470 3124 1636 3124 1468 3124 1545 3125 1636 3125 1635 3125 1635 3126 1636 3126 1470 3126 1543 3127 1636 3127 1545 3127 1468 3128 1636 3128 1466 3128 1466 3129 1637 3129 1534 3129 1543 3130 1637 3130 1636 3130 1636 3131 1637 3131 1466 3131 1534 3132 1637 3132 1532 3132 1541 3133 1637 3133 1543 3133 1541 3134 1638 3134 1637 3134 1637 3135 1638 3135 1532 3135 1532 3136 1638 3136 1531 3136 1531 3137 1638 3137 1529 3137 1529 3138 1639 3138 1526 3138 1541 3139 1639 3139 1638 3139 1638 3140 1639 3140 1529 3140 1526 3141 1639 3141 1525 3141 1639 3142 1640 3142 1525 3142 1542 3143 1640 3143 1639 3143 1525 3144 1640 3144 1521 3144 1521 3145 1640 3145 1520 3145 1544 3146 1640 3146 1542 3146 1640 3147 1641 3147 1520 3147 1544 3148 1641 3148 1640 3148 1520 3149 1641 3149 1518 3149 1641 3150 1642 3150 1518 3150 1544 3151 1642 3151 1641 3151 1518 3152 1642 3152 1516 3152 1546 3153 1642 3153 1544 3153 1516 3154 1642 3154 1514 3154 1642 3155 1643 3155 1514 3155 1546 3156 1643 3156 1642 3156 1514 3157 1643 3157 1512 3157 1547 3158 1643 3158 1546 3158 1512 3159 1644 3159 1510 3159 1547 3160 1644 3160 1643 3160 1643 3161 1644 3161 1512 3161 1550 3162 1644 3162 1547 3162 1510 3163 1644 3163 1509 3163 1509 3164 1644 3164 1507 3164 1550 3165 1645 3165 1644 3165 1644 3166 1645 3166 1507 3166 1551 3167 1645 3167 1550 3167 1507 3168 1645 3168 1504 3168 1551 3169 1646 3169 1645 3169 1645 3170 1646 3170 1504 3170 1504 3171 1646 3171 1502 3171 1555 3172 1646 3172 1551 3172 1502 3173 1646 3173 1500 3173 1555 3174 1647 3174 1646 3174 1646 3175 1647 3175 1500 3175 1500 3176 1647 3176 1498 3176 1498 3177 1647 3177 1495 3177 1554 3178 1648 3178 1555 3178 1555 3179 1648 3179 1647 3179 1647 3180 1648 3180 1495 3180 1495 3181 1648 3181 1493 3181 1493 3182 1648 3182 1491 3182 1491 3183 1648 3183 1490 3183 1553 3184 1649 3184 1554 3184 1648 3185 1649 3185 1490 3185 1554 3186 1649 3186 1648 3186 1490 3187 1649 3187 1488 3187 1552 3188 1649 3188 1553 3188 1486 3189 1649 3189 1633 3189 1633 3190 1649 3190 1552 3190 1488 3191 1649 3191 1486 3191 1413 3192 1421 3192 1389 3192 1389 3193 1421 3193 1388 3193 1421 3194 1420 3194 1388 3194 1388 3195 1420 3195 1390 3195 1420 3196 1428 3196 1390 3196 1390 3197 1428 3197 1384 3197 1428 3198 1427 3198 1384 3198 1384 3199 1427 3199 1385 3199 1385 3200 1427 3200 1386 3200 1427 3201 1426 3201 1386 3201 1386 3202 1425 3202 1383 3202 1426 3203 1425 3203 1386 3203 1383 3204 1424 3204 1382 3204 1425 3205 1424 3205 1383 3205 1424 3206 1423 3206 1382 3206 1382 3207 1423 3207 1381 3207 1423 3208 1422 3208 1381 3208 1381 3209 1422 3209 1380 3209 1422 3210 1419 3210 1380 3210 1380 3211 1419 3211 1378 3211 1419 3212 1416 3212 1378 3212 1367 3213 1650 3213 1651 3213 1365 3214 1367 3214 1651 3214 1369 3215 1650 3215 1367 3215 1364 3216 1365 3216 1651 3216 1364 3217 1651 3217 1652 3217 1371 3218 1650 3218 1369 3218 1371 3219 1653 3219 1650 3219 1373 3220 1653 3220 1371 3220 1373 3221 1654 3221 1653 3221 1359 3222 1364 3222 1652 3222 1374 3223 1654 3223 1373 3223 1359 3224 1652 3224 1656 3224 1309 3225 1654 3225 1374 3225 1309 3226 1655 3226 1654 3226 1353 3227 1359 3227 1656 3227 1353 3228 1656 3228 1657 3228 1311 3229 1655 3229 1309 3229 1350 3230 1353 3230 1657 3230 1313 3231 1655 3231 1311 3231 1313 3232 1659 3232 1655 3232 1350 3233 1657 3233 1658 3233 1348 3234 1350 3234 1658 3234 1659 3235 1313 3235 1314 3235 1660 3236 1659 3236 1314 3236 1658 3237 1345 3237 1348 3237 1660 3238 1314 3238 1317 3238 1662 3239 1345 3239 1658 3239 1660 3240 1317 3240 1319 3240 1661 3241 1660 3241 1319 3241 1662 3242 1342 3242 1345 3242 1661 3243 1319 3243 1320 3243 1662 3244 1340 3244 1342 3244 1663 3245 1661 3245 1320 3245 1664 3246 1340 3246 1662 3246 1664 3247 1338 3247 1340 3247 1665 3248 1320 3248 1328 3248 1665 3249 1663 3249 1320 3249 1664 3250 1335 3250 1338 3250 1666 3251 1335 3251 1664 3251 1665 3252 1328 3252 1332 3252 1666 3253 1333 3253 1335 3253 1666 3254 1665 3254 1332 3254 1666 3255 1332 3255 1333 3255 1662 3256 1395 3256 1664 3256 1395 3257 1396 3257 1664 3257 1664 3258 1396 3258 1666 3258 1396 3259 1402 3259 1666 3259 1666 3260 1402 3260 1665 3260 1402 3261 1404 3261 1665 3261 1665 3262 1404 3262 1663 3262 1404 3263 1411 3263 1663 3263 1663 3264 1411 3264 1661 3264 1411 3265 1407 3265 1661 3265 1407 3266 1408 3266 1661 3266 1661 3267 1408 3267 1660 3267 1408 3268 1409 3268 1660 3268 1660 3269 1409 3269 1659 3269 1409 3270 1410 3270 1659 3270 1659 3271 1410 3271 1655 3271 1410 3272 1405 3272 1655 3272 1655 3273 1405 3273 1654 3273 1405 3274 1403 3274 1654 3274 1654 3275 1403 3275 1653 3275 1403 3276 1401 3276 1653 3276 1653 3277 1401 3277 1650 3277 1401 3278 1398 3278 1650 3278 1650 3279 1398 3279 1651 3279 1651 3280 1398 3280 1652 3280 1398 3281 1399 3281 1652 3281 1399 3282 1400 3282 1652 3282 1652 3283 1400 3283 1656 3283 1400 3284 1394 3284 1656 3284 1656 3285 1394 3285 1657 3285 1394 3286 1392 3286 1657 3286 1657 3287 1392 3287 1658 3287 1392 3288 1393 3288 1658 3288 1658 3289 1393 3289 1662 3289 1393 3290 1395 3290 1662 3290 1668 3291 1667 3291 1578 3291 1668 3292 1581 3292 1583 3292 1669 3293 1668 3293 1583 3293 1586 3294 1669 3294 1583 3294 1670 3295 1586 3295 1588 3295 1387 3296 1670 3296 1588 3296 1671 3297 1670 3297 1387 3297 1671 3298 1586 3298 1670 3298 1671 3299 1669 3299 1586 3299 1671 3300 1668 3300 1669 3300 1672 3301 1668 3301 1671 3301 1672 3302 1667 3302 1668 3302 1672 3303 1406 3303 1667 3303 1672 3304 1625 3304 1406 3304 1671 3305 1377 3305 1673 3305 1672 3306 1626 3306 1625 3306 1672 3307 1671 3307 1673 3307 1672 3308 1627 3308 1626 3308 1672 3309 1673 3309 1674 3309 1672 3310 1628 3310 1627 3310 1672 3311 1674 3311 1623 3311 1672 3312 1623 3312 1628 3312 1540 3313 1629 3313 1675 3313 1676 3314 1673 3314 1377 3314 1676 3315 1674 3315 1673 3315 1676 3316 1623 3316 1674 3316 1676 3317 1632 3317 1623 3317 1676 3318 1631 3318 1632 3318 1676 3319 1377 3319 1677 3319 1676 3320 1677 3320 1678 3320 1676 3321 1678 3321 1679 3321 1676 3322 1630 3322 1631 3322 1676 3323 1679 3323 1675 3323 1676 3324 1629 3324 1630 3324 1676 3325 1675 3325 1629 3325 1377 3326 1379 3326 1677 3326 1540 3327 1675 3327 1539 3327 1675 3328 1691 3328 1539 3328 1680 3329 1694 3329 1537 3329 1680 3330 1681 3330 1694 3330 1683 3331 1681 3331 1680 3331 1683 3332 1682 3332 1681 3332 1683 3333 1693 3333 1682 3333 1683 3334 1464 3334 1417 3334 1683 3335 1417 3335 1693 3335 1684 3336 1683 3336 1680 3336 1684 3337 1464 3337 1683 3337 1684 3338 1680 3338 1537 3338 1684 3339 1462 3339 1464 3339 1536 3340 1684 3340 1537 3340 1685 3341 1462 3341 1684 3341 1685 3342 1460 3342 1462 3342 1685 3343 1684 3343 1536 3343 1685 3344 1458 3344 1460 3344 1685 3345 1536 3345 1686 3345 1686 3346 1536 3346 1691 3346 1685 3347 1456 3347 1458 3347 1686 3348 1456 3348 1685 3348 1687 3349 1686 3349 1691 3349 1686 3350 1453 3350 1456 3350 1686 3351 1451 3351 1453 3351 1686 3352 1449 3352 1451 3352 1687 3353 1449 3353 1686 3353 1689 3354 1449 3354 1687 3354 1689 3355 1447 3355 1449 3355 1688 3356 1687 3356 1691 3356 1689 3357 1445 3357 1447 3357 1689 3358 1443 3358 1445 3358 1688 3359 1689 3359 1687 3359 1689 3360 1441 3360 1443 3360 1688 3361 1441 3361 1689 3361 1688 3362 1439 3362 1441 3362 1690 3363 1688 3363 1691 3363 1688 3364 1437 3364 1439 3364 1690 3365 1437 3365 1688 3365 1690 3366 1435 3366 1437 3366 1690 3367 1433 3367 1435 3367 1690 3368 1431 3368 1433 3368 1692 3369 1690 3369 1691 3369 1692 3370 1691 3370 1675 3370 1692 3371 1431 3371 1690 3371 1692 3372 1430 3372 1431 3372 1692 3373 1675 3373 1679 3373 1692 3374 1679 3374 1678 3374 1692 3375 1678 3375 1677 3375 1692 3376 1677 3376 1379 3376 1692 3377 1379 3377 1430 3377 1417 3378 1418 3378 1693 3378 1537 3379 1694 3379 1538 3379 1696 3380 1693 3380 1418 3380 1696 3381 1682 3381 1693 3381 1695 3382 1682 3382 1696 3382 1695 3383 1681 3383 1682 3383 1695 3384 1694 3384 1681 3384 1695 3385 1538 3385 1694 3385 1695 3386 1629 3386 1538 3386 1695 3387 1630 3387 1629 3387 1695 3388 1696 3388 1698 3388 1695 3389 1631 3389 1630 3389 1695 3390 1698 3390 1697 3390 1695 3391 1632 3391 1631 3391 1695 3392 1697 3392 1622 3392 1695 3393 1622 3393 1632 3393 1622 3394 1697 3394 1699 3394 1622 3395 1699 3395 1624 3395 1560 3396 1701 3396 1412 3396 1700 3397 1696 3397 1418 3397 1700 3398 1418 3398 1701 3398 1700 3399 1698 3399 1696 3399 1700 3400 1697 3400 1698 3400 1702 3401 1700 3401 1701 3401 1700 3402 1699 3402 1697 3402 1700 3403 1628 3403 1699 3403 1700 3404 1627 3404 1628 3404 1701 3405 1560 3405 1559 3405 1700 3406 1626 3406 1627 3406 1701 3407 1559 3407 1703 3407 1702 3408 1626 3408 1700 3408 1701 3409 1703 3409 1704 3409 1702 3410 1701 3410 1704 3410 1702 3411 1625 3411 1626 3411 1702 3412 1704 3412 1557 3412 1702 3413 1557 3413 1705 3413 1702 3414 1705 3414 1397 3414 1702 3415 1397 3415 1625 3415 1703 3416 1559 3416 1558 3416 1703 3417 1558 3417 1704 3417 1557 3418 1704 3418 1556 3418 1705 3419 1557 3419 1556 3419 1708 3420 1706 3420 1707 3420 1708 3421 1707 3421 1709 3421 1710 3422 1708 3422 1709 3422 1710 3423 1709 3423 1711 3423 1712 3424 1710 3424 1711 3424 1712 3425 1711 3425 1713 3425 1714 3426 1712 3426 1713 3426 1714 3427 1713 3427 1715 3427 1716 3428 1715 3428 1717 3428 1716 3429 1714 3429 1715 3429 1718 3430 1716 3430 1717 3430 1718 3431 1717 3431 1719 3431 1718 3432 1719 3432 1720 3432 1721 3433 1718 3433 1720 3433 1721 3434 1720 3434 1722 3434 1723 3435 1721 3435 1722 3435 1723 3436 1722 3436 1724 3436 1725 3437 1723 3437 1724 3437 1725 3438 1724 3438 1726 3438 1728 3439 1725 3439 1726 3439 1728 3440 1726 3440 1727 3440 1728 3441 1727 3441 1730 3441 1729 3442 1728 3442 1730 3442 1732 3443 1730 3443 1731 3443 1732 3444 1729 3444 1730 3444 1732 3445 1731 3445 1734 3445 1733 3446 1732 3446 1734 3446 1736 3447 1734 3447 1735 3447 1736 3448 1733 3448 1734 3448 1737 3449 1735 3449 1738 3449 1737 3450 1736 3450 1735 3450 1737 3451 1738 3451 1740 3451 1739 3452 1737 3452 1740 3452 1739 3453 1740 3453 1741 3453 1742 3454 1739 3454 1741 3454 1742 3455 1741 3455 1744 3455 1743 3456 1742 3456 1744 3456 1743 3457 1744 3457 1745 3457 1746 3458 1743 3458 1745 3458 1747 3459 1748 3459 1749 3459 1748 3460 1750 3460 1749 3460 1749 3461 1750 3461 1751 3461 1751 3462 1753 3462 1752 3462 1750 3463 1753 3463 1751 3463 1752 3464 1753 3464 1754 3464 1753 3465 1756 3465 1754 3465 1754 3466 1756 3466 1755 3466 1756 3467 1758 3467 1755 3467 1755 3468 1758 3468 1757 3468 1758 3469 1759 3469 1757 3469 1757 3470 1759 3470 1760 3470 1759 3471 1761 3471 1760 3471 1760 3472 1761 3472 1762 3472 1761 3473 1764 3473 1762 3473 1762 3474 1764 3474 1763 3474 1764 3475 1765 3475 1763 3475 1763 3476 1765 3476 1766 3476 1765 3477 1767 3477 1766 3477 1766 3478 1767 3478 1768 3478 1767 3479 1770 3479 1768 3479 1768 3480 1770 3480 1769 3480 1770 3481 1771 3481 1769 3481 1772 3482 1771 3482 1773 3482 1769 3483 1771 3483 1772 3483 1771 3484 1774 3484 1773 3484 1774 3485 1775 3485 1773 3485 1773 3486 1775 3486 1776 3486 1776 3487 1775 3487 1777 3487 1775 3488 1779 3488 1777 3488 1777 3489 1779 3489 1778 3489 1779 3490 1780 3490 1778 3490 1778 3491 1780 3491 1781 3491 1780 3492 1783 3492 1781 3492 1781 3493 1783 3493 1782 3493 1782 3494 1785 3494 1784 3494 1783 3495 1785 3495 1782 3495 1785 3496 1786 3496 1784 3496 1784 3497 1786 3497 1787 3497 1786 3498 1789 3498 1787 3498 1787 3499 1789 3499 1788 3499 1789 3500 1790 3500 1788 3500 1788 3501 1790 3501 1791 3501 1790 3502 1792 3502 1791 3502 1791 3503 1792 3503 1793 3503 1792 3504 1795 3504 1793 3504 1793 3505 1795 3505 1794 3505 1794 3506 1797 3506 1796 3506 1795 3507 1797 3507 1794 3507 1796 3508 1797 3508 1798 3508 1797 3509 1799 3509 1798 3509 1798 3510 1799 3510 1800 3510 1800 3511 1801 3511 1802 3511 1799 3512 1801 3512 1800 3512 1802 3513 1801 3513 1803 3513 1801 3514 1804 3514 1803 3514 1804 3515 1806 3515 1803 3515 1803 3516 1806 3516 1805 3516 1805 3517 1808 3517 1807 3517 1806 3518 1808 3518 1805 3518 1807 3519 1810 3519 1809 3519 1808 3520 1810 3520 1807 3520 1809 3521 1810 3521 1811 3521 1811 3522 1812 3522 1813 3522 1810 3523 1812 3523 1811 3523 1813 3524 1812 3524 1814 3524 1812 3525 1816 3525 1814 3525 1814 3526 1816 3526 1815 3526 1815 3527 1816 3527 1817 3527 1816 3528 1818 3528 1817 3528 1817 3529 1818 3529 1819 3529 1818 3530 1820 3530 1819 3530 1819 3531 1820 3531 1822 3531 1820 3532 1821 3532 1822 3532 1822 3533 1821 3533 1823 3533 1821 3534 1824 3534 1823 3534 1823 3535 1824 3535 1747 3535 1824 3536 1748 3536 1747 3536 1925 3537 1924 3537 1908 3537 1981 3538 1837 3538 1955 3538 1836 3539 1837 3539 1981 3539 1826 3540 1825 3540 1827 3540 1826 3541 1828 3541 1825 3541 1830 3542 1829 3542 1825 3542 1830 3543 1825 3543 1828 3543 1830 3544 1832 3544 1829 3544 1831 3545 1832 3545 1830 3545 1831 3546 1833 3546 1832 3546 1834 3547 1833 3547 1831 3547 1834 3548 1835 3548 1833 3548 1837 3549 1836 3549 1927 3549 1817 3550 1838 3550 1815 3550 1814 3551 1838 3551 1839 3551 1814 3552 1815 3552 1838 3552 1819 3553 1838 3553 1817 3553 1813 3554 1814 3554 1839 3554 1822 3555 1838 3555 1819 3555 1811 3556 1813 3556 1839 3556 1809 3557 1811 3557 1839 3557 1823 3558 1838 3558 1822 3558 1807 3559 1809 3559 1839 3559 1747 3560 1838 3560 1823 3560 1805 3561 1807 3561 1839 3561 1749 3562 1838 3562 1747 3562 1803 3563 1805 3563 1839 3563 1751 3564 1838 3564 1749 3564 1802 3565 1803 3565 1839 3565 1752 3566 1838 3566 1751 3566 1800 3567 1802 3567 1839 3567 1798 3568 1800 3568 1839 3568 1796 3569 1798 3569 1839 3569 1794 3570 1796 3570 1839 3570 1946 3571 1794 3571 1839 3571 1946 3572 1793 3572 1794 3572 1946 3573 1791 3573 1793 3573 1946 3574 1788 3574 1791 3574 1840 3575 1762 3575 1763 3575 1840 3576 1760 3576 1762 3576 1840 3577 1757 3577 1760 3577 1840 3578 1755 3578 1757 3578 1840 3579 1754 3579 1755 3579 1840 3580 1752 3580 1754 3580 1840 3581 1838 3581 1752 3581 1840 3582 1763 3582 1766 3582 1841 3583 1788 3583 1946 3583 1841 3584 1787 3584 1788 3584 1784 3585 1787 3585 1841 3585 1782 3586 1784 3586 1841 3586 1842 3587 1782 3587 1841 3587 1842 3588 1781 3588 1782 3588 1842 3589 1778 3589 1781 3589 1842 3590 1777 3590 1778 3590 1842 3591 1776 3591 1777 3591 1842 3592 1773 3592 1776 3592 1842 3593 1772 3593 1773 3593 1842 3594 1769 3594 1772 3594 1842 3595 1840 3595 1766 3595 1842 3596 1768 3596 1769 3596 1842 3597 1766 3597 1768 3597 1844 3598 1843 3598 1414 3598 1414 3599 1848 3599 1844 3599 1843 3600 1845 3600 1414 3600 1414 3601 1846 3601 1848 3601 1847 3602 1846 3602 1853 3602 1848 3603 1846 3603 1847 3603 1958 3604 1849 3604 1850 3604 1851 3605 1849 3605 1958 3605 1846 3606 1849 3606 1853 3606 1850 3607 1849 3607 1846 3607 1853 3608 1849 3608 1852 3608 1849 3609 1854 3609 1852 3609 1855 3610 1858 3610 1856 3610 1859 3611 1855 3611 1856 3611 1859 3612 1857 3612 1855 3612 1845 3613 1858 3613 1414 3613 1856 3614 1858 3614 1845 3614 1861 3615 1860 3615 1859 3615 1859 3616 1860 3616 1857 3616 1862 3617 1860 3617 1861 3617 1863 3618 1391 3618 1858 3618 1864 3619 1391 3619 1863 3619 1858 3620 1391 3620 1414 3620 1862 3621 1865 3621 1860 3621 1864 3622 1866 3622 1391 3622 1862 3623 1871 3623 1865 3623 1849 3624 1871 3624 1854 3624 1854 3625 1871 3625 1862 3625 1866 3626 1867 3626 1391 3626 1867 3627 1868 3627 1391 3627 1869 3628 1868 3628 1867 3628 1869 3629 1849 3629 1868 3629 1870 3630 1849 3630 1869 3630 1871 3631 1849 3631 1870 3631 1849 3632 1872 3632 1868 3632 1391 3633 1868 3633 1874 3633 1868 3634 1875 3634 1874 3634 1874 3635 1875 3635 1883 3635 1876 3636 1877 3636 1873 3636 1878 3637 1877 3637 1876 3637 1873 3638 1877 3638 1706 3638 1881 3639 1875 3639 1880 3639 1882 3640 1875 3640 1881 3640 1883 3641 1875 3641 1882 3641 1884 3642 1875 3642 1878 3642 1885 3643 1875 3643 1884 3643 1886 3644 1875 3644 1885 3644 1880 3645 1875 3645 1886 3645 1877 3646 1875 3646 1879 3646 1878 3647 1875 3647 1877 3647 1952 3648 1949 3648 1888 3648 1949 3649 1889 3649 1888 3649 1888 3650 1890 3650 1745 3650 1745 3651 1890 3651 1746 3651 1888 3652 1891 3652 1890 3652 1888 3653 1892 3653 1891 3653 1889 3654 1892 3654 1888 3654 1889 3655 1893 3655 1892 3655 1889 3656 1894 3656 1893 3656 1889 3657 1895 3657 1894 3657 1889 3658 1896 3658 1895 3658 1898 3659 1889 3659 1897 3659 1899 3660 1889 3660 1898 3660 1896 3661 1889 3661 1899 3661 1897 3662 1889 3662 1901 3662 1889 3663 1846 3663 1901 3663 1901 3664 1846 3664 1414 3664 1902 3665 1953 3665 1913 3665 1903 3666 1840 3666 1842 3666 1910 3667 1906 3667 1907 3667 1908 3668 1907 3668 1906 3668 1925 3669 1908 3669 1906 3669 1909 3670 1906 3670 1910 3670 1911 3671 1906 3671 1909 3671 1912 3672 1910 3672 1914 3672 1912 3673 1909 3673 1910 3673 1953 3674 1906 3674 1911 3674 1913 3675 1953 3675 1911 3675 1827 3676 1912 3676 1914 3676 1827 3677 1914 3677 1826 3677 1872 3678 1849 3678 1887 3678 1872 3679 1887 3679 1923 3679 1868 3680 1872 3680 1919 3680 1868 3681 1919 3681 1875 3681 1919 3682 1920 3682 1875 3682 1922 3683 1920 3683 1919 3683 1921 3684 1837 3684 1922 3684 1921 3685 1915 3685 1837 3685 1921 3686 1916 3686 1915 3686 1923 3687 1921 3687 1922 3687 1923 3688 1922 3688 1919 3688 1923 3689 1919 3689 1872 3689 1921 3690 1917 3690 1916 3690 1923 3691 1917 3691 1921 3691 1923 3692 1918 3692 1917 3692 1923 3693 1887 3693 1918 3693 1922 3694 1837 3694 1927 3694 1928 3695 1924 3695 1925 3695 1926 3696 1924 3696 1928 3696 1920 3697 1922 3697 1927 3697 1920 3698 1926 3698 1928 3698 1879 3699 1930 3699 1877 3699 1879 3700 1929 3700 1930 3700 1879 3701 1931 3701 1929 3701 1925 3702 1931 3702 1879 3702 1925 3703 1932 3703 1931 3703 1925 3704 1933 3704 1932 3704 1925 3705 1903 3705 1842 3705 1925 3706 1842 3706 1933 3706 1925 3707 1904 3707 1903 3707 1879 3708 1875 3708 1920 3708 1925 3709 1905 3709 1904 3709 1879 3710 1920 3710 1928 3710 1925 3711 1879 3711 1928 3711 1925 3712 1906 3712 1905 3712 1930 3713 1706 3713 1877 3713 1841 3714 1933 3714 1842 3714 1930 3715 1707 3715 1706 3715 1939 3716 1745 3716 1744 3716 1939 3717 1934 3717 1745 3717 1939 3718 1935 3718 1934 3718 1939 3719 1936 3719 1935 3719 1939 3720 1937 3720 1936 3720 1938 3721 1939 3721 1744 3721 1939 3722 1948 3722 1937 3722 1838 3723 1948 3723 1939 3723 1938 3724 1744 3724 1741 3724 1938 3725 1838 3725 1939 3725 1938 3726 1741 3726 1740 3726 1940 3727 1740 3727 1738 3727 1940 3728 1938 3728 1740 3728 1940 3729 1738 3729 1735 3729 1940 3730 1735 3730 1734 3730 1942 3731 1838 3731 1938 3731 1941 3732 1940 3732 1734 3732 1941 3733 1734 3733 1731 3733 1942 3734 1938 3734 1940 3734 1942 3735 1839 3735 1838 3735 1941 3736 1731 3736 1730 3736 1941 3737 1730 3737 1727 3737 1942 3738 1940 3738 1941 3738 1941 3739 1727 3739 1726 3739 1943 3740 1941 3740 1726 3740 1943 3741 1726 3741 1724 3741 1943 3742 1942 3742 1941 3742 1943 3743 1724 3743 1722 3743 1943 3744 1839 3744 1942 3744 1720 3745 1943 3745 1722 3745 1944 3746 1943 3746 1720 3746 1944 3747 1719 3747 1717 3747 1944 3748 1720 3748 1719 3748 1946 3749 1943 3749 1944 3749 1944 3750 1717 3750 1715 3750 1946 3751 1839 3751 1943 3751 1945 3752 1944 3752 1715 3752 1946 3753 1944 3753 1945 3753 1945 3754 1715 3754 1713 3754 1945 3755 1713 3755 1711 3755 1945 3756 1711 3756 1709 3756 1947 3757 1946 3757 1945 3757 1947 3758 1945 3758 1709 3758 1947 3759 1709 3759 1707 3759 1947 3760 1707 3760 1930 3760 1947 3761 1930 3761 1929 3761 1947 3762 1929 3762 1931 3762 1947 3763 1931 3763 1932 3763 1947 3764 1932 3764 1933 3764 1947 3765 1933 3765 1841 3765 1947 3766 1841 3766 1946 3766 1888 3767 1745 3767 1934 3767 1840 3768 1948 3768 1838 3768 1840 3769 1903 3769 1948 3769 1949 3770 1951 3770 1950 3770 1953 3771 1951 3771 1949 3771 1953 3772 1949 3772 1952 3772 1952 3773 1888 3773 1934 3773 1952 3774 1934 3774 1935 3774 1953 3775 1905 3775 1906 3775 1952 3776 1935 3776 1936 3776 1952 3777 1936 3777 1937 3777 1953 3778 1904 3778 1905 3778 1953 3779 1952 3779 1937 3779 1953 3780 1903 3780 1904 3780 1953 3781 1937 3781 1948 3781 1953 3782 1948 3782 1903 3782 1954 3783 1955 3783 1837 3783 1951 3784 1953 3784 1902 3784 1956 3785 1951 3785 1902 3785 1900 3786 1957 3786 1954 3786 1950 3787 1957 3787 1900 3787 1951 3788 1956 3788 1950 3788 1957 3789 1955 3789 1954 3789 1949 3790 1900 3790 1889 3790 1900 3791 1850 3791 1889 3791 1958 3792 1850 3792 1900 3792 1958 3793 1918 3793 1887 3793 1958 3794 1887 3794 1851 3794 1958 3795 1917 3795 1918 3795 1900 3796 1949 3796 1950 3796 1958 3797 1916 3797 1917 3797 1958 3798 1900 3798 1954 3798 1954 3799 1916 3799 1958 3799 1954 3800 1915 3800 1916 3800 1954 3801 1837 3801 1915 3801 1846 3802 1889 3802 1850 3802 1849 3803 1851 3803 1887 3803 1959 3804 1960 3804 1861 3804 1861 3805 1960 3805 1862 3805 1960 3806 1961 3806 1862 3806 1862 3807 1961 3807 1854 3807 1854 3808 1961 3808 1852 3808 1961 3809 1962 3809 1852 3809 1852 3810 1963 3810 1853 3810 1962 3811 1963 3811 1852 3811 1853 3812 1963 3812 1847 3812 1963 3813 1964 3813 1847 3813 1847 3814 1964 3814 1848 3814 1964 3815 1965 3815 1848 3815 1848 3816 1965 3816 1844 3816 1965 3817 1966 3817 1844 3817 1844 3818 1966 3818 1843 3818 1966 3819 1967 3819 1843 3819 1843 3820 1967 3820 1845 3820 1967 3821 1968 3821 1845 3821 1845 3822 1968 3822 1856 3822 1968 3823 1969 3823 1856 3823 1856 3824 1969 3824 1859 3824 1969 3825 1959 3825 1859 3825 1859 3826 1959 3826 1861 3826 1969 3827 1968 3827 1970 3827 1971 3828 1969 3828 1970 3828 1970 3829 1968 3829 1972 3829 1971 3830 1959 3830 1969 3830 1972 3831 1968 3831 1973 3831 1968 3832 1967 3832 1973 3832 1974 3833 1959 3833 1971 3833 1973 3834 1967 3834 1976 3834 1967 3835 1966 3835 1976 3835 1974 3836 1960 3836 1959 3836 1975 3837 1960 3837 1974 3837 1976 3838 1966 3838 1977 3838 1960 3839 1975 3839 1961 3839 1965 3840 1977 3840 1966 3840 1965 3841 1978 3841 1977 3841 1975 3842 1836 3842 1961 3842 1965 3843 1979 3843 1978 3843 1964 3844 1979 3844 1965 3844 1963 3845 1979 3845 1964 3845 1963 3846 1980 3846 1979 3846 1961 3847 1981 3847 1962 3847 1836 3848 1981 3848 1961 3848 1962 3849 1981 3849 1963 3849 1963 3850 1981 3850 1980 3850 1981 3851 1955 3851 1980 3851 1955 3852 1957 3852 1980 3852 1980 3853 1957 3853 1979 3853 1957 3854 1950 3854 1979 3854 1950 3855 1956 3855 1979 3855 1979 3856 1956 3856 1978 3856 1956 3857 1902 3857 1978 3857 1978 3858 1902 3858 1977 3858 1902 3859 1913 3859 1977 3859 1977 3860 1913 3860 1976 3860 1913 3861 1911 3861 1976 3861 1976 3862 1911 3862 1973 3862 1911 3863 1909 3863 1973 3863 1973 3864 1912 3864 1972 3864 1909 3865 1912 3865 1973 3865 1912 3866 1827 3866 1972 3866 1972 3867 1825 3867 1970 3867 1827 3868 1825 3868 1972 3868 1825 3869 1829 3869 1970 3869 1970 3870 1829 3870 1971 3870 1829 3871 1832 3871 1971 3871 1971 3872 1832 3872 1974 3872 1832 3873 1833 3873 1974 3873 1974 3874 1833 3874 1975 3874 1833 3875 1835 3875 1975 3875 1835 3876 1836 3876 1975 3876 1991 3877 1982 3877 1867 3877 1867 3878 1982 3878 1869 3878 1982 3879 1983 3879 1869 3879 1869 3880 1983 3880 1870 3880 1983 3881 1984 3881 1870 3881 1870 3882 1984 3882 1871 3882 1984 3883 1985 3883 1871 3883 1871 3884 1985 3884 1865 3884 1865 3885 1985 3885 1860 3885 1985 3886 1986 3886 1860 3886 1860 3887 1986 3887 1857 3887 1986 3888 1987 3888 1857 3888 1857 3889 1987 3889 1855 3889 1987 3890 1988 3890 1855 3890 1855 3891 1988 3891 1858 3891 1858 3892 1988 3892 1863 3892 1988 3893 1989 3893 1863 3893 1989 3894 1990 3894 1863 3894 1863 3895 1990 3895 1864 3895 1864 3896 1990 3896 1866 3896 1990 3897 1991 3897 1866 3897 1866 3898 1991 3898 1867 3898 1992 3899 1990 3899 1993 3899 1992 3900 1991 3900 1990 3900 1993 3901 1990 3901 1994 3901 1990 3902 1989 3902 1994 3902 1996 3903 1991 3903 1992 3903 1994 3904 1989 3904 1995 3904 1995 3905 1989 3905 1997 3905 1996 3906 1982 3906 1991 3906 1989 3907 1988 3907 1997 3907 1997 3908 1988 3908 1998 3908 1996 3909 1999 3909 1982 3909 1999 3910 1983 3910 1982 3910 1987 3911 1998 3911 1988 3911 1983 3912 1836 3912 1984 3912 1999 3913 1836 3913 1983 3913 1987 3914 2000 3914 1998 3914 1986 3915 2000 3915 1987 3915 1986 3916 2001 3916 2000 3916 1984 3917 1836 3917 1985 3917 1836 3918 2002 3918 1985 3918 1986 3919 2002 3919 2001 3919 1985 3920 2002 3920 1986 3920 1836 3921 1835 3921 2002 3921 1835 3922 1834 3922 2002 3922 2002 3923 1834 3923 2001 3923 1834 3924 1831 3924 2001 3924 1831 3925 2000 3925 2001 3925 1831 3926 1830 3926 2000 3926 2000 3927 1830 3927 1998 3927 1830 3928 1828 3928 1998 3928 1998 3929 1826 3929 1997 3929 1828 3930 1826 3930 1998 3930 1826 3931 1914 3931 1997 3931 1997 3932 1910 3932 1995 3932 1914 3933 1910 3933 1997 3933 1910 3934 1907 3934 1995 3934 1995 3935 1907 3935 1994 3935 1907 3936 1908 3936 1994 3936 1994 3937 1908 3937 1993 3937 1908 3938 1924 3938 1993 3938 1993 3939 1924 3939 1992 3939 1924 3940 1926 3940 1992 3940 1926 3941 1920 3941 1992 3941 1992 3942 1920 3942 1996 3942 1920 3943 1927 3943 1996 3943 1927 3944 1999 3944 1996 3944 1927 3945 1836 3945 1999 3945 2003 3946 1714 3946 1716 3946 2004 3947 1714 3947 2003 3947 2003 3948 1716 3948 1718 3948 2004 3949 1712 3949 1714 3949 2003 3950 1718 3950 1721 3950 2005 3951 1712 3951 2004 3951 2005 3952 1710 3952 1712 3952 2006 3953 1721 3953 1723 3953 2006 3954 2003 3954 1721 3954 2005 3955 1708 3955 1710 3955 2005 3956 1706 3956 1708 3956 2006 3957 1723 3957 1725 3957 2006 3958 1725 3958 1728 3958 2007 3959 1706 3959 2005 3959 2008 3960 2006 3960 1728 3960 2008 3961 1728 3961 1729 3961 2008 3962 1729 3962 1732 3962 2008 3963 1732 3963 1733 3963 2008 3964 1733 3964 1736 3964 2009 3965 2008 3965 1736 3965 1737 3966 2009 3966 1736 3966 1739 3967 2009 3967 1737 3967 1873 3968 2007 3968 2010 3968 1873 3969 2010 3969 2011 3969 1873 3970 1706 3970 2007 3970 1742 3971 2009 3971 1739 3971 2012 3972 1873 3972 2011 3972 1742 3973 2013 3973 2009 3973 1743 3974 2013 3974 1742 3974 1746 3975 2013 3975 1743 3975 2015 3976 2013 3976 1746 3976 1890 3977 1873 3977 2012 3977 1890 3978 2015 3978 1746 3978 1890 3979 2012 3979 2014 3979 1890 3980 2014 3980 2015 3980 1391 3981 1874 3981 1414 3981 1414 3982 1874 3982 1901 3982 1901 3983 1883 3983 1897 3983 1874 3984 1883 3984 1901 3984 1883 3985 1882 3985 1897 3985 1897 3986 1882 3986 1898 3986 1882 3987 1881 3987 1898 3987 1898 3988 1881 3988 1899 3988 1881 3989 1880 3989 1899 3989 1899 3990 1880 3990 1896 3990 1896 3991 1880 3991 1895 3991 1880 3992 1886 3992 1895 3992 1886 3993 1885 3993 1895 3993 1895 3994 1885 3994 1894 3994 1894 3995 1885 3995 1893 3995 1885 3996 1884 3996 1893 3996 1893 3997 1884 3997 1892 3997 1892 3998 1878 3998 1891 3998 1884 3999 1878 3999 1892 3999 1878 4000 1876 4000 1891 4000 1891 4001 1876 4001 1890 4001 1876 4002 1873 4002 1890 4002 1748 4003 2016 4003 1750 4003 2015 4004 2016 4004 2013 4004 2016 4005 2017 4005 1750 4005 2015 4006 2017 4006 2016 4006 1750 4007 2017 4007 1753 4007 1753 4008 2017 4008 1756 4008 2014 4009 2017 4009 2015 4009 2017 4010 2018 4010 1756 4010 1756 4011 2018 4011 1758 4011 2014 4012 2018 4012 2017 4012 1758 4013 2018 4013 1759 4013 1759 4014 2018 4014 1761 4014 1761 4015 2019 4015 1764 4015 2018 4016 2019 4016 1761 4016 2014 4017 2019 4017 2018 4017 2012 4018 2019 4018 2014 4018 1764 4019 2019 4019 1765 4019 1765 4020 2020 4020 1767 4020 2012 4021 2020 4021 2019 4021 2019 4022 2020 4022 1765 4022 1767 4023 2020 4023 1770 4023 2020 4024 2021 4024 1770 4024 2012 4025 2021 4025 2020 4025 2011 4026 2021 4026 2012 4026 1770 4027 2021 4027 1771 4027 1771 4028 2021 4028 1774 4028 2021 4029 2022 4029 1774 4029 2011 4030 2022 4030 2021 4030 1774 4031 2022 4031 1775 4031 2010 4032 2022 4032 2011 4032 1775 4033 2022 4033 1779 4033 2022 4034 2023 4034 1779 4034 2010 4035 2023 4035 2022 4035 1779 4036 2023 4036 1780 4036 1780 4037 2023 4037 1783 4037 2010 4038 2024 4038 2023 4038 2007 4039 2024 4039 2010 4039 2023 4040 2024 4040 1783 4040 1783 4041 2024 4041 1785 4041 1785 4042 2024 4042 1786 4042 2007 4043 2025 4043 2024 4043 2005 4044 2025 4044 2007 4044 2024 4045 2025 4045 1786 4045 1786 4046 2025 4046 1789 4046 2025 4047 2026 4047 1789 4047 2005 4048 2026 4048 2025 4048 1789 4049 2026 4049 1790 4049 1790 4050 2026 4050 1792 4050 2004 4051 2026 4051 2005 4051 2026 4052 2027 4052 1792 4052 2004 4053 2027 4053 2026 4053 1792 4054 2027 4054 1795 4054 2003 4055 2027 4055 2004 4055 1795 4056 2027 4056 1797 4056 1797 4057 2027 4057 1799 4057 2003 4058 2028 4058 2027 4058 2027 4059 2028 4059 1799 4059 1799 4060 2028 4060 1801 4060 1801 4061 2028 4061 1804 4061 2006 4062 2028 4062 2003 4062 1804 4063 2029 4063 1806 4063 2006 4064 2029 4064 2028 4064 2028 4065 2029 4065 1804 4065 1806 4066 2029 4066 1808 4066 1808 4067 2029 4067 1810 4067 2006 4068 2030 4068 2029 4068 2029 4069 2030 4069 1810 4069 2008 4070 2030 4070 2006 4070 1810 4071 2030 4071 1812 4071 1812 4072 2031 4072 1816 4072 2008 4073 2031 4073 2030 4073 2030 4074 2031 4074 1812 4074 2009 4075 2031 4075 2008 4075 1816 4076 2031 4076 1818 4076 1818 4077 2031 4077 1820 4077 2031 4078 2032 4078 1820 4078 2009 4079 2032 4079 2031 4079 1820 4080 2032 4080 1821 4080 2013 4081 2016 4081 2009 4081 1821 4082 2016 4082 1824 4082 2032 4083 2016 4083 1821 4083 2009 4084 2016 4084 2032 4084 1824 4085 2016 4085 1748 4085 2033 4086 2040 4086 2034 4086 2034 4087 2040 4087 2036 4087 2035 4088 2040 4088 2033 4088 2037 4089 2034 4089 2036 4089 2039 4090 2040 4090 2035 4090 2038 4091 2037 4091 2036 4091 2041 4092 2045 4092 2040 4092 2041 4093 2040 4093 2039 4093 2042 4094 2038 4094 2036 4094 2043 4095 2045 4095 2041 4095 2047 4096 2042 4096 2036 4096 2044 4097 2045 4097 2043 4097 2047 4098 2036 4098 2052 4098 2046 4099 2045 4099 2044 4099 2049 4100 2045 4100 2046 4100 2048 4101 2047 4101 2052 4101 2050 4102 2048 4102 2052 4102 2051 4103 2045 4103 2049 4103 2051 4104 2058 4104 2045 4104 2054 4105 2050 4105 2052 4105 2053 4106 2058 4106 2051 4106 2055 4107 2054 4107 2052 4107 2055 4108 2052 4108 2056 4108 2059 4109 2055 4109 2056 4109 2057 4110 2058 4110 2053 4110 2058 4111 2057 4111 2060 4111 2056 4112 2061 4112 2059 4112 2058 4113 2060 4113 2062 4113 2056 4114 2063 4114 2061 4114 2071 4115 2058 4115 2062 4115 2071 4116 2062 4116 2064 4116 2056 4117 2065 4117 2063 4117 2066 4118 2065 4118 2056 4118 2071 4119 2064 4119 2068 4119 2066 4120 2067 4120 2065 4120 2066 4121 2069 4121 2067 4121 2071 4122 2068 4122 2070 4122 2071 4123 2070 4123 2072 4123 2066 4124 2073 4124 2069 4124 2079 4125 2071 4125 2072 4125 2079 4126 2072 4126 2075 4126 2066 4127 2074 4127 2073 4127 2079 4128 2075 4128 2076 4128 2066 4129 2077 4129 2074 4129 2079 4130 2076 4130 2080 4130 2078 4131 2077 4131 2066 4131 2078 4132 2081 4132 2077 4132 2078 4133 2079 4133 2080 4133 2078 4134 2080 4134 2082 4134 2078 4135 2083 4135 2081 4135 2078 4136 2082 4136 2083 4136 2085 4137 2045 4137 2058 4137 2085 4138 2084 4138 2045 4138 2086 4139 2085 4139 2058 4139 2087 4140 2086 4140 2058 4140 2088 4141 2087 4141 2058 4141 2088 4142 2058 4142 2071 4142 2089 4143 2088 4143 2071 4143 2090 4144 2089 4144 2071 4144 2091 4145 2090 4145 2071 4145 2079 4146 2091 4146 2071 4146 2092 4147 2091 4147 2079 4147 2112 4148 2092 4148 2079 4148 2113 4149 2112 4149 2079 4149 2078 4150 2113 4150 2079 4150 2093 4151 2113 4151 2078 4151 2094 4152 2093 4152 2078 4152 2094 4153 2078 4153 2066 4153 2095 4154 2094 4154 2066 4154 2116 4155 2095 4155 2066 4155 2096 4156 2116 4156 2066 4156 2097 4157 2096 4157 2066 4157 2097 4158 2066 4158 2056 4158 2098 4159 2097 4159 2056 4159 2099 4160 2098 4160 2056 4160 2100 4161 2099 4161 2056 4161 2100 4162 2056 4162 2052 4162 2101 4163 2100 4163 2052 4163 2102 4164 2101 4164 2052 4164 2103 4165 2102 4165 2052 4165 2036 4166 2103 4166 2052 4166 2104 4167 2103 4167 2036 4167 2105 4168 2104 4168 2036 4168 2105 4169 2036 4169 2040 4169 2126 4170 2105 4170 2040 4170 2106 4171 2126 4171 2040 4171 2127 4172 2040 4172 2045 4172 2127 4173 2106 4173 2040 4173 2128 4174 2127 4174 2045 4174 2084 4175 2128 4175 2045 4175 2108 4176 2107 4176 2084 4176 2108 4177 2084 4177 2085 4177 2109 4178 2087 4178 2088 4178 2089 4179 2109 4179 2088 4179 2110 4180 2089 4180 2090 4180 2111 4181 2110 4181 2090 4181 2111 4182 2090 4182 2091 4182 2111 4183 2091 4183 2092 4183 2114 4184 2093 4184 2094 4184 2115 4185 2094 4185 2095 4185 2115 4186 2114 4186 2094 4186 2115 4187 2095 4187 2116 4187 2117 4188 2116 4188 2096 4188 2117 4189 2096 4189 2097 4189 2118 4190 2117 4190 2097 4190 2118 4191 2097 4191 2098 4191 2119 4192 2099 4192 2100 4192 2119 4193 2100 4193 2101 4193 2120 4194 2119 4194 2101 4194 2121 4195 2120 4195 2101 4195 2121 4196 2101 4196 2102 4196 2122 4197 2121 4197 2102 4197 2122 4198 2102 4198 2103 4198 2123 4199 2122 4199 2103 4199 2123 4200 2103 4200 2104 4200 2124 4201 2104 4201 2105 4201 2124 4202 2123 4202 2104 4202 2125 4203 2124 4203 2105 4203 2126 4204 2125 4204 2105 4204 2107 4205 2128 4205 2084 4205 2128 4206 2107 4206 2138 4206 2127 4207 2128 4207 2138 4207 2106 4208 2127 4208 2138 4208 2106 4209 2138 4209 2129 4209 2126 4210 2106 4210 2129 4210 2125 4211 2126 4211 2129 4211 2124 4212 2125 4212 2129 4212 2130 4213 2124 4213 2129 4213 2123 4214 2124 4214 2130 4214 2122 4215 2123 4215 2130 4215 2122 4216 2130 4216 2131 4216 2121 4217 2122 4217 2131 4217 2120 4218 2121 4218 2131 4218 2119 4219 2120 4219 2131 4219 2119 4220 2131 4220 2132 4220 2099 4221 2119 4221 2132 4221 2098 4222 2099 4222 2132 4222 2118 4223 2098 4223 2132 4223 2118 4224 2132 4224 2133 4224 2117 4225 2118 4225 2133 4225 2116 4226 2117 4226 2133 4226 2115 4227 2116 4227 2133 4227 2115 4228 2133 4228 2134 4228 2114 4229 2115 4229 2134 4229 2093 4230 2114 4230 2134 4230 2113 4231 2093 4231 2134 4231 2113 4232 2134 4232 2135 4232 2112 4233 2113 4233 2135 4233 2092 4234 2112 4234 2135 4234 2111 4235 2092 4235 2135 4235 2111 4236 2135 4236 2136 4236 2110 4237 2111 4237 2136 4237 2089 4238 2110 4238 2136 4238 2109 4239 2136 4239 2137 4239 2109 4240 2089 4240 2136 4240 2087 4241 2109 4241 2137 4241 2086 4242 2087 4242 2137 4242 2085 4243 2086 4243 2137 4243 2108 4244 2085 4244 2137 4244 2108 4245 2137 4245 2138 4245 2107 4246 2108 4246 2138 4246 2139 4247 2132 4247 2140 4247 2139 4248 2133 4248 2132 4248 2140 4249 2132 4249 2131 4249 2140 4250 2131 4250 2130 4250 2139 4251 2134 4251 2133 4251 2129 4252 2140 4252 2130 4252 2135 4253 2134 4253 2139 4253 2129 4254 2141 4254 2140 4254 2138 4255 2141 4255 2129 4255 2136 4256 2135 4256 2139 4256 2137 4257 2141 4257 2138 4257 2136 4258 2139 4258 2141 4258 2137 4259 2136 4259 2141 4259 2142 4260 2145 4260 2143 4260 2145 4261 2147 4261 2143 4261 2143 4262 2147 4262 2144 4262 2144 4263 2147 4263 2146 4263 2141 4264 2147 4264 2145 4264 2141 4265 2149 4265 2147 4265 2147 4266 2149 4266 2148 4266 2149 4267 2151 4267 2150 4267 2141 4268 2151 4268 2149 4268 2139 4269 2151 4269 2141 4269 2139 4270 2154 4270 2151 4270 2151 4271 2154 4271 2152 4271 2152 4272 2154 4272 2153 4272 2155 4273 2154 4273 2156 4273 2154 4274 2158 4274 2156 4274 2156 4275 2158 4275 2157 4275 2139 4276 2158 4276 2154 4276 2159 4277 2158 4277 2160 4277 2158 4278 2164 4278 2160 4278 2139 4279 2164 4279 2158 4279 2160 4280 2164 4280 2161 4280 2201 4281 2164 4281 2162 4281 2162 4282 2166 4282 2163 4282 2164 4283 2166 4283 2162 4283 2163 4284 2166 4284 2165 4284 2165 4285 2166 4285 2167 4285 2139 4286 2166 4286 2164 4286 2166 4287 2168 4287 2167 4287 2139 4288 2168 4288 2166 4288 2140 4289 2168 4289 2139 4289 2140 4290 2170 4290 2168 4290 2168 4291 2170 4291 2169 4291 2169 4292 2170 4292 2171 4292 2171 4293 2170 4293 2172 4293 2172 4294 2174 4294 2173 4294 2170 4295 2174 4295 2172 4295 2140 4296 2174 4296 2170 4296 2173 4297 2174 4297 2211 4297 2174 4298 2176 4298 2175 4298 2140 4299 2176 4299 2174 4299 2176 4300 2180 4300 2177 4300 2177 4301 2180 4301 2178 4301 2141 4302 2176 4302 2140 4302 2178 4303 2180 4303 2179 4303 2141 4304 2180 4304 2176 4304 2180 4305 2181 4305 2179 4305 2180 4306 2145 4306 2181 4306 2141 4307 2145 4307 2180 4307 2142 4308 2181 4308 2145 4308 2182 4309 2142 4309 2143 4309 2183 4310 2182 4310 2143 4310 2183 4311 2143 4311 2144 4311 2184 4312 2183 4312 2144 4312 2184 4313 2144 4313 2146 4313 2185 4314 2184 4314 2146 4314 2185 4315 2146 4315 2147 4315 2186 4316 2185 4316 2147 4316 2186 4317 2147 4317 2148 4317 2187 4318 2186 4318 2148 4318 2187 4319 2148 4319 2149 4319 2188 4320 2187 4320 2149 4320 2188 4321 2149 4321 2150 4321 2189 4322 2188 4322 2150 4322 2189 4323 2150 4323 2151 4323 2190 4324 2189 4324 2151 4324 2190 4325 2151 4325 2152 4325 2191 4326 2190 4326 2152 4326 2191 4327 2152 4327 2153 4327 2192 4328 2191 4328 2153 4328 2192 4329 2153 4329 2154 4329 2193 4330 2192 4330 2154 4330 2193 4331 2154 4331 2155 4331 2194 4332 2193 4332 2155 4332 2194 4333 2155 4333 2156 4333 2195 4334 2194 4334 2156 4334 2195 4335 2156 4335 2157 4335 2196 4336 2195 4336 2157 4336 2196 4337 2157 4337 2158 4337 2197 4338 2196 4338 2158 4338 2197 4339 2158 4339 2159 4339 2198 4340 2197 4340 2159 4340 2198 4341 2159 4341 2160 4341 2199 4342 2198 4342 2160 4342 2199 4343 2160 4343 2161 4343 2200 4344 2199 4344 2161 4344 2200 4345 2161 4345 2164 4345 2201 4346 2200 4346 2164 4346 2202 4347 2201 4347 2162 4347 2203 4348 2202 4348 2162 4348 2203 4349 2162 4349 2163 4349 2203 4350 2163 4350 2165 4350 2204 4351 2203 4351 2165 4351 2204 4352 2165 4352 2167 4352 2205 4353 2204 4353 2167 4353 2205 4354 2167 4354 2168 4354 2206 4355 2205 4355 2168 4355 2206 4356 2168 4356 2169 4356 2207 4357 2206 4357 2169 4357 2207 4358 2169 4358 2171 4358 2208 4359 2207 4359 2171 4359 2208 4360 2171 4360 2172 4360 2209 4361 2208 4361 2172 4361 2209 4362 2172 4362 2173 4362 2210 4363 2209 4363 2173 4363 2210 4364 2173 4364 2211 4364 2212 4365 2211 4365 2174 4365 2213 4366 2174 4366 2175 4366 2213 4367 2212 4367 2174 4367 2214 4368 2213 4368 2175 4368 2214 4369 2175 4369 2176 4369 2215 4370 2214 4370 2176 4370 2215 4371 2176 4371 2177 4371 2215 4372 2177 4372 2178 4372 2216 4373 2215 4373 2178 4373 2216 4374 2178 4374 2179 4374 2217 4375 2216 4375 2179 4375 2217 4376 2179 4376 2181 4376 2218 4377 2217 4377 2181 4377 2218 4378 2181 4378 2142 4378 2182 4379 2218 4379 2142 4379 2221 4380 2220 4380 2219 4380 2221 4381 2276 4381 2220 4381 2222 4382 2220 4382 2224 4382 2222 4383 2219 4383 2220 4383 2223 4384 2276 4384 2221 4384 2226 4385 2222 4385 2224 4385 2225 4386 2276 4386 2223 4386 2226 4387 2224 4387 2227 4387 2228 4388 2276 4388 2225 4388 2228 4389 2277 4389 2276 4389 2229 4390 2226 4390 2227 4390 2230 4391 2277 4391 2228 4391 2231 4392 2229 4392 2227 4392 2230 4393 2278 4393 2277 4393 2232 4394 2231 4394 2227 4394 2232 4395 2227 4395 2237 4395 2233 4396 2278 4396 2230 4396 2234 4397 2232 4397 2237 4397 2236 4398 2278 4398 2233 4398 2235 4399 2234 4399 2237 4399 2236 4400 2241 4400 2278 4400 2238 4401 2241 4401 2236 4401 2242 4402 2237 4402 2245 4402 2242 4403 2235 4403 2237 4403 2239 4404 2241 4404 2238 4404 2240 4405 2241 4405 2239 4405 2243 4406 2242 4406 2245 4406 2249 4407 2241 4407 2240 4407 2244 4408 2249 4408 2240 4408 2245 4409 2246 4409 2243 4409 2248 4410 2246 4410 2245 4410 2247 4411 2249 4411 2244 4411 2251 4412 2248 4412 2245 4412 2250 4413 2248 4413 2251 4413 2249 4414 2247 4414 2252 4414 2282 4415 2249 4415 2252 4415 2255 4416 2250 4416 2251 4416 2255 4417 2253 4417 2250 4417 2282 4418 2252 4418 2254 4418 2255 4419 2257 4419 2253 4419 2282 4420 2254 4420 2256 4420 2260 4421 2282 4421 2256 4421 2260 4422 2256 4422 2258 4422 2255 4423 2259 4423 2257 4423 2255 4424 2261 4424 2259 4424 2260 4425 2258 4425 2262 4425 2269 4426 2263 4426 2261 4426 2269 4427 2261 4427 2255 4427 2260 4428 2262 4428 2264 4428 2268 4429 2260 4429 2264 4429 2269 4430 2266 4430 2263 4430 2268 4431 2264 4431 2265 4431 2269 4432 2267 4432 2266 4432 2268 4433 2265 4433 2270 4433 2269 4434 2270 4434 2267 4434 2268 4435 2270 4435 2269 4435 2259 4436 2261 4436 2046 4436 2046 4437 2261 4437 2049 4437 2049 4438 2261 4438 2051 4438 2261 4439 2263 4439 2051 4439 2051 4440 2263 4440 2053 4440 2263 4441 2266 4441 2053 4441 2053 4442 2266 4442 2057 4442 2266 4443 2267 4443 2057 4443 2057 4444 2267 4444 2060 4444 2267 4445 2270 4445 2060 4445 2060 4446 2270 4446 2062 4446 2270 4447 2265 4447 2062 4447 2062 4448 2264 4448 2064 4448 2265 4449 2264 4449 2062 4449 2064 4450 2262 4450 2068 4450 2264 4451 2262 4451 2064 4451 2262 4452 2258 4452 2068 4452 2068 4453 2258 4453 2070 4453 2258 4454 2256 4454 2070 4454 2070 4455 2256 4455 2072 4455 2256 4456 2254 4456 2072 4456 2072 4457 2252 4457 2075 4457 2254 4458 2252 4458 2072 4458 2075 4459 2252 4459 2076 4459 2252 4460 2247 4460 2076 4460 2076 4461 2247 4461 2080 4461 2247 4462 2244 4462 2080 4462 2080 4463 2244 4463 2082 4463 2082 4464 2244 4464 2083 4464 2244 4465 2240 4465 2083 4465 2083 4466 2240 4466 2081 4466 2240 4467 2239 4467 2081 4467 2239 4468 2238 4468 2081 4468 2081 4469 2238 4469 2077 4469 2238 4470 2236 4470 2077 4470 2077 4471 2236 4471 2074 4471 2236 4472 2233 4472 2074 4472 2074 4473 2233 4473 2073 4473 2233 4474 2230 4474 2073 4474 2073 4475 2230 4475 2069 4475 2069 4476 2230 4476 2067 4476 2230 4477 2228 4477 2067 4477 2228 4478 2225 4478 2067 4478 2067 4479 2225 4479 2065 4479 2225 4480 2223 4480 2065 4480 2065 4481 2223 4481 2063 4481 2063 4482 2221 4482 2061 4482 2223 4483 2221 4483 2063 4483 2061 4484 2219 4484 2059 4484 2221 4485 2219 4485 2061 4485 2219 4486 2222 4486 2059 4486 2059 4487 2222 4487 2055 4487 2055 4488 2226 4488 2054 4488 2222 4489 2226 4489 2055 4489 2226 4490 2229 4490 2054 4490 2054 4491 2229 4491 2050 4491 2050 4492 2229 4492 2048 4492 2229 4493 2231 4493 2048 4493 2048 4494 2231 4494 2047 4494 2231 4495 2232 4495 2047 4495 2047 4496 2234 4496 2042 4496 2232 4497 2234 4497 2047 4497 2042 4498 2235 4498 2038 4498 2234 4499 2235 4499 2042 4499 2038 4500 2235 4500 2037 4500 2235 4501 2242 4501 2037 4501 2037 4502 2242 4502 2034 4502 2242 4503 2243 4503 2034 4503 2034 4504 2243 4504 2033 4504 2243 4505 2246 4505 2033 4505 2033 4506 2246 4506 2035 4506 2246 4507 2248 4507 2035 4507 2035 4508 2248 4508 2039 4508 2248 4509 2250 4509 2039 4509 2039 4510 2250 4510 2041 4510 2250 4511 2253 4511 2041 4511 2041 4512 2253 4512 2043 4512 2043 4513 2253 4513 2044 4513 2253 4514 2257 4514 2044 4514 2044 4515 2257 4515 2046 4515 2257 4516 2259 4516 2046 4516 2218 4517 2182 4517 2284 4517 2271 4518 2284 4518 2255 4518 2271 4519 2218 4519 2284 4519 2271 4520 2217 4520 2218 4520 2271 4521 2255 4521 2251 4521 2271 4522 2216 4522 2217 4522 2272 4523 2216 4523 2271 4523 2272 4524 2251 4524 2245 4524 2272 4525 2271 4525 2251 4525 2272 4526 2215 4526 2216 4526 2273 4527 2215 4527 2272 4527 2273 4528 2214 4528 2215 4528 2273 4529 2272 4529 2245 4529 2273 4530 2213 4530 2214 4530 2273 4531 2245 4531 2237 4531 2273 4532 2212 4532 2213 4532 2274 4533 2212 4533 2273 4533 2274 4534 2273 4534 2237 4534 2274 4535 2211 4535 2212 4535 2274 4536 2210 4536 2211 4536 2227 4537 2274 4537 2237 4537 2227 4538 2210 4538 2274 4538 2224 4539 2210 4539 2227 4539 2224 4540 2209 4540 2210 4540 2224 4541 2208 4541 2209 4541 2224 4542 2207 4542 2208 4542 2275 4543 2206 4543 2207 4543 2275 4544 2207 4544 2224 4544 2275 4545 2224 4545 2220 4545 2275 4546 2205 4546 2206 4546 2275 4547 2220 4547 2276 4547 2275 4548 2204 4548 2205 4548 2276 4549 2204 4549 2275 4549 2276 4550 2203 4550 2204 4550 2276 4551 2202 4551 2203 4551 2277 4552 2202 4552 2276 4552 2277 4553 2201 4553 2202 4553 2277 4554 2200 4554 2201 4554 2278 4555 2200 4555 2277 4555 2279 4556 2200 4556 2278 4556 2279 4557 2199 4557 2200 4557 2279 4558 2198 4558 2199 4558 2279 4559 2278 4559 2241 4559 2280 4560 2198 4560 2279 4560 2280 4561 2279 4561 2241 4561 2280 4562 2197 4562 2198 4562 2280 4563 2241 4563 2249 4563 2280 4564 2196 4564 2197 4564 2280 4565 2195 4565 2196 4565 2281 4566 2195 4566 2280 4566 2281 4567 2280 4567 2249 4567 2281 4568 2194 4568 2195 4568 2281 4569 2193 4569 2194 4569 2281 4570 2249 4570 2282 4570 2282 4571 2193 4571 2281 4571 2282 4572 2192 4572 2193 4572 2260 4573 2192 4573 2282 4573 2260 4574 2191 4574 2192 4574 2260 4575 2190 4575 2191 4575 2268 4576 2190 4576 2260 4576 2268 4577 2189 4577 2190 4577 2268 4578 2188 4578 2189 4578 2283 4579 2187 4579 2188 4579 2283 4580 2268 4580 2269 4580 2283 4581 2188 4581 2268 4581 2283 4582 2186 4582 2187 4582 2283 4583 2185 4583 2186 4583 2283 4584 2184 4584 2185 4584 2284 4585 2183 4585 2184 4585 2284 4586 2269 4586 2255 4586 2284 4587 2283 4587 2269 4587 2284 4588 2184 4588 2283 4588 2284 4589 2182 4589 2183 4589 2285 4590 2290 4590 2286 4590 2287 4591 2290 4591 2285 4591 2288 4592 2285 4592 2286 4592 2289 4593 2290 4593 2287 4593 2291 4594 2288 4594 2286 4594 2293 4595 2290 4595 2289 4595 2293 4596 2291 4596 2286 4596 2293 4597 2289 4597 2292 4597 2293 4598 2292 4598 2291 4598 2294 4599 2295 4599 2298 4599 2298 4600 2296 4600 2294 4600 2295 4601 2297 4601 2298 4601 2298 4602 2299 4602 2296 4602 2298 4603 2297 4603 2302 4603 2297 4604 2300 4604 2302 4604 2304 4605 2299 4605 2298 4605 2304 4606 2301 4606 2299 4606 2300 4607 2303 4607 2302 4607 2301 4608 2304 4608 2305 4608 2306 4609 2302 4609 2303 4609 2305 4610 2304 4610 2307 4610 2306 4611 2309 4611 2302 4611 2308 4612 2309 4612 2306 4612 2307 4613 2304 4613 2310 4613 2304 4614 2309 4614 2310 4614 2311 4615 2309 4615 2308 4615 2310 4616 2309 4616 2311 4616 2291 4617 2325 4617 2326 4617 2291 4618 2292 4618 2325 4618 2325 4619 2292 4619 2289 4619 2325 4620 2289 4620 2327 4620 2289 4621 2328 4621 2327 4621 2289 4622 2287 4622 2328 4622 2287 4623 2329 4623 2328 4623 2287 4624 2285 4624 2329 4624 2288 4625 2330 4625 2329 4625 2288 4626 2329 4626 2285 4626 2288 4627 2326 4627 2330 4627 2288 4628 2291 4628 2326 4628 2325 4629 2328 4629 2329 4629 2325 4630 2329 4630 2330 4630 2325 4631 2330 4631 2326 4631 2325 4632 2327 4632 2328 4632 2308 4633 2306 4633 2343 4633 2308 4634 2343 4634 2331 4634 2311 4635 2308 4635 2331 4635 2311 4636 2331 4636 2332 4636 2310 4637 2311 4637 2332 4637 2310 4638 2332 4638 2333 4638 2307 4639 2310 4639 2333 4639 2307 4640 2333 4640 2334 4640 2305 4641 2307 4641 2334 4641 2305 4642 2334 4642 2335 4642 2301 4643 2305 4643 2335 4643 2299 4644 2301 4644 2335 4644 2299 4645 2335 4645 2336 4645 2296 4646 2299 4646 2336 4646 2296 4647 2336 4647 2337 4647 2294 4648 2296 4648 2337 4648 2294 4649 2337 4649 2338 4649 2295 4650 2294 4650 2338 4650 2295 4651 2338 4651 2339 4651 2297 4652 2295 4652 2339 4652 2297 4653 2339 4653 2340 4653 2300 4654 2297 4654 2340 4654 2300 4655 2340 4655 2341 4655 2303 4656 2300 4656 2341 4656 2303 4657 2341 4657 2342 4657 2306 4658 2303 4658 2342 4658 2306 4659 2342 4659 2343 4659 2324 4660 2312 4660 2309 4660 2323 4661 2324 4661 2309 4661 2322 4662 2323 4662 2309 4662 2321 4663 2309 4663 2304 4663 2321 4664 2322 4664 2309 4664 2320 4665 2321 4665 2304 4665 2319 4666 2320 4666 2304 4666 2318 4667 2319 4667 2304 4667 2318 4668 2304 4668 2298 4668 2317 4669 2318 4669 2298 4669 2316 4670 2317 4670 2298 4670 2315 4671 2316 4671 2298 4671 2314 4672 2315 4672 2298 4672 2314 4673 2298 4673 2302 4673 2313 4674 2314 4674 2302 4674 2312 4675 2313 4675 2302 4675 2312 4676 2302 4676 2309 4676 2324 4677 2293 4677 2286 4677 2312 4678 2324 4678 2286 4678 2313 4679 2312 4679 2286 4679 2314 4680 2313 4680 2286 4680 2315 4681 2314 4681 2286 4681 2316 4682 2315 4682 2286 4682 2316 4683 2286 4683 2290 4683 2317 4684 2316 4684 2290 4684 2318 4685 2317 4685 2290 4685 2319 4686 2318 4686 2290 4686 2320 4687 2319 4687 2290 4687 2320 4688 2290 4688 2293 4688 2321 4689 2320 4689 2293 4689 2322 4690 2321 4690 2293 4690 2323 4691 2322 4691 2293 4691 2324 4692 2323 4692 2293 4692 2344 4693 2331 4693 2343 4693 2344 4694 2332 4694 2331 4694 2344 4695 2333 4695 2332 4695 2344 4696 2334 4696 2333 4696 2344 4697 2335 4697 2334 4697 2344 4698 2336 4698 2335 4698 2344 4699 2337 4699 2336 4699 2344 4700 2338 4700 2337 4700 2344 4701 2339 4701 2338 4701 2344 4702 2340 4702 2339 4702 2344 4703 2341 4703 2340 4703 2344 4704 2342 4704 2341 4704 2344 4705 2343 4705 2342 4705 2345 4706 2349 4706 2346 4706 2345 4707 2346 4707 2347 4707 2348 4708 2349 4708 2345 4708 2350 4709 2351 4709 2352 4709 2350 4710 2345 4710 2347 4710 2350 4711 2347 4711 2351 4711 2353 4712 2349 4712 2348 4712 2353 4713 2355 4713 2349 4713 2354 4714 2350 4714 2352 4714 2356 4715 2354 4715 2352 4715 2358 4716 2355 4716 2353 4716 2358 4717 2353 4717 2357 4717 2356 4718 2357 4718 2354 4718 2356 4719 2358 4719 2357 4719 2369 4720 2360 4720 2362 4720 2362 4721 2360 4721 2359 4721 2359 4722 2361 4722 2362 4722 2369 4723 2364 4723 2360 4723 2361 4724 2363 4724 2362 4724 2369 4725 2366 4725 2364 4725 2363 4726 2365 4726 2362 4726 2365 4727 2368 4727 2362 4727 2369 4728 2367 4728 2366 4728 2362 4729 2368 4729 2376 4729 2368 4730 2370 4730 2376 4730 2370 4731 2371 4731 2376 4731 2369 4732 2372 4732 2367 4732 2371 4733 2373 4733 2376 4733 2373 4734 2374 4734 2376 4734 2369 4735 2377 4735 2372 4735 2374 4736 2375 4736 2376 4736 2380 4737 2377 4737 2369 4737 2376 4738 2375 4738 2391 4738 2380 4739 2378 4739 2377 4739 2375 4740 2379 4740 2391 4740 2380 4741 2381 4741 2378 4741 2379 4742 2382 4742 2391 4742 2380 4743 2383 4743 2381 4743 2382 4744 2384 4744 2391 4744 2384 4745 2385 4745 2391 4745 2380 4746 2386 4746 2383 4746 2385 4747 2388 4747 2391 4747 2380 4748 2387 4748 2386 4748 2380 4749 2390 4749 2387 4749 2389 4750 2391 4750 2388 4750 2392 4751 2391 4751 2389 4751 2390 4752 2380 4752 2393 4752 2395 4753 2396 4753 2392 4753 2392 4754 2396 4754 2391 4754 2393 4755 2380 4755 2394 4755 2394 4756 2380 4756 2397 4756 2398 4757 2396 4757 2395 4757 2380 4758 2399 4758 2397 4758 2397 4759 2399 4759 2400 4759 2401 4760 2396 4760 2398 4760 2400 4761 2399 4761 2403 4761 2402 4762 2396 4762 2401 4762 2404 4763 2396 4763 2402 4763 2403 4764 2399 4764 2405 4764 2405 4765 2399 4765 2406 4765 2407 4766 2396 4766 2404 4766 2406 4767 2399 4767 2408 4767 2407 4768 2413 4768 2396 4768 2399 4769 2410 4769 2408 4769 2409 4770 2413 4770 2407 4770 2408 4771 2410 4771 2411 4771 2412 4772 2413 4772 2409 4772 2411 4773 2410 4773 2415 4773 2414 4774 2413 4774 2412 4774 2416 4775 2413 4775 2414 4775 2415 4776 2410 4776 2417 4776 2418 4777 2413 4777 2416 4777 2417 4778 2410 4778 2419 4778 2418 4779 2410 4779 2413 4779 2419 4780 2410 4780 2418 4780 2440 4781 2438 4781 2439 4781 2440 4782 2439 4782 2441 4782 2354 4783 2357 4783 2444 4783 2354 4784 2444 4784 2445 4784 2357 4785 2353 4785 2446 4785 2357 4786 2446 4786 2444 4786 2353 4787 2348 4787 2447 4787 2353 4788 2447 4788 2446 4788 2348 4789 2345 4789 2448 4789 2348 4790 2448 4790 2447 4790 2350 4791 2449 4791 2448 4791 2350 4792 2448 4792 2345 4792 2350 4793 2354 4793 2445 4793 2350 4794 2445 4794 2449 4794 2404 4795 2450 4795 2451 4795 2407 4796 2404 4796 2451 4796 2407 4797 2451 4797 2452 4797 2409 4798 2407 4798 2452 4798 2412 4799 2452 4799 2453 4799 2412 4800 2409 4800 2452 4800 2414 4801 2412 4801 2453 4801 2414 4802 2453 4802 2454 4802 2416 4803 2414 4803 2454 4803 2416 4804 2454 4804 2455 4804 2418 4805 2416 4805 2455 4805 2418 4806 2455 4806 2456 4806 2419 4807 2418 4807 2456 4807 2419 4808 2456 4808 2457 4808 2417 4809 2419 4809 2457 4809 2415 4810 2457 4810 2458 4810 2415 4811 2417 4811 2457 4811 2415 4812 2458 4812 2459 4812 2411 4813 2415 4813 2459 4813 2411 4814 2459 4814 2460 4814 2408 4815 2411 4815 2460 4815 2408 4816 2460 4816 2461 4816 2406 4817 2461 4817 2462 4817 2406 4818 2408 4818 2461 4818 2405 4819 2462 4819 2463 4819 2405 4820 2406 4820 2462 4820 2403 4821 2405 4821 2463 4821 2400 4822 2463 4822 2464 4822 2400 4823 2403 4823 2463 4823 2400 4824 2464 4824 2465 4824 2397 4825 2400 4825 2465 4825 2397 4826 2465 4826 2466 4826 2394 4827 2397 4827 2466 4827 2394 4828 2466 4828 2467 4828 2393 4829 2394 4829 2467 4829 2390 4830 2393 4830 2467 4830 2390 4831 2467 4831 2468 4831 2390 4832 2468 4832 2469 4832 2387 4833 2390 4833 2469 4833 2387 4834 2469 4834 2470 4834 2386 4835 2387 4835 2470 4835 2386 4836 2470 4836 2471 4836 2383 4837 2386 4837 2471 4837 2383 4838 2471 4838 2472 4838 2381 4839 2383 4839 2472 4839 2378 4840 2472 4840 2473 4840 2378 4841 2381 4841 2472 4841 2377 4842 2473 4842 2474 4842 2377 4843 2378 4843 2473 4843 2377 4844 2474 4844 2475 4844 2372 4845 2377 4845 2475 4845 2367 4846 2372 4846 2475 4846 2367 4847 2475 4847 2476 4847 2367 4848 2476 4848 2477 4848 2366 4849 2367 4849 2477 4849 2366 4850 2477 4850 2478 4850 2364 4851 2366 4851 2478 4851 2360 4852 2364 4852 2478 4852 2360 4853 2478 4853 2479 4853 2360 4854 2479 4854 2480 4854 2359 4855 2360 4855 2480 4855 2359 4856 2480 4856 2481 4856 2361 4857 2359 4857 2481 4857 2363 4858 2481 4858 2482 4858 2363 4859 2361 4859 2481 4859 2365 4860 2482 4860 2483 4860 2365 4861 2363 4861 2482 4861 2365 4862 2483 4862 2484 4862 2368 4863 2365 4863 2484 4863 2370 4864 2368 4864 2484 4864 2370 4865 2484 4865 2485 4865 2371 4866 2370 4866 2485 4866 2371 4867 2485 4867 2486 4867 2373 4868 2371 4868 2486 4868 2373 4869 2486 4869 2487 4869 2374 4870 2373 4870 2487 4870 2374 4871 2487 4871 2488 4871 2375 4872 2374 4872 2488 4872 2375 4873 2488 4873 2489 4873 2379 4874 2375 4874 2489 4874 2379 4875 2489 4875 2490 4875 2382 4876 2379 4876 2490 4876 2384 4877 2490 4877 2491 4877 2384 4878 2382 4878 2490 4878 2385 4879 2384 4879 2491 4879 2385 4880 2491 4880 2492 4880 2388 4881 2385 4881 2492 4881 2389 4882 2492 4882 2493 4882 2389 4883 2388 4883 2492 4883 2389 4884 2493 4884 2494 4884 2392 4885 2389 4885 2494 4885 2395 4886 2392 4886 2494 4886 2395 4887 2494 4887 2495 4887 2395 4888 2495 4888 2496 4888 2398 4889 2395 4889 2496 4889 2398 4890 2496 4890 2497 4890 2401 4891 2398 4891 2497 4891 2401 4892 2497 4892 2498 4892 2402 4893 2401 4893 2498 4893 2404 4894 2498 4894 2450 4894 2404 4895 2402 4895 2498 4895 2501 4896 2502 4896 2499 4896 2499 4897 2502 4897 2500 4897 2503 4898 2502 4898 2501 4898 2413 4899 2443 4899 2396 4899 2442 4900 2443 4900 2413 4900 2441 4901 2442 4901 2413 4901 2440 4902 2441 4902 2413 4902 2410 4903 2440 4903 2413 4903 2438 4904 2440 4904 2410 4904 2437 4905 2438 4905 2410 4905 2399 4906 2437 4906 2410 4906 2436 4907 2437 4907 2399 4907 2435 4908 2436 4908 2399 4908 2380 4909 2435 4909 2399 4909 2434 4910 2435 4910 2380 4910 2433 4911 2434 4911 2380 4911 2432 4912 2433 4912 2380 4912 2369 4913 2432 4913 2380 4913 2431 4914 2432 4914 2369 4914 2430 4915 2431 4915 2369 4915 2429 4916 2430 4916 2369 4916 2429 4917 2369 4917 2362 4917 2428 4918 2429 4918 2362 4918 2427 4919 2428 4919 2362 4919 2427 4920 2362 4920 2376 4920 2426 4921 2427 4921 2376 4921 2425 4922 2426 4922 2376 4922 2424 4923 2425 4923 2376 4923 2424 4924 2376 4924 2391 4924 2423 4925 2424 4925 2391 4925 2422 4926 2423 4926 2391 4926 2421 4927 2422 4927 2391 4927 2396 4928 2421 4928 2391 4928 2420 4929 2421 4929 2396 4929 2443 4930 2420 4930 2396 4930 2420 4931 2443 4931 2356 4931 2352 4932 2420 4932 2356 4932 2421 4933 2420 4933 2352 4933 2422 4934 2421 4934 2352 4934 2423 4935 2422 4935 2352 4935 2351 4936 2423 4936 2352 4936 2424 4937 2423 4937 2351 4937 2425 4938 2424 4938 2351 4938 2347 4939 2425 4939 2351 4939 2426 4940 2425 4940 2347 4940 2427 4941 2426 4941 2347 4941 2346 4942 2427 4942 2347 4942 2428 4943 2427 4943 2346 4943 2429 4944 2428 4944 2346 4944 2349 4945 2429 4945 2346 4945 2430 4946 2429 4946 2349 4946 2431 4947 2430 4947 2349 4947 2432 4948 2431 4948 2349 4948 2433 4949 2432 4949 2349 4949 2355 4950 2433 4950 2349 4950 2434 4951 2433 4951 2355 4951 2435 4952 2434 4952 2355 4952 2436 4953 2435 4953 2355 4953 2436 4954 2355 4954 2358 4954 2437 4955 2436 4955 2358 4955 2438 4956 2437 4956 2358 4956 2439 4957 2438 4957 2358 4957 2439 4958 2358 4958 2356 4958 2441 4959 2439 4959 2356 4959 2442 4960 2441 4960 2356 4960 2443 4961 2442 4961 2356 4961 2451 4962 2450 4962 2502 4962 2452 4963 2451 4963 2502 4963 2453 4964 2452 4964 2502 4964 2454 4965 2453 4965 2502 4965 2455 4966 2454 4966 2502 4966 2456 4967 2455 4967 2502 4967 2457 4968 2456 4968 2502 4968 2503 4969 2457 4969 2502 4969 2458 4970 2457 4970 2503 4970 2459 4971 2458 4971 2503 4971 2460 4972 2459 4972 2503 4972 2461 4973 2460 4973 2503 4973 2462 4974 2461 4974 2503 4974 2463 4975 2462 4975 2503 4975 2464 4976 2463 4976 2503 4976 2465 4977 2464 4977 2503 4977 2466 4978 2465 4978 2503 4978 2467 4979 2466 4979 2503 4979 2501 4980 2467 4980 2503 4980 2468 4981 2467 4981 2501 4981 2469 4982 2468 4982 2501 4982 2470 4983 2469 4983 2501 4983 2471 4984 2470 4984 2501 4984 2472 4985 2471 4985 2501 4985 2473 4986 2472 4986 2501 4986 2474 4987 2473 4987 2501 4987 2475 4988 2474 4988 2501 4988 2476 4989 2475 4989 2501 4989 2477 4990 2476 4990 2501 4990 2499 4991 2477 4991 2501 4991 2478 4992 2477 4992 2499 4992 2479 4993 2478 4993 2499 4993 2480 4994 2479 4994 2499 4994 2481 4995 2480 4995 2499 4995 2482 4996 2481 4996 2499 4996 2483 4997 2482 4997 2499 4997 2484 4998 2483 4998 2499 4998 2485 4999 2484 4999 2499 4999 2486 5000 2485 5000 2499 5000 2487 5001 2486 5001 2499 5001 2488 5002 2487 5002 2499 5002 2489 5003 2488 5003 2499 5003 2500 5004 2489 5004 2499 5004 2490 5005 2489 5005 2500 5005 2491 5006 2490 5006 2500 5006 2492 5007 2491 5007 2500 5007 2493 5008 2492 5008 2500 5008 2494 5009 2493 5009 2500 5009 2495 5010 2494 5010 2500 5010 2496 5011 2495 5011 2500 5011 2502 5012 2496 5012 2500 5012 2497 5013 2496 5013 2502 5013 2498 5014 2497 5014 2502 5014 2450 5015 2498 5015 2502 5015 2446 5016 2447 5016 2448 5016 2444 5017 2448 5017 2449 5017 2444 5018 2449 5018 2445 5018 2444 5019 2446 5019 2448 5019 2505 5020 2504 5020 2509 5020 2504 5021 2507 5021 2509 5021 2506 5022 2507 5022 2504 5022 2508 5023 2505 5023 2509 5023 2510 5024 2507 5024 2506 5024 2511 5025 2508 5025 2509 5025 2511 5026 2509 5026 2512 5026 2513 5027 2507 5027 2510 5027 2514 5028 2511 5028 2512 5028 2515 5029 2507 5029 2513 5029 2516 5030 2514 5030 2512 5030 2517 5031 2507 5031 2515 5031 2518 5032 2516 5032 2512 5032 2517 5033 2519 5033 2507 5033 2522 5034 2519 5034 2517 5034 2520 5035 2518 5035 2512 5035 2520 5036 2512 5036 2521 5036 2523 5037 2519 5037 2522 5037 2524 5038 2519 5038 2523 5038 2525 5039 2520 5039 2521 5039 2524 5040 2530 5040 2519 5040 2527 5041 2530 5041 2524 5041 2526 5042 2525 5042 2521 5042 2528 5043 2530 5043 2527 5043 2529 5044 2526 5044 2521 5044 2531 5045 2529 5045 2521 5045 2530 5046 2528 5046 2532 5046 2535 5047 2531 5047 2521 5047 2530 5048 2532 5048 2533 5048 2534 5049 2535 5049 2521 5049 2534 5050 2536 5050 2535 5050 2530 5051 2533 5051 2538 5051 2534 5052 2537 5052 2536 5052 2545 5053 2530 5053 2538 5053 2534 5054 2541 5054 2539 5054 2534 5055 2539 5055 2537 5055 2540 5056 2541 5056 2534 5056 2545 5057 2538 5057 2543 5057 2540 5058 2542 5058 2541 5058 2545 5059 2543 5059 2544 5059 2540 5060 2546 5060 2542 5060 2545 5061 2544 5061 2548 5061 2540 5062 2547 5062 2546 5062 2545 5063 2548 5063 2549 5063 2553 5064 2547 5064 2540 5064 2553 5065 2550 5065 2547 5065 2555 5066 2545 5066 2549 5066 2553 5067 2551 5067 2550 5067 2555 5068 2549 5068 2552 5068 2553 5069 2554 5069 2551 5069 2555 5070 2552 5070 2556 5070 2553 5071 2555 5071 2556 5071 2553 5072 2556 5072 2554 5072 2557 5073 2507 5073 2519 5073 2558 5074 2557 5074 2519 5074 2559 5075 2558 5075 2519 5075 2559 5076 2519 5076 2530 5076 2578 5077 2559 5077 2530 5077 2560 5078 2578 5078 2530 5078 2561 5079 2560 5079 2530 5079 2545 5080 2561 5080 2530 5080 2562 5081 2561 5081 2545 5081 2563 5082 2562 5082 2545 5082 2564 5083 2563 5083 2545 5083 2555 5084 2564 5084 2545 5084 2565 5085 2564 5085 2555 5085 2565 5086 2555 5086 2553 5086 2566 5087 2565 5087 2553 5087 2567 5088 2566 5088 2553 5088 2567 5089 2553 5089 2540 5089 2586 5090 2567 5090 2540 5090 2587 5091 2586 5091 2540 5091 2568 5092 2587 5092 2540 5092 2568 5093 2540 5093 2534 5093 2569 5094 2568 5094 2534 5094 2570 5095 2569 5095 2534 5095 2570 5096 2534 5096 2521 5096 2590 5097 2570 5097 2521 5097 2591 5098 2590 5098 2521 5098 2571 5099 2591 5099 2521 5099 2571 5100 2521 5100 2512 5100 2592 5101 2571 5101 2512 5101 2593 5102 2592 5102 2512 5102 2593 5103 2512 5103 2509 5103 2572 5104 2593 5104 2509 5104 2573 5105 2572 5105 2509 5105 2574 5106 2509 5106 2507 5106 2574 5107 2573 5107 2509 5107 2575 5108 2574 5108 2507 5108 2557 5109 2575 5109 2507 5109 2577 5110 2558 5110 2559 5110 2577 5111 2559 5111 2578 5111 2579 5112 2560 5112 2561 5112 2579 5113 2578 5113 2560 5113 2580 5114 2579 5114 2561 5114 2580 5115 2561 5115 2562 5115 2580 5116 2562 5116 2563 5116 2581 5117 2580 5117 2563 5117 2581 5118 2563 5118 2564 5118 2582 5119 2581 5119 2564 5119 2582 5120 2564 5120 2565 5120 2583 5121 2582 5121 2565 5121 2584 5122 2583 5122 2565 5122 2584 5123 2565 5123 2566 5123 2585 5124 2566 5124 2567 5124 2586 5125 2585 5125 2567 5125 2588 5126 2587 5126 2568 5126 2569 5127 2588 5127 2568 5127 2589 5128 2569 5128 2570 5128 2589 5129 2570 5129 2590 5129 2594 5130 2572 5130 2573 5130 2594 5131 2573 5131 2574 5131 2595 5132 2594 5132 2574 5132 2596 5133 2574 5133 2575 5133 2596 5134 2595 5134 2574 5134 2576 5135 2596 5135 2575 5135 2576 5136 2575 5136 2557 5136 2596 5137 2576 5137 2597 5137 2595 5138 2596 5138 2597 5138 2595 5139 2597 5139 2598 5139 2594 5140 2595 5140 2598 5140 2599 5141 2594 5141 2598 5141 2572 5142 2594 5142 2599 5142 2593 5143 2572 5143 2599 5143 2600 5144 2593 5144 2599 5144 2592 5145 2593 5145 2600 5145 2571 5146 2592 5146 2600 5146 2571 5147 2600 5147 2601 5147 2591 5148 2571 5148 2601 5148 2590 5149 2591 5149 2601 5149 2589 5150 2590 5150 2601 5150 2602 5151 2589 5151 2601 5151 2569 5152 2589 5152 2602 5152 2588 5153 2569 5153 2602 5153 2588 5154 2602 5154 2603 5154 2587 5155 2588 5155 2603 5155 2586 5156 2587 5156 2603 5156 2585 5157 2586 5157 2603 5157 2585 5158 2603 5158 2604 5158 2566 5159 2585 5159 2604 5159 2584 5160 2566 5160 2604 5160 2583 5161 2584 5161 2604 5161 2583 5162 2604 5162 2605 5162 2582 5163 2583 5163 2605 5163 2581 5164 2582 5164 2605 5164 2581 5165 2605 5165 2606 5165 2580 5166 2581 5166 2606 5166 2579 5167 2606 5167 2607 5167 2579 5168 2580 5168 2606 5168 2578 5169 2579 5169 2607 5169 2577 5170 2578 5170 2607 5170 2577 5171 2607 5171 2597 5171 2558 5172 2577 5172 2597 5172 2557 5173 2558 5173 2597 5173 2576 5174 2557 5174 2597 5174 2608 5175 2602 5175 2601 5175 2608 5176 2601 5176 2600 5176 2608 5177 2603 5177 2602 5177 2609 5178 2608 5178 2600 5178 2610 5179 2603 5179 2608 5179 2610 5180 2604 5180 2603 5180 2609 5181 2600 5181 2599 5181 2609 5182 2599 5182 2598 5182 2598 5183 2611 5183 2609 5183 2605 5184 2604 5184 2610 5184 2597 5185 2611 5185 2598 5185 2606 5186 2605 5186 2610 5186 2607 5187 2606 5187 2610 5187 2607 5188 2611 5188 2597 5188 2607 5189 2610 5189 2611 5189 2613 5190 2615 5190 2614 5190 2613 5191 2617 5191 2615 5191 2611 5192 2617 5192 2613 5192 2615 5193 2617 5193 2616 5193 2610 5194 2617 5194 2611 5194 2617 5195 2619 5195 2618 5195 2610 5196 2619 5196 2617 5196 2620 5197 2619 5197 2621 5197 2621 5198 2619 5198 2622 5198 2619 5199 2625 5199 2622 5199 2610 5200 2625 5200 2619 5200 2623 5201 2625 5201 2624 5201 2624 5202 2625 5202 2626 5202 2625 5203 2628 5203 2626 5203 2626 5204 2628 5204 2627 5204 2610 5205 2628 5205 2625 5205 2628 5206 2632 5206 2629 5206 2610 5207 2632 5207 2628 5207 2629 5208 2632 5208 2630 5208 2630 5209 2632 5209 2631 5209 2632 5210 2634 5210 2631 5210 2631 5211 2634 5211 2633 5211 2610 5212 2634 5212 2632 5212 2608 5213 2634 5213 2610 5213 2633 5214 2634 5214 2670 5214 2634 5215 2638 5215 2635 5215 2608 5216 2638 5216 2634 5216 2635 5217 2638 5217 2636 5217 2638 5218 2639 5218 2637 5218 2608 5219 2639 5219 2638 5219 2637 5220 2639 5220 2640 5220 2639 5221 2642 5221 2641 5221 2608 5222 2642 5222 2639 5222 2609 5223 2642 5223 2608 5223 2643 5224 2642 5224 2644 5224 2644 5225 2642 5225 2645 5225 2609 5226 2645 5226 2642 5226 2645 5227 2649 5227 2646 5227 2646 5228 2649 5228 2647 5228 2611 5229 2649 5229 2609 5229 2609 5230 2649 5230 2645 5230 2647 5231 2649 5231 2648 5231 2648 5232 2649 5232 2612 5232 2612 5233 2649 5233 2613 5233 2611 5234 2613 5234 2649 5234 2650 5235 2612 5235 2613 5235 2650 5236 2685 5236 2612 5236 2650 5237 2613 5237 2614 5237 2651 5238 2650 5238 2614 5238 2652 5239 2614 5239 2615 5239 2652 5240 2651 5240 2614 5240 2653 5241 2652 5241 2615 5241 2653 5242 2615 5242 2616 5242 2654 5243 2653 5243 2616 5243 2654 5244 2616 5244 2617 5244 2654 5245 2617 5245 2618 5245 2655 5246 2654 5246 2618 5246 2655 5247 2618 5247 2619 5247 2656 5248 2655 5248 2619 5248 2656 5249 2619 5249 2620 5249 2657 5250 2656 5250 2620 5250 2658 5251 2620 5251 2621 5251 2658 5252 2657 5252 2620 5252 2659 5253 2621 5253 2622 5253 2659 5254 2658 5254 2621 5254 2659 5255 2622 5255 2625 5255 2660 5256 2659 5256 2625 5256 2660 5257 2625 5257 2623 5257 2661 5258 2660 5258 2623 5258 2662 5259 2661 5259 2623 5259 2662 5260 2623 5260 2624 5260 2663 5261 2662 5261 2624 5261 2663 5262 2624 5262 2626 5262 2664 5263 2663 5263 2626 5263 2664 5264 2626 5264 2627 5264 2665 5265 2664 5265 2627 5265 2665 5266 2627 5266 2628 5266 2666 5267 2665 5267 2628 5267 2666 5268 2628 5268 2629 5268 2667 5269 2666 5269 2629 5269 2667 5270 2629 5270 2630 5270 2667 5271 2630 5271 2631 5271 2668 5272 2667 5272 2631 5272 2668 5273 2631 5273 2633 5273 2669 5274 2668 5274 2633 5274 2669 5275 2633 5275 2670 5275 2671 5276 2670 5276 2634 5276 2671 5277 2634 5277 2635 5277 2672 5278 2635 5278 2636 5278 2672 5279 2671 5279 2635 5279 2672 5280 2636 5280 2638 5280 2673 5281 2672 5281 2638 5281 2673 5282 2638 5282 2637 5282 2674 5283 2673 5283 2637 5283 2674 5284 2637 5284 2640 5284 2675 5285 2674 5285 2640 5285 2675 5286 2640 5286 2639 5286 2676 5287 2675 5287 2639 5287 2676 5288 2639 5288 2641 5288 2677 5289 2676 5289 2641 5289 2677 5290 2641 5290 2642 5290 2678 5291 2677 5291 2642 5291 2678 5292 2642 5292 2643 5292 2679 5293 2678 5293 2643 5293 2679 5294 2643 5294 2644 5294 2680 5295 2679 5295 2644 5295 2681 5296 2644 5296 2645 5296 2681 5297 2680 5297 2644 5297 2681 5298 2645 5298 2646 5298 2682 5299 2681 5299 2646 5299 2683 5300 2682 5300 2646 5300 2683 5301 2646 5301 2647 5301 2684 5302 2683 5302 2647 5302 2684 5303 2647 5303 2648 5303 2685 5304 2684 5304 2648 5304 2685 5305 2648 5305 2612 5305 2689 5306 2687 5306 2686 5306 2689 5307 2741 5307 2687 5307 2691 5308 2686 5308 2687 5308 2691 5309 2687 5309 2688 5309 2690 5310 2741 5310 2689 5310 2693 5311 2741 5311 2690 5311 2692 5312 2691 5312 2688 5312 2693 5313 2698 5313 2741 5313 2692 5314 2688 5314 2697 5314 2694 5315 2698 5315 2693 5315 2695 5316 2698 5316 2694 5316 2696 5317 2692 5317 2697 5317 2699 5318 2696 5318 2697 5318 2701 5319 2698 5319 2695 5319 2701 5320 2743 5320 2698 5320 2699 5321 2697 5321 2700 5321 2702 5322 2743 5322 2701 5322 2703 5323 2699 5323 2700 5323 2702 5324 2706 5324 2743 5324 2708 5325 2706 5325 2702 5325 2704 5326 2703 5326 2700 5326 2704 5327 2700 5327 2705 5327 2707 5328 2704 5328 2705 5328 2709 5329 2706 5329 2708 5329 2709 5330 2711 5330 2706 5330 2710 5331 2707 5331 2705 5331 2710 5332 2705 5332 2740 5332 2712 5333 2711 5333 2709 5333 2713 5334 2710 5334 2740 5334 2715 5335 2713 5335 2740 5335 2718 5336 2711 5336 2712 5336 2714 5337 2718 5337 2712 5337 2739 5338 2715 5338 2740 5338 2719 5339 2718 5339 2714 5339 2739 5340 2716 5340 2715 5340 2717 5341 2716 5341 2739 5341 2723 5342 2718 5342 2719 5342 2723 5343 2719 5343 2721 5343 2738 5344 2717 5344 2739 5344 2738 5345 2720 5345 2717 5345 2723 5346 2721 5346 2722 5346 2738 5347 2724 5347 2720 5347 2748 5348 2724 5348 2738 5348 2727 5349 2723 5349 2722 5349 2727 5350 2722 5350 2725 5350 2748 5351 2726 5351 2724 5351 2748 5352 2729 5352 2726 5352 2727 5353 2725 5353 2728 5353 2727 5354 2728 5354 2730 5354 2732 5355 2727 5355 2730 5355 2737 5356 2731 5356 2729 5356 2737 5357 2729 5357 2748 5357 2737 5358 2733 5358 2731 5358 2732 5359 2730 5359 2735 5359 2737 5360 2734 5360 2733 5360 2732 5361 2735 5361 2736 5361 2737 5362 2736 5362 2734 5362 2737 5363 2732 5363 2736 5363 2517 5364 2726 5364 2522 5364 2726 5365 2729 5365 2522 5365 2522 5366 2729 5366 2523 5366 2523 5367 2731 5367 2524 5367 2729 5368 2731 5368 2523 5368 2731 5369 2733 5369 2524 5369 2524 5370 2733 5370 2527 5370 2733 5371 2734 5371 2527 5371 2527 5372 2734 5372 2528 5372 2734 5373 2736 5373 2528 5373 2528 5374 2736 5374 2532 5374 2736 5375 2735 5375 2532 5375 2532 5376 2735 5376 2533 5376 2735 5377 2730 5377 2533 5377 2533 5378 2730 5378 2538 5378 2538 5379 2728 5379 2543 5379 2730 5380 2728 5380 2538 5380 2728 5381 2725 5381 2543 5381 2543 5382 2725 5382 2544 5382 2725 5383 2722 5383 2544 5383 2544 5384 2722 5384 2548 5384 2722 5385 2721 5385 2548 5385 2548 5386 2721 5386 2549 5386 2721 5387 2719 5387 2549 5387 2549 5388 2719 5388 2552 5388 2719 5389 2714 5389 2552 5389 2552 5390 2714 5390 2556 5390 2714 5391 2712 5391 2556 5391 2556 5392 2712 5392 2554 5392 2712 5393 2709 5393 2554 5393 2554 5394 2709 5394 2551 5394 2551 5395 2709 5395 2550 5395 2709 5396 2708 5396 2550 5396 2550 5397 2708 5397 2547 5397 2708 5398 2702 5398 2547 5398 2547 5399 2702 5399 2546 5399 2702 5400 2701 5400 2546 5400 2546 5401 2701 5401 2542 5401 2701 5402 2695 5402 2542 5402 2542 5403 2695 5403 2541 5403 2695 5404 2694 5404 2541 5404 2541 5405 2694 5405 2539 5405 2539 5406 2694 5406 2537 5406 2694 5407 2693 5407 2537 5407 2537 5408 2693 5408 2536 5408 2693 5409 2690 5409 2536 5409 2536 5410 2690 5410 2535 5410 2690 5411 2689 5411 2535 5411 2535 5412 2689 5412 2531 5412 2531 5413 2686 5413 2529 5413 2689 5414 2686 5414 2531 5414 2529 5415 2691 5415 2526 5415 2686 5416 2691 5416 2529 5416 2526 5417 2691 5417 2525 5417 2691 5418 2692 5418 2525 5418 2525 5419 2692 5419 2520 5419 2692 5420 2696 5420 2520 5420 2520 5421 2696 5421 2518 5421 2696 5422 2699 5422 2518 5422 2518 5423 2699 5423 2516 5423 2699 5424 2703 5424 2516 5424 2516 5425 2703 5425 2514 5425 2703 5426 2704 5426 2514 5426 2514 5427 2704 5427 2511 5427 2704 5428 2707 5428 2511 5428 2511 5429 2707 5429 2508 5429 2707 5430 2710 5430 2508 5430 2508 5431 2713 5431 2505 5431 2710 5432 2713 5432 2508 5432 2505 5433 2715 5433 2504 5433 2713 5434 2715 5434 2505 5434 2715 5435 2716 5435 2504 5435 2504 5436 2716 5436 2506 5436 2716 5437 2717 5437 2506 5437 2506 5438 2717 5438 2510 5438 2510 5439 2717 5439 2513 5439 2717 5440 2720 5440 2513 5440 2720 5441 2724 5441 2513 5441 2513 5442 2724 5442 2515 5442 2515 5443 2724 5443 2517 5443 2724 5444 2726 5444 2517 5444 2738 5445 2684 5445 2685 5445 2738 5446 2685 5446 2748 5446 2738 5447 2683 5447 2684 5447 2739 5448 2683 5448 2738 5448 2739 5449 2682 5449 2683 5449 2740 5450 2681 5450 2682 5450 2740 5451 2682 5451 2739 5451 2705 5452 2680 5452 2681 5452 2705 5453 2681 5453 2740 5453 2705 5454 2679 5454 2680 5454 2700 5455 2678 5455 2679 5455 2700 5456 2679 5456 2705 5456 2700 5457 2677 5457 2678 5457 2697 5458 2676 5458 2677 5458 2697 5459 2677 5459 2700 5459 2697 5460 2675 5460 2676 5460 2688 5461 2674 5461 2675 5461 2688 5462 2675 5462 2697 5462 2688 5463 2673 5463 2674 5463 2687 5464 2673 5464 2688 5464 2687 5465 2672 5465 2673 5465 2741 5466 2671 5466 2672 5466 2741 5467 2672 5467 2687 5467 2742 5468 2670 5468 2671 5468 2742 5469 2741 5469 2698 5469 2742 5470 2671 5470 2741 5470 2742 5471 2669 5471 2670 5471 2743 5472 2669 5472 2742 5472 2743 5473 2742 5473 2698 5473 2743 5474 2668 5474 2669 5474 2706 5475 2668 5475 2743 5475 2706 5476 2667 5476 2668 5476 2706 5477 2666 5477 2667 5477 2711 5478 2666 5478 2706 5478 2711 5479 2665 5479 2666 5479 2711 5480 2664 5480 2665 5480 2718 5481 2664 5481 2711 5481 2718 5482 2663 5482 2664 5482 2718 5483 2662 5483 2663 5483 2718 5484 2661 5484 2662 5484 2744 5485 2661 5485 2718 5485 2744 5486 2718 5486 2723 5486 2744 5487 2660 5487 2661 5487 2744 5488 2659 5488 2660 5488 2744 5489 2723 5489 2727 5489 2744 5490 2658 5490 2659 5490 2745 5491 2658 5491 2744 5491 2745 5492 2727 5492 2732 5492 2745 5493 2744 5493 2727 5493 2745 5494 2657 5494 2658 5494 2745 5495 2656 5495 2657 5495 2745 5496 2655 5496 2656 5496 2746 5497 2655 5497 2745 5497 2746 5498 2745 5498 2732 5498 2746 5499 2654 5499 2655 5499 2746 5500 2732 5500 2737 5500 2746 5501 2653 5501 2654 5501 2747 5502 2746 5502 2737 5502 2747 5503 2652 5503 2653 5503 2747 5504 2653 5504 2746 5504 2747 5505 2651 5505 2652 5505 2747 5506 2737 5506 2748 5506 2747 5507 2650 5507 2651 5507 2748 5508 2685 5508 2650 5508 2748 5509 2650 5509 2747 5509 2751 5510 2754 5510 2750 5510 2751 5511 2750 5511 2749 5511 2752 5512 2750 5512 2780 5512 2752 5513 2749 5513 2750 5513 2753 5514 2754 5514 2751 5514 2753 5515 2757 5515 2754 5515 2755 5516 2752 5516 2780 5516 2756 5517 2755 5517 2780 5517 2757 5518 2753 5518 2758 5518 2756 5519 2758 5519 2755 5519 2756 5520 2757 5520 2758 5520 2762 5521 2759 5521 2764 5521 2762 5522 2760 5522 2759 5522 2759 5523 2761 5523 2764 5523 2762 5524 2765 5524 2760 5524 2761 5525 2763 5525 2764 5525 2764 5526 2763 5526 2767 5526 2766 5527 2765 5527 2762 5527 2763 5528 2769 5528 2767 5528 2766 5529 2768 5529 2765 5529 2768 5530 2766 5530 2770 5530 2769 5531 2773 5531 2767 5531 2771 5532 2773 5532 2769 5532 2772 5533 2773 5533 2771 5533 2770 5534 2766 5534 2774 5534 2774 5535 2766 5535 2775 5535 2766 5536 2773 5536 2775 5536 2776 5537 2773 5537 2772 5537 2775 5538 2773 5538 2776 5538 2781 5539 2779 5539 2780 5539 2755 5540 2792 5540 2793 5540 2755 5541 2758 5541 2792 5541 2792 5542 2758 5542 2753 5542 2792 5543 2753 5543 2794 5543 2753 5544 2795 5544 2794 5544 2753 5545 2751 5545 2795 5545 2751 5546 2796 5546 2795 5546 2751 5547 2749 5547 2796 5547 2752 5548 2797 5548 2796 5548 2752 5549 2796 5549 2749 5549 2752 5550 2793 5550 2797 5550 2752 5551 2755 5551 2793 5551 2792 5552 2795 5552 2796 5552 2792 5553 2796 5553 2797 5553 2792 5554 2797 5554 2793 5554 2792 5555 2794 5555 2795 5555 2772 5556 2810 5556 2798 5556 2776 5557 2772 5557 2798 5557 2776 5558 2798 5558 2799 5558 2775 5559 2776 5559 2799 5559 2775 5560 2799 5560 2800 5560 2774 5561 2775 5561 2800 5561 2774 5562 2800 5562 2801 5562 2770 5563 2774 5563 2801 5563 2770 5564 2801 5564 2802 5564 2768 5565 2770 5565 2802 5565 2768 5566 2802 5566 2803 5566 2765 5567 2768 5567 2803 5567 2765 5568 2803 5568 2804 5568 2760 5569 2765 5569 2804 5569 2760 5570 2804 5570 2805 5570 2759 5571 2760 5571 2805 5571 2759 5572 2805 5572 2806 5572 2761 5573 2759 5573 2806 5573 2761 5574 2806 5574 2807 5574 2763 5575 2761 5575 2807 5575 2763 5576 2807 5576 2808 5576 2769 5577 2763 5577 2808 5577 2769 5578 2808 5578 2809 5578 2771 5579 2769 5579 2809 5579 2772 5580 2771 5580 2809 5580 2772 5581 2809 5581 2810 5581 2777 5582 2778 5582 2773 5582 2791 5583 2777 5583 2773 5583 2790 5584 2791 5584 2773 5584 2789 5585 2790 5585 2773 5585 2789 5586 2773 5586 2766 5586 2788 5587 2789 5587 2766 5587 2787 5588 2788 5588 2766 5588 2786 5589 2787 5589 2766 5589 2786 5590 2766 5590 2762 5590 2785 5591 2786 5591 2762 5591 2784 5592 2785 5592 2762 5592 2784 5593 2762 5593 2764 5593 2783 5594 2784 5594 2764 5594 2782 5595 2783 5595 2764 5595 2782 5596 2764 5596 2767 5596 2781 5597 2782 5597 2767 5597 2779 5598 2781 5598 2767 5598 2779 5599 2767 5599 2773 5599 2778 5600 2779 5600 2773 5600 2778 5601 2777 5601 2756 5601 2778 5602 2756 5602 2780 5602 2779 5603 2778 5603 2780 5603 2781 5604 2780 5604 2750 5604 2782 5605 2781 5605 2750 5605 2783 5606 2782 5606 2750 5606 2784 5607 2783 5607 2750 5607 2785 5608 2784 5608 2750 5608 2785 5609 2750 5609 2754 5609 2786 5610 2785 5610 2754 5610 2787 5611 2786 5611 2754 5611 2787 5612 2754 5612 2757 5612 2788 5613 2787 5613 2757 5613 2789 5614 2788 5614 2757 5614 2789 5615 2757 5615 2756 5615 2790 5616 2789 5616 2756 5616 2791 5617 2790 5617 2756 5617 2777 5618 2791 5618 2756 5618 2811 5619 2798 5619 2810 5619 2811 5620 2799 5620 2798 5620 2811 5621 2800 5621 2799 5621 2811 5622 2801 5622 2800 5622 2811 5623 2802 5623 2801 5623 2811 5624 2803 5624 2802 5624 2811 5625 2804 5625 2803 5625 2811 5626 2805 5626 2804 5626 2811 5627 2806 5627 2805 5627 2811 5628 2807 5628 2806 5628 2811 5629 2808 5629 2807 5629 2811 5630 2809 5630 2808 5630 2811 5631 2810 5631 2809 5631</p>
                </triangles>
            </mesh>
        </geometry>
    </library_geometries>
    <library_visual_scenes>
        <visual_scene id="VisualSceneNode" name="VisualScene">
            <node id="node" name="node">
                <instance_geometry url="#shape0-lib"/>
            </node>
        </visual_scene>
    </library_visual_scenes>
    <scene>
        <instance_visual_scene url="#VisualSceneNode"/>
    </scene>
</COLLADA>
