<?xml version="1.0" encoding="UTF-8"?>
<COLLADA xmlns="http://www.collada.org/2005/11/COLLADASchema" version="1.4.1">
    <asset>
        <contributor>
            <author>VCGLab</author>
            <authoring_tool>VCGLib | MeshLab</authoring_tool>
        </contributor>
        <created>월 1 13 13:20:19 2025 GMT</created>
        <modified>월 1 13 13:20:19 2025 GMT</modified>
        <up_axis>Y_UP</up_axis>
    </asset>
    <library_geometries>
        <geometry id="shape0-lib" name="shape0">
            <mesh>
                <source id="shape0-lib-positions" name="position">
                    <float_array id="shape0-lib-positions-array" count="4218">0.00599254 -0.000299075 0.0205 0.006 -4.70831e-19 0.2905 0.00599254 -0.000299075 0.2905 0.006 -4.70831e-19 0.0205 0.00597019 -0.000597407 0.0205 0.00597019 -0.000597407 0.2905 0.00593298 -0.000894254 0.0205 0.00593298 -0.000894254 0.2905 0.00588103 -0.00118888 0.0205 0.00588103 -0.00118888 0.2905 0.00581446 -0.00148054 0.0205 0.00581446 -0.00148054 0.2905 0.00573344 -0.00176853 0.0205 0.00573344 -0.00176853 0.2905 0.00563816 -0.00205212 0.0205 0.00563816 -0.00205212 0.2905 0.00552886 -0.00233061 0.0205 0.00552886 -0.00233061 0.2905 0.00540581 -0.0026033 0.0205 0.00540581 -0.0026033 0.2905 0.00526933 -0.00286952 0.0205 0.00526933 -0.00286952 0.2905 0.00511975 -0.00312861 0.0205 0.00511975 -0.00312861 0.2905 0.00495743 -0.00337992 0.0205 0.00495743 -0.00337992 0.2905 0.00478279 -0.00362283 0.0205 0.00478279 -0.00362283 0.2905 0.00459627 -0.00385673 0.0205 0.00459627 -0.00385673 0.2905 0.00439831 -0.00408104 0.0205 0.00439831 -0.00408104 0.2905 0.00418942 -0.0042952 0.0205 0.00418942 -0.0042952 0.2905 0.00397011 -0.00449869 0.0205 0.00397011 -0.00449869 0.2905 0.00374094 -0.00469099 0.0205 0.00374094 -0.00469099 0.2905 0.00350246 -0.00487163 0.0205 0.00350246 -0.00487163 0.2905 0.00325528 -0.00504015 0.0205 0.00325528 -0.00504015 0.2905 0.003 -0.00519615 0.0205 0.003 -0.00519615 0.2905 0.00273726 -0.00533923 0.0205 0.00273726 -0.00533923 0.2905 0.00246772 -0.00546903 0.0205 0.00246772 -0.00546903 0.2905 0.00219205 -0.00558524 0.0205 0.00219205 -0.00558524 0.2905 0.00191092 -0.00568756 0.0205 0.00191092 -0.00568756 0.2905 0.00162504 -0.00577575 0.0205 0.00162504 -0.00577575 0.2905 0.00133513 -0.00584957 0.0205 0.00133513 -0.00584957 0.2905 0.00104189 -0.00590885 0.0205 0.00104189 -0.00590885 0.2905 0.000746062 -0.00595343 0.0205 0.000746062 -0.00595343 0.2905 0.000448381 -0.00598322 0.0205 0.000448381 -0.00598322 0.2905 0.000149584 -0.00599814 0.0205 0.000149584 -0.00599814 0.2905 -0.000149584 -0.00599814 0.0205 -0.000149584 -0.00599814 0.2905 -0.000448381 -0.00598322 0.0205 -0.000448381 -0.00598322 0.2905 -0.000746062 -0.00595343 0.0205 -0.000746062 -0.00595343 0.2905 -0.00104189 -0.00590885 0.0205 -0.00104189 -0.00590885 0.2905 -0.00133513 -0.00584957 0.0205 -0.00133513 -0.00584957 0.2905 -0.00162504 -0.00577575 0.0205 -0.00162504 -0.00577575 0.2905 -0.00191092 -0.00568756 0.0205 -0.00191092 -0.00568756 0.2905 -0.00219205 -0.00558524 0.0205 -0.00219205 -0.00558524 0.2905 -0.00246772 -0.00546903 0.0205 -0.00246772 -0.00546903 0.2905 -0.00273726 -0.00533923 0.0205 -0.00273726 -0.00533923 0.2905 -0.003 -0.00519615 0.0205 -0.003 -0.00519615 0.2905 -0.00325528 -0.00504015 0.0205 -0.00325528 -0.00504015 0.2905 -0.00350246 -0.00487163 0.0205 -0.00350246 -0.00487163 0.2905 -0.00374094 -0.00469099 0.0205 -0.00374094 -0.00469099 0.2905 -0.00397011 -0.00449869 0.2905 -0.00397011 -0.00449869 0.0205 -0.00418942 -0.0042952 0.0205 -0.00418942 -0.0042952 0.2905 -0.00439831 -0.00408104 0.0205 -0.00439831 -0.00408104 0.2905 -0.00459627 -0.00385673 0.0205 -0.00459627 -0.00385673 0.2905 -0.00478279 -0.00362283 0.0205 -0.00478279 -0.00362283 0.2905 -0.00495743 -0.00337992 0.0205 -0.00495743 -0.00337992 0.2905 -0.00511975 -0.00312861 0.0205 -0.00511975 -0.00312861 0.2905 -0.00526933 -0.00286952 0.0205 -0.00526933 -0.00286952 0.2905 -0.00540581 -0.0026033 0.0205 -0.00540581 -0.0026033 0.2905 -0.00552886 -0.00233061 0.0205 -0.00552886 -0.00233061 0.2905 -0.00563816 -0.00205212 0.0205 -0.00563816 -0.00205212 0.2905 -0.00573344 -0.00176853 0.0205 -0.00573344 -0.00176853 0.2905 -0.00581446 -0.00148054 0.0205 -0.00581446 -0.00148054 0.2905 -0.00588103 -0.00118888 0.0205 -0.00588103 -0.00118888 0.2905 -0.00593298 -0.000894254 0.2905 -0.00593298 -0.000894254 0.0205 -0.00597019 -0.000597407 0.0205 -0.00597019 -0.000597407 0.2905 -0.00599254 -0.000299075 0.0205 -0.00599254 -0.000299075 0.2905 -0.006 -2.37169e-17 0.0205 -0.006 1.74461e-17 0.2905 -0.00599254 0.000299075 0.0205 -0.00599254 0.000299075 0.2905 -0.00597019 0.000597407 0.0205 -0.00597019 0.000597407 0.2905 -0.00593298 0.000894254 0.0205 -0.00593298 0.000894254 0.2905 -0.00588103 0.00118888 0.0205 -0.00588103 0.00118888 0.2905 -0.00581446 0.00148054 0.0205 -0.00581446 0.00148054 0.2905 -0.00573344 0.00176853 0.2905 -0.00573344 0.00176853 0.0205 -0.00563816 0.00205212 0.0205 -0.00563816 0.00205212 0.2905 -0.00552886 0.00233061 0.0205 -0.00552886 0.00233061 0.2905 -0.00540581 0.0026033 0.0205 -0.00540581 0.0026033 0.2905 -0.00526933 0.00286952 0.2905 -0.00526933 0.00286952 0.0205 -0.00511975 0.00312861 0.0205 -0.00511975 0.00312861 0.2905 -0.00495743 0.00337992 0.0205 -0.00495743 0.00337992 0.2905 -0.00478279 0.00362283 0.0205 -0.00478279 0.00362283 0.2905 -0.00459627 0.00385673 0.0205 -0.00459627 0.00385673 0.2905 -0.00439831 0.00408104 0.0205 -0.00439831 0.00408104 0.2905 -0.00418942 0.0042952 0.0205 -0.00418942 0.0042952 0.2905 -0.00397011 0.00449869 0.0205 -0.00397011 0.00449869 0.2905 -0.00374094 0.00469099 0.0205 -0.00374094 0.00469099 0.2905 -0.00350246 0.00487163 0.0205 -0.00350246 0.00487163 0.2905 -0.00325528 0.00504015 0.0205 -0.00325528 0.00504015 0.2905 -0.003 0.00519615 0.0205 -0.003 0.00519615 0.2905 -0.00273726 0.00533923 0.0205 -0.00273726 0.00533923 0.2905 -0.00246772 0.00546903 0.0205 -0.00246772 0.00546903 0.2905 -0.00219205 0.00558524 0.0205 -0.00219205 0.00558524 0.2905 -0.00191092 0.00568756 0.2905 -0.00191092 0.00568756 0.0205 -0.00162504 0.00577575 0.0205 -0.00162504 0.00577575 0.2905 -0.00133513 0.00584957 0.0205 -0.00133513 0.00584957 0.2905 -0.00104189 0.00590885 0.0205 -0.00104189 0.00590885 0.2905 -0.000746062 0.00595343 0.0205 -0.000746062 0.00595343 0.2905 -0.000448381 0.00598322 0.0205 -0.000448381 0.00598322 0.2905 -0.000149584 0.00599814 0.0205 -0.000149584 0.00599814 0.2905 0.000149584 0.00599814 0.0205 0.000149584 0.00599814 0.2905 0.000448381 0.00598322 0.2905 0.000448381 0.00598322 0.0205 0.000746062 0.00595343 0.0205 0.000746062 0.00595343 0.2905 0.00104189 0.00590885 0.0205 0.00104189 0.00590885 0.2905 0.00133513 0.00584957 0.0205 0.00133513 0.00584957 0.2905 0.00162504 0.00577575 0.0205 0.00162504 0.00577575 0.2905 0.00191092 0.00568756 0.0205 0.00191092 0.00568756 0.2905 0.00219205 0.00558524 0.2905 0.00219205 0.00558524 0.0205 0.00246772 0.00546903 0.0205 0.00246772 0.00546903 0.2905 0.00273726 0.00533923 0.0205 0.00273726 0.00533923 0.2905 0.003 0.00519615 0.0205 0.003 0.00519615 0.2905 0.00325528 0.00504015 0.0205 0.00325528 0.00504015 0.2905 0.00350246 0.00487163 0.2905 0.00350246 0.00487163 0.0205 0.00374094 0.00469099 0.0205 0.00374094 0.00469099 0.2905 0.00397011 0.00449869 0.2905 0.00397011 0.00449869 0.0205 0.00418942 0.0042952 0.0205 0.00418942 0.0042952 0.2905 0.00439831 0.00408104 0.0205 0.00439831 0.00408104 0.2905 0.00459627 0.00385673 0.0205 0.00459627 0.00385673 0.2905 0.00478279 0.00362283 0.0205 0.00478279 0.00362283 0.2905 0.00495743 0.00337992 0.0205 0.00495743 0.00337992 0.2905 0.00511975 0.00312861 0.0205 0.00511975 0.00312861 0.2905 0.00526933 0.00286952 0.0205 0.00526933 0.00286952 0.2905 0.00540581 0.0026033 0.0205 0.00540581 0.0026033 0.2905 0.00552886 0.00233061 0.0205 0.00552886 0.00233061 0.2905 0.00563816 0.00205212 0.0205 0.00563816 0.00205212 0.2905 0.00573344 0.00176853 0.0205 0.00573344 0.00176853 0.2905 0.00581446 0.00148054 0.2905 0.00581446 0.00148054 0.0205 0.00588103 0.00118888 0.2905 0.00588103 0.00118888 0.0205 0.00593298 0.000894254 0.0205 0.00593298 0.000894254 0.2905 0.00597019 0.000597407 0.0205 0.00597019 0.000597407 0.2905 0.00599254 0.000299075 0.0205 0.00599254 0.000299075 0.2905 -0.00311701 -0.00461733 0.290875 -0.00273331 -0.00201725 0.291 -0.00205817 -0.00268246 0.291 -0.00302861 -0.00152898 0.291 -0.00129838 -0.0031344 0.291 -0.00530325 -0.00108345 0.290875 -0.00331224 -0.000734369 0.291 -0.000400501 -0.00336629 0.291 -0.00339366 8.46327e-05 0.291 0.000338005 -0.00337785 0.291 -0.00327004 0.000864875 0.291 -0.00503285 0.00221529 0.290875 0.00107867 -0.003211 0.291 -0.00292058 0.00173507 0.291 0.00199977 -0.00272802 0.291 -0.00252976 0.00226065 0.291 0.0027563 -0.00198165 0.291 -0.00176792 0.00289308 0.291 -0.00283082 0.00479837 0.290875 0.00309431 -0.0013962 0.291 -0.000897748 0.003269 0.291 0.00330961 -0.000755396 0.291 0.00339208 -6.35008e-05 0.291 0.00113263 0.00530453 0.290812 4.22505e-05 0.00338733 0.291 0.00329341 0.000816854 0.291 0.00309431 0.0013962 0.291 0.000897748 0.003269 0.291 0.00190281 0.00279091 0.291 0.00440306 0.00335511 0.290875 0.00264202 0.00212071 0.291 -0.00230612 -0.00248541 0.02 -0.00283046 -0.0018785 0.02 -0.00162354 -0.00298131 0.02 -0.00309431 -0.0013962 0.02 -0.000897748 -0.003269 0.02 -0.00331856 -0.000692474 0.02 -0.000211595 -0.0033905 0.02 -0.00339683 -4.2369e-05 0.02 0.00179949 -0.00519114 0.020125 0.00058836 -0.00333584 0.02 -0.00331856 0.000692474 0.02 0.00133724 -0.00311802 0.02 -0.00309431 0.0013962 0.02 0.00191469 -0.00280834 0.02 -0.00271751 0.00203199 0.02 0.00257095 -0.00219804 0.02 -0.00217937 0.00259727 0.02 0.00308371 -0.00141456 0.02 -0.00214914 0.00472791 0.0200625 -0.00131699 0.00312426 0.02 -0.000631579 0.00333787 0.02 0.00335005 -0.000483515 0.02 0.000105692 0.00338839 0.02 0.00336837 0.000422112 0.02 0.00519635 0.00185386 0.020125 0.000797173 0.00330224 0.02 0.0015158 0.00302558 0.02 0.00312715 0.00129521 0.02 0.00275973 0.00198411 0.02 0.00224123 0.00253986 0.02 -0.00335454 0.000388369 0.04225 -0.00140449 0.00118399 0.043085 0.00157133 0.000368981 0.0429245 -0.00309431 0.0013962 0.04225 -0.00266559 0.00209877 0.04225 -0.00187441 0.00280517 0.04225 -0.00104168 0.00323344 0.04225 -0.000242304 0.00337259 0.04225 0.000631579 0.00333787 0.04225 0.00147624 0.00304054 0.04225 0.00236527 0.00242477 0.04225 0.0029024 0.00173702 0.04225 0.00332014 0.000671342 0.04225 0.00339472 -0.000127002 0.04225 0.00326378 -0.000918284 0.04225 0.00292754 -0.00171457 0.04225 0.000429361 -0.00193048 0.0430324 0.00243277 -0.00235782 0.04225 0.00180735 -0.00287641 0.04225 0.00131863 -0.00312815 0.04225 0.00058836 -0.00333584 0.04225 -0.00175884 -0.00123701 0.0429642 -0.000169423 -0.00339472 0.04225 -0.000794905 -0.00329301 0.04225 -0.00153005 -0.00303102 0.04225 -0.00208476 -0.00268217 0.04225 -0.00261048 -0.0021628 0.04225 -0.00302861 -0.00152898 0.04225 -0.00327191 -0.000920572 0.04225 -0.00336521 -0.000464376 0.04225 0.0032486 0.000980001 0.26875 0.00309816 0.00139794 0.26875 0.00281286 0.00189213 0.26875 -0.000593771 0.00115974 0.267954 0.00219743 0.00256904 0.26875 0.00147475 0.00306234 0.26875 0.000753598 0.00330244 0.26875 -2.10858e-05 0.00339261 0.26875 -0.000837672 0.00328974 0.26875 -0.00177325 0.00288118 0.26875 -0.00252976 0.00226065 0.26875 -0.00292058 0.00173507 0.26875 -0.00325655 0.000905026 0.26875 -0.00339366 8.46327e-05 0.26875 -0.00331224 -0.000734369 0.26875 -0.00143529 -0.00134482 0.267992 -0.00309431 -0.0013962 0.26875 -0.00281725 -0.00189506 0.26875 -0.00230899 -0.0024885 0.26875 -0.00152528 -0.00302161 0.26875 -0.00067265 -0.00332741 0.26875 6.33363e-05 -0.00338944 0.26875 0.00170033 -0.000769648 0.268058 0.000938533 -0.00325753 0.26875 0.00162354 -0.00298131 0.26875 0.00219688 -0.00258533 0.26875 0.0027563 -0.00198165 0.26875 0.00309431 -0.0013962 0.26875 0.00330961 -0.000755396 0.26875 0.00338733 -1.57874e-07 0.26875 0.00543161 -0.000323651 0.290875 0.00370558 -0.00404562 0.290844 0.000693074 -0.0054693 0.290812 -0.00478825 -0.00297045 0.29075 0.0028639 0.00468174 0.0201562 -0.00169876 0.00536984 0.02025 -0.00531169 0.00143874 0.020125 -0.00496601 -0.00237004 0.020125 -0.0033257 -0.00438534 0.020125 -0.00113519 -0.00561679 0.02025 0.00483458 -0.0026778 0.020125 0.00568228 -0.000498106 0.02025 -0.00500803 -9.70261e-05 0.292987 0.00179029 -0.00483828 0.292917 -0.00226853 -0.0044562 0.292979 -0.000664134 0.00472637 0.294807 0.00483011 0.00218699 0.29311 3.29654e-05 -0.00487768 0.294813 -0.00383228 -0.00231668 0.294885 -0.00428396 0.00229301 0.294802 0.00335417 0.00307225 0.294909 0.00459357 -0.0014849 0.294818 0.00336035 -0.00352135 0.29477 0.00431256 -0.00120083 0.291 0.00501104 -0.00151721 0.292177 -0.00022733 0.00480057 0.291198 -0.00410713 -0.00143436 0.291094 0.000336697 -0.00478981 0.291198 0.00395709 0.00277099 0.291193 0.00224673 0.00446477 0.293048 -0.0029237 0.004052 0.292981 -0.00413167 0.0025661 0.291229 4.07234e-05 0.00334376 0.291 0.00193167 0.00272546 0.291 -0.00182879 0.00280185 0.291 0.00307543 0.00137202 0.291 -0.00311756 0.0012335 0.291 0.0031012 -0.00101129 0.291 -0.00299052 -0.00133214 0.291 0.00123696 -0.00304796 0.291 -0.000973925 -0.00319704 0.291 7.49403e-05 0.00332002 0.295 0.00214825 0.00257994 0.295 0.00325962 0.000777109 0.295 -0.00236834 0.00230537 0.295 0.00295793 -0.0014248 0.295 -0.00335059 0.000106811 0.295 -0.0027713 -0.00185592 0.295 0.00104213 -0.00314716 0.295 -0.00139041 -0.00303267 0.295 -0.000707536 0.000519069 0.274 -0.00329413 -9.89101e-05 0.274242 -0.00170093 -0.00283501 0.274246 0.000879264 -0.00309155 0.274122 -0.00356257 0.0045 0.302176 0.00296687 0.0045 0.3015 0.00596902 0.0045 0.311575 0.00771024 0.00450002 0.308 0.00119868 0.0045 0.308819 0.0107493 0.00450009 0.314528 0.00675599 0.0045 0.317949 -0.00836638 0.00450007 0.309033 0.00987713 0.00449993 0.321184 -0.0048778 0.0045 0.310582 0.00620848 0.00450014 0.325704 0.00311298 0.0045 0.322776 -0.00715458 0.0045 0.313782 -0.0108635 0.00450007 0.314277 -0.00670388 0.0045 0.318496 -0.0101446 0.0044998 0.320389 0.00180891 0.00449979 0.327242 -0.00170763 0.0045 0.323146 -0.00392988 0.00449998 0.326836 -0.00724646 0.00450044 0.324893 0.00348606 -0.0045 0.302077 -0.00296687 -0.0045 0.3015 0.000945727 -0.00495252 0.301048 -0.0106548 -0.00450006 0.313883 -0.00648039 -0.0045 0.30614 -0.00561061 -0.0045 0.311822 0.000313359 -0.0045 0.308546 -0.00999165 -0.00449985 0.320871 0.00564156 -0.0045 0.311612 -0.0056852 -0.0045 0.320239 0.00848102 -0.00449977 0.309218 -0.00585132 -0.00450019 0.325813 0.010789 -0.00450012 0.313938 0.00103095 -0.0045 0.323059 0.0110228 -0.00449998 0.317223 0.00667676 -0.0045 0.318883 0.000553383 -0.00449988 0.327437 0.00577042 -0.00450004 0.325938 0.00952806 -0.00449978 0.322005 -0.0104806 -0.0024124 0.311338 -0.0113215 -0.00295204 0.314189 -0.0111202 0.00035886 0.312249 -0.00987573 0.00315449 0.31057 -0.0112497 0.00269811 0.313499 -0.0114375 -0.00330978 0.317754 -0.0110144 -0.00269442 0.320172 -0.0118836 0.00062555 0.315809 -0.0117297 -0.000156611 0.318283 -0.0114743 0.00315598 0.317486 -0.00944412 -0.00274722 0.323238 -0.00733749 -0.00153481 0.325743 -0.0101042 0.00307952 0.321882 -0.0100311 0.000416715 0.322777 -0.00502915 -0.00192079 0.327139 -0.00752921 0.00222778 0.325445 -0.00209562 -0.00305344 0.327801 -0.00556927 0.00238591 0.326743 -0.00284859 0.00036551 0.328068 0.00194329 -0.00238267 0.327964 -0.00195277 0.00300395 0.327905 -0.000467563 0.000624146 0.328382 0.00539803 -0.000570333 0.32702 0.00225137 0.00235773 0.327915 0.00758242 -0.00320724 0.325101 0.00787122 2.62724e-05 0.325416 0.00977471 -0.00222981 0.322926 0.00599044 0.00330978 0.326316 0.00851577 0.00244011 0.324517 0.0110851 -0.00241524 0.320166 0.0100461 0.00253794 0.322353 0.0118671 -7.84971e-05 0.317063 0.011481 -0.00320724 0.316705 0.0112366 0.000833558 0.320336 0.011655 -0.000783309 0.314065 0.0103467 -0.00311043 0.311536 0.0113055 0.00310471 0.318846 0.0107676 -0.000231935 0.311436 0.0115213 0.00295052 0.315721 0.0104375 0.00306946 0.311684 -0.000179582 0.00486675 0.30083 -9.95678e-05 0.00399254 0.299 -0.00179408 0.00426843 0.300374 -0.00108033 0.00383974 0.299 -0.00193093 0.00349393 0.299 -0.00260694 0.00302928 0.299 -0.00305942 0.00256716 0.299 -0.00346951 0.00197448 0.299 -0.0037723 0.00132001 0.299 -0.00389971 0.000890084 0.299 -0.00430954 0.0031122 0.301426 -0.00671339 0.00147268 0.304182 -0.00395409 0.000595984 0.299 -0.00399379 0 0.299 -0.00632653 0.00299968 0.304428 -0.00384229 -0.00104263 0.299 -0.00649445 -0.00257353 0.304521 -0.00350743 -0.00191004 0.299 -0.00297378 -0.00265762 0.299 -0.00227678 -0.00327278 0.299 -0.00124766 -0.00379137 0.299 -0.00290963 -0.00414853 0.301081 -0.000298456 -0.00398262 0.299 6.78191e-05 -0.00471646 0.300428 -0.00660845 -2.65625e-05 0.303725 0.000422143 -0.00396962 0.299 0.00127197 -0.00378582 0.299 0.00184223 -0.00437028 0.300346 0.00186746 -0.00353345 0.299 0.00339609 -0.00370875 0.300921 0.00254696 -0.00307393 0.299 0.00316662 -0.00242974 0.299 0.00353343 -0.0018675 0.299 0.00635696 -0.00111842 0.303483 0.0037576 -0.00136766 0.299 0.00394303 -0.000619403 0.299 0.00398882 0.000199074 0.299 0.00386176 0.00100892 0.299 0.00582269 0.00251273 0.30325 0.00350743 0.00191004 0.299 0.00324775 0.00233497 0.299 0.00296335 0.00268165 0.299 0.00408677 0.00352992 0.301582 0.00260694 0.00302928 0.299 0.00203764 0.00342946 0.299 0.00246724 0.00419957 0.30059 0.00616108 -0.00326999 0.304393 0.00127355 0.00379053 0.299 0.000693514 0.00393311 0.299 0.00669838 0.000771455 0.303947 -9.95678e-05 0.00399254 0.274767 0.000693514 0.00393311 0.274767 0.00127355 0.00379053 0.274767 0.00197417 0.00346897 0.274767 0.00264263 0.00299447 0.274767 0.00306323 0.00257035 0.274767 0.00340786 0.0020825 0.274767 0.00377615 0.00129488 0.274767 0.00394421 0.000644856 0.274767 0.00399627 4.97994e-05 0.274767 0.00390973 -0.00079037 0.274767 0.00372349 -0.00146136 0.274767 0.00353343 -0.0018675 0.274767 0.00318358 -0.00241147 0.274767 0.00262239 -0.00300902 0.274767 0.00195501 -0.00348577 0.274767 0.00127197 -0.00378582 0.274767 0.000372297 -0.00397086 0.274767 -0.000348302 -0.00398138 0.274767 -0.00119936 -0.00380367 0.274767 -0.00210085 -0.0033901 0.274767 -0.00268161 -0.00296338 0.274767 -0.00325272 -0.00230785 0.274767 -0.00368018 -0.00155133 0.274767 -0.0039146 -0.000791353 0.274767 -0.0039913 -7.47301e-05 0.274767 -0.00395409 0.000595984 0.274767 -0.00383341 0.00113033 0.274767 -0.00359828 0.00173284 0.274767 -0.00318358 0.00241147 0.274767 -0.00268161 0.00296338 0.274767 -0.00216681 0.00335488 0.274767 -0.00138746 0.00373915 0.274767 -0.000694377 0.00393801 0.274767 0.00304437 -0.00128127 0.274256 0.00250873 0.00213377 0.27427 -0.000955105 0.00310801 0.274255 0.00676829 -0.00380274 0.314272 0.00114565 -0.00378661 0.322902 -0.00313028 -0.00341692 0.322514 -0.00571213 -0.00385129 0.320075 -0.00445817 -0.00358227 0.310712 0.000858748 -0.00392962 0.309078 0.00458886 -0.00411481 0.31063 0.00546847 0.000988241 0.321389 0.00731896 -0.000923554 0.318016 0.00629087 0.00337841 0.319081 0.00707945 0.00282666 0.314587 -0.000172847 0.00192869 0.323596 0.00689341 0.000252065 0.312665 0.00487126 0.00389446 0.310927 0.00507779 -0.00226598 0.310522 -0.00349276 0.00117765 0.32276 0.00507179 0.0011419 0.310221 -0.0034285 0.00391168 0.321879 0.00314671 0.000369853 0.308866 0.000887824 0.00284546 0.30875 -0.000430013 -0.000545294 0.308207 0.0062817 -0.00320347 0.319434 -0.00596714 0.000170642 0.32074 0.00132902 -0.00267746 0.308768 -0.00210511 0.00288084 0.308964 0.0045268 -0.00383879 0.321424 -0.00215657 -0.00184292 0.30873 0.00309127 -0.00135477 0.322977 -0.00499777 -0.000746186 0.310122 -0.00493934 0.00333412 0.310794 -0.00646733 0.00140668 0.311975 -0.00752224 0.00161576 0.315664 -0.000486997 -0.0015718 0.323621 -0.00687059 -0.00193734 0.312738 -0.0072219 -0.0014954 0.318214 -0.00712622 -0.00348264 0.315609 -0.00648498 0.00403777 0.313255 -0.00669443 0.0039893 0.317679 -5.60152e-05 0.00411481 0.323092 0.00247834 0.00338981 0.322755 -0.00427251 0.00574825 0.31903 -0.0013717 0.00532856 0.321557 -0.00562413 0.00545784 0.316105 0.00241458 0.00529572 0.321197 0.00501006 0.00576102 0.317538 -0.00257703 0.00574788 0.311467 0.00106646 0.00597117 0.317782 0.000576619 0.00596479 0.31148 0.0010784 -0.0052722 0.321571 0.00460854 -0.005403 0.319082 0.00356702 -0.006 0.312799 -0.00276624 -0.006 0.319798 -0.00529227 -0.00565634 0.314754 -0.00151944 -0.00528071 0.310526 0.000270747 0.00105961 0.308309 -0.00292723 0.000624153 0.308846 -0.00244336 0.00320538 0.309278 -0.00413819 0.00482113 0.311467 -0.00741512 0.00137992 0.317276 -0.00654099 0.00356082 0.313935 -0.00560265 0.00203142 0.310907 -0.00746925 7.15007e-06 0.31379 0.00625464 -0.00363099 0.313092 0.00744498 -0.00212791 0.316016 0.00548037 -0.00267118 0.311163 0.00590839 -0.00482059 0.317179 0.00403932 -0.00536477 0.311871 0.00585351 -0.00251485 0.320548 0.00194203 -0.00464888 0.309975 0.00648441 0.00372239 0.318127 0.00171424 -0.00246743 0.308847 0.00702275 -0.000193538 0.319471 0.00603859 0.00154863 0.320786 0.00452328 7.77055e-06 0.322397 0.00191049 -0.00175579 0.323362 -0.00203252 -0.00220022 0.308822 0.00475166 0.00414594 0.320588 0.00706052 0.00278694 0.315193 0.00284886 -0.00311635 0.322558 -0.00489647 -0.00405514 0.311622 0.0010333 0.00199305 0.323375 -0.00526606 -0.000896598 0.310341 -0.00170786 -0.0038898 0.322551 0.00681281 0.00126358 0.312526 -0.00202205 -0.00176726 0.323353 -0.00399461 -0.00489588 0.320649 0.00481261 0.00481691 0.312408 -0.00671631 -0.00306504 0.313462 -0.00214621 0.00153825 0.323367 -0.00422392 -0.00183639 0.322273 -0.00577725 -0.0043632 0.318885 -0.00707252 -0.0030014 0.316958 0.00398762 0.00106071 0.309415 0.0017468 0.00386279 0.309496 -0.00431874 0.00333398 0.321434 0.000276335 0.00512733 0.310024 -0.00616845 -2.54608e-05 0.320682 0.000853732 0.00573783 0.312092 0.00266999 -0.001425 0.31305 0.0034336 0.00572488 0.314004 0.00387636 0.00289963 0.316955 0.00341213 0 0.318022 0.00251847 0.00289797 0.319105 0.00150215 0 0.319691 0.000170864 -0.00144861 0.319986 -0.00326722 0.00215019 0.318243 -0.00396732 0.001425 0.315697 -0.0037016 -0.00289696 0.314488 -0.00348696 0.00580433 0.314245 -0.000457848 -0.0007125 0.312049 0.00396426 -0.00289722 0.316017 -0.000952327 3.58769e-06 0.319869 -0.00224752 0 0.319285 -0.00359053 -0.0057 0.317729 -0.00395585 -0.0021587 0.316451 -0.00309196 0 0.313487 -0.00189093 -0.00218839 0.312492 0.000897713 -0.00574823 0.312129 0.0017441 0 0.312407 0.00356095 -0.00574671 0.314195 0.00043113 -0.00593077 0.31808 0.00391315 8.91389e-05 0.014 0.00344395 -0.00196051 0.014 0.00334111 -0.00215843 0.02 0.00218493 -0.00329305 0.02 0.00225908 -0.00323799 0.014 -0.000162222 -0.00392358 0.02 0.00076165 -0.00390687 0.017191 -0.000150135 -0.00397736 0.0181841 -0.00083082 -0.00384909 0.017264 -3.36609e-06 -0.0038893 0.014 -0.00230032 -0.00318832 0.02 -0.00249859 -0.00305398 0.014 -0.00367825 -0.00136685 0.02 -0.00372228 -0.00138132 0.014 -0.00397829 0.000323008 0.02 -0.00394892 0.000382998 0.014 -0.0033654 0.00205709 0.02 -0.00365288 0.00159371 0.014 -0.00271133 0.00285772 0.014 -0.00221709 0.00329508 0.02 -0.00124898 0.0037958 0.0176297 -0.000471394 0.0039137 0.02 -0.00155326 0.00368476 0.014 0.000407074 0.00391944 0.0172268 0.00105324 0.00422215 0.0184419 -2.91659e-05 0.00396195 0.014 0.00221224 0.00321906 0.02 0.00245562 0.00299607 0.014 0.00353345 0.00186746 0.014 0.00359053 0.0017289 0.02 0.00392163 -0.000228452 0.02 0.0143046 -0.008 0.014959 0.0100004 -0.008 0.00488804 0.0100001 -0.00799997 -0.000644637 0.00996441 -0.008 0.0114212 0.00968741 -0.008 0.0122914 0.00912508 -0.008 0.0130991 0.00749376 -0.008 0.0139527 0.00826044 -0.008 0.013708 0.007 -0.008 0.014 -0.007 -0.008 0.014 -0.00574085 0.000811235 0.021 -0.00311164 0.00496456 0.021 0.000759 0.00590263 0.021 -0.007 -0.00728337 0.0209988 -0.00397445 -0.00419199 0.021 0.00391928 0.00438651 0.021 0.00579149 0.00107476 0.021 0.00875736 -0.007 0.021 0.000557154 -0.00586927 0.021 0.00370393 -0.0045424 0.021 0.00559601 -0.00200815 0.021 0.0100002 0.00800001 -0.000501698 0.007 0.008 0.014 -0.007 0.008 0.014 0.00999991 0.00800004 0.0141273 0.00996441 0.008 0.0114212 0.00742122 0.008 0.0139644 0.00960745 0.008 0.0124097 0.00889641 0.008 0.0133106 0.00814403 0.008 0.0137616 0.01 -0.00793923 -0.000844286 0.016 -0.00745556 -0.0028193 0.016 -0.00639413 -0.00478115 0.01 -0.0071178 -0.00353778 0.01 -0.00516914 -0.00604428 0.016 -0.0047339 -0.00637236 0.01 -0.00263255 -0.00752353 0.016 -0.00188817 -0.00771814 0.01 -1.20513e-06 -0.0079318 0.016 0.00157284 -0.00777429 0.01 0.00264002 -0.0075446 0.016 0.00355757 -0.00715782 0.01 0.00424077 -0.00674906 0.016 0.00504699 -0.00616942 0.01 0.00595238 -0.00531918 0.01 0.00708086 -0.0036859 0.016 0.00670942 -0.00427471 0.016 0.00768903 -0.00216336 0.01 0.00769769 -0.00211425 0.017 0.00591418 0.000610821 0.017 0.00508714 0.00307716 0.017 0.00358971 0.00477051 0.011 0.00251718 0.00538276 0.017 0.00140802 0.00575903 0.010875 -0.000376079 0.00600761 0.017 -0.00103461 0.00586572 0.01075 -0.00217815 0.00577975 0.017 -0.00326851 0.00499173 0.017 -0.00506436 0.00307411 0.011 -0.00580782 0.00142651 0.017 -0.00594977 -3.71522e-05 0.011 -0.00586818 -0.000960145 0.017 -0.00544503 -0.00241683 0.017 -0.00434533 -0.00410869 0.011 -0.00484818 -0.00346845 0.011 -0.00293741 -0.00516083 0.017 -0.00178949 -0.0055946 0.011 -0.000654919 -0.00595592 0.011 0.00102528 -0.00588163 0.017 0.000799444 -0.00592656 0.017 0.0023241 -0.00551341 0.011 0.00327561 -0.00494787 0.017 0.00416416 -0.00424253 0.011 0.00514151 -0.00301386 0.017 0.0055676 -0.00212491 0.017 0.007 0.00637868 0.017 -0.007 0.0127574 0.01025 0.00497331 -0.00441126 0.01025 0.00653068 -0.00141241 0.01 0.00622429 0.0029151 0.01025 -0.00264171 -0.00612309 0.01 0.00112458 0.00664557 0.01 -0.00529675 0.00422967 -0.007 0.007578 0.020729 -0.007 0.00533329 0.0186436 -0.007 0.00615753 0.0178538 -0.007 0.00517151 0.0162797 -0.00699998 0.00456811 0.0187915 -0.00699994 -0.00442444 0.018695 -0.007 0.00385415 0.0171989 -0.007 -0.00378715 0.017339 -0.007 -0.00789151 0.0203645 -0.007 -0.00578293 0.0183773 -0.0069999 0.00461745 0.0162304 -0.007 -0.00535597 0.0163493 0.0015 -0.00581253 0.0183608 0.00168953 -0.00472964 0.0174839 -0.00699998 -0.0045282 0.0162753 -0.00699953 -0.00618227 0.0168456 0.00165345 0.00450394 0.0174456 0.0015 0.00597146 0.0181505 -0.00699964 0.0060947 0.0167567 0.0121893 0 0.0188107 0.00891785 0.002625 0.0209891 0.0100748 0 0.0206677 0.0107442 0.0035 0.0202469 0.0169703 -0.000875 0.0131236 0.0164814 -0.00175 0.014394 0.0105 0.00390037 0.00514921 0.010875 0.00501739 0.00330925 0.010875 0.00605988 6.92134e-05 0.01025 0.00128164 -0.00647323 0.01025 -0.00569031 -0.0033439 0.01025 -0.00667163 0.000290388 0.01075 -0.00478323 0.00378157 0.00582083 0.00122486 0.02 0.00338903 0.00459592 0.02 0.00531321 -0.00245267 0.02 -0.000319622 0.00588095 0.02 -0.00425624 0.0039001 0.02 0.00253702 -0.00524732 0.02 -0.00578031 -0.000753319 0.02 -0.00303738 -0.00483022 0.02 -0.007 -0.00799996 0.0203046 0.0131507 -0.00781371 0.0171507 0.0134593 -0.0072987 0.0174593 0.0099617 -0.00749717 0.0204476 0.0164728 -0.00767248 0.0134144 0.0169748 -0.00713762 0.00318934 0.0162192 -0.00796422 0.00558134 0.0165537 0.00751264 -0.00155487 0.0167087 0.00647896 -0.00359577 0.016631 0.00454662 -0.00601119 0.0168014 0.000168116 -0.00718156 0.016533 -0.00340319 -0.00677167 0.0166823 -0.00642141 -0.0036365 0.0166154 -0.00766977 0.00233828 0.016534 0.00789147 0.014466 0.0169351 0.00732827 0.00478401 0.012827 0.00765823 0.0176145 0.00980611 0.00753012 0.0205104 -0.007 0.008 0.0201136 -0.007 0.00749344 0.0209907 -0.00999962 -0.00799986 -0.00096324 -0.01 -0.00783184 -0.00148191 -0.016 -0.00716486 -0.00350574 -0.01 -0.00699942 -0.0038121 -0.016 -0.00614231 -0.00508894 -0.01 -0.00569106 -0.00558534 -0.01 -0.00368327 -0.00707523 -0.016 -0.0046157 -0.00650543 -0.016 -0.00272851 -0.00749653 -0.01 -0.000864976 -0.00790352 -0.016 -0.00039691 -0.00795284 -0.01 0.0016786 -0.00779968 -0.016 0.00143522 -0.00785394 -0.01 0.00425597 -0.00668027 -0.016 0.00403628 -0.00684064 -0.016 0.00604168 -0.00519923 -0.01 0.00642464 -0.00471108 -0.016 0.00727159 -0.00322698 -0.01 0.00757164 -0.00254393 -0.01 0.00793923 -0.000844286 -0.016 0.00793923 -0.000844286 -0.016 0.008 -4.23594e-19 -0.017 0.00481953 0.00353346 -0.010875 0.00583425 0.00157147 -0.011 0.00457932 0.00384214 -0.017 0.00379591 0.00464 -0.011 0.00343849 0.00491073 -0.017 0.00293245 0.00522869 -0.011 0.00266818 0.00536836 -0.017 0.00176617 0.00569131 -0.011 0.00116318 0.00585013 -0.017 -0.00104868 0.00583878 -0.011 -0.000777035 0.00590926 -0.017 -0.00316089 0.00506509 -0.011 -0.00270009 0.00534886 -0.017 -0.00446976 0.0039691 -0.017 -0.00520346 0.00296125 -0.017 -0.00581118 0.00140284 -0.017 -0.00587175 -0.000941687 -0.011 -0.00595489 -0.000241096 -0.011 -0.00541379 -0.00250418 -0.017 -0.00492175 -0.00337855 -0.011 -0.00413513 -0.00432018 -0.017 -0.00366876 -0.00471995 -0.017 -0.00242883 -0.00547329 -0.011 -0.00302616 -0.00516706 -0.017 -0.00070561 -0.00593129 -0.011 -0.00129122 -0.00582523 -0.017 0.001002 -0.0058979 -0.011 0.000890089 -0.00590535 -0.017 0.00239921 -0.00547723 -0.011 0.00245827 -0.00544877 -0.011 0.00433178 -0.0040946 -0.017 0.00435309 -0.00409007 -0.017 0.00556224 -0.00212331 -0.011 0.00540608 -0.00256194 -0.011 0.00591092 -0.000890646 -0.017 0.00597393 -0.000223563 -0.0161208 -0.00396022 0.0148752 -0.0155067 0.00300317 0.0154933 -0.0161738 0.00416371 0.0148185 -0.0131586 0.00244265 0.0178414 -0.0137597 -0.00227364 0.0172403 -0.011 0 0.02 -0.010405 0.0004375 0.0204737 -0.0169988 -0.00418977 -0.0037249 -0.017 0.00581201 0.00121733 -0.017 0.007 0.0127574 -0.017 -0.007 0.0127574 -0.007 0.00493244 0.0160314 -0.007 0.008 0.02 -0.007 0.00650281 0.0173279 -0.00756601 0.00768364 0.0206 -0.007 0.007 0.021 -0.007 0.00586033 0.0188045 -0.007 0.00437989 0.0188762 -0.007 -0.00410971 0.0162225 -0.007 -0.00362469 0.0179001 -0.007 0.00362444 0.0171387 -0.007 -0.00531769 0.0159852 -0.007 -0.00624206 0.0165371 -0.007 -0.00628674 0.0181847 -0.007 -0.008 0.02 -0.007 -0.00486009 0.0190116 -0.00713729 -0.00753589 0.0206922 -0.00999993 -0.00800007 0.0112546 -0.00856819 -0.008 0.013545 -0.00757157 -0.008 0.0139219 -0.00965159 -0.008 0.012361 -0.0091808 -0.008 0.013051 -0.00882165 -0.00175 0.0209966 -0.0134438 0.008 0.0155691 -0.01 0.008 0.0055 -0.00997792 0.008 0.0113117 -0.00964769 0.008 0.0123743 -0.00913959 0.008 0.0130877 -0.00765195 0.008 0.0139043 -0.00858614 0.008 0.013539 -0.0169526 0 0.0132136 -0.0166746 -0.000875 0.0140933 -0.0163414 -0.00589294 0.0146319 -0.0163046 0.0062388 0.0146731 -0.0161555 -0.00579524 0.0148341 -0.00945868 0 0.0209135 -0.0122321 -0.00785355 0.0179904 -0.00995774 -0.00739425 0.0202221 -0.0162324 -0.00744952 0.0142918 -0.016403 -0.0078754 0.00518268 -0.0169362 -0.00730922 0.00637868 -0.0164384 0.00787112 0.00637868 -0.0165511 0.00731932 -0.00200477 -0.0167596 0.00459472 -0.00574724 -0.0165228 0.00224771 -0.00728471 -0.0164836 -0.0036782 -0.00650038 -0.0167315 -0.0070168 -0.00235899 -0.0169585 0.00722438 0.00470867 -0.0151204 0.0077309 0.0150062 -0.0150219 0.00716661 0.0158306 -0.0102662 0.00756967 0.0199384 -0.011 0.00363587 0.0172786 -0.011 0.00449396 0.0189955 -0.011 0.00515433 0.0190808 -0.011 0.00581861 0.0188477 -0.011 0.0065016 0.0174013 -0.011 0.00492272 0.0160169 -0.011 0.00255616 0.0161879 -0.011 0.00331494 0.0152144 -0.011 0.00481457 0.0147389 -0.011 0.00247406 0.0185956 -0.011 0.00726574 0.015917 -0.011 0.00767154 0.0179005 -0.011 -0.00706955 0.0176727 -0.011 -0.00487252 0.0188931 -0.011 -0.00309447 0.0182308 -0.011 -0.00454189 0.0160485 -0.011 -0.00583134 0.0161626 -0.0120157 -0.0071638 0.0157838 -0.011 -0.00502642 0.0146899 -0.011 -0.00362392 0.0150433 -0.011 -0.00253802 0.0161915 -0.01025 -0.00169734 -0.00634474 -0.01025 -0.00657055 -0.000882227 -0.01 -0.00410635 0.0054083 -0.01 -0.000474835 0.00687443 -0.01 0.00313386 0.00616777 -0.01 0.00643347 0.00193945 -0.0105 0.00517492 0.00391985 -0.0105 0.00377079 0.00524484 -0.0105 0.000713461 0.00631576 -0.0105 -0.00237176 0.00604316 -0.010875 -0.00435172 0.00420626 -0.010875 -0.0058159 0.00182313 -0.0103125 -0.0050201 -0.00433394 -0.01025 0.00296466 -0.00595351 -0.010375 0.005768 -0.00294507 0.008 -0.00178079 0.00737687 0.008 -0.00166352 0.00467714 0.008 -0.00307423 0.00393782 0.008 -0.000118936 0.00498075 0.008 -0.00393187 0.00306203 0.008 -0.00461593 0.00181752 0.008 0.00120194 0.00482503 0.008 0.00423863 0.00602834 0.008 -0.00645476 0.0040157 0.008 0.002954 0.00399344 0.008 -0.00496792 -0.00014943 0.008 -0.00475181 -0.00154196 0.008 -0.00754942 -0.00132253 0.008 0.00427323 0.00253242 0.008 -0.00422099 -0.00262786 0.008 0.00482852 0.00122459 0.008 -0.00329535 -0.00375007 0.008 0.00494378 -0.00048412 0.008 0.00735056 -0.00116832 0.008 -0.0017172 -0.00466048 0.008 0.00456117 -0.00201231 0.008 -0.00199627 -0.00695249 0.008 -0.000144813 -0.00498712 0.008 0.000997157 -0.00488055 0.008 0.00355763 -0.00347737 0.008 0.00350419 -0.00679573 0.008 0.00236616 -0.00438805 0.0091 -0.00707571 0.00345394 0.009 -0.00788556 -0.00058365 0.009 -0.0056222 -0.00552267 0.009 0.000650481 -0.00795677 0.009 0.00617868 -0.00492149 0.0092 0.00785171 -0.00115504 0.009 0.00786361 0.00130287 0.009 -0.00736633 -0.00306954 0.009 -0.00193537 -0.00769576 0.009 0.00330751 -0.00722704 0.009 0.00743059 0.00285449 0.0088 0.00598596 0.00517196 0.0094 0.00370274 0.00704178 0.009 0.000996183 0.00788152 0.009 -0.00182678 0.00775939 0.009 -0.00441048 0.00659268 0.01 -0.00351414 0.0064851 0.0100433 0.00511681 0.00404435 0.01 0.00736048 -0.00112311 0.01 0.00438246 -0.00631643 0.01 -0.00202031 -0.00701297 0.01 -0.00714745 -0.00257294 0.01 -0.0045528 0.00362377 0.01 0.000328123 -0.00496356 0.0102518 -0.00575256 -0.00172233 0.0104537 -0.00269814 -0.00531104 0.0104144 -0.000243034 -0.00597145 0.0137074 0.00231898 -0.00549265 0.01371 0.00398927 -0.00447373 0.01375 0.00503888 -0.00320606 0.0103337 0.005903 -0.000831587 0.0103322 0.00406739 0.00444983 0.012125 0.00294698 0.0051853 0.0103502 0.000929256 0.00593109 0.0104017 -0.00357196 0.00477931 0.0120377 -0.00522008 0.00295293 0.013707 -0.00586939 0.00118575 0.017375 -0.00586308 -0.000209621 0.01375 -0.00580029 -0.00139365 0.0137365 -0.00484503 -0.00347169 0.017 -0.00429318 -0.00415291 0.017 -0.00231474 -0.00547551 0.015375 -5.68623e-06 -0.00598373 0.01375 0.00567371 -0.00191275 0.0145625 0.00580669 0.00107572 0.015375 0.00479982 0.00353437 0.015375 0.00111265 0.00580275 0.01375 -0.00166006 0.00571797 0.017 -0.0041111 0.00430163 0.018 0.00443878 0.00225248 0.017875 0.00447061 0.00350685 0.01775 0.00560858 -0.000227434 0.018 0.00489114 0.000999559 0.018 0.00494958 -0.000297553 0.018 0.00362895 0.0034239 0.018 0.00456117 -0.00201231 0.018 0.00225295 0.00441844 0.018 4.84238e-06 0.00495625 0.01775 0.00409816 -0.00394357 0.018 0.00355763 -0.00347737 0.01775 -0.00106103 0.00546409 0.018 0.00236616 -0.00438805 0.018 -0.00185497 0.00461319 0.018 0.0013316 -0.00480824 0.018 -0.00297505 0.00401327 0.018 0.000321793 -0.00498535 0.018 -0.00407736 0.0028228 0.018 -0.00088337 -0.00489306 0.018 -0.00240232 -0.00436835 0.018 -0.00489841 0.000805314 0.018 -0.00357853 -0.00342006 0.018 -0.00490381 -0.000875629 0.018 -0.0045961 -0.0019489 0.01775 -0.00448692 0.00346845 0.01775 0.00275437 0.00501477 0.01775 0.00133697 -0.00558173 0.0176875 -0.00199758 -0.00531687 0.01775 -0.00502707 -0.00263575 -0.008 0.00203745 0.004527 -0.008 0.00323576 0.00698643 -0.008 0.00337577 0.00366849 -0.008 0.000290157 0.00497689 -0.008 -0.00186275 0.0073625 -0.008 0.00413073 0.00280348 -0.008 -0.000672416 0.00495027 -0.008 0.00466343 0.00175224 -0.008 0.00496158 0.000160226 -0.008 -0.00195934 0.00455606 -0.008 0.00678203 0.00339488 -0.008 -0.00315501 0.0038734 -0.008 0.00722301 -0.0024823 -0.008 -0.00656844 0.00387802 -0.008 0.00482276 -0.00130318 -0.008 0.00423316 -0.00259917 -0.008 -0.0041173 0.00276423 -0.008 -0.00487247 0.00109093 -0.008 0.00218105 -0.00701034 -0.008 0.00283216 -0.00409018 -0.008 -0.00497753 0.000352533 -0.008 -0.00699961 -0.00279834 -0.008 -0.00489687 -0.000915763 -0.008 -0.00440138 -0.00234952 -0.008 0.00127915 -0.00481474 -0.008 0.000176187 -0.00499262 -0.008 -0.000846238 -0.00491694 -0.008 -0.00354888 -0.00349026 -0.008 -0.0038128 -0.00666612 -0.008 -0.00204143 -0.00453709 -0.0088 0.00473951 -0.00631373 -0.0086 -0.00705433 0.00370537 -0.009 -0.00551488 0.00571383 -0.009 -0.0036452 0.00709201 -0.009 -0.000760313 0.00788321 -0.009 0.00745311 0.00277392 -0.009 0.00788758 -0.000533285 -0.0095 0.00685384 -0.00367208 -0.009 0.000773796 -0.00790889 -0.009 -0.00194505 -0.00772195 -0.009 -0.00466596 -0.00640739 -0.009 -0.00681007 -0.00412658 -0.0095 -0.00767483 -0.0014134 -0.009 -0.0078435 0.0014508 -0.009 0.00250851 0.00756923 -0.009 0.00560797 0.00558389 -0.00995 0.00494591 0.00587532 -0.01 -0.0056619 0.00466697 -0.0100008 -0.00486196 -0.00362717 -0.01 0.000626816 0.00673122 -0.0100297 0.00673786 0.000566725 -0.0137365 0.00595318 0.000370911 -0.0104738 0.00576852 -0.00159645 -0.0103237 0.00463459 -0.00382499 -0.0129049 0.00280073 -0.00524347 -0.0100165 0.00161932 -0.00671291 -0.01375 -0.00440926 -0.00404861 -0.0104311 -0.00533024 -0.00277461 -0.0104207 -0.00593864 -0.000722023 -0.010423 -0.00582219 0.00141084 -0.0105 -0.0046386 0.00376317 -0.0104268 -0.0032053 0.00503501 -0.01375 -0.00189601 0.00565677 -0.0120429 -2.46952e-05 0.00599034 -0.0137163 0.00202779 0.00563197 -0.0129375 0.00392582 0.00448514 -0.0101905 0.00472466 0.00362855 -0.01725 0.00585782 -0.000857978 -0.015375 0.00528766 -0.00273639 -0.017 0.00414453 -0.00432064 -0.0137365 0.000411751 -0.00595038 -0.0137075 -0.00151911 -0.00578398 -0.0137089 -0.00334722 -0.00495772 -0.017 -0.00510249 -0.00310323 -0.017 -0.00585437 -0.00111342 -0.017 -0.00587347 0.00108647 -0.015375 -0.00515877 0.00297081 -0.017 -0.00395442 0.00450009 -0.0174062 0.00128245 0.00570165 -0.01375 0.00503372 0.00323603 -0.01375 0.00563488 0.00201738 -0.018 -0.00488189 0.00102932 -0.01775 -0.00505533 0.0024056 -0.018 -0.00399611 0.00292473 -0.018 -0.00493385 -0.000482391 -0.018 -0.00249953 0.00428749 -0.018 -0.00440138 -0.00234952 -0.018 -0.0010096 0.00488997 -0.018 -0.00354888 -0.00349026 -0.018 0.000135036 0.00499041 -0.017625 -0.00371703 -0.00443941 -0.018 0.00134107 0.00478621 -0.018 -0.00204143 -0.00453709 -0.018 0.00289581 0.00406284 -0.018 -0.000846238 -0.00491694 -0.018 0.000547259 -0.00495161 -0.018 0.00377127 0.0032724 -0.018 0.00426533 0.00259409 -0.0176875 -0.000634683 -0.00564888 -0.01775 0.00373136 0.00433594 -0.018 0.00163996 -0.00471888 -0.018 0.00471915 0.00160727 -0.018 0.00495834 9.80224e-05 -0.018 0.00302638 -0.00393496 -0.018 0.00422099 -0.00262786 -0.018 0.00481204 -0.00133245 -0.017625 0.00529811 0.00215644 -0.01775 -0.00218847 0.0052314 -0.01775 -0.00511365 -0.00242574 -0.01775 0.00256445 -0.00510409 -0.017875 0.00499658 -0.00249419 -0.014 -0.00427811 0.0162501 -0.014 -0.00355662 0.0175002 -0.014 -0.00572148 0.0162499 -0.014 -0.00427852 0.0187501 -0.014 -0.00644338 0.0174998 -0.014 -0.00572189 0.0187499 -0.014 -0.00506473 0.0178452 -0.011 -0.00504809 0.0169369 -0.011 -0.00386406 0.0170945 -0.011 -0.00432422 0.0164847 -0.011 -0.00530914 0.0163273 -0.011 -0.00414866 0.0183228 -0.011 -0.00613758 0.0174788 -0.011 -0.00539316 0.0186157 -0.0125 -0.0069164 0.0156461 -0.012325 -0.00395849 0.0151906 -0.01215 -0.00286183 0.0189629 -0.013225 -0.0023365 0.0173224 -0.0114 -0.00417006 0.0199939 -0.0125 -0.0060593 0.0199668 -0.0127625 -0.00746648 0.018348 -0.012 -0.00572189 0.0187499 -0.012 -0.00391757 0.0181252 -0.012 -0.00427811 0.0162501 -0.012 -0.00608243 0.0168748 -0.0031 -0.00612127 0.0172073 -0.0031 -0.00592129 0.0182871 -0.0031 -0.00466609 0.0185982 -0.0031 -0.00381153 0.0175617 -0.0031 -0.00419311 0.0165919 -0.0031 -0.00516144 0.0162972 -0.00302617 -0.0049647 0.0173135 -0.014 0.00608263 0.0168752 -0.014 0.00427852 0.0162499 -0.014 0.00572148 0.0187501 -0.014 0.00427811 0.0187499 -0.014 0.00365652 0.017796 -0.011 0.00578403 0.016604 -0.011 0.00468671 0.0180891 -0.011 0.0044934 0.0164738 -0.011 0.00621958 0.0175738 -0.011 0.00550683 0.0185058 -0.011 0.00380049 0.017675 -0.011 0.00428397 0.0184903 -0.0125 0.00239365 0.0172192 -0.0125 0.0039478 0.0150498 -0.012325 0.0068125 0.0157141 -0.0125 0.00754583 0.0182272 -0.01285 0.00544006 0.02003 -0.01285 0.00300439 0.0192724 -0.012 0.00427811 0.0187499 -0.012 0.00355662 0.0174998 -0.012 0.00572148 0.0187501 -0.012 0.00644338 0.0175002 -0.012 0.00572189 0.0162501 -0.012 0.00427852 0.0162499 -0.0031 0.00396651 0.0180347 -0.0031 0.00533485 0.0185598 -0.0031 0.00622205 0.0174883 -0.0031 0.00575163 0.0165814 -0.0031 0.0045003 0.0164192 -0.0031 0.00386884 0.0169843 -0.0030269 0.00503601 0.0172369 0.000209211 -0.00229991 0.0125 0.00168367 -0.00617827 0.01255 -0.0035837 -0.00396687 0.0125 0.00209638 -0.000968771 0.0125 0.00520122 -0.00275747 0.0125 -0.00188717 -0.00133113 0.0125 0.00188717 0.00133113 0.0125 -0.00209638 0.000968771 0.0125 -0.00428006 0.00424223 0.0125 -0.000209211 0.00229991 0.0125 0.00281779 0.00504987 0.0125 0.00390852 -0.00491674 0.014 0.00147359 -0.0030331 0.014 0.000677648 -0.0032937 0.014 0.00205939 -0.00266467 0.014 -0.000540941 -0.00331414 0.014 -0.00368387 -0.00412023 0.014 0.00262513 -0.00210539 0.014 0.00297535 -0.00158321 0.014 -0.00171448 -0.00288764 0.014 -0.00237455 -0.00239098 0.014 0.00330721 -0.000592563 0.014 0.00606711 -0.00094279 0.014 0.0033618 0.000263614 0.014 -0.00296273 -0.00157894 0.014 0.00323286 0.000943521 0.014 -0.00331559 -0.000575167 0.014 0.00275766 0.00190715 0.014 -0.00337134 7.2423e-05 0.014 -0.00314403 0.00115488 0.014 0.00191897 0.00276106 0.014 -0.00464902 0.0038107 0.014 0.00112108 0.00317565 0.014 0.000449143 0.00333969 0.014 -0.00267882 0.00204096 0.014 0.00257925 0.00533349 0.014 -0.000221509 0.00336247 0.014 -0.00220685 0.00254658 0.014 -0.00165849 0.00293337 0.014 -0.00102382 0.00320833 0.014 -0.00628183 0.000605839 0.0133312 -0.00481897 -0.00416565 0.01325 -0.00107688 -0.00629293 0.0133312 0.00185318 -0.00620496 0.013575 0.00397327 -0.00501417 0.0131281 0.00602931 -0.0020787 0.0133312 0.00637907 0.00116813 0.012925 0.0047969 0.00410206 0.01325 0.00117421 0.00632293 0.01325 -0.00151966 0.00628828 0.0134125 -0.00436828 0.00465528 0.0133312 -0.000209211 0.00229991 0.0175 -0.00209638 0.000968771 0.0175 0.00188717 0.00133113 0.0175 0.00209638 -0.000968771 0.0175 0.000209211 -0.00229991 0.0175 -0.00188717 -0.00133113 0.0175 -0.00318444 0.00104689 0.0339 -0.00276699 0.00192328 0.0339 -0.00225093 0.00250145 0.0339 -0.00165849 0.00293337 0.0339 -0.00102382 0.00320833 0.0339 -7.45236e-05 0.0033669 0.0339 0.000635251 0.00330727 0.0339 0.00150618 0.00300921 0.0339 0.00220559 0.00254845 0.0339 0.00270102 0.00200787 0.0339 0.0031028 0.00132054 0.0339 0.00325588 0.000862773 0.0339 0.00336733 0.000179681 0.0339 0.00330721 -0.000592563 0.0339 0.00295309 -0.00161891 0.0339 0.00248881 -0.0022649 0.0339 0.0020276 -0.00269223 0.0339 0.00139748 -0.00306891 0.0339 0.000740185 -0.00328538 0.0339 -0.000280713 -0.00334124 0.0339 -0.00152962 -0.0029863 0.0339 -0.00247513 -0.00228371 0.0339 -0.00302794 -0.00144767 0.0339 -0.00331559 -0.000575167 0.0339 -0.00336848 0.000156489 0.0339 0.00243494 0.000460318 0.034 -0.00162713 -0.000300485 0.034</float_array>
                    <technique_common>
                        <accessor count="1406" source="#shape0-lib-positions-array" stride="3">
                            <param name="X" type="float"/>
                            <param name="Y" type="float"/>
                            <param name="Z" type="float"/>
                        </accessor>
                    </technique_common>
                </source>
                <source id="shape0-lib-normals" name="normal">
                    <float_array id="shape0-lib-normals-array" count="8448">0.999689 -0.0249323 0 0.999689 -0.0249323 0 0.997204 -0.074727 0 0.997204 -0.074727 0 0.992239 -0.124346 0 0.992239 -0.124346 0 0.984808 -0.173648 0 0.984808 -0.173648 0 0.974928 -0.222521 0 0.974928 -0.222521 0 0.962624 -0.27084 0 0.962624 -0.27084 0 0.947928 -0.318486 0 0.947928 -0.318486 0 0.930873 -0.365343 0 0.930873 -0.365343 0 0.911506 -0.411288 0 0.911506 -0.411288 0 0.889873 -0.456208 0 0.889873 -0.456208 0 0.866024 -0.500002 0 0.866024 -0.500002 0 0.840026 -0.542546 0 0.840026 -0.542546 0 0.811938 -0.583743 0 0.811938 -0.583743 0 0.781832 -0.623489 0 0.781832 -0.623489 0 0.749781 -0.661686 0 0.749781 -0.661686 0 0.715866 -0.698237 0 0.715866 -0.698237 0 0.680173 -0.733052 0 0.680173 -0.733052 0 0.642788 -0.766044 0 0.642788 -0.766044 0 0.603803 -0.797133 0 0.603803 -0.797133 0 0.56332 -0.826239 0 0.56332 -0.826239 0 0.521435 -0.853291 0 0.521435 -0.853291 0 0.478256 -0.878221 0 0.478256 -0.878221 0 0.433884 -0.900969 0 0.433884 -0.900969 0 0.388433 -0.921477 0 0.388433 -0.921477 0 0.342022 -0.939692 0 0.342022 -0.939692 0 0.294754 -0.955573 0 0.294754 -0.955573 0 0.246757 -0.969077 0 0.246757 -0.969077 0 0.198146 -0.980173 0 0.198146 -0.980173 0 0.149043 -0.988831 0 0.149043 -0.988831 0 0.0995706 -0.995031 0 0.0995706 -0.995031 0 0.0498444 -0.998757 0 0.0498444 -0.998757 0 0 -1 0 0 -1 0 -0.0498444 -0.998757 0 -0.0498444 -0.998757 0 -0.0995706 -0.995031 0 -0.0995706 -0.995031 0 -0.149043 -0.988831 0 -0.149043 -0.988831 0 -0.198146 -0.980173 0 -0.198146 -0.980173 0 -0.246757 -0.969077 0 -0.246757 -0.969077 0 -0.294754 -0.955573 0 -0.294754 -0.955573 0 -0.342022 -0.939692 0 -0.342022 -0.939692 0 -0.388433 -0.921477 0 -0.388433 -0.921477 0 -0.433884 -0.900969 0 -0.433884 -0.900969 0 -0.478256 -0.878221 0 -0.478256 -0.878221 0 -0.521435 -0.853291 0 -0.521435 -0.853291 0 -0.56332 -0.826239 0 -0.56332 -0.826239 0 -0.603803 -0.797133 0 -0.603803 -0.797133 0 -0.642788 -0.766044 0 -0.642788 -0.766044 0 -0.680173 -0.733052 0 -0.680173 -0.733052 0 -0.715866 -0.698237 0 -0.715866 -0.698237 0 -0.749781 -0.661686 0 -0.749781 -0.661686 0 -0.781832 -0.623489 0 -0.781832 -0.623489 0 -0.811938 -0.583743 0 -0.811938 -0.583743 0 -0.840026 -0.542546 0 -0.840026 -0.542546 0 -0.866024 -0.500002 0 -0.866024 -0.500002 0 -0.889873 -0.456208 0 -0.889873 -0.456208 0 -0.911506 -0.411288 0 -0.911506 -0.411288 0 -0.930873 -0.365343 0 -0.930873 -0.365343 0 -0.947928 -0.318486 0 -0.947928 -0.318486 0 -0.962624 -0.27084 0 -0.962624 -0.27084 0 -0.974928 -0.222521 0 -0.984808 -0.173648 0 -0.974928 -0.222521 0 -0.984808 -0.173648 0 -0.992239 -0.124346 0 -0.992239 -0.124346 0 -0.997204 -0.074727 0 -0.997204 -0.074727 0 -0.999689 -0.0249323 0 -0.999689 -0.0249323 3.80107e-18 -0.999689 0.0249323 0 -0.999689 0.0249323 0 -0.997204 0.074727 0 -0.997204 0.074727 0 -0.992239 0.124346 0 -0.992239 0.124346 0 -0.984808 0.173648 0 -0.984808 0.173648 0 -0.974928 0.222521 0 -0.974928 0.222521 0 -0.962624 0.27084 0 -0.962624 0.27084 0 -0.947928 0.318486 0 -0.947928 0.318486 0 -0.930873 0.365343 0 -0.930873 0.365343 0 -0.911506 0.411288 0 -0.911506 0.411288 0 -0.889873 0.456208 0 -0.889873 0.456208 0 -0.866024 0.500002 0 -0.866024 0.500002 0 -0.840026 0.542546 0 -0.840026 0.542546 0 -0.811938 0.583743 0 -0.811938 0.583743 0 -0.781832 0.623489 0 -0.781832 0.623489 0 -0.749781 0.661686 0 -0.749781 0.661686 0 -0.715866 0.698237 0 -0.715866 0.698237 0 -0.680173 0.733052 0 -0.680173 0.733052 0 -0.642788 0.766044 0 -0.642788 0.766044 0 -0.603803 0.797133 0 -0.603803 0.797133 0 -0.56332 0.826239 0 -0.56332 0.826239 0 -0.521435 0.853291 0 -0.521435 0.853291 0 -0.478256 0.878221 0 -0.478256 0.878221 0 -0.433884 0.900969 0 -0.433884 0.900969 0 -0.388433 0.921477 0 -0.388433 0.921477 0 -0.342022 0.939692 0 -0.342022 0.939692 0 -0.294754 0.955573 0 -0.294754 0.955573 0 -0.246757 0.969077 0 -0.246757 0.969077 0 -0.198146 0.980173 0 -0.198146 0.980173 0 -0.149043 0.988831 0 -0.149043 0.988831 0 -0.0995706 0.995031 0 -0.0995706 0.995031 0 -0.0498444 0.998757 0 -0.0498444 0.998757 0 0 1 0 0 1 0 0.0498444 0.998757 0 0.0498444 0.998757 0 0.0995706 0.995031 0 0.0995706 0.995031 0 0.149043 0.988831 0 0.149043 0.988831 0 0.198146 0.980173 0 0.198146 0.980173 0 0.246757 0.969077 0 0.246757 0.969077 0 0.294754 0.955573 0 0.342022 0.939692 0 0.294754 0.955573 0 0.342022 0.939692 0 0.388433 0.921477 0 0.388433 0.921477 0 0.433884 0.900969 0 0.433884 0.900969 0 0.478256 0.878221 0 0.478256 0.878221 0 0.521435 0.853291 0 0.56332 0.826239 0 0.521435 0.853291 0 0.56332 0.826239 0 0.603803 0.797133 0 0.642788 0.766044 0 0.603803 0.797133 0 0.642788 0.766044 0 0.680173 0.733052 0 0.680173 0.733052 0 0.715866 0.698237 0 0.715866 0.698237 0 0.749781 0.661686 0 0.749781 0.661686 0 0.781832 0.623489 0 0.781832 0.623489 0 0.811938 0.583743 0 0.811938 0.583743 0 0.840026 0.542546 0 0.840026 0.542546 0 0.866024 0.500002 0 0.866024 0.500002 0 0.889873 0.456208 0 0.889873 0.456208 0 0.911506 0.411288 0 0.911506 0.411288 0 0.930873 0.365343 0 0.930873 0.365343 0 0.947928 0.318486 0 0.962624 0.27084 0 0.947928 0.318486 0 0.974928 0.222521 0 0.962624 0.27084 0 0.974928 0.222521 0 0.984808 0.173648 0 0.984808 0.173648 0 0.992239 0.124346 0 0.992239 0.124346 0 0.997204 0.074727 0 0.997204 0.074727 0 0.999689 0.0249323 0 0.999689 0.0249323 0 -0.0412808 -0.0418968 0.998269 -0.0625686 -0.0387082 0.99729 -0.0621689 -0.0375991 0.997357 -0.0289422 -0.0486572 0.998396 -0.00190598 -0.0816673 0.996658 -0.0589643 -0.0210472 0.998038 -0.0264522 -0.102421 0.994389 -0.0687454 0.00563512 0.997618 -0.0615838 -0.00612246 0.998083 -0.00140105 -0.089536 0.995983 0.0294993 -0.084292 0.996004 -0.0631005 0.00999782 0.997957 0.0245233 -0.108859 0.993755 -0.0541307 0.0217383 0.998297 0.0369215 -0.070414 0.996834 -0.0505164 0.0375636 0.998017 0.0512394 -0.0519368 0.997335 -0.0506059 0.0431407 0.997787 -0.0371584 0.0447616 0.998306 0.0726107 -0.0420424 0.996474 0.0724954 -0.0418551 0.99649 -0.022799 0.0527748 0.998346 0.063084 -0.0211951 0.997783 0.00457875 0.0872024 0.99618 -0.0131875 0.104761 0.99441 0.060255 -0.0071824 0.998157 0.0124895 0.0902968 0.995837 0.0620515 0.0069546 0.998049 0.0685276 0.0191597 0.997465 0.0629239 0.0216252 0.997784 0.0333412 0.0878665 0.995574 0.0338014 0.0710583 0.996899 0.0492882 0.0307689 0.998311 0.0399575 0.0440721 0.998229 -0.0486185 -0.039572 -0.998033 -0.0487228 -0.0420934 -0.997925 -0.0343317 -0.0472559 -0.998293 -0.0518958 -0.0283904 -0.998249 -0.0237857 -0.0600075 -0.997914 -0.057183 -0.0182219 -0.998197 -0.0131912 -0.083902 -0.996387 -0.0142663 -0.0805696 -0.996647 -0.067432 -0.00811905 -0.997691 -0.0700337 -0.00635622 -0.997524 0.00439745 -0.0643639 -0.997917 -0.0601993 0.00641238 -0.998166 0.0164415 -0.0565251 -0.998266 -0.0559336 0.0178238 -0.998275 -0.0556224 0.0329648 -0.997908 0.0288281 -0.0537555 -0.998138 0.0509392 -0.0547753 -0.997199 -0.0560728 0.0349538 -0.997815 0.0438639 -0.0529697 -0.997632 -0.0312506 0.0297497 -0.999069 0.0484133 -0.0316846 -0.998325 -0.0180713 0.0295724 -0.999399 0.0590672 -0.0168972 -0.998111 -0.0104486 0.0335273 -0.999383 0.0751008 -0.00599551 -0.997158 -0.0028639 0.041796 -0.999122 0.0693155 -0.00140233 -0.997594 0.00734252 0.0589351 -0.998235 0.0561211 0.0155055 -0.998304 0.0194036 0.0837756 -0.996296 0.0275728 0.0716224 -0.997051 0.0527119 0.0281133 -0.998214 0.040776 0.0608995 -0.997311 0.0538469 0.0502377 -0.997285 0.0553152 0.05664 -0.996861 0.42908 -0.110792 -0.896446 0.404259 -0.246681 -0.880751 0.320313 -0.358757 -0.876752 0.205865 -0.400284 -0.892968 0.034642 -0.199007 -0.979386 -0.146041 -0.351004 -0.924915 -0.00890957 -0.224207 -0.974501 -0.0868617 -0.246763 -0.965175 -0.058704 -0.0176881 -0.998119 -0.171008 -0.246895 -0.953834 -0.264753 -0.206771 -0.941887 -0.336741 -0.132001 -0.932299 -0.35465 -0.0331311 -0.934412 0.044797 0.043254 -0.998059 -0.333171 0.0551341 -0.941253 -0.286666 0.121046 -0.950353 -0.219074 0.168505 -0.961048 -0.279304 0.336842 -0.899181 -0.337897 0.124023 -0.932976 -0.214926 0.417251 -0.883011 -0.133797 0.470444 -0.872227 -0.0375125 0.482831 -0.87491 0.0726443 0.446756 -0.891702 0.140726 0.394879 -0.907891 0.149507 0.382123 -0.911937 0.242361 0.385376 -0.890363 0.347167 0.351415 -0.869473 0.421545 0.278088 -0.863115 0.450443 0.18013 -0.874445 0.340723 0.0696838 -0.937578 0.423924 -0.0168538 -0.905541 0.395347 -0.00494677 -0.918518 0.994375 -0.10592 0.000160309 0.968242 -0.250007 -0.00185128 0.952794 -0.303617 0 0.860268 -0.509842 0 0.853625 -0.520887 -0.000428113 0.724286 -0.6895 0.000379744 0.666007 -0.745942 -0.00215836 0.521435 -0.85329 0.000826183 0.457356 -0.889283 -0.00129535 0.171495 -0.985184 -0.00146278 0.297531 -0.954712 0.00100327 0.0683606 -0.997661 0.000361086 -0.0397068 -0.999211 -0.00133022 -0.123631 -0.992328 0.000668985 -0.332034 -0.943267 -0.000960607 -0.359271 -0.933233 -1.13349e-05 -0.556365 -0.830938 -0.000430533 -0.569391 -0.822066 -0.00107804 -0.731187 -0.682177 0.000547566 -0.788121 -0.615518 -0.00178195 -0.882351 -0.470591 0.000431672 -0.931022 -0.364955 -0.00215754 -0.963887 -0.266309 0.000893494 -0.995664 -0.0930141 -0.00111652 -0.999794 0.020227 0.00168307 -0.986582 0.163263 -0.000635319 -0.961433 0.275035 0.00164626 -0.921238 0.388998 -0.00122089 -0.836733 0.547609 0.00151087 -0.792649 0.609679 -0.000544375 -0.680999 0.732283 0.00102941 -0.638297 0.76979 -0.000724333 -0.47261 0.881272 0.00041611 -0.457921 0.888993 2.19097e-05 -0.273557 0.961856 0.000209305 -0.279296 0.960205 0 -0.0681627 0.997674 0 -0.0774594 0.996996 0.000335908 0.160496 0.987037 -0.00011699 0.174355 0.984683 0.000256667 0.335698 0.94197 -0.000535169 0.368487 0.929633 0.000528601 0.532369 0.846513 -0.000345679 0.587766 0.80903 0.00130661 0.702794 0.711393 -0.000701183 0.75671 0.65375 0.000872135 0.834729 0.55066 -0.00121646 0.877301 0.479941 0.000273553 0.92851 0.371307 -0.000525927 0.952794 0.303617 0.00111489 0.97972 0.20037 -5.31511e-09 0.99992 -0.0125115 -0.00165853 0.992829 0.11954 0.000856115 -0.359144 -0.0508334 0.931897 -0.301063 -0.108372 0.947426 -0.202085 -0.116665 0.972395 -0.196039 -0.181294 0.963692 -0.18894 -0.171779 0.966847 -0.157379 -0.230559 0.960247 -0.0972831 -0.292195 0.951398 -0.0380395 -0.32682 0.944321 0.0434962 -0.345296 0.937485 0.144858 -0.331712 0.932193 0.226727 -0.276412 0.933912 0.27183 -0.202131 0.940878 0.294775 -0.119314 0.948089 -0.0253857 0.0235373 0.999401 0.29028 -0.048515 0.955711 0.263979 0.0262439 0.964171 0.344045 -0.10158 0.933442 0.408453 0.1345 0.902815 0.399618 0.22194 0.889409 0.360204 0.308497 0.880388 0.262467 0.385848 0.884439 0.14393 0.40131 0.904563 0.0309672 0.36741 0.929543 -0.0747429 0.298109 0.951601 -0.042165 0.279746 0.959148 -0.121086 0.300291 0.946131 -0.206334 0.298753 0.931758 -0.291468 0.270095 0.917657 -0.358791 0.207148 0.910142 -0.392628 0.131916 0.910188 -0.395072 0.0406599 0.91775 -0.990131 -0.140144 0.000966486 -0.993778 -0.11138 -0.000105078 -0.945709 -0.325013 -0.000478529 -0.940898 -0.338691 -0.000189314 -0.866041 -0.499972 -0.000188954 -0.848278 -0.52955 -0.0010729 -0.739909 -0.672706 0.00122984 -0.671677 -0.740843 -0.00150645 -0.563776 -0.825927 0.000770743 -0.315891 -0.948795 0.000620677 -0.42956 -0.903034 -0.00275208 -0.115613 -0.993294 9.35588e-05 -0.137012 -0.990569 -0.00060099 0.12498 -0.992159 -0.000591038 0.124897 -0.99217 -0.000587688 0.400203 -0.916427 0.000226255 0.396581 -0.918 0.000396178 0.638733 -0.769429 0.00025871 0.634195 -0.773173 0 0.802461 -0.596705 0 0.802461 -0.596705 0 0.926947 -0.375193 -0.000115039 0.927967 -0.372662 0 0.986319 -0.164845 0.000300533 0.987679 -0.156491 0 0.995094 0.0989291 0 0.995094 0.0989291 0 0.949829 0.312769 0 0.9418 0.336174 -0.000774824 0.874222 0.485527 0.000315981 0.855679 0.517507 -0.000386334 0.759516 0.650489 0.000706714 0.70185 0.712322 -0.00170262 0.562442 0.826836 0.000867146 0.511218 0.859451 -0.000856808 0.337595 0.94129 0.00132866 0.250064 0.968228 -0.0013666 0.0839871 0.996467 0.000714112 0.015646 0.999877 -0.000714119 -0.149042 0.98883 0.00132465 -0.219767 0.975552 -0.00065603 -0.37397 0.927441 0.000415802 -0.46438 0.885633 -0.00222977 -0.568289 0.822829 0.000242216 -0.733486 0.679701 -0.00213909 -0.702311 0.71187 0 -0.866026 0.499999 0 -0.866026 0.499999 0 -0.947927 0.318487 0 -0.947927 0.318487 0 -0.994746 0.102377 0 -0.99297 0.118362 0.000548798 0.556176 -0.0138711 0.830949 0.545281 0.0135993 0.838143 0.556588 -0.0417088 0.829741 0.546433 -0.068478 0.834698 0.526491 -0.0928347 0.845097 0.498293 -0.113732 0.859517 0.463909 -0.130524 0.876215 0.425644 -0.143008 0.893519 0.284575 -0.111688 0.952125 0.308275 -0.139099 0.941073 0.332289 -0.161901 0.929178 0.331966 -0.170188 0.927812 0.354515 -0.20468 0.912374 0.374419 -0.241825 0.895171 0.389952 -0.280356 0.877119 0.399355 -0.318474 0.859703 0.401155 -0.354022 0.844833 0.394454 -0.38474 0.834495 0.379126 -0.408601 0.830246 0.355862 -0.424099 0.832768 0.326064 -0.430465 0.841655 0.291656 -0.42778 0.855535 0.254792 -0.416949 0.872488 0.162768 -0.298891 0.940304 0.163212 -0.338914 0.926552 0.167925 -0.375347 0.911546 0.160431 -0.380588 0.910722 0.153622 -0.42207 0.893452 0.142175 -0.460922 0.875978 0.125871 -0.494328 0.860114 0.105027 -0.519539 0.847967 0.0805373 -0.534327 0.841432 0.0537745 -0.53738 0.841624 0.0263767 -0.528522 0.84851 0 -0.508746 0.860916 -0.0239567 -0.480032 0.876924 -0.0445288 -0.444986 0.89443 -0.0612529 -0.406385 0.911647 -0.0741342 -0.366721 0.927373 -0.0835043 -0.327943 0.941 -0.089874 -0.291366 0.952381 -0.0938061 -0.257729 0.961653 -0.22363 -0.530515 0.817645 -0.0804836 -0.42606 0.901108 -0.265191 -0.550675 0.791474 -0.305236 -0.560505 0.769848 -0.34143 -0.558727 0.755811 -0.371618 -0.545064 0.751536 -0.394034 -0.520198 0.757715 -0.232373 -0.27693 0.932369 -0.275721 -0.297156 0.914153 -0.441258 -0.386296 0.80998 -0.186946 -0.115655 0.975538 -0.322057 -0.314126 0.893087 -0.368831 -0.325496 0.870641 -0.412538 -0.328988 0.849458 -0.449241 -0.322982 0.832986 -0.475346 -0.307011 0.824494 -0.488334 -0.281942 0.825856 -0.487261 -0.249802 0.836765 -0.472945 -0.213401 0.854858 -0.447784 -0.175743 0.8767 -0.415166 -0.139488 0.898988 -0.378662 -0.106539 0.919383 -0.341308 -0.0779012 0.936718 -0.305269 -0.0538272 0.950744 -0.271829 -0.0340651 0.961743 -0.59227 -0.213126 0.777042 -0.510836 -0.0382801 0.858826 -0.488553 -0.0121845 0.872449 -0.46004 0.0114734 0.887824 -0.427358 0.0320246 0.903515 -0.392495 0.0491869 0.918438 -0.35719 0.0629824 0.931906 -0.440343 0.0360953 0.897104 -0.517661 0.118153 0.847388 -0.540033 0.151941 0.827816 -0.553221 0.185872 0.812033 -0.555813 0.218142 0.802176 -0.547255 0.246931 0.799711 -0.527919 0.270646 0.805017 -0.499033 0.288119 0.817284 -0.462563 0.298754 0.834735 -0.420925 0.302624 0.855126 -0.376692 0.300402 0.876277 -0.332222 0.293189 0.896476 -0.289404 0.282277 0.914639 -0.380711 0.41031 0.828677 -0.384337 0.458034 0.801555 -0.356426 0.303847 0.883537 -0.379584 0.501122 0.777684 -0.365957 0.53676 0.76024 -0.343806 0.562615 0.751839 -0.31425 0.577058 0.753824 -0.278983 0.579313 0.765875 -0.240091 0.569566 0.786098 -0.199829 0.549021 0.811569 -0.16033 0.519779 0.839121 -0.0361793 0.396606 0.917276 -0.0653905 0.256805 0.964249 -0.0578786 0.286309 0.956388 -0.0478597 0.317527 0.947041 -0.0349842 0.349605 0.936244 -0.0190275 0.381263 0.924271 0 0.410788 0.911731 0.0217679 0.436173 0.899599 0.0455662 0.455353 0.889144 0.0703166 0.466518 0.881712 0.0947018 0.468463 0.878393 0.136982 0.444086 0.885451 0.117336 0.460808 0.879709 0.15274 0.419648 0.894744 0.164158 0.389431 0.906309 0.171252 0.355608 0.918812 0.174415 0.320278 0.931129 0.17428 0.285197 0.942491 0.171574 0.251653 0.952488 0.166999 0.22047 0.960991 0.161165 0.192068 0.968058 0.154562 0.166579 0.973839 0.147562 0.143929 0.978524 0.249288 0.44579 0.859725 0.463557 0.409092 0.785976 0.49159 0.392029 0.777594 0.509993 0.366659 0.778118 0.517759 0.334404 0.787464 0.514748 0.297191 0.804184 0.50174 0.257225 0.825888 0.48036 0.216747 0.849867 0.452781 0.177704 0.873734 0.347303 0.116687 0.930465 0.385849 0.108561 0.916152 0.393159 0.109924 0.912876 0.424794 0.0969564 0.900083 0.462387 0.0815313 0.882922 0.496495 0.0622199 0.865807 0.524839 0.0393296 0.850293 0.603625 0.0150545 -0.797126 0.633482 -0.0157991 -0.773596 0.559368 0.0419171 -0.827859 0.505832 0.0633899 -0.8603 0.548765 0.096762 -0.830358 0.570585 0.130232 -0.810847 0.514681 0.0608838 -0.855217 0.582109 0.16378 -0.796445 0.582123 0.195582 -0.789228 0.570355 0.223849 -0.790308 0.547491 0.247038 -0.799516 0.515085 0.264067 -0.815448 0.475379 0.274462 -0.835874 0.431044 0.278397 -0.85831 0.384764 0.276626 -0.880588 0.310292 0.266015 -0.912663 0.296103 0.236134 -0.925507 0.311374 0.27479 -0.90969 0.323342 0.315379 -0.892181 0.330536 0.356233 -0.873982 0.3316 0.395184 -0.856663 0.325561 0.429802 -0.842188 0.312064 0.457715 -0.832534 0.291475 0.476978 -0.829177 0.264852 0.486348 -0.832658 0.233788 0.485467 -0.842416 0.200191 0.474911 -0.856962 0.166004 0.456091 -0.874313 0.13294 0.430983 -0.892514 0.102308 0.40179 -0.909999 0.0749126 0.370571 -0.925778 0.0511005 0.339027 -0.939388 0.0289043 0.288848 -0.956939 0.0163569 0.32775 -0.944623 0.0204775 0.267051 -0.963465 0.0257415 0.300585 -0.953408 0 0.369712 -0.929147 -0.0206167 0.413106 -0.910449 -0.0455592 0.455283 -0.88918 -0.0742554 0.49265 -0.867054 -0.105366 0.521214 -0.846897 -0.136836 0.537388 -0.83216 -0.166208 0.538837 -0.825851 -0.191085 0.524998 -0.829375 -0.209588 0.497204 -0.841939 -0.220755 0.458403 -0.860891 -0.224674 0.41257 -0.882784 -0.22235 0.36386 -0.904526 -0.229692 0.417892 -0.878981 -0.250527 0.367456 -0.895663 -0.256643 0.338816 -0.905173 -0.258748 0.308363 -0.915403 -0.257309 0.277314 -0.925683 -0.252922 0.246693 -0.935507 -0.246224 0.217294 -0.944541 -0.237829 0.189662 -0.95261 -0.228285 0.164126 -0.959661 -0.25587 0.22817 -0.939398 -0.373443 0.241195 -0.895749 -0.41882 0.241807 -0.875282 -0.463255 0.237495 -0.85381 -0.504209 0.227508 -0.833074 -0.539025 0.211553 -0.815289 -0.565267 0.189919 -0.802748 -0.581065 0.163486 -0.797268 -0.585357 0.133604 -0.799692 -0.578006 0.101918 -0.809643 -0.559824 0.0701562 -0.825636 -0.532482 0.0399022 -0.8455 -0.49829 0.0124274 -0.866921 -0.4598 -0.0114675 -0.887948 -0.41946 -0.0314327 -0.90723 -0.406048 -0.0368527 -0.913108 -0.431748 -0.0541059 -0.90037 -0.467113 -0.0823647 -0.880353 -0.4991 -0.113916 -0.859024 -0.52532 -0.147802 -0.83797 -0.543481 -0.182599 -0.81932 -0.55177 -0.216555 -0.80539 -0.549138 -0.247781 -0.798156 -0.535443 -0.274503 -0.798717 -0.511446 -0.295285 -0.806988 -0.47873 -0.309196 -0.821715 -0.439483 -0.315966 -0.840845 -0.396241 -0.315992 -0.862057 -0.396022 -0.349492 -0.84913 -0.400601 -0.390736 -0.82876 -0.386803 -0.314829 -0.866756 -0.397144 -0.42802 -0.811835 -0.385157 -0.459011 -0.800602 -0.36491 -0.48175 -0.796717 -0.337405 -0.494882 -0.800781 -0.304219 -0.497833 -0.812166 -0.267325 -0.490889 -0.829195 -0.22883 -0.475171 -0.849617 -0.190725 -0.452455 -0.871154 -0.20581 -0.565456 -0.798688 -0.190085 -0.616245 -0.764271 -0.216305 -0.471543 -0.854903 -0.166016 -0.651986 -0.739833 -0.135221 -0.668898 -0.730952 -0.10028 -0.665311 -0.739801 -0.0642193 -0.641758 -0.764213 -0.0219332 -0.139504 -0.989979 -0.0191141 -0.382997 -0.923552 0 -0.42141 -0.90687 0.0379862 -0.513619 -0.857177 0.0229308 -0.459474 -0.887895 0.0495505 -0.49517 -0.867382 0.0792988 -0.52611 -0.846711 0.111159 -0.549871 -0.82782 0.143699 -0.564344 -0.812937 0.17523 -0.568084 -0.804099 0.20401 -0.56051 -0.802626 0.228461 -0.541977 -0.808744 0.247389 -0.513709 -0.821524 0.260127 -0.477671 -0.839145 0.266623 -0.436309 -0.859388 0.267398 -0.392201 -0.880157 0.222826 -0.294172 -0.929415 0.262239 -0.312524 -0.912995 0.259982 -0.313953 -0.91315 0.305218 -0.328947 -0.893664 0.350636 -0.342001 -0.871831 0.396719 -0.350107 -0.848551 0.441132 -0.35179 -0.825619 0.481225 -0.345977 -0.805433 0.514403 -0.332236 -0.790575 0.538464 -0.310884 -0.783204 0.551878 -0.282929 -0.784463 0.553938 -0.249947 -0.794154 0.544872 -0.213848 -0.810792 0.525839 -0.176672 -0.832034 0.498785 -0.140336 -0.855289 0.182412 -0.0145624 -0.983114 0.569376 -0.129956 -0.81174 0.611398 -0.107806 -0.783946 0.506126 -0.148112 -0.849647 0.637701 -0.0799155 -0.766128 0.645326 -0.0483585 -0.762375 0.703782 -0.703895 -0.0960335 -0.521124 0.77444 0.35871 0.803877 0.207481 0.557434 0.361488 -0.876896 0.316829 -0.0948317 -0.989567 -0.108464 -0.489662 -0.751613 0.441937 -0.842758 -0.529464 -0.0970919 -0.886076 -0.078564 0.456834 -0.870175 0.436816 -0.228008 -0.0733391 0.961649 -0.264296 0.334605 0.839164 0.42877 0.64965 0.741402 0.16816 0.987706 0.00895962 0.156065 0.845503 -0.515292 0.139995 -0.869725 0.437253 0.228887 -0.481546 -0.655785 -0.581429 0.567191 -0.655803 -0.498214 0.86734 0.101267 -0.487306 0.402009 0.829819 -0.387027 -0.464807 0.807071 -0.364131 -0.90037 0.00920095 -0.435028 -0.846395 -0.531868 -0.027066 -0.0928292 -0.994402 0.0504681 0.559198 -0.655312 -0.507803 0.916534 0.139156 -0.374969 0.660564 0.747194 -0.0731911 -0.0799996 0.956477 0.280629 0.0467216 0.142889 -0.988635 0.0889228 0.185834 -0.978549 -0.0370481 0.127811 -0.991106 -0.116439 0.189817 -0.974891 0.0926779 0.0783198 -0.992611 -0.107587 0.0884089 -0.990257 0.12282 0.0590566 -0.99067 0 0 -1 -0.179884 0.032171 -0.983162 -0.0832966 -0.0041246 -0.996516 0 0 -1 0.0971632 -0.161784 -0.982031 -0.0759243 -0.0821001 -0.993728 -0.1763 -0.262922 -0.948573 0.00788288 -0.116899 -0.993113 0.0392044 0.155824 0.987006 0.0350618 0.0982243 0.994547 -0.0463592 0.111634 0.992667 0.0602271 0.0371274 0.997494 -0.102562 0.15045 0.983283 0.18719 0.0312747 0.981826 -0.102956 0.0459973 0.993622 0.110191 -0.0150975 0.993796 -0.215099 -0.00342313 0.976586 -0.0952602 -0.0281154 0.995055 0.107125 -0.0880467 0.990339 0.0834279 -0.0927974 0.992184 -0.0711127 -0.0834493 0.993971 0.073619 -0.149753 0.985979 -0.00493563 -0.104864 0.994474 -0.0971533 -0.174521 0.979849 -0.0672648 0.997504 0.0214633 0.0469842 0.998242 -0.0361294 0.678397 0.733579 0.040491 0.647276 0.759566 0.0639881 0.958984 0.283037 -0.0154944 0.996189 0.0493284 0.0719293 0.911289 -0.407135 -0.061591 0.772358 -0.63468 0.0254067 0.382767 -0.92171 -0.0627709 0.278397 -0.960432 -0.00808143 -0.310785 -0.950476 -0.00298231 -0.336137 -0.941676 -0.0160584 -0.763671 -0.645359 0.0178707 -0.850609 -0.524363 -0.0388196 -0.998956 -0.0108012 0.0443926 -0.990516 0.135713 -0.0214485 -0.736948 0.674559 0.0433381 -0.6685 0.743578 -0.0141184 0.0326871 0.100947 -0.994355 -0.0535401 -0.057169 -0.996928 0.0656949 -0.00479768 -0.997828 0.0357519 0.93778 0.345383 0.189747 0.896538 -0.400268 -1.99683e-06 1 3.4563e-06 -1.60308e-05 1 -3.37941e-06 -1.9615e-05 1 2.42165e-06 -2.50762e-06 1 -6.0582e-07 0 1 0 -2.15063e-06 1 2.28084e-05 0 1 0 1.90962e-05 1 2.98797e-06 3.69515e-05 1 -1.49264e-05 -2.56333e-05 1 -1.93454e-05 1.55207e-05 1 1.10421e-05 -6.91902e-05 1 2.6718e-05 1.94216e-05 1 1.00467e-05 1.78516e-05 1 -1.70654e-06 3.68156e-06 1 4.79973e-05 -3.13656e-05 1 4.68153e-05 3.1738e-05 1 2.39105e-05 9.91206e-05 1 6.4493e-05 5.88331e-05 1 -6.32172e-05 -9.92568e-05 1 -7.6626e-05 -0.04389 -0.870198 0.490744 -0.133695 -0.97421 -0.181769 -0.276961 -0.717438 -0.639199 1.21637e-05 -1 -1.86194e-06 0 -1 0 1.29713e-05 -1 1.14958e-07 0 -1 0 0 -1 0 -3.00759e-05 -1 3.37724e-05 2.65782e-05 -1 1.30364e-05 3.22647e-05 -1 -5.60527e-05 -4.01413e-05 -1 -3.4782e-05 1.39278e-05 -1 -3.31705e-05 1.31404e-05 -1 -7.87285e-05 4.0277e-05 -1 3.2684e-05 -2.3978e-05 -1 3.41401e-06 2.0143e-05 -1 4.01075e-05 2.35974e-05 -1 4.91503e-05 -2.41333e-05 -1 2.56584e-05 -4.6934e-06 -1 -6.34573e-06 7.33774e-05 -1 3.68451e-06 -0.785681 -0.450861 -0.423591 -0.890704 -0.319685 -0.323184 -0.945978 -0.119164 -0.301538 -0.717467 -0.693255 0.068104 -0.921126 -0.383206 -0.0684062 -0.995506 -0.0853918 -0.0409374 -0.976892 -0.0606795 -0.20494 -0.987064 -0.15996 0.010819 -0.902747 0.162767 -0.39819 -0.880292 -0.39961 0.255731 -0.975068 0.0601432 -0.2136 -0.781858 0.557031 -0.280026 -0.844213 0.354579 -0.401969 -0.971615 -0.123886 0.201537 -0.84726 -0.314 0.428433 -0.990774 0.0987401 0.0928254 -0.974509 0.209972 -0.0790208 -0.802046 0.58976 0.094372 -0.966591 0.242741 -0.0823381 -0.935376 -0.00047485 0.353655 -0.886458 -0.0984606 0.452215 -0.64914 -0.531812 0.543869 -0.944019 0.144233 0.29669 -0.935375 0.0892754 0.342204 -0.648895 -0.308807 0.695394 -0.753845 -0.0441876 0.655565 -0.915407 0.279036 0.290119 -0.531391 -0.247208 0.810254 -0.734846 0.0161924 0.678041 -0.33165 -0.34561 0.877816 -0.201961 -0.570212 0.796285 -0.738489 0.478512 0.475038 -0.515747 0.0140697 0.856625 -0.553823 0.0375781 0.831786 -0.758224 0.241307 0.605696 -0.775861 0.181662 0.604184 -0.266934 -0.133169 0.95447 -0.418935 0.0308873 0.907491 0.00106339 -0.242159 0.970236 -0.476413 0.33357 0.813488 -0.547517 0.261036 0.795038 -0.119046 -0.103173 0.987514 -0.0150894 -0.149376 0.988665 -0.327516 0.168548 0.929691 0.254625 -0.387641 0.885946 0.361046 -0.215688 0.907262 -0.33203 0.216999 0.917969 0.169635 -0.000826325 0.985507 -0.141595 0.108769 0.983931 -0.0600221 0.526519 0.848042 0.516097 -0.181654 0.837046 0.267174 -0.00739185 0.96362 0.0449896 0.307771 0.950396 0.0306204 0.214698 0.976201 0.629144 -0.492799 0.601104 0.561325 -0.12985 0.817345 0.735311 -0.321827 0.596444 0.366578 0.111645 0.923664 0.727062 -0.130674 0.674022 0.294822 0.341211 0.892555 0.530305 0.0723208 0.844717 0.863354 -0.267387 0.42793 0.303791 0.391324 0.868664 0.604849 0.131258 0.785448 0.805196 0.0252813 0.59247 0.870473 -0.410166 0.272104 0.816427 -0.00277074 0.577442 0.94831 -0.268086 0.169818 0.692644 0.451895 0.56217 0.618514 0.266972 0.739031 0.865228 0.0109155 0.501259 0.899765 -0.0644733 0.431586 0.743927 0.388342 0.543841 0.980064 -0.137373 0.143537 0.97736 -0.0562105 0.20398 0.931822 -0.356804 -0.0663239 0.97467 -0.0615544 -0.215009 0.992153 -0.117567 -0.0425431 0.982707 0.0797398 0.167119 0.931919 -0.29567 -0.210013 0.811944 -0.427957 -0.396988 0.909238 0.208605 0.360236 0.8836 0.293595 0.364764 0.775227 0.623457 0.10161 0.927327 -0.147554 -0.343937 0.993351 0.0744991 -0.0877735 0.988254 0.139981 0.0613214 0.882514 0.468765 0.0377998 0.948153 0.117041 -0.295477 0.956488 0.146244 -0.252475 0.92991 0.277412 -0.241475 0.763077 0.539927 -0.355236 -0.143517 0.921131 -0.36183 -0.204919 0.879654 -0.429205 -0.338923 0.833674 -0.436026 -0.524475 0.763041 -0.377749 -0.237314 0.906389 -0.349488 -0.632559 0.619357 -0.465045 -0.513727 0.765881 -0.386667 -0.720083 0.49825 -0.482935 -0.52751 0.60568 -0.595722 -0.792862 0.366817 -0.486636 -0.73846 0.475136 -0.478459 -0.829411 0.287159 -0.479184 -0.839205 0.248708 -0.48361 -0.860027 0.159027 -0.484833 -0.873415 0.0851818 -0.479469 -0.87361 0.0581816 -0.483136 -0.867671 -0.126077 -0.480886 -0.675972 0.597103 -0.431892 -0.687427 0.543606 -0.481598 -0.86494 -0.184555 -0.46671 -0.818094 -0.315819 -0.480605 -0.724996 -0.517527 -0.454475 -0.670571 -0.612654 -0.418317 -0.80368 0.360497 -0.473434 -0.587844 -0.666059 -0.459134 -0.40044 -0.794654 -0.456259 -0.68653 -0.50836 -0.519852 -0.826227 0.287225 -0.484615 -0.249527 -0.901332 -0.354029 -0.712561 -0.454515 -0.534484 -0.878484 0.112208 -0.464408 -0.179911 -0.892919 -0.412707 -0.87936 0.0816049 -0.469112 -0.883643 -0.0508874 -0.465388 0.0160152 -0.887645 -0.46025 -0.849203 -0.191759 -0.492019 0.19214 -0.888393 -0.416941 0.151452 -0.881682 -0.446877 -0.798655 -0.390646 -0.457761 0.339738 -0.801644 -0.49188 0.140439 -0.842495 -0.520076 0.496755 -0.734568 -0.462218 0.486021 -0.746315 -0.45475 0.438907 -0.882057 -0.171278 0.356503 -0.757748 -0.546557 0.632143 -0.60807 -0.480256 0.673447 -0.575742 -0.46367 0.733786 -0.478724 -0.482059 0.799143 -0.358406 -0.482613 0.8382 -0.275378 -0.470731 0.850683 -0.210808 -0.481559 0.657436 -0.59691 -0.459865 0.67969 -0.562915 -0.470264 0.877106 -0.0490742 -0.477783 0.878332 -0.0416109 -0.476237 0.862328 0.135294 -0.48794 0.847832 0.236128 -0.474788 0.812357 0.319428 -0.487896 0.736528 0.486215 -0.470236 0.757503 0.462914 -0.460326 0.67894 0.556991 -0.478333 0.614661 0.63018 -0.474411 0.503558 0.716367 -0.482957 0.564172 0.687873 -0.456663 0.579249 0.624211 -0.524244 0.822724 -0.312089 -0.475107 0.605663 0.661689 -0.441973 0.373846 0.79112 -0.484116 0.831234 -0.279016 -0.480833 0.223023 0.907286 -0.356502 0.193895 0.905123 -0.378361 0.872138 -0.143798 -0.467651 0.0675508 0.901402 -0.427681 0.739916 0.463249 -0.487776 0.875699 -0.0399142 -0.481205 0.846361 0.233901 -0.478501 0.878824 0.122589 -0.461129 0.813356 0.345814 -0.46783 0.0747301 0.997204 0 0.0747301 0.997204 0 0.238707 0.971092 0 0.238707 0.971092 0 0.427251 0.904133 0 0.417127 0.908848 0.00038946 0.57884 0.815441 -0.000186447 0.575072 0.818103 -0.000328302 0.698237 0.715866 -2.28212e-09 0.710048 0.704154 -0.000307507 0.773122 0.634257 0.000273487 0.816754 0.576985 -0.000615035 0.853284 0.521446 0.000204967 0.905857 0.423582 -0.0007075 0.930639 0.365938 0.00103063 0.968165 0.250312 -0.000466365 0.987914 0.154998 0.0010328 0.996195 0.0871499 -0.000230554 0.998438 -0.055863 0.00065109 0.994737 -0.102459 -0.000643812 0.97064 -0.240535 0.000363437 0.963573 -0.267445 -0.000321992 0.912437 -0.409217 0.00029821 0.905724 -0.423869 0 0.837523 -0.546402 0 0.841067 -0.540931 0.000180594 0.72894 -0.684578 -6.19936e-06 0.720696 -0.693251 0.000386248 0.58128 -0.813703 -0.000370354 0.560187 -0.828366 0.000394114 0.402187 -0.915557 -0.000348268 0.390206 -0.920728 0 0.211391 -0.977402 -0.000384671 0.20146 -0.979497 0 0.0180394 -0.999837 1.41925e-05 0.01459 -0.999894 -8.1312e-05 -0.204401 -0.978887 0.000370219 -0.197517 -0.9803 0.000103845 -0.416975 -0.908918 -0.00036984 -0.45001 -0.893023 0.00105643 -0.592109 -0.805858 -0.000397157 -0.661712 -0.749756 0.00148193 -0.753991 -0.656884 -0.000802451 -0.813907 -0.580994 0.000982578 -0.870631 -0.491936 -0.00107561 -0.932898 -0.360138 0.00131926 -0.955573 -0.294755 -0.000204926 -0.989608 -0.143795 0.000341927 -0.994319 -0.106423 0.00186358 -0.99779 0.066452 0 -0.998465 0.0553876 -0.000273223 -0.983331 0.181827 0 -0.97543 0.220308 -0.000484749 -0.958781 0.284146 0.000193707 -0.931574 0.363551 -0.000496416 -0.907576 0.419888 0.000635678 -0.853291 0.521435 -0.000665387 -0.822336 0.569002 0.000557607 -0.739791 0.672837 -0.000532429 -0.714524 0.699611 0.000299263 -0.605335 0.795971 -0.000299274 -0.566444 0.8241 0.000785023 -0.442232 0.8969 -0.000841777 -0.376609 0.926372 0.000928166 -0.275781 0.961221 -0.000494374 -0.153948 0.988078 0.00155497 -0.0913073 0.995823 0 -0.0491237 0.535757 -0.842942 -0.159024 0.55427 -0.817005 -0.247806 0.502581 -0.828254 -0.292089 0.384075 -0.875883 -0.294642 0.267976 -0.917265 -0.113168 0.086551 -0.989799 -0.269624 0.164764 -0.948766 -0.29386 0.218102 -0.930633 -0.451068 0.176031 -0.874958 -0.536887 0.12126 -0.834894 -0.600719 0.0333236 -0.798765 -0.601965 -0.064429 -0.795919 -0.525882 -0.162213 -0.834946 -0.0813555 -0.0488253 -0.995489 -0.389372 -0.220008 -0.894419 -0.377215 -0.22096 -0.899381 -0.403216 -0.351286 -0.844994 -0.358886 -0.488443 -0.795377 -0.255759 -0.557501 -0.789797 -0.107262 -0.513682 -0.851249 0.0059553 -0.408133 -0.912903 -0.0947087 -0.552848 -0.827882 0.130465 -0.634318 -0.761984 0.253711 -0.57756 -0.775922 0.234369 -0.328081 -0.915114 0.369661 -0.379409 -0.848174 0.367735 -0.345356 -0.863424 0.483234 -0.310791 -0.81847 0.53855 -0.252036 -0.804016 0.567039 -0.157385 -0.808515 0.530773 -0.0546703 -0.845749 0.0755886 0.0159366 -0.997012 0.431423 0.0377421 -0.90136 0.38555 0.0642404 -0.920448 0.425314 0.109962 -0.898341 0.481418 0.225113 -0.847089 0.470928 0.332681 -0.817037 0.410822 0.407412 -0.815623 0.311397 0.438681 -0.842966 0.187181 0.407835 -0.893663 0.0845026 0.343768 -0.935245 0.10607 0.362906 -0.925769 0.0355884 0.474894 -0.879323 -0.961651 -0.267728 -0.0595676 -0.756659 0.0462971 -0.652169 -0.388913 0.75647 -0.525832 -0.398589 -0.134914 -0.907152 0.068814 -0.224303 -0.972087 0.270501 0.715405 -0.644224 0.692269 -0.149972 -0.705884 0.951766 -0.0375782 -0.304514 0.565939 0.824432 0.00501562 0.778668 -0.453621 0.433479 0.298126 -0.78779 0.538988 0.273444 0.582377 0.765549 -0.473552 -0.314532 0.82269 -0.172396 0.840111 0.514289 -0.639138 -0.633012 0.436804 -0.678613 0.728114 0.0966215 -0.969742 -0.195563 -0.146134 -0.896083 -0.107498 -0.430674 -0.996597 0.0110483 0.0816869 -0.632105 -0.414577 -0.654652 -0.480482 -0.102731 -0.870967 -0.261759 -0.0787206 -0.961917 -0.177549 0.00917296 -0.984069 -0.857695 -0.266287 0.43983 -0.187759 -0.211424 -0.959191 -0.791541 0.0523728 0.608868 -0.819156 -0.197877 0.538357 0.250387 -0.0291196 -0.967708 0.341565 -0.228725 -0.911602 -0.993267 0.0678478 0.0939013 0.296209 -0.299237 -0.907038 -0.854794 0.213723 0.472917 -0.411244 -0.254642 0.875235 -0.592715 0.0698121 0.802381 -0.436277 -0.359636 0.824818 -0.840001 0.250477 0.48131 -0.930293 0.343903 -0.127619 -0.433023 0.230219 0.871487 -0.432811 0.166614 0.885954 -0.345938 0.345816 0.872203 -0.156252 -0.0967541 0.982967 -0.202437 0.089335 0.975212 0.670787 -0.241701 -0.70116 -0.856636 0.0721448 -0.510853 0.743238 -0.326565 -0.583912 0.0679722 -0.183531 0.980661 0.0618137 0.301129 0.951578 -0.747402 -0.0168425 -0.664158 0.0432792 0.224704 0.973465 0.279804 0.536905 0.795891 0.923338 -0.186135 -0.335859 0.323959 -0.0504307 0.944726 -0.673438 0.201221 -0.711331 0.424029 -0.0495136 0.904294 0.948374 -0.0677647 -0.309831 -0.374372 0.326147 -0.868028 0.519926 -0.145993 0.841643 0.505202 0.266911 0.820688 0.778609 -0.270277 0.56632 0.700989 -0.125602 0.702024 0.932354 -0.359305 0.0402075 0.951397 -0.129539 0.2794 -0.184622 0.177361 -0.966674 0.804119 0.0384164 0.593226 0.720451 0.270009 0.638785 0.116262 0.382874 -0.916456 0.959352 -0.0524043 0.277303 0.717019 0.585175 0.378754 0.338761 0.0768756 -0.937726 0.996936 -0.0400577 0.0671931 0.989005 0.138329 0.0522871 0.66303 0.162923 -0.730649 0.607564 0.0901353 -0.78914 0.892885 0.373198 -0.251953 0.847557 0.1385 -0.512314 0.250943 -0.434314 0.865101 0.0705948 -0.0545626 0.996012 0.551931 0.121108 0.825048 0.852128 0.0498837 0.520951 0.723124 0.460894 0.51446 0.5871 0.808684 0.0366576 0.981252 0.16836 -0.0938035 0.570175 0.699763 -0.430388 0.628986 -0.384179 -0.675857 0.164773 0.789984 -0.590572 -0.0751759 -0.183796 -0.980085 -0.108393 0.0806881 -0.990828 -0.769222 -0.266988 -0.58053 -0.641464 0.379296 -0.666827 -0.959918 0.202934 -0.193329 -0.909067 -0.401249 0.112233 -0.627904 0.558662 0.54188 -0.500158 -0.0193178 0.865719 -0.490113 0.0560138 0.869857 -0.00225927 0.98606 0.166375 -0.0405356 0.999165 0.00505453 -0.174505 0.984508 -0.0171072 0.0260172 0.982574 0.184043 -0.242733 0.965016 -0.0991244 0.0628939 0.983492 0.169669 -0.0683792 0.996747 -0.042655 0.0410769 0.98237 -0.182377 0.265903 0.963757 -0.0216435 0.083314 -0.981952 0.169789 0.109651 -0.980249 0.164584 0.106894 -0.991326 0.0764664 -0.115431 -0.991762 -0.0555401 -0.0117586 -0.998 -0.062105 0.00242079 -0.996261 -0.0863585 -0.355409 0.599007 -0.717548 -0.823486 0.45787 0.335001 -0.611955 0.705257 -0.357943 -0.509599 0.858472 -0.0577432 -0.912227 0.408719 0.0281245 -0.534607 0.426969 -0.72931 -0.512809 0.234295 -0.825913 -0.737947 0.48213 -0.472214 -0.577324 0.0905143 -0.811482 -0.8833 0.246972 -0.39848 -0.841814 0.00756928 -0.539714 -0.963137 0.255067 -0.0854857 0.990613 0.0566601 -0.124397 0.940172 -0.142945 -0.309263 0.888995 -0.151311 -0.432195 0.740828 -0.0182482 -0.671447 0.850697 -0.519658 -0.0791838 0.506639 -0.191213 -0.840687 0.68474 -0.504483 -0.525955 0.285106 -0.0295868 -0.958039 0.993426 0.0896348 0.071212 0.662619 -0.732313 -0.157014 0.66232 -0.731184 -0.163406 0.902097 -0.32009 0.289419 0.881191 -0.383342 0.276678 0.473291 -0.364971 -0.801743 0.427164 -0.904048 0.0150895 0.503238 -0.461187 -0.730793 0.771396 -0.519238 0.367885 0.161664 -0.850769 -0.500057 0.974513 0.179944 0.133957 -0.00424225 -0.152623 -0.988275 -0.16007 -0.0421948 -0.986203 0.085597 -0.878694 -0.469648 0.903449 0.244945 0.351826 -0.0563407 -0.463066 -0.884531 0.755324 -0.0785565 0.650626 0.756656 -0.0634674 0.650726 0.536592 -0.554253 0.636296 -0.0289026 -0.487508 -0.87264 0.57218 -0.266694 0.775554 0.425859 -0.641757 0.637803 0.774513 0.419792 0.473185 0.454872 -0.199055 0.868026 -0.46669 -0.140301 -0.873222 0.519917 0.317982 0.792826 0.813522 0.580975 -0.0254881 -0.424986 -0.491317 -0.760259 0.692642 0.611489 0.382528 0.428821 0.341961 0.836167 -0.513428 -0.373426 -0.772622 0.304868 0.0680054 0.949964 0.756714 0.637146 -0.146386 0.40393 0.379828 0.832209 0.486184 0.754538 0.440792 0.0779184 -0.467228 0.880697 0.0778352 -0.46674 0.880963 0.825552 0.45354 -0.335805 -0.430377 -0.780499 -0.453428 -0.000988467 -0.353752 0.935339 -0.00214813 -0.00400844 0.99999 -0.150854 -0.755755 0.637242 -0.213238 -0.734134 0.644652 -0.754097 -0.320687 -0.573147 0.0851255 0.523442 0.847798 -0.00192169 -0.00419242 0.999989 -0.71167 -0.584974 -0.389014 -0.850483 -0.15482 -0.502702 0.678678 0.360753 -0.639729 -0.448875 -0.444912 0.774961 -0.523128 -0.80271 0.286346 -0.514123 -0.833919 0.200643 -0.398927 -0.375345 0.836644 -0.856789 -0.50973 -0.0780203 0.537187 0.450356 -0.713169 -0.440066 -0.0202282 0.897738 -0.0653119 0.440817 0.895218 -0.346135 0.460924 0.817153 0.329061 0.738532 -0.588463 -0.786852 -0.60926 0.0983205 -0.604628 0.116711 0.787911 -0.706569 -0.37232 0.601779 0.445956 0.733001 -0.513646 -0.557124 0.122993 0.82127 -0.969186 -0.227438 -0.0946111 -0.757319 -0.307046 0.576359 -0.454503 0.632799 0.626892 -0.0578258 0.87047 -0.488813 0.276249 0.247956 -0.92855 -0.995559 -0.0812911 0.0474687 -0.876129 -0.249804 0.412305 -0.0105265 0.374765 -0.92706 -0.0144131 0.396504 -0.91792 -0.946885 -0.0962975 0.306815 -0.238989 0.626252 -0.742087 -0.811207 0.420291 0.40657 -0.188519 0.196311 -0.962249 -0.822274 0.352836 0.446511 -0.87111 0.174072 0.459203 0.920329 0.122397 -0.371501 -0.545184 0.0235293 0.837986 -0.663096 -0.028989 0.747973 -0.0907465 -0.995841 0.00806092 -0.992616 -0.0338916 0.116468 -0.723623 -0.549571 -0.417542 -0.843893 -0.0610914 -0.533022 -0.715367 -0.532685 -0.452212 0.256582 -0.277384 -0.925864 0.111567 -0.29532 -0.948862 -0.228168 -0.251827 -0.940491 0.374776 -0.416541 -0.828273 0.207305 -0.345491 -0.915238 0.984814 -0.0977505 -0.143476 -0.723332 -0.144528 -0.675205 0.490939 -0.629446 -0.602309 0.962821 -0.0162037 0.269655 0.557354 -0.0701259 0.827308 0.563027 -0.0681845 0.823621 0.25453 0.0428662 0.966115 0.946988 -0.0180116 -0.320764 0.863269 -0.00717025 0.504693 -0.0478415 0.00308231 0.99885 -0.323168 0.0018564 0.94634 -0.786375 0.0015542 0.617747 -0.973979 -0.00704126 0.226528 -0.530396 0.0371725 0.846935 -0.0229467 0.99932 0.0288558 -0.610717 0.082747 0.787513 -0.705788 0.44991 -0.547215 -0.576454 0.121958 -0.807977 -0.677934 0.347069 0.648035 -0.418569 0.201754 -0.885491 -0.910573 0.253209 -0.326712 -0.514243 0.31013 -0.799608 0.539176 0.355867 -0.763314 0.384756 0.347541 -0.85509 0.908665 0.416461 -0.0298173 0.0903073 0.0613279 -0.994024 -0.0630456 0.332875 0.940861 0.678866 0.711911 -0.179789 0.992617 0.0280321 0.118004 0.20241 0.850496 0.485476 0.722817 0.0850016 0.685792 0.788625 0.609578 0.0805346 0.222737 0.0754891 0.971952 -0.974701 0.223125 0.0131891 -0.957595 0.288036 -0.00691123 -0.73315 0.679995 0.0098656 -0.700419 0.713729 -0.00210679 -0.401722 0.915755 0.00343868 -0.25862 0.962716 -0.0793318 -0.275936 0.958518 0.0714288 -0.10965 0.993513 -0.030152 0.0361138 0.999343 -0.00315696 0.325088 0.945331 -0.0258316 0.285005 0.955375 -0.0776581 0.316703 0.946038 0.068631 0.420042 0.907482 0.00643756 0.797439 0.603263 -0.0128453 0.807056 0.590429 -0.00734568 0.991822 0.127407 -0.00758504 0.98458 0.174813 0.00656732 0.942842 -0.333238 0.00128333 0.970997 -0.237424 -0.0281886 0.80194 -0.597355 0.00770934 0.733122 -0.680012 -0.010822 0.581125 -0.813734 0.0114462 0.333362 -0.940721 -0.0625669 0.440918 -0.897497 -0.00950623 0.178916 -0.983749 0.0150953 0.0689974 -0.997364 -0.0224674 0.186251 -0.982426 -0.0122313 -0.282755 0.955184 -0.0875952 -0.249761 -0.964904 -0.0811133 -0.362062 -0.931432 0.0366763 -0.386358 -0.922161 0.0185988 -0.734118 -0.679007 -0.00454405 -0.723163 -0.690618 -0.00906856 -0.977947 -0.208806 0.00448154 -0.985965 -0.166785 -0.00743357 1.02027e-05 -1 -4.54545e-06 2.31357e-07 -1 -2.83832e-07 0 -1 0 0 -1 0 0 -1 0 0 -1 0 8.6192e-07 -1 9.00453e-06 -7.77613e-07 -1 5.26345e-06 0 -1 7.09056e-06 -0.00169086 0.00107038 0.999998 -0.000648015 0.00267384 0.999996 -0.00029046 -0.000102548 1 0.00383938 0.0128922 -0.99991 0.00823793 0.0171716 0.999819 0.00273107 0.00154394 0.999995 -0.000105102 -0.00028396 1 0.00295792 0.00108645 0.999995 0 0 1 0 0 1 0 0 1 -6.71341e-05 -0.000486863 1 -0.00446736 0.000547186 0.99999 0 1 7.61685e-07 7.97908e-08 1 9.44406e-07 -3.86241e-05 1 -1.3948e-05 -2.23758e-05 1 -1.76607e-05 0.0267614 0.996748 0.0760049 -1.5862e-05 1 -2.64616e-05 -1.23817e-05 1 -4.41231e-05 -1.32533e-05 1 -3.03248e-05 0 0 -1 0 0 -1 0 0 -1 0 0 -1 0 0 -1 0 0 -1 0 0 -1 0 0 -1 0 0 -1 0 0 -1 0 0 -1 0 0 -1 0 0 -1 0 0 -1 0 0 -1 0 0 -1 0 0 -1 -0.0186795 -0.956541 -0.291 -0.0189105 -0.956337 -0.291652 0.00747117 -0.8795 -0.475841 -0.0319539 -0.789077 -0.613463 0.0107165 -0.691902 -0.721912 -0.0106914 -0.503734 -0.863793 0.0237113 -0.427395 -0.903754 -0.0130286 -0.153307 -0.988093 0.0304891 -0.0162141 -0.999404 -0.0120776 0.145038 -0.989352 -0.0103315 0.445026 -0.895458 0.016198 0.296589 -0.954868 0.00619563 0.552926 -0.833207 -0.0120072 0.641073 -0.767386 0.0199638 0.751531 -0.659396 -0.00485125 0.822712 -0.568438 0.0217704 0.930653 -0.365254 -0.00213549 0.907115 -0.420878 -8.97815e-05 0.982875 -0.184271 0.00444026 -0.951929 -0.306285 -0.00124907 -0.948113 -0.317931 -0.0165673 -0.749009 -0.662352 0.0352688 -0.636924 -0.770119 -0.0191685 -0.412636 -0.910694 0.022088 -0.211962 -0.977028 -0.0278251 -0.0436194 -0.998661 -0.00942452 0.126083 -0.991975 -0.053776 0.36382 -0.929916 0.00613426 0.608604 -0.79345 -0.0444978 0.729178 -0.682876 -0.00395769 0.916816 -0.399291 -0.0439737 0.960881 -0.273449 0.0174807 0.999528 -0.0252773 -0.0186128 0.978068 0.207455 0.0261149 0.926021 0.376567 -0.0121137 0.838386 0.544942 0.0243055 0.662838 0.748369 -0.0336401 0.502325 0.864024 0.00533618 0.328948 0.944333 0.00581897 -0.0441683 0.999007 -0.0356576 0.127101 0.991249 -0.00261634 -0.261551 0.965186 0.0262697 -0.383125 0.923323 -0.0125682 -0.568255 0.822757 0.0249456 -0.719443 0.694103 -0.0226472 -0.833342 0.552293 0.0255938 -0.957787 0.286338 -0.0346908 -0.991473 0.125609 0.971546 0.168712 -0.166234 0.983264 0.151861 -0.100645 0.976515 0.12244 -0.177276 0.962859 0.104077 -0.249138 0.982456 0.0487775 -0.18 0.966033 0.256368 -0.032479 0.976952 0.209775 -0.0394907 0.988956 -0.0188499 -0.147009 0.964354 -0.100584 -0.244754 1 0 0 0.968897 -0.124378 -0.213936 0.950735 -0.199462 -0.237315 0.977825 -0.17559 -0.114132 0.967125 -0.248766 -0.052765 1 0 0 1 0 0 1 0 0 0.980101 -0.188638 -0.0617892 0.999923 -0.0119706 0.00340663 1 0 0 0.999921 -0.0122966 -0.00245803 1 0 0 1 0 0 -0.982648 -0.118914 0.142344 -0.982575 -0.152918 0.105656 -0.987013 -0.142561 0.0740355 -0.990144 -0.0623291 0.125415 -0.983106 -0.170387 0.0668719 -0.987979 -0.0753834 0.134964 -0.980792 -0.0282925 0.192993 -0.981359 -0.188872 0.0355133 -0.988553 0.0231325 0.149093 -0.98966 -0.127251 -0.066182 -0.984298 0.0156904 0.175815 -0.979154 0.102324 0.175463 -0.988641 0.101255 0.11107 -0.980459 0.15531 0.120745 -1 -5.11856e-06 -6.99729e-06 -1 6.16448e-05 -1.7571e-05 -0.986735 0.156726 0.042319 -0.984894 0.165626 0.0505108 -0.987157 0.152721 0.046886 -0.942993 0.291044 -0.161425 -1 -0.000120932 4.94889e-05 -1 -4.51332e-05 2.97748e-05 1 -2.08642e-06 -6.74026e-07 -1 1.1085e-07 1.15685e-07 -1 3.54434e-07 -3.26193e-07 -1 0.000429172 -0.000349707 -1 -1.91159e-05 1.75928e-05 -1 -0.000187103 7.6026e-08 -1 0.000235441 0.000292121 -1 -0.000162732 -0.000201908 -1 -5.11178e-06 1.31102e-05 -1 8.44912e-07 4.60705e-05 -1 -4.62131e-06 -3.26181e-05 -1 -4.28373e-09 -7.82858e-06 -1 4.02072e-05 2.30129e-05 -1 -2.85383e-07 -1.55611e-05 -1 8.6394e-06 -9.65635e-05 1 0 0 -1 0 0 -1 9.40471e-06 5.91509e-05 -1 -0.000217828 -0.000250566 -1 0 7.36764e-06 -1 0.000258998 -1.83644e-09 -1 1.84011e-05 -2.07095e-05 -1 -0.000339957 0.000382606 -0.161962 0.637955 0.752849 -0.130358 -0.610047 -0.781569 -0.0975912 0.539663 -0.836206 -0.139621 -0.155418 0.977932 -0.122998 0.323424 0.938226 0.00288012 0.96765 -0.252279 -0.00109799 0.22774 -0.973721 -0.483617 -0.721696 -0.495247 0.0511316 -0.983257 -0.174901 -0.0142556 -0.904939 -0.425302 -0.00128959 -0.820511 0.571629 0.056291 0.390574 0.918849 -0.999999 0.000123392 0.00115409 -0.0539888 -0.95186 -0.30174 -0.136641 0.417295 -0.89844 -0.151478 -0.44083 0.884717 -0.135432 -0.33249 0.933332 0.0398739 0.911774 -0.408753 -0.424632 0.905366 0.000264234 0.0155669 0.86648 -0.498969 -0.0426577 -0.189633 -0.980928 0.0100641 -0.691822 -0.721998 -0.023844 -0.998081 0.0571517 -0.999999 -0.000298683 0.00132589 -0.139633 -0.0718497 0.987593 -0.00925827 0.785368 0.61896 -0.00948816 0.966225 0.257524 0.999946 0.00428936 0.00941435 0.715308 -0.00911529 0.69875 -0.113188 -0.205071 -0.97218 -0.769835 -0.189823 -0.609361 0.653007 -0.447144 -0.611265 -0.840071 -0.370568 -0.396181 -0.617818 -0.609971 -0.496223 -0.761555 -0.616952 -0.198506 -0.45598 -0.885525 -0.0890367 -0.791153 -0.594201 0.144921 -0.550658 -0.740792 0.384711 -0.749526 -0.476402 0.459622 -0.432115 -0.43976 0.787329 -0.651852 -0.290642 0.700441 -0.626179 -0.0344377 0.778918 -0.416025 0.080833 0.905753 -0.734359 0.223281 0.640986 -0.527042 0.563472 0.636181 -0.563739 0.556444 0.610384 -0.699044 0.662404 0.269367 -0.514229 0.827999 0.223575 -0.743884 0.668095 -0.0168956 -0.651886 0.702141 -0.286431 -0.357365 0.841952 -0.404236 -0.948386 0.0749202 0.308141 -0.665156 0.454456 -0.592484 -0.287999 0.181114 -0.940348 -0.411999 0.142377 -0.899992 -0.0841879 0 -0.99645 -0.0952852 0.000294371 -0.99545 -0.27018 -0.00052238 -0.96281 -0.304091 0.000977285 -0.952643 -0.51414 -0.000868811 -0.857706 -0.575806 0.00257899 -0.817582 -0.784954 -0.00302809 -0.619546 -0.820694 0.000125097 -0.571368 -0.952878 -0.0025181 -0.303345 -0.940551 0 -0.339652 -0.999985 0 -0.00550245 0.999885 0.00760292 -0.0131179 0 0 1 0 0 1 0 0 1 0 0 1 0 0 1 0 0 1 0 0 1 0 0 1 0 0 1 0 0 1 0 0 1 0 0 1 0 0 1 0 0 1 0 0 1 0 0 1 0 0 1 0 0 1 0 0 1 0 0 1 0.823412 0.290708 -0.48732 0.764632 0.514444 0.388181 0.334838 0.904652 -0.263606 0.0591793 0.790906 0.609069 -0.381266 0.904204 -0.19249 -0.673498 0.669048 0.314285 -0.800686 0.597794 -0.0392995 -0.967258 0.0613311 0.246272 -0.990571 0.136731 -0.00854707 -0.806 -0.581429 -0.11092 -0.819444 -0.46325 0.337507 -0.432186 -0.900874 0.0405224 -0.306691 -0.885123 0.349996 0.229392 -0.946517 -0.226904 0.41197 -0.818725 0.399962 0.785106 -0.497001 -0.369592 0.866798 -0.283891 0.409959 -1 0 0 0.0284818 -0.993128 0.113519 0.0145696 -0.695704 0.718181 0.0130562 -0.728905 0.68449 0.414899 -0.00588493 0.909848 -0.0249149 -0.99712 0.0716347 0.19992 -0.0317697 0.979297 0.516585 -0.646236 0.561711 0.650233 -0.0274316 0.759239 0.646983 -0.0321303 0.761828 0.662547 -0.0334852 0.748272 -0.999984 -0.00501442 0.00270719 0.311175 -0.919039 0.241944 0.582852 -0.645283 0.493856 0.802874 0.0294587 0.595421 0.68795 -0.119415 0.715867 0.170942 -0.984789 0.0311445 0.63796 -0.770028 0.00802636 0.944016 -0.0551765 0.325252 0.820868 -0.571023 0.0104301 0.996452 -0.0709921 0.045206 0.00794409 -0.999966 -0.00219322 0.973447 0.225355 -0.0402023 0.992041 -0.109106 -0.06286 0.651475 0.758477 -0.0171363 0.0703879 0.997243 -0.0234948 0.103043 0.976496 0.18931 0.600787 0.725158 -0.336455 0.567446 0.751137 -0.33734 0.605835 0.598029 -0.524713 0.653794 0.580461 -0.485406 0.543478 0.464148 -0.699427 0.774978 0.187466 -0.603545 0.782243 0.189114 -0.593576 0.579505 -0.0132201 -0.814861 0.760222 -0.1302 -0.636483 0.36346 -0.398278 -0.842183 0.764422 -0.445883 -0.465668 0.763835 -0.446587 -0.465956 0.60666 -0.699187 -0.378286 0.884071 -0.459357 -0.0860802 0.257785 0.488607 0.833553 0.139052 -0.969663 -0.201044 0.0855195 -0.993142 -0.0797225 0.0166135 0.999862 -1.4904e-06 0.954618 0.297 0.0222638 0.997735 0.0415491 0.0529068 0.011994 0.996056 0.0879091 0.935037 -0.00774533 0.354466 0.643561 0.0655302 0.762584 0.689735 0.0553379 0.721945 0.872991 0.173395 0.455873 0.400794 0.0334344 0.915558 0.0261909 0.997102 0.0714299 0.0124027 0.865903 0.500058 0.33338 0.0315867 0.942263 0.0282485 0.0920239 0.995356 -1 2.08642e-06 6.74026e-07 -0.001811 -0.951333 -0.30816 0.00878777 -0.941678 -0.3364 -0.00454103 -0.840017 -0.542541 0.0113983 -0.80462 -0.59368 -0.00949145 -0.680142 -0.733019 0.0163425 -0.59583 -0.802944 -0.0118197 -0.464922 -0.885273 0.0224931 -0.281902 -0.95918 -0.0069155 -0.192059 -0.981359 0.0113952 0.0407901 -0.999103 0.00684421 0.0539035 -0.998523 -0.00629716 0.362992 -0.931771 0.00993002 0.398353 -0.917179 -0.002507 0.633382 -0.773835 0.0173224 0.672135 -0.740226 -0.0111084 0.848477 -0.529116 0.00905348 0.883806 -0.467767 -0.0174348 0.962766 -0.269773 0 0.977402 -0.211391 0 0.99742 -0.0717876 0.00877915 0.999916 -0.00957726 0.0100633 -0.993695 -0.111661 0.0261009 -0.918853 -0.393737 -0.0101225 -0.874947 -0.484112 0.00554719 -0.734062 -0.67906 -0.00779093 -0.6836 -0.729815 0.00372497 -0.563316 -0.826233 -0.0024832 -0.510751 -0.859725 0.00539819 -0.368707 -0.92953 -0.00542859 -0.304869 -0.952379 0.0211722 -0.052306 -0.998407 0.0131191 -0.0304555 -0.99945 -0.00138861 0.279771 -0.960066 0.0179923 0.34389 -0.938838 -0.00477182 0.568678 -0.822546 0.0173114 0.641906 -0.766588 0.00720735 0.808441 -0.588534 -0.0120759 0.851972 -0.523448 0.0256396 0.93136 -0.363195 0.0168652 0.999524 -0.0258205 0.00540073 0.997704 -0.0675041 -0.0136748 0.972495 0.232523 0.0234674 0.931447 0.363119 -0.0168433 0.817536 0.575632 0.0113195 0.730733 0.68257 -0.00577864 0.606915 0.794745 0.00807338 0.519224 0.8546 -0.0124077 0.354669 0.93491 0.00798631 0.256854 0.966417 0.000877083 -0.0195479 0.999809 -0.0140808 0.0367047 0.999227 -0.00170275 -0.288299 0.957539 -0.0040215 -0.279543 0.960125 -0.00144062 -0.578894 0.815402 0.00192328 -0.585798 0.810455 0.016114 -0.851773 0.523664 -0.00247492 -0.818868 0.573977 -0.00377524 -0.957274 0.289159 0.0132831 -0.977229 0.211772 -0.0138771 -0.999441 -0.0304192 -0.302632 -0.284176 0.909757 -0.652062 0.0693546 0.754987 -0.707595 -0.000323008 0.706618 -0.710893 0.000262527 0.7033 -0.707107 7.04487e-08 0.707107 -0.594493 -0.0597134 0.80188 -0.941612 0.324658 -0.0892438 -0.987255 0.0921295 -0.129769 1 0 0 0.783261 -0.159651 -0.600845 1 9.69669e-05 -0.00032206 1 0 0 1 1.03433e-05 -0.000529023 1 -0.000249774 -0.000939779 0.999998 -0.00107745 -0.00177339 0.999992 -0.0029458 -0.00275164 0.999998 -0.00201565 -0.000785787 -1 0 0 -1 0 0 -1 0 0 -1 0 0 -1 0 0 1 -0.000686062 1.7723e-05 1 -0.0003323 0.000129584 -0.999983 -0.00566229 -0.00103842 -1 0 0 -1 0 0 -1 0 0 -1 0 0 1 0 0 1 0 0 1 0 0 0.333965 0.666508 0.666508 1 0 0 1 0 0 1 0 0 1 0 0 1 0 0 1 0 0 1 0 0 1 0 0 1 0 0 1 0 0 1 0 0 1 0 0 1 0 0 1 0 0 1 0 0 1 0 0 0.189095 -0.797843 0.572442 0 -1 0 3.25047e-05 -1 -3.05663e-06 0.134739 -0.98867 0.0661581 5.02592e-05 1 -6.23199e-05 1.53006e-05 1 -4.04673e-05 0.00017408 1 -0.000118782 -0.00145575 -8.37209e-05 0.999999 0 1 0 0 1 0 0 1 0 0 1 0 0 1 0 0 1 0 0 1 0 0 1 0 -0.994648 0 0.103324 -0.670195 -0.202898 0.713913 -0.847235 0.000765704 0.531217 -0.743785 -1.35154e-05 0.668419 -0.740249 -0.000145036 0.672332 -0.784525 -0.258052 0.563852 -0.168501 -0.100641 0.98055 -0.130962 -0.835252 0.534044 -0.195353 -0.97844 0.06702 -0.441275 -0.0539793 0.895747 -0.309871 -0.0677681 0.94836 -0.163083 0.946125 0.279735 0.999919 -0.00744661 0.0103694 -0.0647493 -0.996755 0.0478137 -0.675673 -0.735699 0.047047 -0.992727 -0.0834106 0.0868093 -0.0923076 -0.995691 -0.00893047 -0.966941 -0.0575273 0.248425 -0.997663 -0.0674285 -0.0110435 -0.0194502 -0.999811 -1.80988e-05 -0.998942 -0.0453278 -0.00780133 -0.696523 0.715683 -0.05151 -0.722626 0.690316 -0.0357215 -0.732964 0.679373 -0.0348622 -0.457811 0.856077 -0.239878 -0.983691 0.170506 -0.0572704 -0.739924 0.570797 -0.355953 -0.769866 0.535601 -0.347042 -0.543941 0.531488 -0.649345 -0.985059 0.160641 -0.0620758 -0.671514 0.357438 -0.649082 -0.410674 0.330976 -0.849589 -0.98967 -0.00603066 -0.143238 -0.708325 0.0380506 -0.70486 -0.893882 -0.0646311 -0.443619 -0.854415 -0.0997949 -0.509918 -0.981666 -0.0313809 -0.188011 -0.673297 -0.343774 -0.654592 -0.798468 -0.409489 -0.441325 -0.957569 -0.193652 -0.213447 -0.937616 -0.292053 -0.188628 -0.76843 -0.474943 -0.428887 -0.15079 -0.988068 0.0313714 -0.121904 -0.986755 -0.107027 -0.767611 -0.639705 -0.0393834 -0.993904 -0.106932 -0.0268528 -0.0864134 0.996158 0.0141878 -0.999214 0.0394243 -0.00405852 0.99996 0.00712036 0.00535994 0.187297 0.0701155 -0.979798 -0.172155 0.984162 0.0422944 -0.905814 0.120489 0.406182 -0.920631 0.361897 0.146523 -0.967809 0.191493 0.163326 -0.750989 0.499598 0.43176 -0.240225 0.0726747 0.967993 0.297796 0.153144 0.942265 -0.239148 0.933867 0.265896 -0.390959 0.0764479 0.917228 -0.131754 0.972588 0.191607 -0.128369 0.922073 0.365107 -0.48945 0.101563 0.866097 -0.0113311 0.917012 -0.398699 0.0121726 0.894435 -0.447032 -0.0259164 0.128075 -0.991426 -0.0603491 -0.0482962 -0.997008 -0.00673865 -0.331124 -0.943563 -0.00704216 -0.916935 -0.398975 0.00481815 -0.904246 -0.426986 0.0139916 -0.659212 0.751827 -0.00123213 -0.636684 0.771124 -0.00427482 0.700088 0.714044 0.0285421 0.645863 0.76292 -1 0 0 -1 0 0 -1 0 0 -1 0 0 -1 0 0 -1 0 0 -1 0 0 -1 0 0 -1 0 0 -1 0 0 1 0 0 1 0 0 -1 0 0 -0.935247 0.0934446 0.341439 0.0276527 -0.997825 -0.0598338 -0.377945 0.742313 0.55329 0.0198398 -0.979514 0.200397 -0.00867585 -0.433161 0.901275 -0.185292 -0.65631 0.731385 0.00650123 0.0703301 0.997503 -0.0233469 0.302153 0.952974 0.0179202 0.510264 0.859831 -0.016511 0.788616 0.614664 0.0725902 0.984064 0.162326 -0.0264422 0.99907 0.0340686 -0.32781 -0.0782097 0.941501 -0.787176 0.304458 0.536339 0.016867 0.485523 -0.874061 0.0240835 0.50135 -0.864909 0.0241094 -0.668658 -0.74318 -0.122795 -0.346415 -0.93001 -0.103816 -0.955464 0.276243 0.0658467 -0.83155 0.551533 -0.0218623 -0.192724 0.981009 0.0328428 0.0881483 0.995566 -0.0277335 0.51245 0.858269 0.0200323 0.773112 0.633953 -0.195269 0.980389 0.0265845 -0.78111 0.482823 0.395916 -0.799299 0.527317 0.288198 -1 0 0 -1 0 0 -1 0 0 -0.916407 -0.194358 0.349892 -1 0 0 -0.871773 -0.108533 0.477737 -1 0 0 -0.417303 -0.451062 0.788924 -0.189001 -0.947343 -0.258495 0.18814 -0.713552 0.674868 0.0362819 -0.830425 0.555948 -0.0157887 -0.244338 0.969562 0.00966964 -0.125963 0.991988 -0.148577 0.937001 -0.316155 -0.0457997 0.472274 0.880261 -0.483396 0.847921 0.217619 -0.457956 0.838928 0.294069 0.97159 0.190443 0.140517 0.976139 0.129401 0.174382 0.98668 0.0702367 0.146731 0.98354 0.170817 0.0589194 0.984197 0.166754 0.0595703 0.980903 0.0548428 0.186604 0.984074 0.169317 0.0541287 0.987885 -0.00633054 0.155058 0.989744 -0.0119457 0.142349 0.978321 -0.0825002 0.189951 0.984559 -0.117676 0.129597 0.978729 -0.128225 0.16015 1 5.55746e-05 2.53843e-05 0.966245 -0.227699 0.120513 1 3.7e-06 -9.1647e-06 0.980003 -0.192867 -0.0489617 1 0 0 1 0 0 1 -3.48946e-06 -2.15163e-05 1 0 0 1 0 0 0.135439 0 -0.990786 0.145266 -0.00035784 -0.989393 0.353663 0.000748527 -0.935372 0.364146 5.77684e-05 -0.931342 0.631947 0.000416975 -0.775012 0.627762 0.000170521 -0.778405 0.826027 -0.000833204 -0.56363 0.814552 0.000281555 -0.58009 0.954946 1.29389e-05 -0.296781 0.953841 -0.000241163 -0.300312 0.999992 -0.00136228 -0.00379949 0.751828 -0.59374 -0.286753 0.621855 -0.722497 -0.302148 -0.412124 -0.718301 -0.560534 0.681236 -0.502425 -0.532435 0.424052 -0.621551 -0.658676 0.685692 -0.497602 -0.531243 0.674627 -0.377016 -0.634616 0.522435 -0.259959 -0.812085 0.444243 -0.296172 -0.845535 0.797303 -0.199534 -0.569644 0.538938 -0.161875 -0.826645 0.670365 -0.0226009 -0.741687 0.480219 0.0772008 -0.873745 0.797572 0.0530918 -0.600883 0.120474 0.371638 -0.920528 0.754444 0.183632 -0.630154 0.578345 0.493279 -0.649763 0.692985 0.415415 -0.589239 0.432894 0.768062 -0.471894 0.424785 0.772494 -0.472028 0.970656 0.159851 0.179654 0.584998 0.80606 -0.0896981 0.706101 0.688699 0.164667 0.478006 0.80444 0.352685 0.72869 0.559963 0.394274 0.623339 0.474587 0.621463 0.404788 0.46784 0.785667 0.643062 0.271631 0.716022 0.580055 0.0299018 0.814028 0.283208 -0.0802009 0.955699 0.640893 -0.214587 0.737027 0.685276 -0.426628 0.590242 0.365407 -0.673392 0.642667 0.636863 -0.631331 0.442524 0.590453 -0.772594 0.233374 -0.272883 -0.961913 -0.0161009 0.542661 -0.836831 0.0723485 -1 0 0 -1 0 0 -1 0 0 -1 0 0 -1 0 0 -1 0 0 -1 0 0 -1 0 0 -1 0 0 -1 0 0 -1 0 0 -1 0 0 -1 0 0 -1 0 0 -1 0 0 -1 0 0 -1 0 0 -1 0 0 -1 0 0 -1 0 0 -1 0 0 -1 0 0 -1 0 0 -1 0 0 -1 0 0 -1 0 0 -1 0 0 -0.431059 -0.883931 0.181258 -0.407621 -0.89332 0.189275 -0.175221 -0.963731 -0.201297 -0.844582 -0.381195 -0.375994 -0.653386 -0.616979 -0.438661 -0.52038 -0.433609 -0.735655 -0.591395 -0.0809849 -0.802305 -0.857862 0.136094 -0.495532 -0.391555 0.0262131 -0.919781 -0.208473 0.612363 -0.762595 -0.754716 0.541622 -0.370202 -0.355564 0.861035 -0.363584 -0.384781 0.922314 -0.0357772 -0.756973 0.629395 0.17565 -0.857959 0.471523 0.203893 -0.833273 0.498586 0.238888 -0.350304 0.536623 0.767674 -0.470151 0.324174 0.820895 -0.739794 0.147089 0.656559 -0.358607 -0.0403457 0.932616 -0.344992 -0.386287 0.855432 -0.668408 -0.434254 0.603866 -0.101084 -0.759943 0.642081 0.931966 -0.340788 0.123705 0.596788 -0.602157 0.530331 0.423086 -0.372904 0.825797 0.768268 -0.0276666 0.639531 0.929625 0.0959543 0.355796 0.981592 -0.093377 0.166608 0.742245 0.530432 0.409529 0.74049 0.539783 0.400386 0.848554 0.487894 0.204733 0.75082 0.636196 0.177547 0.521769 0.852225 0.0383282 0.496021 0.78347 -0.37435 0.653908 0.656323 -0.376357 0.0369567 0.625692 -0.779194 0.619424 0.0849036 -0.780452 0.850562 0.13927 -0.507097 0.557077 -0.0834031 -0.826262 0.4786 -0.445845 -0.756415 0.776258 -0.412693 -0.476558 0.422497 -0.738691 -0.525196 0.301132 -0.933438 -0.19497 0.823058 -0.523887 0.219359 0.939975 -0.338318 0.0445783 0.99997 0.00369703 -0.00676974 0.999988 -0.00454748 0.00165073 1 0 0 1 0 0 1 0 0 0.967156 -0.234461 0.0981719 0.979842 -0.0608498 -0.19028 -0.0111044 -0.999575 -0.0269638 -0.978172 -0.127832 -0.163824 -0.129034 -0.751559 -0.646923 -0.939131 -0.103162 -0.327704 -0.449672 0.685072 -0.573125 -0.37274 0.483662 -0.791919 -0.237317 0.751908 -0.615073 -0.0789526 0.894884 -0.439259 -0.448975 0.549257 -0.704797 -0.994732 0.0924195 -0.0443518 -0.0479886 0.986557 0.156213 0.0890728 0.931707 0.352118 0.110522 0.384542 0.916467 -0.837911 -0.0199738 0.545442 -0.104056 0.424053 0.89964 -0.996499 0.0309656 0.0776594 0.0272003 -0.0464726 0.998549 -0.128084 -0.247229 0.960454 -0.903589 -0.115871 0.412434 -0.0325945 -0.756361 0.653341 -0.244323 -0.948556 0.201365 -0.184637 -0.966078 0.180561 -0.00852327 -0.999601 -0.0269215 0.0268514 -0.908202 -0.417669 -0.0370532 -0.682245 -0.730184 0.0116617 -0.555721 -0.831287 -0.00903922 -0.259883 -0.965598 0.00761903 -0.209829 -0.977709 -0.0119229 0.198478 -0.980033 0.048693 0.997151 -0.0576096 0.0553755 0.608335 0.791747 0.0117191 0.337585 0.941222 0.0248339 -0.475282 0.879483 -0.0131054 -0.748155 0.663395 0.964408 0.248706 0.0897943 0.84729 0.515309 0.128671 0.986013 0.137099 0.0947792 0.935422 0.353175 0.0159126 0.976003 0.12756 0.176486 0.9512 0.161659 0.262842 0.92893 0.361108 -0.081796 0.941226 0.078589 0.328509 0.76638 0.595109 -0.241881 0.943148 0.274211 -0.18783 0.835215 0.0643179 0.546149 0.941535 0.204596 -0.267679 0.940626 -0.0615753 0.333814 0.894953 0.227649 -0.383711 0.944483 0.12364 -0.304409 0.832212 -0.261783 0.488767 0.757655 -0.32851 0.56395 0.950264 0.0538026 -0.306763 0.947288 -0.235083 0.217673 0.900311 -0.0332329 -0.433977 0.867729 -0.0554963 -0.493929 0.928008 -0.345078 0.140435 0.925633 -0.123559 -0.357683 0.735496 -0.65576 0.170367 0.840304 -0.340256 -0.422036 0.804797 -0.383972 -0.452623 0.838411 -0.545036 0.00175055 0.811054 -0.580199 -0.0745677 0.923882 -0.367857 -0.105464 0.948066 -0.261595 -0.18094 0.00997506 0.984314 -0.176146 -0.00664456 0.999973 -0.00321173 0.00480144 0.988159 0.15336 -0.00375203 0.961267 0.275593 0.00388299 0.898401 0.439159 -0.00777259 0.822409 0.568844 0.000846791 0.771435 0.636307 0.00893088 0.499674 0.866167 -0.00791731 0.627625 0.778475 -0.0052414 0.326507 0.94518 0.00581259 0.203394 0.97908 -0.00373932 0.0763535 0.997074 0.00415947 -0.092923 0.995665 -0.001344 -0.172751 0.984965 0.00451792 -0.33851 0.940952 0 -0.376308 0.926495 0 -0.607263 0.794501 0 -0.607263 0.794501 0 -0.82501 0.565119 0 -0.82501 0.565119 0 -0.975293 0.220917 -0.00396791 -0.970051 0.242869 0.00183488 -0.997731 -0.0672985 0.00524262 -0.998973 -0.0450095 -0.00175195 -0.940572 -0.339589 0.00429759 -0.920458 -0.390817 -0.00230154 -0.822569 -0.56866 0.0119253 -0.742151 -0.670127 -0.00662136 -0.585772 -0.810449 0.0083343 -0.428774 -0.903374 -0.0150884 -0.232638 -0.972446 -0.000983799 -0.11708 -0.993122 -0.00479112 0.19287 -0.981213 -0.00281613 0.181399 -0.983406 0.00340167 0.47214 -0.881517 0.00207952 0.464193 -0.885732 -0.00215059 0.733753 -0.679413 -0.0063429 0.714457 -0.699651 0.00122678 0.876339 -0.481693 -0.0119897 0.926169 -0.376919 0.0797223 -0.908924 0.409269 0.0716094 -0.883475 0.462973 0.57767 -0.410865 0.705328 0.114955 -0.378333 0.918504 0.0741851 -0.0738853 0.994504 0.0411002 0.383396 0.922669 0.241308 0.113502 0.963788 0.0449714 0.619454 0.783744 0.0942906 0.653219 0.751275 0.187922 0.929142 0.318402 0.128222 0.949863 0.285165 0.0394725 0.997699 -0.0551271 0.128793 0.89021 -0.436965 0.171166 0.912731 -0.370978 0.0629847 0.767734 -0.637665 0.0975336 0.518183 -0.849691 0.104418 0.507451 -0.85533 0.0344827 0.230183 -0.972536 0.210858 -0.0813266 -0.974128 0.243093 -0.042215 -0.969084 0.409009 -0.507146 -0.758627 0.666871 -0.486093 -0.564798 0.0548327 -0.887962 -0.456636 0.0457906 -0.90753 -0.417483 0.0857541 -0.945968 -0.312715 0.12938 -0.932975 0.335884 1 0 0 1 0 0 1 0 0 1 0 0 1 0 0 1 0 0 1 0 0 1 0 0 1 0 0 1 0 0 1 0 0 1 0 0 1 0 0 1 0 0 1 0 0 1 0 0 1 0 0 1 0 0 1 0 0 1 0 0 1 0 0 1 0 0 1 0 0 1 0 0 1 0 0 1 0 0 1 0 0 1 0 0 1 0 0 1 0 0 0.504616 0.855989 0.112451 0.628734 0.77544 0.0581841 0.016419 0.948906 -0.31513 0.830161 0.372521 -0.414801 0.252783 0.786943 -0.562869 0.316877 0.340149 -0.885374 0.704606 -0.0486749 -0.707928 0.687606 -0.0416295 -0.72489 0.136878 -0.430928 -0.891945 0.442849 -0.691971 -0.570141 0.610921 -0.576829 -0.542259 0.177799 -0.946604 -0.268939 0.320605 -0.940644 -0.111363 0.744747 -0.66596 0.0430083 0.589703 -0.789177 0.171613 0.386375 -0.693282 0.608337 0.646937 -0.453784 0.612824 0.64314 -0.454354 0.616388 0.206069 -0.258813 0.94369 0.514749 0.0630662 0.855018 0.454745 0.0851562 0.886541 0.098018 0.536781 0.838009 0.57488 0.58224 0.574899 0.21498 0.816353 0.536051 -0.11677 0.535688 0.836303 -0.809536 0.552446 0.198631 -0.382643 0.772283 0.507113 -0.771039 0.13236 0.622881 -0.712034 0.0671351 0.698928 -0.836597 -0.170851 0.520495 -0.874761 -0.12816 0.467299 -0.602772 -0.473438 0.642279 -0.41259 -0.760793 0.500963 -0.519867 -0.773322 0.362921 -0.829844 -0.5465 0.112681 -0.880618 -0.379783 -0.283331 -0.869455 -0.359939 -0.338367 -0.923983 -0.166367 -0.34435 -0.924095 -0.166093 -0.344182 -0.776145 -0.0432528 -0.629069 -0.594251 0.325757 -0.735356 -0.781787 0.369091 -0.502575 -0.77952 0.621194 -0.0804102 -0.69549 0.712415 0.0935897 -0.981793 -0.189086 -0.018137 -1 -3.2297e-05 9.83924e-05 -0.999673 0.0155885 0.0202648 -0.979216 0.165072 -0.117844 0.162316 0.968552 0.188576 -0.202277 0.823134 0.530599 -0.173265 0.911549 -0.372904 0.195809 0.879273 -0.43421 0.0177613 0.891601 -0.452473 0.936679 0.287262 -0.200284 -0.0883685 0.684276 -0.723849 -0.299206 0.365027 -0.881607 -0.172816 -0.0871444 -0.981091 0.136718 -0.425562 -0.894542 0.156715 -0.406872 -0.899942 0.109021 -0.648847 -0.753068 -0.149104 -0.833011 -0.532786 0.429289 -0.865336 -0.258658 0.947368 -0.319615 0.0184668 0.0221326 -0.892787 0.449934 0.984338 -0.142431 0.103886 0.993738 -0.0900864 0.0660997 0.986725 -0.143534 0.0759768 0.0829827 -0.247763 0.96526 -0.207358 -0.37655 0.902891 -0.3138 -0.090831 0.945135 0.134713 0.471356 0.871594 -0.00841064 0.60337 0.797417 -0.00881609 0.745245 0.666732 0.972715 0.167088 0.160957 0.029071 0.89644 0.442211 0.0035853 0.996153 -0.0875523 -0.0212272 0.95059 -0.309723 -0.0175888 0.819283 -0.57312 0.0156079 0.597917 -0.801406 0.00138919 -0.808695 -0.588227 -0.0147477 -0.935343 -0.353434 0.00462778 -0.958753 -0.284203 -0.0122897 -0.999887 -0.00868151 0.00509678 -0.9985 0.0545205 -0.0106168 -0.931884 0.362601 -0.0144013 -0.792923 0.609151 0.0148485 -0.664073 0.74752 -0.0186899 -0.467209 0.883949 -0.0138844 0.160988 0.986859 -0.947371 -0.29003 0.13554 -0.661651 -0.749369 0.0257547 -0.530189 -0.847818 0.0102336 -0.796485 -0.407103 0.447079 -0.875919 -0.33868 0.343601 -0.942624 -0.321056 -0.091559 -0.949738 -0.117355 0.290216 -0.926635 -0.301156 -0.225061 -0.87097 -0.0429462 0.489456 -0.756675 -0.0136183 0.65365 -0.893207 -0.34161 -0.292376 -0.832675 0.0924423 0.545992 -0.91923 -0.224575 -0.323391 -0.833812 -0.216217 -0.507944 -0.804867 0.250346 0.538067 -0.896818 -0.133996 -0.421619 -0.888873 0.121573 0.441729 -0.950247 0.208748 0.231203 -0.918613 -0.00982907 -0.395036 -0.92167 0.313605 0.22842 -0.861674 0.0687866 -0.502778 -0.915617 0.0837525 -0.393232 -0.86935 0.423557 0.254617 -0.895718 0.403955 0.185767 -0.953438 0.14844 -0.26253 -0.868744 0.489156 0.0775252 -0.909672 0.28122 -0.305634 -0.615145 0.788208 -0.0180374 -0.96802 0.185183 -0.169245 -0.923883 0.380688 -0.038936 -0.982013 0.171778 -0.0783752 -0.00280783 -0.982908 -0.184078 0.00129335 -0.987672 -0.156534 -0.000310951 -0.99481 0.101747 0.000790918 -0.995531 0.0944373 -0.000235915 -0.91023 0.414104 -8.41428e-05 -0.909778 0.415095 -0.00352576 -0.728758 0.684763 -0.00103753 -0.738158 0.674627 -0.0065681 -0.422788 0.906205 0.00395176 -0.492188 0.87048 0.00185932 -0.208312 0.978061 -0.00185935 -0.15922 0.987242 0.00502283 0.0248734 0.999678 0 0.073822 0.997271 0 0.302884 0.953027 0 0.302884 0.953027 0 0.570393 0.821372 0 0.570393 0.821372 0 0.801028 0.598627 0 0.801028 0.598627 0 0.945152 0.326631 0.00832831 0.961626 0.274237 -0.000940054 0.997983 0.0634736 0.00723337 0.999384 -0.0343474 -6.47854e-05 0.990029 -0.140861 0.00167576 0.911473 -0.411357 0.0041836 0.905944 -0.423376 -0.00136418 0.755349 -0.655321 0.0135131 0.673216 -0.739323 -0.00346055 0.49582 -0.868419 0.00464771 0.374876 -0.927063 -0.00411045 0.292883 -0.956139 -0.0017797 0.0276502 -0.999616 0.00305919 0.0874066 -0.996168 0.00125717 -0.166935 -0.985967 -0.00773836 -0.249342 -0.968385 0.00587401 -0.421837 -0.906653 -0.00727761 -0.539922 -0.841684 0.00289447 -0.670142 -0.742228 -0.00375269 -0.753405 -0.657546 0.00144704 -0.808314 -0.588751 -0.00254259 -0.892007 -0.452014 0.000994904 -0.908534 -0.417809 -0.0619457 0.895097 0.441548 -0.050631 0.730592 0.680934 -0.105316 0.810313 0.576456 -0.0476805 0.530822 0.846141 -0.0798101 0.476936 0.875307 -0.0838268 -0.125625 0.98853 -0.0991111 -0.0862927 0.991328 -0.0672371 -0.405986 0.911403 -0.156706 -0.850019 0.502903 -0.691952 -0.506796 0.514159 -0.147479 -0.875903 0.459394 -0.741785 -0.670612 -0.00582259 -0.710157 -0.703992 0.00849751 -0.29207 -0.894657 -0.33806 -0.463038 -0.714592 -0.524361 -0.0548701 -0.705857 -0.706226 -0.0392901 -0.648915 -0.759846 -0.0881431 -0.3654 -0.926668 -0.121528 -0.408726 -0.90453 -0.0529968 -0.0865304 -0.994839 -0.158529 0.330494 -0.930399 -0.036491 0.167073 -0.985269 -0.0480027 0.461906 -0.885629 -0.14704 0.867531 -0.475152 -0.609839 0.565019 -0.555742 -0.14487 0.897302 -0.416967 -0.814916 0.579545 0.00623049 -0.0866006 0.98138 0.171445 -0.0783079 0.978926 0.188605 1 0 0 -0.126313 0.221216 0.96701 0.126313 -0.221216 -0.96701 1 0 0 1 0 0 1 0 0 1 0 0 1 0 0 -1 0 0 -1 0 0 -1 0 0 -0.918282 0.332116 -0.215541 -1 0 0 0.970905 0.0548689 0.233094 -0.965164 -0.256287 -0.0526779 -1 0 0 -0.2299 0.955707 -0.183764 0 0.866107 -0.499858 0 0.000166472 -1 -0.2299 -0.318406 -0.919654 9.84558e-08 -0.865943 -0.500143 -0.2299 -0.955707 0.183764 0 -0.866107 0.499858 -0.2299 0.318406 0.919654 0 -0.000166472 1 0 0.865943 0.500143 -1 0 0 -1 0 0 0.00828922 -0.983245 0.182102 -0.0331205 -0.836152 0.547497 0.0242876 -0.24056 0.97033 -0.0189301 0.229091 0.973221 0.0283433 0.771263 0.635885 -0.019825 0.974001 0.225676 0.0154677 0.930451 -0.36609 -0.0050698 0.79821 -0.602358 0.00815571 0.291135 -0.956647 -0.00670447 0.15781 -0.987447 0.010105 -0.688018 -0.725623 -0.0183904 -0.811623 -0.583892 0.846285 -0.462338 0.26466 0.835188 -0.48987 0.249977 0.875382 0.482829 -0.0241356 0.724585 0.63323 -0.272024 0.749827 0.639433 -0.169957 0.742737 -0.144614 -0.65378 0.794277 -0.605799 -0.0461653 -0.858283 -0.480147 -0.181135 -0.838766 -0.0340538 -0.543426 -0.863296 0.153061 -0.480929 -0.740736 0.323285 0.588894 -0.663452 0.189987 0.723697 -0.663651 0.377143 0.646011 -0.835599 -0.340265 0.431271 0.997826 -0.0647968 0.0120007 0.998032 -0.0150878 0.0608586 0.997526 0.0542367 0.0447166 0.997187 0.0697502 -0.0274435 0.99676 0.023417 -0.0769462 0.996442 -0.0579929 -0.0611626 1 0 0 1 0 0 1 0 0 -1 0 0 -1 0 0 -1 0 0 -1 0 0 -1 0 0 -1 0 0 -0.0307625 0.865697 -0.499622 0 0.837816 -0.545953 0 0.000166472 -1 0 0.000166472 -1 0 -0.865943 -0.500143 0.2299 -0.955647 -0.184077 1.32915e-07 -0.866107 0.499858 0 -0.000166472 1 0.2299 -0.318712 0.919548 0 0.865943 0.500143 0.101101 0.922987 0.371312 -1 0 0 -1 0 0 -1 0 0 -1 0 0 -0.00514821 -0.860136 0.510038 0.039417 -0.358004 0.932888 -0.007109 -0.0126746 0.999894 0.0131412 0.794292 0.607394 0.00666172 0.770237 0.637723 -0.00471911 0.912204 -0.40971 0.00232048 0.88768 -0.460455 -0.00696972 0.128529 -0.991681 -0.00244113 0.100375 -0.994947 -0.00456967 -0.666883 -0.745149 -0.0361663 -0.86564 -0.499359 0.0167072 -0.995566 0.0925733 0.740067 -0.599641 0.304519 0.660979 -0.222859 0.716548 0.740965 0.361397 0.566007 0.881574 0.466111 -0.074622 0.890684 0.0503549 -0.451826 0.845051 -0.434654 -0.311391 -0.672375 -0.601729 -0.431086 -0.873347 0.160027 -0.460062 -0.912596 0.371013 -0.171807 -0.919999 0.331668 0.208803 -0.812616 -0.173083 0.556505 -0.609203 -0.782468 0.128901 0.997907 -0.023168 0.0603712 0.997691 0.052309 0.0433096 0.996972 0.0690328 -0.0358085 0.995184 0.0125998 -0.0972157 0.997153 -0.0502892 -0.0561911 0.997946 -0.0637816 0.00593078 -0.00122424 -0.0133563 -0.99991 0.00485445 -0.0110455 -0.999927 0 0 -1 0 0 -1 0 0 -1 0 0 -1 0 0 -1 0 0 -1 0 0 -1 0 0 -1 0 0 -1 0 0 1 0 0 1 0 0 1 0 0 1 0 0 1 0 0 1 0 0 1 0 0 1 0 0 1 0 0 1 0 0 1 0 0 1 0 0 1 0 0 1 0 0 1 0 0 1 0 0 1 0 0 1 0 0 1 0 0 1 0 0 1 0 0 1 0 0 1 0 0 1 0 0 1 0 0 1 0 0 1 0 0 1 0 0 1 0.0326044 -0.998975 -0.0314002 0.576398 -0.817169 0 0.576398 -0.817169 0 -0.41949 -0.90776 0 -0.41949 -0.90776 0 -0.995888 -0.0905911 0 -0.995888 -0.0905911 0 -0.576398 0.817169 0 -0.576398 0.817169 0 0.41949 0.90776 0 0.41949 0.90776 0 0.995888 0.0905911 0 0.995888 0.0905911 0 -0.902812 0.430035 0.000500002 -0.885391 0.464846 -0.00117424 -0.74604 0.665901 0.000632216 -0.731014 0.682363 -7.17812e-05 -0.576398 0.817169 0.000576456 -0.589113 0.808051 0 -0.397529 0.91759 0 -0.397529 0.91759 0 -0.16476 0.986333 0.000997173 -0.188669 0.982041 0 0.0339448 0.999424 -0.000473423 0.0837196 0.996489 0.000840409 0.237162 0.97147 -0.000635371 0.323793 0.946127 0.00164721 0.461079 0.887358 -0.00150106 0.550135 0.835075 0.000998221 0.713432 0.700719 -0.00278926 0.737226 0.675645 -0.00132114 0.863323 0.504651 -9.67712e-05 0.896877 0.442274 -0.00251745 0.948377 0.317145 0.000189777 0.98695 0.161025 0.000404933 0.982489 0.186323 -0.000380514 0.996984 -0.077611 0 0.997974 -0.0636271 -0.000545652 0.945313 -0.326164 0 0.948209 -0.317647 0.000490828 0.830504 -0.557013 -7.02411e-05 0.812031 -0.583613 0.000884447 0.703043 -0.711147 -0.000884442 0.679648 -0.733539 7.02464e-05 0.532386 -0.846501 -0.000321424 0.513106 -0.858325 0.000417859 0.311157 -0.950358 -0.000520151 0.312805 -0.949817 -0.000585884 0.0546367 -0.998506 0.000245788 0.0167749 -0.999858 -0.00158082 -0.273373 -0.961906 0.00226506 -0.341574 -0.939854 -0.0014866 -0.601245 -0.799063 0.00162355 -0.596442 -0.802656 0.00131215 -0.809869 -0.58661 -0.000931231 -0.834139 -0.551553 0.000904981 -0.943406 -0.331639 -0.000903744 -0.949718 -0.313107 0 -0.997397 -0.072106 0.000447723 -0.996315 -0.085771 0 -0.979299 0.202416 -0.000890506 -0.978654 0.205515 -0.000727758 -0.892777 0.421877 0.158015 -0.390021 0.647801 0.654399 -0.0646364 0.30681 0.949574 0.038216 0.637537 0.769471 0.517195 0.843653 0.144079 0.426847 0.237207 0.872659 0.645315 0.268785 0.715069 0.990225 -0.0937501 0.10327 0.69925 -0.379822 0.605627 0.808657 -0.574997 0.124307 0.506507 -0.851945 0.132815 -0.0285195 -0.271848 0.961918 -0.0662753 -0.365319 0.92852 -0.392433 -0.666103 0.634274 -0.537396 -0.17879 0.82416 -0.313665 -0.0381716 0.948766 -0.338423 -0.0287075 -0.940556 -0.4977 -0.138005 -0.8563 -0.334346 -0.61541 -0.713781 -0.211858 -0.523292 -0.825398 0.471 -0.876366 -0.10071 0.427041 -0.450579 -0.783973 0.778461 -0.521023 -0.350049 0.761721 -0.160593 -0.627687 -0.00297206 0.108515 -0.99409 0.402607 0.122908 -0.907084 0.500362 0.816195 -0.288902 -0.059564 0.44849 -0.891801 -0.0529643 0.465472 -0.883477 -0.437946 0.7857 -0.436897 -0.864017 0.408287 -0.294578 -0.0454162 0.021633 0.998734 -0.0319736 0.0285391 0.999081 -0.0223704 0.0306841 0.999279 -0.0133334 0.0307766 0.999437 -0.00489936 0.0293299 0.999558 -0.00554442 0.0296027 0.999546 0.00311445 0.0370703 0.999308 0.0153225 0.0447726 0.99888 0.0339457 0.0515277 0.998094 0.0591791 0.0542359 0.996773 0.0850062 0.0496899 0.995141 0.104026 0.0347871 0.993966 0.112064 0.0182836 0.993533 0.104224 -0.00811343 0.994521 0.0806424 -0.0278243 0.996355 0.0495975 -0.0356461 0.998133 0.0333474 -0.0359916 0.998796 0.00608517 -0.0324899 0.999454 0.0130583 -0.0218439 0.999676 0.00874503 -0.0265538 0.999609 0.00175605 -0.0320926 0.999483 -0.0106838 -0.0375927 0.999236 -0.0284023 -0.0382221 0.998866 -0.0462397 -0.0305748 0.998462 -0.0561135 -0.0184998 0.998253 -0.0584375 -0.00422469 0.998282 -0.0543887 0.0112419 0.998457 0 0 -1 0 0 -1 0 0 -1 0 0 -1</float_array>
                    <technique_common>
                        <accessor count="2816" source="#shape0-lib-normals-array" stride="3">
                            <param name="X" type="float"/>
                            <param name="Y" type="float"/>
                            <param name="Z" type="float"/>
                        </accessor>
                    </technique_common>
                </source>
                <vertices id="shape0-lib-vertices">
                    <input semantic="POSITION" source="#shape0-lib-positions"/>
                </vertices>
                <triangles count="2816">
                    <input offset="0" semantic="VERTEX" source="#shape0-lib-vertices"/>
                    <input offset="1" semantic="NORMAL" source="#shape0-lib-normals"/>
                    <p>0 0 1 0 2 0 0 1 3 1 1 1 4 2 2 2 5 2 4 3 0 3 2 3 6 4 5 4 7 4 6 5 4 5 5 5 8 6 7 6 9 6 8 7 6 7 7 7 10 8 9 8 11 8 10 9 8 9 9 9 12 10 11 10 13 10 12 11 10 11 11 11 14 12 13 12 15 12 14 13 12 13 13 13 16 14 15 14 17 14 16 15 14 15 15 15 18 16 17 16 19 16 18 17 16 17 17 17 20 18 19 18 21 18 20 19 18 19 19 19 22 20 20 20 21 20 22 21 21 21 23 21 24 22 22 22 23 22 24 23 23 23 25 23 26 24 24 24 25 24 26 25 25 25 27 25 28 26 27 26 29 26 28 27 26 27 27 27 30 28 29 28 31 28 30 29 28 29 29 29 32 30 31 30 33 30 32 31 30 31 31 31 34 32 33 32 35 32 34 33 32 33 33 33 36 34 35 34 37 34 36 35 34 35 35 35 38 36 37 36 39 36 38 37 36 37 37 37 40 38 39 38 41 38 40 39 38 39 39 39 42 40 41 40 43 40 42 41 40 41 41 41 44 42 43 42 45 42 44 43 42 43 43 43 46 44 45 44 47 44 46 45 44 45 45 45 48 46 47 46 49 46 48 47 46 47 47 47 50 48 49 48 51 48 50 49 48 49 49 49 52 50 51 50 53 50 52 51 50 51 51 51 54 52 53 52 55 52 54 53 52 53 53 53 56 54 55 54 57 54 56 55 54 55 55 55 58 56 57 56 59 56 58 57 56 57 57 57 60 58 59 58 61 58 60 59 58 59 59 59 62 60 61 60 63 60 62 61 60 61 61 61 64 62 63 62 65 62 64 63 62 63 63 63 66 64 65 64 67 64 66 65 64 65 65 65 68 66 67 66 69 66 68 67 66 67 67 67 70 68 69 68 71 68 70 69 68 69 69 69 72 70 71 70 73 70 72 71 70 71 71 71 74 72 72 72 73 72 74 73 73 73 75 73 76 74 74 74 75 74 76 75 75 75 77 75 78 76 76 76 77 76 78 77 77 77 79 77 80 78 78 78 79 78 80 79 79 79 81 79 82 80 80 80 81 80 82 81 81 81 83 81 84 82 82 82 83 82 84 83 83 83 85 83 86 84 84 84 85 84 86 85 85 85 87 85 88 86 86 86 87 86 88 87 87 87 89 87 90 88 88 88 89 88 90 89 89 89 91 89 90 90 91 90 92 90 93 91 90 91 92 91 94 92 93 92 92 92 94 93 92 93 95 93 96 94 95 94 97 94 96 95 94 95 95 95 98 96 97 96 99 96 98 97 96 97 97 97 100 98 99 98 101 98 100 99 98 99 99 99 102 100 101 100 103 100 102 101 100 101 101 101 104 102 103 102 105 102 104 103 102 103 103 103 106 104 105 104 107 104 106 105 104 105 105 105 108 106 107 106 109 106 108 107 106 107 107 107 110 108 109 108 111 108 110 109 108 109 109 109 112 110 111 110 113 110 112 111 110 111 111 111 114 112 113 112 115 112 114 113 112 113 113 113 116 114 115 114 117 114 116 115 114 115 115 115 118 116 117 116 119 116 118 117 119 117 120 117 118 118 116 118 117 118 121 119 118 119 120 119 122 120 120 120 123 120 122 121 121 121 120 121 124 122 123 122 125 122 124 123 122 123 123 123 126 124 124 124 125 124 126 125 125 125 127 125 128 126 126 126 127 126 128 127 127 127 129 127 130 128 128 128 129 128 130 129 129 129 131 129 132 130 130 130 131 130 132 131 131 131 133 131 134 132 132 132 133 132 134 133 133 133 135 133 136 134 134 134 135 134 136 135 135 135 137 135 136 136 137 136 138 136 139 137 136 137 138 137 140 138 139 138 138 138 140 139 138 139 141 139 142 140 140 140 141 140 142 141 141 141 143 141 144 142 142 142 143 142 144 143 143 143 145 143 144 144 145 144 146 144 147 145 144 145 146 145 148 146 147 146 146 146 148 147 146 147 149 147 150 148 148 148 149 148 150 149 149 149 151 149 152 150 150 150 151 150 152 151 151 151 153 151 154 152 152 152 153 152 154 153 153 153 155 153 156 154 154 154 155 154 156 155 155 155 157 155 158 156 156 156 157 156 158 157 157 157 159 157 160 158 158 158 159 158 160 159 159 159 161 159 162 160 160 160 161 160 162 161 161 161 163 161 164 162 162 162 163 162 164 163 163 163 165 163 166 164 165 164 167 164 166 165 164 165 165 165 168 166 167 166 169 166 168 167 166 167 167 167 170 168 169 168 171 168 170 169 168 169 169 169 172 170 171 170 173 170 172 171 170 171 171 171 174 172 172 172 173 172 174 173 173 173 175 173 174 174 175 174 176 174 177 175 174 175 176 175 178 176 177 176 176 176 178 177 176 177 179 177 180 178 178 178 179 178 180 179 179 179 181 179 182 180 180 180 181 180 182 181 181 181 183 181 184 182 182 182 183 182 184 183 183 183 185 183 186 184 184 184 185 184 186 185 185 185 187 185 188 186 186 186 187 186 188 187 187 187 189 187 190 188 188 188 189 188 190 189 189 189 191 189 190 190 191 190 192 190 193 191 190 191 192 191 194 192 193 192 192 192 194 193 192 193 195 193 196 194 194 194 195 194 196 195 195 195 197 195 198 196 196 196 197 196 198 197 197 197 199 197 200 198 198 198 199 198 200 199 199 199 201 199 202 200 201 200 203 200 202 201 203 201 204 201 202 202 200 202 201 202 205 203 202 203 204 203 206 204 204 204 207 204 206 205 205 205 204 205 208 206 207 206 209 206 208 207 206 207 207 207 210 208 209 208 211 208 210 209 208 209 209 209 212 210 211 210 213 210 212 211 213 211 214 211 212 212 210 212 211 212 215 213 212 213 214 213 216 214 214 214 217 214 216 215 217 215 218 215 216 216 215 216 214 216 219 217 216 217 218 217 220 218 218 218 221 218 220 219 219 219 218 219 222 220 221 220 223 220 222 221 220 221 221 221 224 222 222 222 223 222 224 223 223 223 225 223 226 224 224 224 225 224 226 225 225 225 227 225 228 226 226 226 227 226 228 227 227 227 229 227 230 228 229 228 231 228 230 229 228 229 229 229 232 230 230 230 231 230 232 231 231 231 233 231 234 232 233 232 235 232 234 233 232 233 233 233 236 234 235 234 237 234 236 235 234 235 235 235 238 236 237 236 239 236 238 237 236 237 237 237 240 238 239 238 241 238 240 239 241 239 242 239 240 240 238 240 239 240 243 241 242 241 244 241 243 242 240 242 242 242 245 243 243 243 244 243 246 244 244 244 247 244 246 245 245 245 244 245 248 246 247 246 249 246 248 247 246 247 247 247 250 248 249 248 251 248 250 249 248 249 249 249 3 250 250 250 251 250 3 251 251 251 1 251 253 252 252 252 254 252 253 253 257 253 252 253 255 254 257 254 253 254 256 255 254 255 252 255 256 256 252 256 375 256 258 257 257 257 255 257 259 258 256 258 375 258 260 259 263 259 257 259 260 260 257 260 258 260 261 261 259 261 375 261 261 262 375 262 374 262 262 263 263 263 260 263 264 264 261 264 374 264 265 265 263 265 262 265 266 266 264 266 374 266 267 267 263 267 265 267 374 268 268 268 266 268 270 269 263 269 267 269 270 270 267 270 269 270 373 271 268 271 374 271 373 272 271 272 268 272 270 273 269 273 272 273 373 274 273 274 271 274 275 275 270 275 272 275 275 276 272 276 276 276 373 277 274 277 273 277 275 278 276 278 279 278 373 279 277 279 274 279 281 280 277 280 373 280 281 281 278 281 277 281 281 282 275 282 279 282 281 283 279 283 280 283 281 284 282 284 278 284 281 285 280 285 282 285 380 286 283 286 381 286 380 287 284 287 283 287 283 288 285 288 381 288 380 289 286 289 284 289 285 290 287 290 381 290 380 291 288 291 286 291 381 292 289 292 291 292 287 293 289 293 381 293 380 294 290 294 288 294 379 295 290 295 380 295 289 296 292 296 291 296 379 297 293 297 290 297 292 298 294 298 291 298 379 299 295 299 293 299 379 300 297 300 295 300 294 301 296 301 291 301 296 302 298 302 291 302 301 303 297 303 379 303 291 304 298 304 383 304 301 305 299 305 297 305 300 306 383 306 298 306 299 307 301 307 302 307 304 308 383 308 300 308 302 309 301 309 303 309 304 310 307 310 383 310 303 311 301 311 305 311 306 312 307 312 304 312 305 313 301 313 308 313 310 314 307 314 306 314 301 315 377 315 308 315 308 316 377 316 309 316 311 317 307 317 310 317 309 318 377 318 312 318 312 319 307 319 311 319 312 320 377 320 307 320 316 321 314 321 313 321 317 322 314 322 316 322 318 323 314 323 317 323 319 324 314 324 318 324 320 325 315 325 319 325 319 326 315 326 314 326 321 327 315 327 320 327 322 328 315 328 321 328 315 329 329 329 314 329 323 330 315 330 322 330 324 331 315 331 323 331 325 332 315 332 324 332 326 333 315 333 325 333 329 334 334 334 314 334 327 335 315 335 326 335 328 336 315 336 327 336 330 337 315 337 328 337 331 338 329 338 330 338 330 339 329 339 315 339 332 340 329 340 331 340 333 341 329 341 332 341 335 342 329 342 333 342 336 343 329 343 335 343 337 344 329 344 336 344 337 345 334 345 329 345 338 346 334 346 337 346 339 347 334 347 338 347 340 348 334 348 339 348 341 349 334 349 340 349 342 350 314 350 341 350 341 351 314 351 334 351 313 352 314 352 342 352 290 353 293 353 313 353 313 354 293 354 316 354 293 355 295 355 316 355 295 356 297 356 316 356 316 357 297 357 317 357 297 358 299 358 317 358 317 359 299 359 318 359 299 360 302 360 318 360 318 361 302 361 319 361 319 362 303 362 320 362 302 363 303 363 319 363 303 364 305 364 320 364 320 365 305 365 321 365 305 366 308 366 321 366 321 367 308 367 322 367 308 368 309 368 322 368 309 369 312 369 322 369 322 370 312 370 323 370 312 371 311 371 323 371 323 372 311 372 324 372 311 373 310 373 324 373 324 374 310 374 325 374 310 375 306 375 325 375 325 376 306 376 326 376 306 377 304 377 326 377 326 378 304 378 327 378 304 379 300 379 327 379 327 380 300 380 328 380 300 381 298 381 328 381 328 382 298 382 330 382 298 383 296 383 330 383 330 384 296 384 331 384 296 385 294 385 331 385 331 386 294 386 332 386 332 387 294 387 333 387 294 388 292 388 333 388 292 389 289 389 333 389 333 390 289 390 335 390 335 391 289 391 336 391 289 392 287 392 336 392 336 393 287 393 337 393 287 394 285 394 337 394 337 395 285 395 338 395 285 396 283 396 338 396 338 397 283 397 339 397 283 398 284 398 339 398 339 399 284 399 340 399 284 400 286 400 340 400 340 401 286 401 341 401 286 402 288 402 341 402 341 403 288 403 342 403 342 404 290 404 313 404 288 405 290 405 342 405 343 406 365 406 372 406 344 407 365 407 343 407 345 408 346 408 344 408 344 409 346 409 365 409 347 410 346 410 345 410 348 411 346 411 347 411 349 412 346 412 348 412 350 413 346 413 349 413 351 414 346 414 350 414 352 415 346 415 351 415 353 416 346 416 352 416 354 417 346 417 353 417 355 418 346 418 354 418 358 419 365 419 346 419 356 420 346 420 355 420 357 421 346 421 356 421 357 422 358 422 346 422 359 423 358 423 357 423 360 424 358 424 359 424 361 425 358 425 360 425 362 426 358 426 361 426 363 427 358 427 362 427 364 428 358 428 363 428 364 429 365 429 358 429 366 430 365 430 364 430 367 431 365 431 366 431 368 432 365 432 367 432 369 433 365 433 368 433 370 434 365 434 369 434 371 435 365 435 370 435 372 436 365 436 371 436 372 437 277 437 343 437 274 438 277 438 372 438 277 439 278 439 343 439 343 440 278 440 344 440 344 441 278 441 345 441 278 442 282 442 345 442 345 443 282 443 347 443 282 444 280 444 347 444 347 445 280 445 348 445 348 446 279 446 349 446 280 447 279 447 348 447 349 448 276 448 350 448 279 449 276 449 349 449 350 450 276 450 351 450 276 451 272 451 351 451 351 452 272 452 352 452 272 453 269 453 352 453 269 454 267 454 352 454 352 455 267 455 353 455 353 456 267 456 354 456 267 457 265 457 354 457 354 458 262 458 355 458 265 459 262 459 354 459 355 460 262 460 356 460 262 461 260 461 356 461 260 462 258 462 356 462 356 463 258 463 357 463 357 464 258 464 359 464 258 465 255 465 359 465 359 466 255 466 360 466 255 467 253 467 360 467 360 468 253 468 361 468 253 469 254 469 361 469 361 470 254 470 362 470 254 471 256 471 362 471 362 472 256 472 363 472 256 473 259 473 363 473 363 474 259 474 364 474 259 475 261 475 364 475 364 476 261 476 366 476 261 477 264 477 366 477 366 478 264 478 367 478 264 479 266 479 367 479 367 480 266 480 368 480 368 481 266 481 369 481 266 482 268 482 369 482 268 483 271 483 369 483 369 484 271 484 370 484 370 485 273 485 371 485 271 486 273 486 370 486 371 487 273 487 372 487 273 488 274 488 372 488 2 489 1 489 373 489 1 490 251 490 373 490 373 491 5 491 2 491 373 492 7 492 5 492 373 493 9 493 7 493 373 494 11 494 9 494 373 495 13 495 11 495 373 496 15 496 13 496 374 497 17 497 15 497 374 498 19 498 17 498 374 499 15 499 373 499 374 500 21 500 19 500 374 501 23 501 21 501 374 502 25 502 23 502 374 503 27 503 25 503 374 504 29 504 27 504 374 505 31 505 29 505 374 506 33 506 31 506 374 507 35 507 33 507 374 508 37 508 35 508 374 509 39 509 37 509 374 510 41 510 39 510 374 511 43 511 41 511 375 512 45 512 43 512 375 513 47 513 45 513 375 514 43 514 374 514 375 515 49 515 47 515 375 516 51 516 49 516 375 517 53 517 51 517 375 518 55 518 53 518 375 519 57 519 55 519 375 520 59 520 57 520 375 521 61 521 59 521 375 522 63 522 61 522 375 523 65 523 63 523 375 524 67 524 65 524 375 525 69 525 67 525 375 526 71 526 69 526 375 527 73 527 71 527 375 528 75 528 73 528 375 529 77 529 75 529 375 530 79 530 77 530 252 531 81 531 79 531 252 532 79 532 375 532 252 533 83 533 81 533 252 534 85 534 83 534 252 535 87 535 85 535 252 536 89 536 87 536 252 537 91 537 89 537 376 538 92 538 91 538 376 539 95 539 92 539 376 540 91 540 252 540 376 541 252 541 257 541 376 542 97 542 95 542 376 543 99 543 97 543 376 544 101 544 99 544 376 545 103 545 101 545 376 546 105 546 103 546 376 547 107 547 105 547 376 548 109 548 107 548 376 549 111 549 109 549 376 550 113 550 111 550 376 551 115 551 113 551 376 552 117 552 115 552 376 553 119 553 117 553 376 554 120 554 119 554 376 555 123 555 120 555 257 556 123 556 376 556 257 557 125 557 123 557 257 558 127 558 125 558 257 559 129 559 127 559 257 560 131 560 129 560 257 561 133 561 131 561 257 562 135 562 133 562 263 563 135 563 257 563 263 564 137 564 135 564 263 565 138 565 137 565 263 566 141 566 138 566 263 567 143 567 141 567 263 568 145 568 143 568 263 569 146 569 145 569 263 570 149 570 146 570 263 571 151 571 149 571 263 572 153 572 151 572 263 573 155 573 153 573 263 574 157 574 155 574 263 575 159 575 157 575 270 576 161 576 159 576 270 577 163 577 161 577 270 578 159 578 263 578 270 579 165 579 163 579 270 580 167 580 165 580 270 581 169 581 167 581 270 582 171 582 169 582 270 583 173 583 171 583 270 584 175 584 173 584 270 585 176 585 175 585 270 586 179 586 176 586 275 587 179 587 270 587 275 588 181 588 179 588 275 589 183 589 181 589 275 590 185 590 183 590 275 591 187 591 185 591 275 592 189 592 187 592 275 593 191 593 189 593 275 594 192 594 191 594 275 595 195 595 192 595 275 596 197 596 195 596 275 597 199 597 197 597 275 598 203 598 201 598 275 599 201 599 199 599 275 600 204 600 203 600 275 601 207 601 204 601 275 602 209 602 207 602 275 603 211 603 209 603 275 604 213 604 211 604 275 605 214 605 213 605 275 606 217 606 214 606 275 607 218 607 217 607 275 608 221 608 218 608 275 609 223 609 221 609 281 610 223 610 275 610 281 611 225 611 223 611 281 612 227 612 225 612 281 613 229 613 227 613 281 614 231 614 229 614 281 615 233 615 231 615 281 616 235 616 233 616 281 617 237 617 235 617 281 618 239 618 237 618 373 619 241 619 239 619 373 620 242 620 241 620 373 621 239 621 281 621 373 622 244 622 242 622 373 623 247 623 244 623 373 624 249 624 247 624 373 625 251 625 249 625 250 626 3 626 384 626 3 627 0 627 384 627 384 628 248 628 250 628 384 629 246 629 248 629 307 630 245 630 246 630 307 631 243 631 245 631 307 632 246 632 384 632 307 633 240 633 243 633 307 634 238 634 240 634 307 635 236 635 238 635 307 636 234 636 236 636 307 637 232 637 234 637 307 638 230 638 232 638 307 639 228 639 230 639 307 640 226 640 228 640 377 641 226 641 307 641 377 642 224 642 226 642 377 643 222 643 224 643 377 644 220 644 222 644 377 645 219 645 220 645 377 646 216 646 219 646 377 647 215 647 216 647 377 648 212 648 215 648 377 649 210 649 212 649 377 650 208 650 210 650 377 651 206 651 208 651 377 652 205 652 206 652 377 653 202 653 205 653 377 654 200 654 202 654 377 655 198 655 200 655 377 656 196 656 198 656 377 657 194 657 196 657 378 658 193 658 194 658 378 659 190 659 193 659 378 660 377 660 301 660 378 661 194 661 377 661 378 662 188 662 190 662 378 663 186 663 188 663 378 664 184 664 186 664 378 665 182 665 184 665 378 666 180 666 182 666 378 667 178 667 180 667 378 668 177 668 178 668 378 669 174 669 177 669 378 670 172 670 174 670 378 671 170 671 172 671 378 672 168 672 170 672 378 673 166 673 168 673 301 674 166 674 378 674 301 675 164 675 166 675 301 676 162 676 164 676 301 677 160 677 162 677 301 678 158 678 160 678 301 679 156 679 158 679 301 680 154 680 156 680 301 681 152 681 154 681 301 682 150 682 152 682 379 683 150 683 301 683 379 684 148 684 150 684 379 685 147 685 148 685 379 686 144 686 147 686 379 687 142 687 144 687 379 688 140 688 142 688 379 689 139 689 140 689 379 690 136 690 139 690 379 691 134 691 136 691 379 692 132 692 134 692 379 693 130 693 132 693 379 694 128 694 130 694 379 695 126 695 128 695 379 696 124 696 126 696 379 697 122 697 124 697 380 698 122 698 379 698 380 699 121 699 122 699 380 700 118 700 121 700 380 701 116 701 118 701 380 702 114 702 116 702 380 703 112 703 114 703 380 704 110 704 112 704 380 705 108 705 110 705 380 706 106 706 108 706 380 707 104 707 106 707 380 708 102 708 104 708 380 709 100 709 102 709 380 710 98 710 100 710 381 711 96 711 98 711 381 712 94 712 96 712 381 713 98 713 380 713 381 714 93 714 94 714 381 715 90 715 93 715 381 716 88 716 90 716 381 717 86 717 88 717 381 718 84 718 86 718 381 719 82 719 84 719 381 720 80 720 82 720 381 721 78 721 80 721 382 722 76 722 78 722 382 723 74 723 76 723 382 724 78 724 381 724 382 725 72 725 74 725 382 726 70 726 72 726 382 727 68 727 70 727 382 728 66 728 68 728 382 729 381 729 291 729 291 730 64 730 66 730 291 731 62 731 64 731 291 732 66 732 382 732 291 733 60 733 62 733 291 734 58 734 60 734 291 735 56 735 58 735 291 736 54 736 56 736 291 737 52 737 54 737 291 738 50 738 52 738 291 739 48 739 50 739 291 740 46 740 48 740 291 741 44 741 46 741 291 742 42 742 44 742 291 743 40 743 42 743 291 744 38 744 40 744 383 745 36 745 38 745 383 746 34 746 36 746 383 747 38 747 291 747 383 748 32 748 34 748 383 749 30 749 32 749 383 750 28 750 30 750 383 751 26 751 28 751 383 752 24 752 26 752 383 753 22 753 24 753 383 754 20 754 22 754 383 755 18 755 20 755 383 756 16 756 18 756 383 757 14 757 16 757 383 758 12 758 14 758 383 759 10 759 12 759 384 760 383 760 307 760 384 761 8 761 10 761 384 762 6 762 8 762 384 763 10 763 383 763 384 764 4 764 6 764 384 765 0 765 4 765 395 766 386 766 397 766 403 767 392 767 388 767 389 768 393 768 394 768 390 769 386 769 395 769 390 770 387 770 386 770 390 771 391 771 387 771 391 772 385 772 387 772 392 773 385 773 391 773 392 774 403 774 385 774 388 775 402 775 403 775 388 776 393 776 402 776 393 777 389 777 402 777 394 778 397 778 389 778 394 779 395 779 397 779 385 780 403 780 404 780 387 781 399 781 400 781 386 782 400 782 396 782 397 783 396 783 401 783 402 784 401 784 398 784 403 785 398 785 404 785 404 786 399 786 385 786 399 787 387 787 385 787 400 788 386 788 387 788 397 789 386 789 396 789 401 790 389 790 397 790 401 791 402 791 389 791 398 792 403 792 402 792 406 793 405 793 398 793 406 794 398 794 401 794 407 795 398 795 405 795 407 796 404 796 398 796 408 797 406 797 401 797 409 798 404 798 407 798 408 799 401 799 396 799 410 800 408 800 396 800 409 801 399 801 404 801 399 802 409 802 411 802 396 803 412 803 410 803 400 804 412 804 396 804 399 805 411 805 413 805 400 806 399 806 413 806 400 807 413 807 412 807 388 808 414 808 393 808 414 809 415 809 393 809 388 810 417 810 414 810 415 811 416 811 393 811 392 812 417 812 388 812 393 813 416 813 394 813 392 814 419 814 417 814 416 815 418 815 394 815 391 816 419 816 392 816 419 817 391 817 420 817 418 818 395 818 394 818 421 819 395 819 418 819 420 820 391 820 422 820 421 821 390 821 395 821 422 822 390 822 421 822 391 823 390 823 422 823 412 824 413 824 421 824 421 825 413 825 422 825 413 826 411 826 422 826 422 827 411 827 420 827 420 828 411 828 419 828 411 829 409 829 419 829 419 830 409 830 417 830 409 831 407 831 417 831 417 832 407 832 414 832 407 833 405 833 414 833 405 834 406 834 414 834 414 835 406 835 415 835 406 836 408 836 415 836 415 837 408 837 416 837 408 838 410 838 416 838 416 839 410 839 418 839 410 840 412 840 418 840 418 841 412 841 421 841 591 842 423 842 592 842 426 843 425 843 423 843 426 844 423 844 590 844 427 845 428 845 506 845 506 846 428 846 551 846 431 847 429 847 430 847 429 848 432 848 430 848 433 849 432 849 429 849 431 850 430 850 428 850 431 851 428 851 427 851 433 852 435 852 432 852 436 853 431 853 427 853 436 854 427 854 434 854 437 855 435 855 433 855 437 856 433 856 438 856 434 857 439 857 436 857 443 858 437 858 438 858 440 859 439 859 434 859 440 860 441 860 439 860 443 861 438 861 444 861 442 862 441 862 440 862 445 863 443 863 444 863 446 864 445 864 444 864 446 865 444 865 441 865 446 866 441 866 442 866 447 867 448 867 449 867 449 868 448 868 529 868 529 869 448 869 527 869 452 870 450 870 451 870 453 871 452 871 451 871 456 872 450 872 452 872 453 873 451 873 448 873 453 874 448 874 447 874 456 875 454 875 450 875 453 876 447 876 457 876 455 877 453 877 457 877 456 878 458 878 454 878 458 879 456 879 460 879 459 880 455 880 457 880 463 881 458 881 460 881 459 882 462 882 455 882 461 883 462 883 459 883 465 884 462 884 461 884 464 885 463 885 460 885 464 886 460 886 462 886 465 887 464 887 462 887 466 888 451 888 450 888 467 889 466 889 450 889 468 890 466 890 467 890 471 891 450 891 454 891 471 892 467 892 450 892 474 893 467 893 471 893 473 894 468 894 467 894 473 895 467 895 474 895 470 896 469 896 468 896 472 897 471 897 454 897 470 898 468 898 473 898 470 899 434 899 469 899 470 900 440 900 434 900 472 901 474 901 471 901 476 902 472 902 454 902 475 903 473 903 474 903 475 904 470 904 473 904 475 905 442 905 440 905 475 906 440 906 470 906 479 907 474 907 472 907 479 908 472 908 476 908 476 909 454 909 458 909 478 910 475 910 474 910 478 911 474 911 479 911 477 912 476 912 458 912 479 913 476 913 477 913 478 914 442 914 475 914 480 915 477 915 458 915 481 916 479 916 477 916 482 917 480 917 458 917 482 918 458 918 463 918 478 919 446 919 442 919 483 920 477 920 480 920 483 921 481 921 477 921 481 922 446 922 478 922 481 923 478 923 479 923 484 924 480 924 482 924 483 925 480 925 484 925 485 926 482 926 463 926 483 927 445 927 446 927 483 928 446 928 481 928 487 929 484 929 482 929 485 930 487 930 482 930 486 931 483 931 484 931 485 932 463 932 464 932 488 933 485 933 464 933 486 934 445 934 483 934 489 935 487 935 485 935 487 936 486 936 484 936 486 937 443 937 445 937 490 938 488 938 464 938 488 939 489 939 485 939 489 940 443 940 486 940 489 941 486 941 487 941 490 942 464 942 465 942 491 943 488 943 490 943 492 944 490 944 465 944 493 945 489 945 488 945 492 946 491 946 490 946 493 947 443 947 489 947 493 948 488 948 491 948 495 949 492 949 465 949 493 950 437 950 443 950 494 951 493 951 491 951 496 952 491 952 492 952 495 953 465 953 461 953 496 954 494 954 491 954 498 955 495 955 461 955 494 956 435 956 437 956 494 957 437 957 493 957 499 958 496 958 492 958 499 959 492 959 495 959 496 960 435 960 494 960 497 961 495 961 498 961 497 962 499 962 495 962 498 963 461 963 459 963 501 964 498 964 459 964 497 965 498 965 500 965 502 966 499 966 497 966 500 967 498 967 501 967 501 968 459 968 457 968 502 969 496 969 499 969 502 970 435 970 496 970 502 971 432 971 435 971 503 972 500 972 501 972 504 973 497 973 500 973 504 974 502 974 497 974 504 975 432 975 502 975 505 976 500 976 503 976 505 977 504 977 500 977 505 978 432 978 504 978 505 979 430 979 432 979 508 980 507 980 509 980 508 981 506 981 507 981 508 982 509 982 510 982 508 983 510 983 511 983 508 984 427 984 506 984 516 985 511 985 512 985 516 986 508 986 511 986 516 987 512 987 513 987 516 988 427 988 508 988 520 989 513 989 514 989 520 990 516 990 513 990 517 991 520 991 514 991 517 992 514 992 515 992 517 993 515 993 518 993 530 994 517 994 518 994 530 995 518 995 519 995 530 996 519 996 521 996 520 997 427 997 516 997 520 998 434 998 427 998 522 999 530 999 521 999 522 1000 521 1000 523 1000 522 1001 523 1001 524 1001 527 1002 522 1002 524 1002 469 1003 434 1003 520 1003 527 1004 524 1004 525 1004 527 1005 525 1005 526 1005 527 1006 448 1006 451 1006 469 1007 520 1007 517 1007 529 1008 527 1008 526 1008 522 1009 527 1009 451 1009 517 1010 468 1010 469 1010 529 1011 526 1011 528 1011 530 1012 468 1012 517 1012 530 1013 466 1013 468 1013 529 1014 528 1014 531 1014 522 1015 466 1015 530 1015 529 1016 531 1016 532 1016 533 1017 529 1017 532 1017 522 1018 451 1018 466 1018 533 1019 532 1019 534 1019 533 1020 449 1020 529 1020 535 1021 534 1021 536 1021 535 1022 533 1022 534 1022 535 1023 449 1023 533 1023 535 1024 447 1024 449 1024 535 1025 536 1025 537 1025 552 1026 535 1026 537 1026 552 1027 537 1027 538 1027 552 1028 538 1028 540 1028 539 1029 552 1029 540 1029 539 1030 540 1030 541 1030 535 1031 457 1031 447 1031 552 1032 457 1032 535 1032 539 1033 541 1033 542 1033 555 1034 539 1034 542 1034 555 1035 542 1035 543 1035 544 1036 555 1036 543 1036 544 1037 543 1037 545 1037 548 1038 544 1038 545 1038 548 1039 545 1039 546 1039 548 1040 546 1040 547 1040 548 1041 547 1041 549 1041 551 1042 549 1042 550 1042 551 1043 548 1043 549 1043 551 1044 428 1044 548 1044 552 1045 501 1045 457 1045 548 1046 428 1046 430 1046 551 1047 550 1047 553 1047 501 1048 552 1048 539 1048 506 1049 553 1049 554 1049 506 1050 551 1050 553 1050 539 1051 503 1051 501 1051 506 1052 554 1052 507 1052 548 1053 430 1053 544 1053 555 1054 503 1054 539 1054 505 1055 555 1055 544 1055 505 1056 503 1056 555 1056 505 1057 544 1057 430 1057 557 1058 507 1058 554 1058 557 1059 556 1059 507 1059 558 1060 554 1060 553 1060 558 1061 557 1061 554 1061 558 1062 553 1062 550 1062 559 1063 558 1063 550 1063 560 1064 559 1064 550 1064 560 1065 550 1065 549 1065 560 1066 549 1066 547 1066 561 1067 560 1067 547 1067 561 1068 547 1068 546 1068 562 1069 561 1069 546 1069 562 1070 546 1070 545 1070 563 1071 562 1071 545 1071 563 1072 545 1072 543 1072 564 1073 563 1073 543 1073 564 1074 543 1074 542 1074 565 1075 564 1075 542 1075 565 1076 542 1076 541 1076 566 1077 565 1077 541 1077 566 1078 541 1078 540 1078 567 1079 566 1079 540 1079 567 1080 540 1080 538 1080 568 1081 567 1081 538 1081 568 1082 538 1082 537 1082 569 1083 568 1083 537 1083 570 1084 569 1084 537 1084 570 1085 537 1085 536 1085 571 1086 570 1086 536 1086 571 1087 536 1087 534 1087 572 1088 571 1088 534 1088 572 1089 534 1089 532 1089 573 1090 532 1090 531 1090 573 1091 572 1091 532 1091 573 1092 531 1092 528 1092 574 1093 573 1093 528 1093 575 1094 574 1094 528 1094 575 1095 528 1095 526 1095 576 1096 575 1096 526 1096 576 1097 526 1097 525 1097 577 1098 576 1098 525 1098 577 1099 525 1099 524 1099 578 1100 577 1100 524 1100 578 1101 524 1101 523 1101 579 1102 578 1102 523 1102 579 1103 523 1103 521 1103 580 1104 579 1104 521 1104 581 1105 521 1105 519 1105 581 1106 580 1106 521 1106 582 1107 519 1107 518 1107 582 1108 581 1108 519 1108 582 1109 518 1109 515 1109 583 1110 582 1110 515 1110 583 1111 515 1111 514 1111 584 1112 583 1112 514 1112 584 1113 514 1113 513 1113 585 1114 584 1114 513 1114 585 1115 513 1115 512 1115 586 1116 585 1116 512 1116 586 1117 512 1117 511 1117 587 1118 586 1118 511 1118 587 1119 511 1119 510 1119 588 1120 587 1120 510 1120 588 1121 510 1121 509 1121 589 1122 588 1122 509 1122 589 1123 509 1123 507 1123 556 1124 589 1124 507 1124 592 1125 589 1125 556 1125 592 1126 588 1126 589 1126 592 1127 587 1127 588 1127 592 1128 586 1128 587 1128 592 1129 585 1129 586 1129 424 1130 592 1130 423 1130 592 1131 584 1131 585 1131 424 1132 584 1132 592 1132 424 1133 583 1133 584 1133 424 1134 582 1134 583 1134 424 1135 581 1135 582 1135 424 1136 580 1136 581 1136 424 1137 579 1137 580 1137 425 1138 424 1138 423 1138 424 1139 578 1139 579 1139 425 1140 578 1140 424 1140 425 1141 577 1141 578 1141 425 1142 576 1142 577 1142 425 1143 575 1143 576 1143 425 1144 574 1144 575 1144 425 1145 573 1145 574 1145 426 1146 573 1146 425 1146 426 1147 572 1147 573 1147 426 1148 571 1148 572 1148 590 1149 570 1149 571 1149 590 1150 571 1150 426 1150 590 1151 569 1151 570 1151 590 1152 568 1152 569 1152 590 1153 567 1153 568 1153 590 1154 566 1154 567 1154 590 1155 565 1155 566 1155 591 1156 590 1156 423 1156 590 1157 564 1157 565 1157 591 1158 564 1158 590 1158 591 1159 563 1159 564 1159 591 1160 562 1160 563 1160 591 1161 561 1161 562 1161 591 1162 560 1162 561 1162 591 1163 559 1163 560 1163 591 1164 558 1164 559 1164 591 1165 557 1165 558 1165 592 1166 557 1166 591 1166 592 1167 556 1167 557 1167 462 1168 614 1168 593 1168 462 1169 618 1169 614 1169 460 1170 618 1170 462 1170 460 1171 594 1171 618 1171 460 1172 595 1172 594 1172 456 1173 595 1173 460 1173 456 1174 596 1174 595 1174 456 1175 628 1175 596 1175 452 1176 628 1176 456 1176 452 1177 597 1177 628 1177 453 1178 598 1178 452 1178 452 1179 598 1179 597 1179 455 1180 598 1180 453 1180 455 1181 599 1181 598 1181 455 1182 593 1182 599 1182 462 1183 593 1183 455 1183 601 1184 602 1184 603 1184 600 1185 602 1185 601 1185 603 1186 605 1186 601 1186 600 1187 632 1187 602 1187 620 1188 632 1188 600 1188 620 1189 604 1189 632 1189 625 1190 604 1190 620 1190 603 1191 606 1191 605 1191 632 1192 604 1192 631 1192 609 1193 607 1193 605 1193 606 1194 609 1194 605 1194 625 1195 608 1195 604 1195 631 1196 604 1196 610 1196 593 1197 601 1197 605 1197 604 1198 608 1198 610 1198 607 1199 593 1199 605 1199 612 1200 609 1200 606 1200 611 1201 607 1201 609 1201 609 1202 612 1202 611 1202 593 1203 607 1203 599 1203 614 1204 601 1204 593 1204 611 1205 616 1205 607 1205 607 1206 616 1206 599 1206 599 1207 616 1207 598 1207 612 1208 613 1208 611 1208 611 1209 613 1209 616 1209 615 1210 610 1210 608 1210 614 1211 600 1211 601 1211 610 1212 615 1212 630 1212 617 1213 613 1213 612 1213 613 1214 619 1214 616 1214 618 1215 620 1215 614 1215 616 1216 619 1216 598 1216 598 1217 619 1217 597 1217 627 1218 624 1218 615 1218 617 1219 619 1219 613 1219 620 1220 600 1220 614 1220 617 1221 621 1221 619 1221 615 1222 624 1222 630 1222 594 1223 620 1223 618 1223 617 1224 622 1224 621 1224 621 1225 597 1225 619 1225 629 1226 623 1226 622 1226 622 1227 623 1227 621 1227 630 1228 624 1228 629 1228 624 1229 623 1229 629 1229 594 1230 625 1230 620 1230 623 1231 626 1231 621 1231 621 1232 626 1232 597 1232 594 1233 595 1233 625 1233 623 1234 624 1234 626 1234 626 1235 628 1235 597 1235 595 1236 608 1236 625 1236 626 1237 627 1237 628 1237 624 1238 627 1238 626 1238 596 1239 615 1239 595 1239 595 1240 615 1240 608 1240 628 1241 627 1241 596 1241 627 1242 615 1242 596 1242 436 1243 617 1243 431 1243 431 1244 617 1244 612 1244 436 1245 622 1245 617 1245 436 1246 629 1246 622 1246 439 1247 629 1247 436 1247 439 1248 630 1248 629 1248 441 1249 630 1249 439 1249 441 1250 610 1250 630 1250 444 1251 610 1251 441 1251 444 1252 631 1252 610 1252 438 1253 631 1253 444 1253 438 1254 632 1254 631 1254 433 1255 602 1255 438 1255 438 1256 602 1256 632 1256 433 1257 603 1257 602 1257 429 1258 603 1258 433 1258 429 1259 606 1259 603 1259 431 1260 606 1260 429 1260 431 1261 612 1261 606 1261 639 1262 633 1262 634 1262 701 1263 633 1263 639 1263 701 1264 635 1264 633 1264 639 1265 634 1265 636 1265 701 1266 638 1266 635 1266 637 1267 639 1267 636 1267 640 1268 638 1268 701 1268 679 1269 639 1269 637 1269 679 1270 640 1270 639 1270 713 1271 642 1271 641 1271 713 1272 641 1272 644 1272 713 1273 643 1273 642 1273 646 1274 643 1274 713 1274 645 1275 713 1275 644 1275 646 1276 713 1276 645 1276 649 1277 650 1277 638 1277 635 1278 651 1278 633 1278 652 1279 635 1279 638 1279 652 1280 638 1280 650 1280 652 1281 651 1281 635 1281 653 1282 650 1282 649 1282 648 1283 653 1283 649 1283 652 1284 650 1284 653 1284 674 1285 653 1285 648 1285 654 1286 652 1286 653 1286 653 1287 674 1287 654 1287 654 1288 651 1288 652 1288 656 1289 676 1289 670 1289 655 1290 676 1290 656 1290 655 1291 657 1291 676 1291 657 1292 685 1292 676 1292 658 1293 655 1293 656 1293 663 1294 685 1294 657 1294 659 1295 657 1295 655 1295 663 1296 647 1296 685 1296 664 1297 656 1297 670 1297 655 1298 658 1298 643 1298 659 1299 655 1299 643 1299 664 1300 660 1300 656 1300 660 1301 658 1301 656 1301 661 1302 663 1302 657 1302 658 1303 642 1303 643 1303 659 1304 661 1304 657 1304 642 1305 658 1305 660 1305 661 1306 659 1306 643 1306 662 1307 664 1307 670 1307 668 1308 647 1308 663 1308 668 1309 648 1309 647 1309 646 1310 661 1310 643 1310 665 1311 664 1311 662 1311 646 1312 663 1312 661 1312 666 1313 660 1313 664 1313 666 1314 664 1314 665 1314 671 1315 642 1315 660 1315 668 1316 663 1316 646 1316 671 1317 660 1317 666 1317 671 1318 641 1318 642 1318 669 1319 665 1319 662 1319 667 1320 671 1320 666 1320 674 1321 648 1321 668 1321 669 1322 666 1322 665 1322 637 1323 662 1323 670 1323 672 1324 668 1324 646 1324 637 1325 669 1325 662 1325 673 1326 666 1326 669 1326 674 1327 668 1327 672 1327 673 1328 667 1328 666 1328 679 1329 637 1329 670 1329 636 1330 673 1330 669 1330 669 1331 637 1331 636 1331 675 1332 641 1332 671 1332 675 1333 671 1333 667 1333 679 1334 670 1334 676 1334 672 1335 646 1335 645 1335 677 1336 675 1336 667 1336 677 1337 667 1337 673 1337 675 1338 644 1338 641 1338 678 1339 644 1339 675 1339 672 1340 680 1340 674 1340 634 1341 673 1341 636 1341 681 1342 677 1342 673 1342 680 1343 672 1343 645 1343 654 1344 674 1344 680 1344 685 1345 679 1345 676 1345 682 1346 678 1346 675 1346 683 1347 644 1347 678 1347 683 1348 645 1348 644 1348 682 1349 675 1349 677 1349 684 1350 680 1350 645 1350 686 1351 679 1351 685 1351 682 1352 677 1352 681 1352 634 1353 681 1353 673 1353 687 1354 681 1354 634 1354 686 1355 640 1355 679 1355 684 1356 645 1356 683 1356 687 1357 682 1357 681 1357 682 1358 683 1358 678 1358 688 1359 640 1359 686 1359 689 1360 682 1360 687 1360 684 1361 654 1361 680 1361 683 1362 682 1362 689 1362 687 1363 634 1363 633 1363 688 1364 638 1364 640 1364 647 1365 686 1365 685 1365 651 1366 654 1366 684 1366 684 1367 683 1367 689 1367 649 1368 688 1368 686 1368 647 1369 649 1369 686 1369 651 1370 684 1370 689 1370 638 1371 688 1371 649 1371 651 1372 687 1372 633 1372 648 1373 649 1373 647 1373 651 1374 689 1374 687 1374 690 1375 640 1375 702 1375 640 1376 690 1376 711 1376 640 1377 711 1377 691 1377 692 1378 640 1378 691 1378 692 1379 639 1379 640 1379 693 1380 692 1380 703 1380 693 1381 639 1381 692 1381 695 1382 693 1382 694 1382 695 1383 639 1383 693 1383 639 1384 695 1384 696 1384 639 1385 696 1385 697 1385 704 1386 639 1386 697 1386 639 1387 704 1387 705 1387 639 1388 705 1388 698 1388 701 1389 698 1389 707 1389 701 1390 707 1390 699 1390 701 1391 639 1391 698 1391 701 1392 699 1392 700 1392 701 1393 708 1393 709 1393 640 1394 701 1394 709 1394 640 1395 709 1395 702 1395 698 1396 706 1396 707 1396 701 1397 700 1397 708 1397 702 1398 710 1398 690 1398 690 1399 710 1399 711 1399 691 1400 712 1400 692 1400 712 1401 703 1401 692 1401 710 1402 691 1402 711 1402 712 1403 710 1403 713 1403 712 1404 691 1404 710 1404 703 1405 712 1405 713 1405 713 1406 693 1406 703 1406 713 1407 694 1407 693 1407 713 1408 695 1408 694 1408 713 1409 696 1409 695 1409 697 1410 696 1410 713 1410 713 1411 704 1411 697 1411 713 1412 705 1412 704 1412 713 1413 698 1413 705 1413 713 1414 706 1414 698 1414 713 1415 707 1415 706 1415 700 1416 707 1416 713 1416 707 1417 700 1417 699 1417 709 1418 700 1418 713 1418 709 1419 708 1419 700 1419 710 1420 709 1420 713 1420 710 1421 702 1421 709 1421 714 1422 715 1422 744 1422 744 1423 715 1423 716 1423 715 1424 718 1424 716 1424 716 1425 718 1425 717 1425 718 1426 720 1426 717 1426 717 1427 720 1427 719 1427 718 1428 723 1428 720 1428 720 1429 721 1429 719 1429 720 1430 723 1430 722 1430 721 1431 724 1431 719 1431 721 1432 722 1432 724 1432 723 1433 725 1433 722 1433 722 1434 725 1434 724 1434 724 1435 725 1435 726 1435 725 1436 727 1436 726 1436 727 1437 729 1437 726 1437 726 1438 729 1438 728 1438 728 1439 729 1439 730 1439 729 1440 731 1440 730 1440 731 1441 732 1441 730 1441 730 1442 732 1442 733 1442 732 1443 736 1443 733 1443 733 1444 734 1444 735 1444 736 1445 734 1445 733 1445 736 1446 739 1446 734 1446 734 1447 739 1447 737 1447 734 1448 738 1448 735 1448 738 1449 737 1449 735 1449 737 1450 740 1450 735 1450 739 1451 741 1451 737 1451 737 1452 741 1452 740 1452 740 1453 741 1453 743 1453 741 1454 742 1454 743 1454 742 1455 714 1455 743 1455 743 1456 714 1456 744 1456 745 1457 746 1457 747 1457 745 1458 748 1458 746 1458 745 1459 749 1459 748 1459 745 1460 750 1460 749 1460 752 1461 745 1461 751 1461 750 1462 745 1462 752 1462 751 1463 868 1463 753 1463 745 1464 868 1464 751 1464 753 1465 868 1465 754 1465 887 1466 755 1466 756 1466 756 1467 757 1467 887 1467 755 1468 758 1468 759 1468 757 1469 848 1469 887 1469 760 1470 848 1470 757 1470 760 1471 761 1471 848 1471 758 1472 763 1472 759 1472 761 1473 762 1473 848 1473 763 1474 762 1474 764 1474 764 1475 762 1475 765 1475 765 1476 762 1476 761 1476 758 1477 762 1477 763 1477 887 1478 758 1478 755 1478 886 1479 767 1479 768 1479 767 1480 886 1480 771 1480 772 1481 769 1481 770 1481 773 1482 769 1482 772 1482 884 1483 769 1483 886 1483 774 1484 769 1484 773 1484 771 1485 769 1485 774 1485 886 1486 769 1486 771 1486 767 1487 742 1487 741 1487 767 1488 714 1488 742 1488 741 1489 739 1489 767 1489 732 1490 768 1490 736 1490 739 1491 768 1491 767 1491 736 1492 768 1492 739 1492 714 1493 753 1493 715 1493 715 1494 753 1494 718 1494 767 1495 753 1495 714 1495 732 1496 731 1496 768 1496 753 1497 723 1497 718 1497 731 1498 729 1498 768 1498 729 1499 754 1499 768 1499 723 1500 754 1500 725 1500 725 1501 754 1501 727 1501 727 1502 754 1502 729 1502 753 1503 754 1503 723 1503 776 1504 747 1504 775 1504 776 1505 775 1505 778 1505 777 1506 776 1506 778 1506 777 1507 778 1507 779 1507 780 1508 777 1508 779 1508 780 1509 779 1509 781 1509 782 1510 780 1510 781 1510 782 1511 781 1511 783 1511 784 1512 782 1512 783 1512 784 1513 783 1513 785 1513 786 1514 785 1514 787 1514 786 1515 784 1515 785 1515 788 1516 786 1516 787 1516 788 1517 787 1517 789 1517 791 1518 788 1518 789 1518 791 1519 789 1519 790 1519 791 1520 790 1520 793 1520 792 1521 791 1521 793 1521 766 1522 792 1522 793 1522 855 1523 794 1523 854 1523 794 1524 795 1524 854 1524 795 1525 796 1525 854 1525 854 1526 796 1526 797 1526 796 1527 798 1527 797 1527 797 1528 798 1528 799 1528 798 1529 800 1529 799 1529 799 1530 800 1530 801 1530 800 1531 802 1531 801 1531 801 1532 802 1532 859 1532 802 1533 803 1533 859 1533 859 1534 803 1534 804 1534 803 1535 805 1535 804 1535 804 1536 805 1536 806 1536 805 1537 807 1537 806 1537 806 1538 807 1538 809 1538 807 1539 808 1539 809 1539 809 1540 808 1540 810 1540 808 1541 811 1541 810 1541 810 1542 811 1542 812 1542 812 1543 814 1543 813 1543 811 1544 814 1544 812 1544 814 1545 815 1545 813 1545 813 1546 815 1546 816 1546 815 1547 817 1547 816 1547 816 1548 817 1548 818 1548 817 1549 819 1549 818 1549 818 1550 819 1550 855 1550 819 1551 794 1551 855 1551 876 1552 817 1552 877 1552 876 1553 819 1553 817 1553 817 1554 815 1554 877 1554 877 1555 815 1555 878 1555 815 1556 814 1556 878 1556 876 1557 794 1557 819 1557 820 1558 794 1558 876 1558 814 1559 811 1559 878 1559 878 1560 811 1560 879 1560 820 1561 795 1561 794 1561 811 1562 808 1562 879 1562 808 1563 880 1563 879 1563 807 1564 880 1564 808 1564 805 1565 880 1565 807 1565 796 1566 820 1566 798 1566 795 1567 820 1567 796 1567 820 1568 800 1568 798 1568 805 1569 873 1569 880 1569 805 1570 803 1570 873 1570 820 1571 821 1571 800 1571 803 1572 821 1572 873 1572 802 1573 821 1573 803 1573 800 1574 821 1574 802 1574 787 1575 822 1575 789 1575 789 1576 822 1576 790 1576 822 1577 823 1577 790 1577 785 1578 822 1578 787 1578 790 1579 823 1579 793 1579 785 1580 856 1580 822 1580 783 1581 856 1581 785 1581 793 1582 823 1582 766 1582 781 1583 856 1583 783 1583 823 1584 824 1584 766 1584 781 1585 825 1585 856 1585 779 1586 825 1586 781 1586 779 1587 857 1587 825 1587 779 1588 778 1588 857 1588 826 1589 769 1589 824 1589 824 1590 769 1590 766 1590 857 1591 775 1591 858 1591 778 1592 775 1592 857 1592 775 1593 747 1593 858 1593 747 1594 827 1594 858 1594 747 1595 746 1595 827 1595 826 1596 746 1596 769 1596 887 1597 828 1597 886 1597 829 1598 886 1598 830 1598 829 1599 887 1599 886 1599 846 1600 830 1600 886 1600 832 1601 887 1601 829 1601 768 1602 846 1602 886 1602 831 1603 846 1603 768 1603 838 1604 831 1604 768 1604 833 1605 832 1605 834 1605 835 1606 833 1606 834 1606 758 1607 832 1607 833 1607 758 1608 887 1608 832 1608 837 1609 758 1609 833 1609 842 1610 835 1610 834 1610 842 1611 834 1611 838 1611 868 1612 836 1612 758 1612 868 1613 758 1613 837 1613 842 1614 838 1614 768 1614 843 1615 868 1615 837 1615 754 1616 842 1616 768 1616 754 1617 868 1617 843 1617 754 1618 839 1618 842 1618 754 1619 843 1619 839 1619 840 1620 841 1620 843 1620 833 1621 841 1621 840 1621 721 1622 841 1622 833 1622 842 1623 841 1623 722 1623 843 1624 841 1624 842 1624 843 1625 837 1625 840 1625 840 1626 837 1626 833 1626 721 1627 720 1627 841 1627 721 1628 833 1628 722 1628 833 1629 835 1629 722 1629 835 1630 842 1630 722 1630 720 1631 722 1631 841 1631 842 1632 839 1632 843 1632 832 1633 844 1633 738 1633 845 1634 844 1634 832 1634 846 1635 844 1635 845 1635 838 1636 844 1636 846 1636 834 1637 832 1637 734 1637 737 1638 738 1638 844 1638 734 1639 832 1639 738 1639 832 1640 829 1640 845 1640 829 1641 830 1641 845 1641 830 1642 846 1642 845 1642 846 1643 831 1643 838 1643 838 1644 737 1644 844 1644 838 1645 834 1645 737 1645 834 1646 734 1646 737 1646 821 1647 820 1647 851 1647 847 1648 852 1648 882 1648 799 1649 853 1649 797 1649 826 1650 853 1650 799 1650 824 1651 853 1651 826 1651 797 1652 853 1652 854 1652 824 1653 854 1653 853 1653 824 1654 855 1654 854 1654 823 1655 855 1655 824 1655 855 1656 823 1656 818 1656 823 1657 822 1657 818 1657 818 1658 822 1658 816 1658 822 1659 856 1659 816 1659 816 1660 856 1660 813 1660 813 1661 856 1661 812 1661 856 1662 825 1662 812 1662 812 1663 825 1663 810 1663 810 1664 857 1664 809 1664 825 1665 857 1665 810 1665 809 1666 857 1666 806 1666 857 1667 858 1667 806 1667 806 1668 858 1668 804 1668 827 1669 859 1669 858 1669 858 1670 859 1670 804 1670 746 1671 801 1671 827 1671 827 1672 801 1672 859 1672 826 1673 801 1673 746 1673 799 1674 801 1674 826 1674 767 1675 771 1675 753 1675 753 1676 771 1676 751 1676 771 1677 774 1677 751 1677 751 1678 774 1678 752 1678 774 1679 773 1679 752 1679 752 1680 773 1680 750 1680 773 1681 772 1681 750 1681 750 1682 772 1682 749 1682 749 1683 772 1683 748 1683 772 1684 770 1684 748 1684 748 1685 770 1685 746 1685 770 1686 769 1686 746 1686 743 1687 861 1687 740 1687 743 1688 860 1688 861 1688 744 1689 860 1689 743 1689 740 1690 861 1690 863 1690 735 1691 740 1691 863 1691 744 1692 862 1692 860 1692 716 1693 862 1693 744 1693 733 1694 863 1694 864 1694 733 1695 735 1695 863 1695 717 1696 865 1696 862 1696 717 1697 862 1697 716 1697 730 1698 733 1698 864 1698 865 1699 717 1699 719 1699 864 1700 728 1700 730 1700 866 1701 728 1701 864 1701 866 1702 726 1702 728 1702 867 1703 865 1703 719 1703 867 1704 719 1704 724 1704 867 1705 726 1705 866 1705 867 1706 724 1706 726 1706 755 1707 759 1707 866 1707 866 1708 759 1708 867 1708 759 1709 763 1709 867 1709 867 1710 763 1710 865 1710 763 1711 764 1711 865 1711 865 1712 764 1712 862 1712 764 1713 765 1713 862 1713 765 1714 761 1714 862 1714 862 1715 761 1715 860 1715 860 1716 761 1716 861 1716 761 1717 760 1717 861 1717 760 1718 757 1718 861 1718 861 1719 757 1719 863 1719 757 1720 756 1720 863 1720 863 1721 756 1721 864 1721 756 1722 755 1722 864 1722 864 1723 755 1723 866 1723 868 1724 758 1724 836 1724 871 1725 868 1725 745 1725 871 1726 758 1726 868 1726 871 1727 762 1727 758 1727 871 1728 848 1728 762 1728 871 1729 745 1729 869 1729 871 1730 849 1730 848 1730 871 1731 869 1731 870 1731 871 1732 870 1732 847 1732 871 1733 850 1733 849 1733 871 1734 847 1734 850 1734 821 1735 851 1735 873 1735 872 1736 869 1736 745 1736 872 1737 870 1737 869 1737 872 1738 847 1738 870 1738 872 1739 852 1739 847 1739 872 1740 745 1740 874 1740 872 1741 874 1741 881 1741 872 1742 851 1742 852 1742 872 1743 881 1743 873 1743 872 1744 873 1744 851 1744 745 1745 747 1745 874 1745 875 1746 820 1746 876 1746 875 1747 883 1747 820 1747 875 1748 882 1748 883 1748 875 1749 766 1749 882 1749 875 1750 792 1750 766 1750 875 1751 791 1751 792 1751 876 1752 791 1752 875 1752 877 1753 788 1753 791 1753 877 1754 791 1754 876 1754 877 1755 786 1755 788 1755 878 1756 784 1756 786 1756 878 1757 786 1757 877 1757 878 1758 782 1758 784 1758 879 1759 782 1759 878 1759 879 1760 780 1760 782 1760 880 1761 780 1761 879 1761 880 1762 777 1762 780 1762 880 1763 776 1763 777 1763 881 1764 880 1764 873 1764 880 1765 747 1765 776 1765 881 1766 747 1766 880 1766 881 1767 874 1767 747 1767 766 1768 769 1768 882 1768 882 1769 820 1769 883 1769 882 1770 851 1770 820 1770 882 1771 769 1771 884 1771 882 1772 852 1772 851 1772 882 1773 884 1773 847 1773 885 1774 847 1774 884 1774 885 1775 850 1775 847 1775 885 1776 849 1776 850 1776 885 1777 884 1777 886 1777 885 1778 886 1778 887 1778 885 1779 848 1779 849 1779 885 1780 887 1780 848 1780 887 1781 886 1781 828 1781 889 1782 888 1782 890 1782 891 1783 889 1783 890 1783 891 1784 890 1784 892 1784 893 1785 891 1785 892 1785 893 1786 892 1786 895 1786 894 1787 893 1787 895 1787 894 1788 895 1788 896 1788 897 1789 894 1789 896 1789 897 1790 896 1790 898 1790 899 1791 897 1791 898 1791 899 1792 898 1792 900 1792 899 1793 900 1793 902 1793 901 1794 899 1794 902 1794 901 1795 902 1795 903 1795 904 1796 901 1796 903 1796 904 1797 903 1797 905 1797 906 1798 904 1798 905 1798 906 1799 905 1799 908 1799 907 1800 906 1800 908 1800 907 1801 908 1801 909 1801 980 1802 907 1802 909 1802 945 1803 911 1803 954 1803 954 1804 911 1804 910 1804 911 1805 912 1805 910 1805 910 1806 912 1806 913 1806 912 1807 914 1807 913 1807 913 1808 914 1808 915 1808 914 1809 916 1809 915 1809 915 1810 916 1810 917 1810 916 1811 918 1811 917 1811 917 1812 918 1812 919 1812 918 1813 920 1813 919 1813 920 1814 922 1814 919 1814 919 1815 922 1815 921 1815 922 1816 1038 1816 921 1816 921 1817 1038 1817 923 1817 923 1818 1038 1818 924 1818 1038 1819 1039 1819 924 1819 924 1820 1039 1820 925 1820 925 1821 927 1821 926 1821 1039 1822 927 1822 925 1822 927 1823 928 1823 926 1823 926 1824 928 1824 929 1824 928 1825 930 1825 929 1825 929 1826 930 1826 931 1826 930 1827 933 1827 931 1827 931 1828 933 1828 932 1828 933 1829 935 1829 932 1829 932 1830 935 1830 934 1830 934 1831 937 1831 936 1831 935 1832 937 1832 934 1832 936 1833 939 1833 938 1833 937 1834 939 1834 936 1834 938 1835 940 1835 941 1835 939 1836 940 1836 938 1836 941 1837 943 1837 942 1837 940 1838 943 1838 941 1838 943 1839 944 1839 942 1839 942 1840 944 1840 945 1840 944 1841 911 1841 945 1841 1024 1842 990 1842 994 1842 951 1843 952 1843 1006 1843 950 1844 947 1844 946 1844 946 1845 947 1845 948 1845 950 1846 949 1846 947 1846 952 1847 951 1847 993 1847 941 1848 954 1848 999 1848 938 1849 941 1849 999 1849 942 1850 954 1850 941 1850 938 1851 999 1851 953 1851 936 1852 938 1852 953 1852 945 1853 954 1853 942 1853 934 1854 936 1854 953 1854 932 1855 934 1855 953 1855 931 1856 932 1856 953 1856 953 1857 929 1857 931 1857 953 1858 926 1858 929 1858 955 1859 915 1859 917 1859 955 1860 913 1860 915 1860 955 1861 910 1861 913 1861 955 1862 954 1862 910 1862 955 1863 917 1863 919 1863 953 1864 925 1864 926 1864 924 1865 925 1865 953 1865 956 1866 924 1866 953 1866 956 1867 923 1867 924 1867 956 1868 921 1868 923 1868 956 1869 919 1869 921 1869 956 1870 955 1870 919 1870 768 1871 959 1871 957 1871 768 1872 958 1872 959 1872 958 1873 962 1873 959 1873 960 1874 961 1874 958 1874 958 1875 961 1875 962 1875 962 1876 961 1876 963 1876 966 1877 964 1877 957 1877 966 1878 965 1878 964 1878 957 1879 964 1879 768 1879 963 1880 965 1880 966 1880 964 1881 754 1881 768 1881 967 1882 754 1882 964 1882 967 1883 968 1883 754 1883 963 1884 971 1884 965 1884 961 1885 971 1885 963 1885 968 1886 969 1886 754 1886 969 1887 970 1887 754 1887 969 1888 758 1888 970 1888 971 1889 758 1889 969 1889 961 1890 758 1890 971 1890 758 1891 972 1891 970 1891 754 1892 970 1892 975 1892 970 1893 973 1893 975 1893 993 1894 992 1894 973 1894 974 1895 973 1895 977 1895 975 1896 973 1896 974 1896 977 1897 973 1897 976 1897 978 1898 758 1898 961 1898 979 1899 980 1899 909 1899 979 1900 981 1900 980 1900 979 1901 982 1901 981 1901 979 1902 983 1902 982 1902 985 1903 979 1903 984 1903 983 1904 979 1904 985 1904 979 1905 958 1905 984 1905 984 1906 958 1906 768 1906 986 1907 955 1907 956 1907 994 1908 990 1908 988 1908 989 1909 987 1909 988 1909 948 1910 989 1910 988 1910 948 1911 988 1911 946 1911 972 1912 758 1912 978 1912 972 1913 978 1913 993 1913 970 1914 972 1914 993 1914 970 1915 993 1915 973 1915 993 1916 991 1916 952 1916 993 1917 978 1917 991 1917 992 1918 1024 1918 994 1918 986 1919 956 1919 996 1919 994 1920 995 1920 973 1920 994 1921 996 1921 995 1921 994 1922 986 1922 996 1922 994 1923 973 1923 992 1923 994 1924 987 1924 986 1924 994 1925 988 1925 987 1925 995 1926 888 1926 973 1926 953 1927 996 1927 956 1927 998 1928 909 1928 908 1928 998 1929 997 1929 909 1929 998 1930 1003 1930 997 1930 998 1931 908 1931 905 1931 998 1932 954 1932 1003 1932 998 1933 905 1933 903 1933 999 1934 998 1934 903 1934 999 1935 903 1935 902 1935 999 1936 954 1936 998 1936 1000 1937 999 1937 902 1937 1000 1938 902 1938 900 1938 1000 1939 953 1939 999 1939 1000 1940 900 1940 898 1940 1001 1941 1000 1941 898 1941 1001 1942 898 1942 896 1942 1001 1943 953 1943 1000 1943 1001 1944 896 1944 895 1944 1001 1945 895 1945 892 1945 1002 1946 953 1946 1001 1946 1001 1947 892 1947 890 1947 1002 1948 1001 1948 890 1948 1002 1949 890 1949 888 1949 1002 1950 888 1950 995 1950 1002 1951 995 1951 996 1951 1002 1952 996 1952 953 1952 979 1953 909 1953 997 1953 955 1954 1003 1954 954 1954 955 1955 986 1955 1003 1955 1004 1956 987 1956 989 1956 1004 1957 979 1957 997 1957 1004 1958 986 1958 987 1958 1004 1959 997 1959 1003 1959 1004 1960 1003 1960 986 1960 1004 1961 989 1961 1005 1961 1006 1962 978 1962 960 1962 1006 1963 991 1963 978 1963 1006 1964 979 1964 1004 1964 1006 1965 952 1965 991 1965 958 1966 979 1966 1006 1966 960 1967 958 1967 1006 1967 961 1968 960 1968 978 1968 966 1969 1007 1969 963 1969 1007 1970 1008 1970 963 1970 1008 1971 1009 1971 963 1971 963 1972 1009 1972 962 1972 1009 1973 1010 1973 962 1973 962 1974 1011 1974 959 1974 1010 1975 1011 1975 962 1975 1011 1976 1012 1976 959 1976 959 1977 1012 1977 957 1977 1012 1978 1007 1978 957 1978 957 1979 1007 1979 966 1979 1013 1980 1007 1980 1014 1980 1007 1981 1012 1981 1014 1981 1014 1982 1012 1982 1015 1982 1016 1983 1007 1983 1013 1983 1015 1984 1012 1984 1017 1984 1007 1985 1016 1985 1008 1985 1011 1986 1017 1986 1012 1986 1016 1987 951 1987 1008 1987 951 1988 1009 1988 1008 1988 1011 1989 1018 1989 1017 1989 1009 1990 951 1990 1010 1990 951 1991 1018 1991 1010 1991 1010 1992 1018 1992 1011 1992 951 1993 1006 1993 1018 1993 1006 1994 1004 1994 1018 1994 1004 1995 1005 1995 1018 1995 1018 1996 1005 1996 1017 1996 1017 1997 1005 1997 1015 1997 1005 1998 989 1998 1015 1998 989 1999 948 1999 1015 1999 1015 2000 948 2000 1014 2000 948 2001 947 2001 1014 2001 1014 2002 947 2002 1013 2002 947 2003 949 2003 1013 2003 1013 2004 949 2004 1016 2004 949 2005 950 2005 1016 2005 950 2006 951 2006 1016 2006 1019 2007 1020 2007 969 2007 969 2008 1020 2008 971 2008 971 2009 1020 2009 965 2009 1020 2010 1021 2010 965 2010 965 2011 1021 2011 964 2011 1021 2012 1022 2012 964 2012 964 2013 1022 2013 967 2013 1022 2014 1023 2014 967 2014 967 2015 1023 2015 968 2015 1023 2016 1019 2016 968 2016 968 2017 1019 2017 969 2017 1024 2018 1019 2018 1023 2018 1024 2019 1023 2019 1025 2019 1023 2020 1022 2020 1025 2020 1025 2021 1022 2021 1026 2021 1022 2022 1027 2022 1026 2022 993 2023 1020 2023 1019 2023 1021 2024 1027 2024 1022 2024 993 2025 951 2025 1020 2025 951 2026 1021 2026 1020 2026 951 2027 950 2027 1021 2027 950 2028 1027 2028 1021 2028 1027 2029 950 2029 1026 2029 950 2030 946 2030 1026 2030 1026 2031 946 2031 1025 2031 946 2032 988 2032 1025 2032 988 2033 990 2033 1025 2033 1025 2034 990 2034 1024 2034 1024 2035 992 2035 1019 2035 992 2036 993 2036 1019 2036 1040 2037 891 2037 893 2037 1040 2038 893 2038 894 2038 1028 2039 1040 2039 894 2039 1029 2040 891 2040 1040 2040 1029 2041 889 2041 891 2041 1028 2042 894 2042 897 2042 1029 2043 888 2043 889 2043 1028 2044 897 2044 899 2044 1041 2045 1028 2045 899 2045 1041 2046 899 2046 901 2046 904 2047 1041 2047 901 2047 1042 2048 1041 2048 904 2048 973 2049 888 2049 1030 2049 906 2050 1042 2050 904 2050 1031 2051 973 2051 1030 2051 906 2052 1033 2052 1042 2052 907 2053 1033 2053 906 2053 980 2054 1033 2054 907 2054 980 2055 973 2055 1031 2055 980 2056 1031 2056 1032 2056 980 2057 1032 2057 1033 2057 754 2058 975 2058 768 2058 768 2059 975 2059 984 2059 975 2060 974 2060 984 2060 984 2061 974 2061 985 2061 985 2062 974 2062 983 2062 974 2063 977 2063 983 2063 977 2064 976 2064 983 2064 983 2065 976 2065 982 2065 982 2066 976 2066 981 2066 976 2067 973 2067 981 2067 981 2068 973 2068 980 2068 911 2069 1034 2069 912 2069 1033 2070 1034 2070 911 2070 1032 2071 1034 2071 1033 2071 1034 2072 1035 2072 912 2072 1032 2073 1035 2073 1034 2073 912 2074 1035 2074 914 2074 914 2075 1035 2075 916 2075 916 2076 1036 2076 918 2076 1035 2077 1036 2077 916 2077 1032 2078 1036 2078 1035 2078 1031 2079 1036 2079 1032 2079 918 2080 1036 2080 920 2080 1036 2081 1037 2081 920 2081 1031 2082 1037 2082 1036 2082 1030 2083 1037 2083 1031 2083 920 2084 1037 2084 922 2084 1037 2085 1038 2085 922 2085 1030 2086 1038 2086 1037 2086 1030 2087 1039 2087 1038 2087 888 2088 1039 2088 1030 2088 888 2089 1029 2089 1039 2089 1039 2090 1029 2090 927 2090 927 2091 1029 2091 928 2091 1029 2092 1040 2092 928 2092 928 2093 1040 2093 930 2093 930 2094 1040 2094 933 2094 1040 2095 1028 2095 933 2095 933 2096 1028 2096 935 2096 935 2097 1028 2097 937 2097 1028 2098 1041 2098 937 2098 937 2099 1041 2099 939 2099 939 2100 1041 2100 940 2100 1041 2101 1042 2101 940 2101 940 2102 1042 2102 943 2102 943 2103 1042 2103 944 2103 944 2104 1042 2104 911 2104 911 2105 1042 2105 1033 2105 1045 2106 1043 2106 1044 2106 1046 2107 1044 2107 1043 2107 1045 2108 1051 2108 1043 2108 1047 2109 1051 2109 1045 2109 1049 2110 1046 2110 1043 2110 1049 2111 1043 2111 1050 2111 1048 2112 1051 2112 1047 2112 1052 2113 1049 2113 1050 2113 1053 2114 1055 2114 1051 2114 1053 2115 1051 2115 1048 2115 1056 2116 1052 2116 1050 2116 1054 2117 1055 2117 1053 2117 1055 2118 1054 2118 1057 2118 1050 2119 1058 2119 1056 2119 1064 2120 1055 2120 1057 2120 1061 2121 1058 2121 1050 2121 1064 2122 1057 2122 1059 2122 1061 2123 1060 2123 1058 2123 1064 2124 1059 2124 1062 2124 1061 2125 1063 2125 1060 2125 1061 2126 1067 2126 1063 2126 1064 2127 1062 2127 1065 2127 1068 2128 1067 2128 1061 2128 1064 2129 1065 2129 1066 2129 1068 2130 1069 2130 1067 2130 1068 2131 1064 2131 1066 2131 1068 2132 1066 2132 1069 2132 1071 2133 1051 2133 1055 2133 1071 2134 1070 2134 1051 2134 1077 2135 1071 2135 1055 2135 1072 2136 1055 2136 1064 2136 1072 2137 1077 2137 1055 2137 1078 2138 1072 2138 1064 2138 1073 2139 1078 2139 1064 2139 1079 2140 1073 2140 1064 2140 1068 2141 1079 2141 1064 2141 1074 2142 1079 2142 1068 2142 1074 2143 1068 2143 1061 2143 1075 2144 1074 2144 1061 2144 1076 2145 1075 2145 1061 2145 1080 2146 1076 2146 1061 2146 1080 2147 1061 2147 1050 2147 1081 2148 1080 2148 1050 2148 1082 2149 1081 2149 1050 2149 1083 2150 1082 2150 1050 2150 1083 2151 1050 2151 1043 2151 1084 2152 1083 2152 1043 2152 1085 2153 1084 2153 1043 2153 1085 2154 1043 2154 1051 2154 1070 2155 1085 2155 1051 2155 1070 2156 1092 2156 1086 2156 1085 2157 1070 2157 1086 2157 1084 2158 1085 2158 1086 2158 1083 2159 1084 2159 1086 2159 1083 2160 1086 2160 1087 2160 1082 2161 1083 2161 1087 2161 1081 2162 1082 2162 1087 2162 1080 2163 1081 2163 1087 2163 1088 2164 1080 2164 1087 2164 1076 2165 1080 2165 1088 2165 1075 2166 1076 2166 1088 2166 1074 2167 1075 2167 1088 2167 1074 2168 1088 2168 1089 2168 1079 2169 1074 2169 1089 2169 1079 2170 1089 2170 1090 2170 1073 2171 1079 2171 1090 2171 1078 2172 1073 2172 1090 2172 1072 2173 1078 2173 1090 2173 1072 2174 1090 2174 1091 2174 1077 2175 1072 2175 1091 2175 1071 2176 1077 2176 1091 2176 1092 2177 1071 2177 1091 2177 1070 2178 1071 2178 1092 2178 1093 2179 1088 2179 1087 2179 1092 2180 1087 2180 1086 2180 1093 2181 1089 2181 1088 2181 1090 2182 1089 2182 1093 2182 1091 2183 1090 2183 1093 2183 1091 2184 1094 2184 1092 2184 1091 2185 1093 2185 1094 2185 1106 2186 1094 2186 1108 2186 1093 2187 1095 2187 1094 2187 1094 2188 1095 2188 1109 2188 1093 2189 1096 2189 1095 2189 1093 2190 1097 2190 1096 2190 1093 2191 1098 2191 1097 2191 1098 2192 1100 2192 1099 2192 1099 2193 1100 2193 1113 2193 1093 2194 1100 2194 1098 2194 1087 2195 1100 2195 1093 2195 1100 2196 1087 2196 1114 2196 1114 2197 1087 2197 1115 2197 1115 2198 1087 2198 1101 2198 1092 2199 1101 2199 1087 2199 1101 2200 1103 2200 1102 2200 1092 2201 1103 2201 1101 2201 1116 2202 1103 2202 1117 2202 1103 2203 1104 2203 1117 2203 1092 2204 1104 2204 1103 2204 1092 2205 1105 2205 1104 2205 1094 2206 1105 2206 1092 2206 1106 2207 1105 2207 1094 2207 1107 2208 1106 2208 1108 2208 1109 2209 1108 2209 1094 2209 1110 2210 1109 2210 1095 2210 1111 2211 1110 2211 1095 2211 1111 2212 1095 2212 1096 2212 1112 2213 1111 2213 1096 2213 1097 2214 1112 2214 1096 2214 1114 2215 1113 2215 1100 2215 1115 2216 1101 2216 1102 2216 1116 2217 1102 2217 1103 2217 1118 2218 1117 2218 1104 2218 1118 2219 1104 2219 1105 2219 1122 2220 1120 2220 1119 2220 1122 2221 1121 2221 1120 2221 1124 2222 1119 2222 1120 2222 1123 2223 1121 2223 1122 2223 1126 2224 1124 2224 1120 2224 1126 2225 1120 2225 1144 2225 1125 2226 1121 2226 1123 2226 1127 2227 1126 2227 1144 2227 1125 2228 1128 2228 1121 2228 1129 2229 1128 2229 1125 2229 1127 2230 1144 2230 1130 2230 1131 2231 1128 2231 1129 2231 1132 2232 1127 2232 1130 2232 1145 2233 1128 2233 1131 2233 1133 2234 1145 2234 1131 2234 1130 2235 1134 2235 1132 2235 1143 2236 1134 2236 1130 2236 1145 2237 1133 2237 1135 2237 1143 2238 1136 2238 1134 2238 1145 2239 1135 2239 1137 2239 1146 2240 1145 2240 1137 2240 1143 2241 1139 2241 1136 2241 1146 2242 1137 2242 1138 2242 1107 2243 1139 2243 1143 2243 1146 2244 1138 2244 1140 2244 1147 2245 1146 2245 1140 2245 1107 2246 1141 2246 1139 2246 1147 2247 1141 2247 1107 2247 1147 2248 1142 2248 1141 2248 1147 2249 1140 2249 1142 2249 1048 2250 1139 2250 1053 2250 1139 2251 1141 2251 1053 2251 1053 2252 1141 2252 1054 2252 1141 2253 1142 2253 1054 2253 1054 2254 1142 2254 1057 2254 1142 2255 1140 2255 1057 2255 1057 2256 1140 2256 1059 2256 1059 2257 1138 2257 1062 2257 1140 2258 1138 2258 1059 2258 1138 2259 1137 2259 1062 2259 1062 2260 1137 2260 1065 2260 1137 2261 1135 2261 1065 2261 1065 2262 1135 2262 1066 2262 1135 2263 1133 2263 1066 2263 1066 2264 1133 2264 1069 2264 1133 2265 1131 2265 1069 2265 1131 2266 1129 2266 1069 2266 1069 2267 1129 2267 1067 2267 1067 2268 1125 2268 1063 2268 1129 2269 1125 2269 1067 2269 1125 2270 1123 2270 1063 2270 1063 2271 1123 2271 1060 2271 1060 2272 1123 2272 1058 2272 1123 2273 1122 2273 1058 2273 1122 2274 1119 2274 1058 2274 1058 2275 1119 2275 1056 2275 1119 2276 1124 2276 1056 2276 1056 2277 1124 2277 1052 2277 1124 2278 1126 2278 1052 2278 1052 2279 1126 2279 1049 2279 1126 2280 1127 2280 1049 2280 1049 2281 1127 2281 1046 2281 1046 2282 1127 2282 1044 2282 1127 2283 1132 2283 1044 2283 1132 2284 1134 2284 1044 2284 1044 2285 1134 2285 1045 2285 1134 2286 1136 2286 1045 2286 1045 2287 1136 2287 1047 2287 1047 2288 1136 2288 1048 2288 1136 2289 1139 2289 1048 2289 1105 2290 1106 2290 1143 2290 1143 2291 1118 2291 1105 2291 1130 2292 1118 2292 1143 2292 1130 2293 1117 2293 1118 2293 1130 2294 1116 2294 1117 2294 1144 2295 1102 2295 1116 2295 1144 2296 1116 2296 1130 2296 1144 2297 1115 2297 1102 2297 1120 2298 1115 2298 1144 2298 1121 2299 1114 2299 1115 2299 1121 2300 1115 2300 1120 2300 1121 2301 1113 2301 1114 2301 1128 2302 1099 2302 1113 2302 1128 2303 1113 2303 1121 2303 1128 2304 1098 2304 1099 2304 1128 2305 1097 2305 1098 2305 1145 2306 1097 2306 1128 2306 1145 2307 1112 2307 1097 2307 1146 2308 1112 2308 1145 2308 1146 2309 1111 2309 1112 2309 1146 2310 1110 2310 1111 2310 1147 2311 1110 2311 1146 2311 1147 2312 1109 2312 1110 2312 1147 2313 1108 2313 1109 2313 1147 2314 1107 2314 1108 2314 1143 2315 1106 2315 1107 2315 1150 2316 1149 2316 1148 2316 1151 2317 1149 2317 1152 2317 1151 2318 1148 2318 1149 2318 1150 2319 1158 2319 1149 2319 1153 2320 1158 2320 1150 2320 1154 2321 1151 2321 1152 2321 1157 2322 1154 2322 1152 2322 1155 2323 1158 2323 1153 2323 1156 2324 1158 2324 1155 2324 1159 2325 1157 2325 1152 2325 1159 2326 1152 2326 1161 2326 1156 2327 1160 2327 1158 2327 1164 2328 1159 2328 1161 2328 1162 2329 1160 2329 1156 2329 1163 2330 1160 2330 1162 2330 1161 2331 1165 2331 1164 2331 1161 2332 1168 2332 1165 2332 1166 2333 1160 2333 1163 2333 1169 2334 1168 2334 1161 2334 1166 2335 1163 2335 1167 2335 1169 2336 1170 2336 1168 2336 1166 2337 1167 2337 1172 2337 1169 2338 1171 2338 1170 2338 1169 2339 1175 2339 1171 2339 1166 2340 1172 2340 1173 2340 1166 2341 1173 2341 1174 2341 1176 2342 1175 2342 1169 2342 1176 2343 1166 2343 1174 2343 1176 2344 1177 2344 1175 2344 1176 2345 1174 2345 1177 2345 1184 2346 1183 2346 1158 2346 1160 2347 1184 2347 1158 2347 1185 2348 1184 2348 1160 2348 1178 2349 1160 2349 1166 2349 1178 2350 1185 2350 1160 2350 1186 2351 1178 2351 1166 2351 1187 2352 1186 2352 1166 2352 1176 2353 1187 2353 1166 2353 1188 2354 1187 2354 1176 2354 1188 2355 1176 2355 1169 2355 1189 2356 1188 2356 1169 2356 1190 2357 1189 2357 1169 2357 1191 2358 1190 2358 1169 2358 1191 2359 1169 2359 1161 2359 1179 2360 1191 2360 1161 2360 1180 2361 1179 2361 1161 2361 1152 2362 1180 2362 1161 2362 1181 2363 1180 2363 1152 2363 1182 2364 1181 2364 1152 2364 1149 2365 1182 2365 1152 2365 1192 2366 1182 2366 1149 2366 1193 2367 1192 2367 1149 2367 1193 2368 1149 2368 1158 2368 1183 2369 1193 2369 1158 2369 1194 2370 1192 2370 1193 2370 1183 2371 1198 2371 1194 2371 1193 2372 1183 2372 1194 2372 1197 2373 1192 2373 1194 2373 1182 2374 1192 2374 1197 2374 1182 2375 1197 2375 1195 2375 1181 2376 1182 2376 1195 2376 1180 2377 1181 2377 1195 2377 1179 2378 1180 2378 1195 2378 1191 2379 1179 2379 1195 2379 1190 2380 1191 2380 1195 2380 1189 2381 1190 2381 1196 2381 1188 2382 1189 2382 1196 2382 1187 2383 1188 2383 1196 2383 1187 2384 1196 2384 1203 2384 1186 2385 1187 2385 1203 2385 1178 2386 1186 2386 1203 2386 1178 2387 1203 2387 1185 2387 1184 2388 1185 2388 1198 2388 1183 2389 1184 2389 1198 2389 1196 2390 1190 2390 1195 2390 1197 2391 1196 2391 1195 2391 1194 2392 1198 2392 1197 2392 1185 2393 1203 2393 1198 2393 1214 2394 1199 2394 1228 2394 1198 2395 1199 2395 1214 2395 1199 2396 1198 2396 1200 2396 1198 2397 1201 2397 1200 2397 1200 2398 1201 2398 1216 2398 1203 2399 1201 2399 1198 2399 1203 2400 1202 2400 1201 2400 1202 2401 1203 2401 1218 2401 1218 2402 1203 2402 1219 2402 1196 2403 1219 2403 1203 2403 1196 2404 1220 2404 1219 2404 1220 2405 1205 2405 1204 2405 1196 2406 1205 2406 1220 2406 1196 2407 1206 2407 1205 2407 1196 2408 1207 2408 1206 2408 1224 2409 1207 2409 1208 2409 1207 2410 1209 2410 1208 2410 1196 2411 1209 2411 1207 2411 1197 2412 1209 2412 1196 2412 1209 2413 1211 2413 1210 2413 1197 2414 1211 2414 1209 2414 1197 2415 1212 2415 1211 2415 1212 2416 1214 2416 1213 2416 1197 2417 1214 2417 1212 2417 1213 2418 1214 2418 1227 2418 1198 2419 1214 2419 1197 2419 1227 2420 1214 2420 1228 2420 1215 2421 1199 2421 1200 2421 1216 2422 1215 2422 1200 2422 1217 2423 1216 2423 1201 2423 1217 2424 1201 2424 1202 2424 1221 2425 1204 2425 1205 2425 1222 2426 1221 2426 1205 2426 1222 2427 1205 2427 1206 2427 1223 2428 1222 2428 1206 2428 1223 2429 1206 2429 1207 2429 1223 2430 1207 2430 1224 2430 1225 2431 1224 2431 1208 2431 1225 2432 1208 2432 1209 2432 1210 2433 1225 2433 1209 2433 1226 2434 1211 2434 1212 2434 1229 2435 1230 2435 1231 2435 1232 2436 1230 2436 1229 2436 1232 2437 1256 2437 1230 2437 1233 2438 1231 2438 1230 2438 1233 2439 1230 2439 1255 2439 1234 2440 1256 2440 1232 2440 1235 2441 1233 2441 1255 2441 1236 2442 1256 2442 1234 2442 1237 2443 1235 2443 1255 2443 1237 2444 1255 2444 1226 2444 1236 2445 1238 2445 1256 2445 1239 2446 1237 2446 1226 2446 1240 2447 1238 2447 1236 2447 1246 2448 1238 2448 1240 2448 1241 2449 1239 2449 1226 2449 1246 2450 1240 2450 1242 2450 1247 2451 1241 2451 1226 2451 1247 2452 1244 2452 1241 2452 1246 2453 1242 2453 1243 2453 1247 2454 1245 2454 1244 2454 1257 2455 1246 2455 1243 2455 1257 2456 1243 2456 1248 2456 1254 2457 1245 2457 1247 2457 1254 2458 1249 2458 1245 2458 1257 2459 1248 2459 1251 2459 1254 2460 1250 2460 1249 2460 1258 2461 1257 2461 1251 2461 1258 2462 1250 2462 1254 2462 1258 2463 1251 2463 1252 2463 1258 2464 1253 2464 1250 2464 1258 2465 1252 2465 1253 2465 1155 2466 1249 2466 1156 2466 1249 2467 1250 2467 1156 2467 1250 2468 1253 2468 1156 2468 1156 2469 1253 2469 1162 2469 1162 2470 1253 2470 1163 2470 1253 2471 1252 2471 1163 2471 1163 2472 1251 2472 1167 2472 1252 2473 1251 2473 1163 2473 1167 2474 1248 2474 1172 2474 1251 2475 1248 2475 1167 2475 1248 2476 1243 2476 1172 2476 1172 2477 1243 2477 1173 2477 1243 2478 1242 2478 1173 2478 1173 2479 1242 2479 1174 2479 1242 2480 1240 2480 1174 2480 1174 2481 1240 2481 1177 2481 1240 2482 1236 2482 1177 2482 1177 2483 1236 2483 1175 2483 1175 2484 1236 2484 1171 2484 1236 2485 1234 2485 1171 2485 1171 2486 1234 2486 1170 2486 1234 2487 1232 2487 1170 2487 1170 2488 1232 2488 1168 2488 1232 2489 1229 2489 1168 2489 1168 2490 1229 2490 1165 2490 1165 2491 1229 2491 1164 2491 1229 2492 1231 2492 1164 2492 1164 2493 1231 2493 1159 2493 1231 2494 1233 2494 1159 2494 1159 2495 1233 2495 1157 2495 1233 2496 1235 2496 1157 2496 1157 2497 1235 2497 1154 2497 1154 2498 1237 2498 1151 2498 1235 2499 1237 2499 1154 2499 1237 2500 1239 2500 1151 2500 1151 2501 1239 2501 1148 2501 1239 2502 1241 2502 1148 2502 1148 2503 1241 2503 1150 2503 1241 2504 1244 2504 1150 2504 1150 2505 1244 2505 1153 2505 1244 2506 1245 2506 1153 2506 1153 2507 1245 2507 1155 2507 1245 2508 1249 2508 1155 2508 1254 2509 1227 2509 1228 2509 1247 2510 1213 2510 1227 2510 1247 2511 1227 2511 1254 2511 1247 2512 1212 2512 1213 2512 1226 2513 1212 2513 1247 2513 1255 2514 1211 2514 1226 2514 1255 2515 1210 2515 1211 2515 1255 2516 1225 2516 1210 2516 1230 2517 1224 2517 1225 2517 1230 2518 1225 2518 1255 2518 1230 2519 1223 2519 1224 2519 1230 2520 1222 2520 1223 2520 1256 2521 1222 2521 1230 2521 1256 2522 1221 2522 1222 2522 1238 2523 1221 2523 1256 2523 1238 2524 1204 2524 1221 2524 1238 2525 1220 2525 1204 2525 1246 2526 1220 2526 1238 2526 1246 2527 1219 2527 1220 2527 1246 2528 1218 2528 1219 2528 1246 2529 1202 2529 1218 2529 1257 2530 1202 2530 1246 2530 1257 2531 1217 2531 1202 2531 1258 2532 1216 2532 1217 2532 1258 2533 1217 2533 1257 2533 1215 2534 1216 2534 1258 2534 1215 2535 1258 2535 1254 2535 1254 2536 1199 2536 1215 2536 1254 2537 1228 2537 1199 2537 1260 2538 1265 2538 1259 2538 1260 2539 1265 2539 1276 2539 1260 2540 1276 2540 1265 2540 1261 2541 1259 2541 1265 2541 1262 2542 1265 2542 1260 2542 1263 2543 1261 2543 1265 2543 1265 2544 1262 2544 1264 2544 1265 2545 1264 2545 1263 2545 1266 2546 1267 2546 1268 2546 1268 2547 1269 2547 1266 2547 1266 2548 1270 2548 1267 2548 1277 2549 1270 2549 1266 2549 1269 2550 1271 2550 1266 2550 1270 2551 1277 2551 1272 2551 1277 2552 1266 2552 1272 2552 1272 2553 1266 2553 1271 2553 1263 2554 1280 2554 1283 2554 1263 2555 1264 2555 1280 2555 1280 2556 1264 2556 1262 2556 1280 2557 1262 2557 1281 2557 1262 2558 1260 2558 1281 2558 1260 2559 1282 2559 1281 2559 1260 2560 1259 2560 1282 2560 1261 2561 1283 2561 1282 2561 1261 2562 1282 2562 1259 2562 1261 2563 1263 2563 1283 2563 1280 2564 1281 2564 1282 2564 1280 2565 1282 2565 1283 2565 1271 2566 1284 2566 1285 2566 1272 2567 1271 2567 1285 2567 1272 2568 1285 2568 1286 2568 1270 2569 1272 2569 1286 2569 1270 2570 1286 2570 1287 2570 1267 2571 1270 2571 1287 2571 1267 2572 1287 2572 1288 2572 1268 2573 1267 2573 1288 2573 1268 2574 1288 2574 1289 2574 1269 2575 1268 2575 1289 2575 1269 2576 1289 2576 1284 2576 1271 2577 1269 2577 1284 2577 1278 2578 1279 2578 1266 2578 1277 2579 1278 2579 1266 2579 1275 2580 1277 2580 1266 2580 1276 2581 1275 2581 1266 2581 1274 2582 1276 2582 1266 2582 1273 2583 1274 2583 1266 2583 1279 2584 1273 2584 1266 2584 1273 2585 1279 2585 1265 2585 1274 2586 1273 2586 1265 2586 1276 2587 1274 2587 1265 2587 1275 2588 1276 2588 1265 2588 1277 2589 1275 2589 1265 2589 1278 2590 1277 2590 1265 2590 1279 2591 1278 2591 1265 2591 1290 2592 1285 2592 1284 2592 1290 2593 1286 2593 1285 2593 1290 2594 1287 2594 1286 2594 1290 2595 1288 2595 1287 2595 1290 2596 1289 2596 1288 2596 1290 2597 1284 2597 1289 2597 1292 2598 1291 2598 1295 2598 1293 2599 1295 2599 1291 2599 1295 2600 1293 2600 1294 2600 1297 2601 1299 2601 1296 2601 1296 2602 1298 2602 1297 2602 1297 2603 1300 2603 1299 2603 1301 2604 1297 2604 1298 2604 1300 2605 1297 2605 1302 2605 1302 2606 1297 2606 1301 2606 1295 2607 1309 2607 1310 2607 1295 2608 1294 2608 1309 2608 1309 2609 1294 2609 1293 2609 1309 2610 1293 2610 1311 2610 1293 2611 1312 2611 1311 2611 1293 2612 1291 2612 1312 2612 1291 2613 1313 2613 1312 2613 1292 2614 1314 2614 1313 2614 1292 2615 1313 2615 1291 2615 1292 2616 1310 2616 1314 2616 1292 2617 1295 2617 1310 2617 1309 2618 1312 2618 1313 2618 1309 2619 1313 2619 1314 2619 1309 2620 1314 2620 1310 2620 1309 2621 1311 2621 1312 2621 1302 2622 1301 2622 1315 2622 1302 2623 1315 2623 1316 2623 1300 2624 1302 2624 1316 2624 1299 2625 1300 2625 1316 2625 1299 2626 1316 2626 1317 2626 1296 2627 1299 2627 1317 2627 1296 2628 1317 2628 1318 2628 1298 2629 1318 2629 1319 2629 1298 2630 1296 2630 1318 2630 1298 2631 1319 2631 1320 2631 1301 2632 1298 2632 1320 2632 1301 2633 1320 2633 1315 2633 1308 2634 1303 2634 1297 2634 1307 2635 1308 2635 1297 2635 1306 2636 1307 2636 1297 2636 1305 2637 1306 2637 1297 2637 1304 2638 1305 2638 1297 2638 1303 2639 1304 2639 1297 2639 1304 2640 1303 2640 1295 2640 1305 2641 1304 2641 1295 2641 1306 2642 1305 2642 1295 2642 1307 2643 1306 2643 1295 2643 1308 2644 1307 2644 1295 2644 1303 2645 1308 2645 1295 2645 1321 2646 1316 2646 1315 2646 1321 2647 1317 2647 1316 2647 1321 2648 1318 2648 1317 2648 1321 2649 1319 2649 1318 2649 1321 2650 1320 2650 1319 2650 1321 2651 1315 2651 1320 2651 1322 2652 1326 2652 1323 2652 1322 2653 1323 2653 1324 2653 1325 2654 1326 2654 1322 2654 1327 2655 1322 2655 1324 2655 1328 2656 1326 2656 1325 2656 1328 2657 1332 2657 1326 2657 1329 2658 1327 2658 1324 2658 1330 2659 1329 2659 1324 2659 1332 2660 1328 2660 1331 2660 1330 2661 1331 2661 1329 2661 1330 2662 1332 2662 1331 2662 1333 2663 1334 2663 1335 2663 1333 2664 1335 2664 1338 2664 1333 2665 1336 2665 1334 2665 1335 2666 1337 2666 1338 2666 1333 2667 1339 2667 1336 2667 1344 2668 1340 2668 1333 2668 1333 2669 1340 2669 1339 2669 1337 2670 1341 2670 1338 2670 1344 2671 1343 2671 1340 2671 1341 2672 1342 2672 1338 2672 1344 2673 1345 2673 1343 2673 1342 2674 1346 2674 1338 2674 1344 2675 1347 2675 1345 2675 1344 2676 1349 2676 1347 2676 1344 2677 1357 2677 1349 2677 1348 2678 1338 2678 1346 2678 1350 2679 1338 2679 1348 2679 1349 2680 1357 2680 1352 2680 1351 2681 1353 2681 1350 2681 1350 2682 1353 2682 1338 2682 1352 2683 1357 2683 1354 2683 1356 2684 1353 2684 1351 2684 1354 2685 1357 2685 1355 2685 1359 2686 1353 2686 1356 2686 1355 2687 1357 2687 1358 2687 1360 2688 1353 2688 1359 2688 1358 2689 1357 2689 1361 2689 1357 2690 1353 2690 1361 2690 1361 2691 1353 2691 1360 2691 1365 2692 1364 2692 1323 2692 1329 2693 1331 2693 1373 2693 1329 2694 1373 2694 1374 2694 1331 2695 1328 2695 1375 2695 1331 2696 1375 2696 1373 2696 1328 2697 1325 2697 1376 2697 1328 2698 1376 2698 1375 2698 1325 2699 1322 2699 1377 2699 1325 2700 1377 2700 1376 2700 1327 2701 1378 2701 1377 2701 1327 2702 1377 2702 1322 2702 1327 2703 1329 2703 1374 2703 1327 2704 1374 2704 1378 2704 1351 2705 1379 2705 1380 2705 1356 2706 1351 2706 1380 2706 1356 2707 1380 2707 1381 2707 1359 2708 1356 2708 1381 2708 1360 2709 1359 2709 1381 2709 1360 2710 1381 2710 1382 2710 1360 2711 1382 2711 1383 2711 1361 2712 1360 2712 1383 2712 1358 2713 1383 2713 1384 2713 1358 2714 1361 2714 1383 2714 1355 2715 1358 2715 1384 2715 1355 2716 1384 2716 1385 2716 1354 2717 1355 2717 1385 2717 1354 2718 1385 2718 1386 2718 1352 2719 1354 2719 1386 2719 1352 2720 1386 2720 1387 2720 1349 2721 1352 2721 1387 2721 1349 2722 1387 2722 1388 2722 1349 2723 1388 2723 1389 2723 1347 2724 1349 2724 1389 2724 1347 2725 1389 2725 1390 2725 1345 2726 1390 2726 1391 2726 1345 2727 1347 2727 1390 2727 1343 2728 1391 2728 1392 2728 1343 2729 1345 2729 1391 2729 1343 2730 1392 2730 1393 2730 1340 2731 1343 2731 1393 2731 1339 2732 1340 2732 1393 2732 1339 2733 1393 2733 1394 2733 1336 2734 1339 2734 1394 2734 1336 2735 1394 2735 1395 2735 1334 2736 1336 2736 1395 2736 1334 2737 1395 2737 1396 2737 1335 2738 1334 2738 1396 2738 1335 2739 1396 2739 1397 2739 1335 2740 1397 2740 1398 2740 1337 2741 1335 2741 1398 2741 1337 2742 1398 2742 1399 2742 1341 2743 1337 2743 1399 2743 1342 2744 1341 2744 1399 2744 1342 2745 1399 2745 1400 2745 1346 2746 1342 2746 1400 2746 1346 2747 1400 2747 1401 2747 1348 2748 1346 2748 1401 2748 1348 2749 1401 2749 1402 2749 1350 2750 1402 2750 1403 2750 1350 2751 1348 2751 1402 2751 1351 2752 1403 2752 1379 2752 1351 2753 1350 2753 1403 2753 1372 2754 1362 2754 1353 2754 1371 2755 1372 2755 1353 2755 1357 2756 1371 2756 1353 2756 1370 2757 1371 2757 1357 2757 1369 2758 1370 2758 1357 2758 1344 2759 1369 2759 1357 2759 1368 2760 1369 2760 1344 2760 1367 2761 1368 2761 1344 2761 1367 2762 1344 2762 1333 2762 1366 2763 1367 2763 1333 2763 1365 2764 1366 2764 1333 2764 1338 2765 1365 2765 1333 2765 1364 2766 1365 2766 1338 2766 1363 2767 1364 2767 1338 2767 1362 2768 1363 2768 1338 2768 1362 2769 1338 2769 1353 2769 1324 2770 1362 2770 1330 2770 1363 2771 1362 2771 1324 2771 1364 2772 1363 2772 1324 2772 1323 2773 1364 2773 1324 2773 1366 2774 1365 2774 1323 2774 1366 2775 1323 2775 1326 2775 1367 2776 1366 2776 1326 2776 1368 2777 1367 2777 1326 2777 1369 2778 1368 2778 1326 2778 1332 2779 1369 2779 1326 2779 1370 2780 1369 2780 1332 2780 1371 2781 1370 2781 1332 2781 1371 2782 1332 2782 1330 2782 1372 2783 1371 2783 1330 2783 1362 2784 1372 2784 1330 2784 1380 2785 1379 2785 1405 2785 1381 2786 1380 2786 1405 2786 1382 2787 1381 2787 1405 2787 1383 2788 1382 2788 1405 2788 1384 2789 1383 2789 1405 2789 1404 2790 1384 2790 1405 2790 1385 2791 1384 2791 1404 2791 1386 2792 1385 2792 1404 2792 1387 2793 1386 2793 1404 2793 1388 2794 1387 2794 1404 2794 1389 2795 1388 2795 1404 2795 1390 2796 1389 2796 1404 2796 1391 2797 1390 2797 1404 2797 1392 2798 1391 2798 1404 2798 1393 2799 1392 2799 1404 2799 1394 2800 1393 2800 1404 2800 1395 2801 1394 2801 1404 2801 1395 2802 1404 2802 1405 2802 1396 2803 1395 2803 1405 2803 1397 2804 1396 2804 1405 2804 1398 2805 1397 2805 1405 2805 1399 2806 1398 2806 1405 2806 1400 2807 1399 2807 1405 2807 1401 2808 1400 2808 1405 2808 1402 2809 1401 2809 1405 2809 1403 2810 1402 2810 1405 2810 1379 2811 1403 2811 1405 2811 1373 2812 1377 2812 1378 2812 1373 2813 1378 2813 1374 2813 1373 2814 1375 2814 1376 2814 1373 2815 1376 2815 1377 2815</p>
                </triangles>
            </mesh>
        </geometry>
    </library_geometries>
    <library_visual_scenes>
        <visual_scene id="VisualSceneNode" name="VisualScene">
            <node id="node" name="node">
                <instance_geometry url="#shape0-lib"/>
            </node>
        </visual_scene>
    </library_visual_scenes>
    <scene>
        <instance_visual_scene url="#VisualSceneNode"/>
    </scene>
</COLLADA>
