<?xml version="1.0" encoding="UTF-8"?>
<COLLADA xmlns="http://www.collada.org/2005/11/COLLADASchema" version="1.4.1">
    <asset>
        <contributor>
            <author>VCGLab</author>
            <authoring_tool>VCGLib | MeshLab</authoring_tool>
        </contributor>
        <created>월 1 13 13:18:45 2025 GMT</created>
        <modified>월 1 13 13:18:45 2025 GMT</modified>
        <up_axis>Y_UP</up_axis>
    </asset>
    <library_geometries>
        <geometry id="shape0-lib" name="shape0">
            <mesh>
                <source id="shape0-lib-positions" name="position">
                    <float_array id="shape0-lib-positions-array" count="4773">0.0668084 0.002 0.00374089 0.0693622 0.002 0.00267219 0.0682576 0.002 0.00225897 0.0689228 0.002 0.000109136 0.0703818 0.002 0.000759788 0.0701529 0.002 -0.00146647 0.0684905 0.002 -0.00337311 0.0680041 0.002 -0.00247008 0.066147 0.002 -0.00392622 -0.0184765 2.34397e-18 0.0153058 -0.0180713 2.28591e-18 0.014893 -0.0185209 2.27374e-18 0.0144619 -0.0203689 2.22068e-18 0.0126547 -0.0168749 2.26641e-18 0.0154375 -0.0199562 2.17381e-18 0.0123766 -0.0119302 2.45393e-18 0.0208016 -0.0110443 2.3945e-18 0.0206825 -0.0115955 2.37994e-18 0.0201582 -0.015505 2.19339e-18 0.0154727 -0.0223936 1.97885e-18 0.00854216 -0.0211497 2.05513e-18 0.0102295 -0.0121018 2.31729e-18 0.0191044 -0.010116 2.38791e-18 0.0212042 -0.00830245 2.39608e-18 0.022468 -0.0158739 2.42576e-18 0.0179327 -0.0218171 1.96327e-18 0.00873284 -0.00784237 2.34181e-18 0.0221343 -0.0122296 2.22423e-18 0.0179417 -0.0223667 1.8608e-18 0.00718897 -0.0141743 2.05414e-18 0.0147136 -0.00549161 2.2729e-18 0.0228493 -0.012005 2.14433e-18 0.0171588 -0.0229377 1.7109e-18 0.00508055 -0.0233223 1.77502e-18 0.00557722 -0.0113074 2.01576e-18 0.0161157 -0.00388458 2.21134e-18 0.0231703 -0.00329048 2.22712e-18 0.0237364 -0.0232424 1.58912e-18 0.00347034 -0.0133758 1.909e-18 0.0135431 -0.01069 1.94267e-18 0.015665 -0.0234214 1.45875e-18 0.00184138 -0.00171581 2.11339e-18 0.0234309 -0.0234647 1.39174e-18 0.00103553 -0.0238902 1.50458e-18 0.00207126 0.000547815 2.03448e-18 0.0239736 -7.84942e-05 2.02844e-18 0.0234999 -0.0232901 1.30772e-18 0.000172524 0.00101406 1.96592e-18 0.0234781 0.00210443 1.89915e-18 0.0234056 0.00379274 1.83001e-18 0.023691 -0.0225469 1.16801e-18 -0.000970497 0.00330045 1.82044e-18 0.0232627 -0.0145374 1.64539e-18 0.00973393 -0.0136914 1.7013e-18 0.0109283 -0.00983849 1.86985e-18 0.0153683 -0.00858917 1.80156e-18 0.0153807 -0.0124615 1.31018e-18 0.00718 0.00450399 1.70749e-18 0.0227269 -0.0238464 1.12009e-18 -0.00236447 -0.02088 1.00551e-18 -0.00178288 -0.0154672 1.56131e-18 0.00815853 -0.0112659 1.32982e-18 0.00817863 -0.0132817 1.78221e-18 0.0121318 -0.0163892 1.43708e-18 0.00612202 -0.0168869 1.33133e-18 0.00457338 0.00553846 1.70392e-18 0.0233522 -0.0172387 1.21406e-18 0.00298522 0.00541647 3.47723e-10 0.0216588 -0.00949171 1.16736e-18 0.00743583 -0.0125232 1.15643e-18 0.00535514 -0.0174445 1.08325e-18 0.00133388 -0.0114341 1.01029e-18 0.00436039 -0.0208588 6.86625e-19 -0.00547149 -0.000742279 1.2683e-18 0.0142467 -0.00147972 1.58293e-18 0.0174243 -0.00447795 1.70359e-18 0.0168929 -0.0216899 6.45088e-19 -0.00648943 -0.00182444 1.19379e-18 0.0126842 -0.0194643 6.67095e-19 -0.00479954 0.000348351 1.48726e-18 0.0174918 0.000955355 1.17203e-18 0.0142231 -0.0193989 9.33913e-19 -0.00165959 0.00200867 1.38544e-18 0.0173797 -0.0229178 6.69156e-19 -0.00700133 -0.0186376 9.29918e-19 -0.00121529 -0.0184712 6.11952e-19 -0.0047997 -0.0219337 5.54427e-19 -0.00769911 -0.0216872 4.26668e-19 -0.00902354 0.00179765 1.02976e-18 0.0131142 -0.0177205 9.85699e-19 2.34017e-05 -0.0175874 9.68702e-10 -0.00509895 0.00332991 1.31347e-18 0.0173956 0.00978044 1.23081e-18 0.0205932 0.00576366 1.44067e-18 0.0204409 -0.00542919 7.46256e-19 0.00516505 -0.0044031 7.65027e-19 0.00604429 -0.0210138 1.76978e-19 -0.0114885 0.00568123 1.37063e-18 0.0195746 -0.00910665 9.61795e-19 0.0052974 -0.00635643 6.92135e-19 0.0039391 0.0113259 1.20275e-18 0.0212635 -0.0208397 2.21369e-19 -0.0108609 -0.00700916 6.17386e-19 0.00265058 0.00874497 1.15606e-18 0.019058 -0.0068722 1.35742e-07 0.0161008 0.0120031 1.16685e-18 0.0212831 0.0123346 1.14357e-18 0.0212265 0.0049052 1.30038e-18 0.0182588 -0.00737458 5.21372e-19 0.00130034 -0.0102055 9.48002e-19 0.00442904 -0.0200266 5.36826e-20 -0.0122837 0.00823338 1.02462e-18 0.0172023 -0.000373263 6.64904e-19 0.00747904 -0.000911679 9.79334e-19 0.0107826 0.0083985 9.25508e-19 0.016158 -0.0119253 2.60482e-19 -0.00466155 -0.0164696 3.81936e-19 -0.00618017 -0.0074767 3.66781e-19 -0.000560301 -0.0127786 1.94496e-19 -0.00597757 -0.0103952 2.03391e-19 -0.00433824 0.00102444 5.82509e-19 0.00742324 0.00124242 8.87898e-19 0.0111093 -0.0121066 1.62314e-20 -0.00761413 0.00886377 8.26635e-19 0.0153099 0.00220723 4.93804e-19 0.00715566 0.00939227 7.51932e-19 0.0147832 -0.0187991 -1.70085e-19 -0.0140906 -0.0073006 2.61742e-19 -0.00166631 -0.0151505 9.1881e-20 -0.0086976 -0.0173502 -4.5651e-19 -0.0164821 -0.00928487 8.16292e-20 -0.00503628 0.00358133 3.67636e-19 0.00657643 -0.00673224 9.45018e-20 -0.00324169 -0.0174092 -3.92382e-19 -0.0157757 -0.00894779 -7.26423e-20 -0.00661015 -0.0136184 -1.88861e-19 -0.0109697 -0.00580005 -8.67122e-20 -0.00474482 -0.0124041 -3.74111e-19 -0.0123378 -0.00488657 3.13745e-07 -0.0057021 0.0111264 5.44156e-19 0.0134886 0.00481342 2.26889e-19 0.00573641 0.00937787 1.29987e-19 0.00755311 -0.0101622 -1.2799e-19 -0.00803545 -0.0158687 -6.11288e-19 -0.0173244 0.0127 3.30197e-19 0.0120187 -0.0109514 1.34412e-07 -0.0136652 0.00585463 7.71446e-20 0.00466891 0.00889004 3.0712e-20 0.00608612 -0.00345307 -3.79631e-19 -0.00663303 0.0145749 2.29344e-20 0.00965969 0.00964926 -1.249e-19 0.00476875 0.00673194 -9.4431e-20 0.00324232 0.0112324 6.74656e-20 0.00802245 -0.0091675 -7.86182e-19 -0.015036 -0.0141911 -8.24909e-19 -0.0187233 0.00736296 -2.88736e-19 0.0013931 0.0126804 -1.0845e-19 0.00691329 0.0153658 -1.31616e-19 0.00837505 -0.0134376 -9.64733e-19 -0.0198611 -0.0125314 -1.01292e-18 -0.0198365 0.0158129 -2.31063e-19 0.00750859 0.016161 -2.94185e-19 0.00700012 -0.00129865 -9.00567e-19 -0.0112926 -0.00133882 1.22849e-09 -0.00734717 0.0168092 3.41079e-10 0.00641894 0.0127133 -2.09e-19 0.00576708 0.00748253 -4.03299e-19 0.000140075 0.000477349 -9.37343e-19 -0.010575 0.000466753 -6.70093e-19 -0.00747904 -0.0103567 -1.28795e-18 -0.0216281 -0.0110247 -1.12124e-18 -0.0201231 0.011711 -2.59105e-19 0.00453938 0.00171087 -7.22602e-19 -0.00728685 -0.00978259 -1.16034e-18 -0.0197764 0.00324907 -7.61471e-19 -0.00674677 -0.00842189 -1.09697e-18 -0.0181638 -0.00490945 -1.30037e-18 -0.0182615 -0.00570549 -1.39323e-18 -0.0198526 -0.00374725 -1.29835e-18 -0.017489 0.00963944 -9.4964e-19 -0.00481289 0.00721658 1.2589e-09 -0.00198211 0.00642439 -6.85368e-19 -0.00381674 -0.0089726 -1.15093e-18 -0.0191452 0.00555633 -7.41512e-19 -0.00502803 0.00889261 -1.05215e-18 -0.00648442 -0.00128437 -1.12078e-18 -0.0138401 -0.00560279 -1.52327e-18 -0.0212963 0.0181645 1.15578e-11 0.00201035 0.0189303 -8.2194e-19 0.00265757 0.00433392 -7.66706e-19 -0.00610837 0.0176605 -4.60766e-19 0.00603247 0.0118298 -1.05909e-18 -0.00467198 0.0187471 -5.28768e-19 0.00594325 0.0125405 -7.07793e-19 -0.00013532 -0.00190855 -1.39182e-18 -0.0173892 0.0198202 -8.36011e-19 0.00306773 0.0305327 -9.50887e-19 0.00863816 0.0176865 -8.83638e-19 0.00113967 0.010176 -1.25062e-18 -0.00796148 0.000289172 -1.25476e-18 -0.0143815 0.0174647 -1.04481e-18 -0.000874545 0.000465194 -1.53219e-18 -0.0174891 -0.00676035 -1.6049e-18 -0.02299 -0.00521853 -1.60723e-18 -0.0220234 0.00168353 -1.59377e-18 -0.0174188 0.0172727 -1.19832e-18 -0.00278062 -0.00387804 -1.77127e-18 -0.023064 0.00349113 -1.66966e-18 -0.017135 0.0016544 -1.25936e-18 -0.0135551 0.0170349 -1.29082e-18 -0.00400777 -0.00264734 -1.86371e-18 -0.023344 0.0127822 -1.26354e-18 -0.00643181 0.00526413 -1.72929e-18 -0.0166845 -0.00299919 -1.88272e-18 -0.0237916 -0.00101406 -1.96592e-18 -0.0234781 0.0164955 -1.41547e-18 -0.00580259 0.00679098 -1.76572e-18 -0.0161235 0.00167904 -1.10086e-18 -0.011699 0.00816005 -1.78874e-18 -0.0155084 0.015788 -1.52563e-18 -0.00753751 0.0121934 -1.33169e-18 -0.00760253 7.84942e-05 -2.02844e-18 -0.0234999 0.0149994 -1.60827e-18 -0.00900516 0.0140526 -1.67768e-18 -0.0104213 0.0134844 -1.724e-18 -0.0113253 0.00906893 -1.82222e-18 -0.0153113 0.0132129 -1.81397e-18 -0.0125448 0.0102384 -1.90248e-18 -0.0154895 0.00187754 -2.16098e-18 -0.0238792 0.00198705 -2.12564e-18 -0.0233983 0.0133456 -1.90141e-18 -0.0134745 0.0114691 -2.04535e-18 -0.0163549 0.0139156 -2.019e-18 -0.0144724 0.00437821 -2.27552e-18 -0.0235973 0.00442344 -2.23347e-18 -0.0230799 0.00553846 -2.31881e-18 -0.0233522 0.00549161 -2.2729e-18 -0.0228493 0.00706898 -2.32219e-18 -0.0224049 0.0122048 -2.2231e-18 -0.0179446 0.015096 -2.17859e-18 -0.0155644 0.00861577 -2.36143e-18 -0.0218636 0.00962286 -2.3808e-18 -0.0214395 0.0120332 -2.33668e-18 -0.0193739 0.0167102 -2.29725e-18 -0.0159018 0.0178622 1.34484e-11 -0.0156103 0.0116636 -2.37607e-18 -0.0200694 0.0427224 2.89872e-11 0.00839197 0.0428219 -1.65391e-18 0.00839624 0.0421343 -1.36097e-18 0.0113541 0.0431749 -1.67509e-18 0.00837781 0.0424429 -1.36327e-18 0.0115264 0.0437096 -1.72163e-18 0.0081821 0.0428924 4.6159e-11 0.0120666 0.0260229 -2.21957e-18 -0.008998 0.0289474 -2.65733e-18 -0.0121956 0.0441482 -1.93142e-18 0.00602909 0.0443964 -1.86704e-18 0.00693651 0.0459237 -2.24538e-18 0.00352823 0.0429353 -1.24053e-18 0.0132687 0.0530998 -2.14612e-18 0.00930563 0.0424307 -1.15195e-18 0.013972 0.030489 -2.94955e-18 -0.0145947 0.0549553 -2.23571e-18 0.00946137 0.0111515 -2.39404e-18 -0.020608 0.0318612 -3.05717e-18 -0.0149599 0.0106749 -2.39562e-18 -0.0209336 0.0567541 -2.53894e-18 0.0071001 0.0604205 -3.14723e-18 0.00240073 0.0557378 -2.78909e-18 0.0035408 0.0670769 -2.96925e-18 0.00875708 0.0561157 -2.36219e-18 0.00874078 0.0421637 -1.12346e-18 0.0141305 0.0420257 -1.11143e-18 0.0141813 0.0651242 -3.27139e-18 0.0039907 0.0550606 -3.07499e-18 -0.000214945 0.0557717 -3.41454e-18 -0.00369882 0.0603524 -3.52665e-18 -0.00204826 0.0702495 -3.29448e-18 0.00702582 0.0566843 -3.78474e-18 -0.00740878 0.0687868 -3.54286e-18 0.00319941 0.0735668 -3.8801e-18 0.00236474 0.070192 -3.77169e-18 0.0014483 0.0704851 -3.89344e-18 0.000223726 0.0734859 -4.27701e-18 -0.00229559 0.0670769 -4.47778e-18 -0.00875708 0.0555786 -3.87573e-18 -0.00917778 0.0641467 1.0494e-07 -0.00399894 0.0435578 -3.47561e-18 -0.0122796 0.066619 -4.02744e-18 -0.00382372 0.0697347 -4.51125e-18 -0.00743272 0.0695702 -4.06554e-18 -0.00236402 0.0419311 -1.10396e-18 0.0142071 0.0299344 -2.49377e-18 -0.00966045 0.0438981 -1.9419e-18 0.00574624 0.0294162 -2.51607e-18 -0.0102534 0.00941822 0.0055 0.00516032 0.0120847 0.0055 0.00496677 0.0127623 0.0055 0.00658593 0.0113628 0.0055 0.00795588 0.00933221 0.0055 0.00747503 0.0100869 0.0055 -0.00801603 0.0120216 0.0055 -0.00766926 0.0125683 0.0055 -0.00569295 0.00985086 0.0055 -0.00474321 0.00891507 0.0055 -0.00641568 -0.00169642 0.0055 -0.0132683 -8.4093e-05 0.0055 -0.0144293 0.00150472 0.0055 -0.0136476 0.001433 0.0055 -0.0113815 -0.00118922 0.0055 -0.0111602 -0.0108032 0.0055 -0.00815783 -0.00922517 0.0055 -0.00720442 -0.00907816 0.0055 -0.00531582 -0.0105146 0.0055 -0.00437993 -0.0122798 0.0055 -0.00503057 -0.0123846 0.0055 -0.00730834 -0.0126439 0.0055 0.00589279 -0.0112492 0.0055 0.00433683 -0.00990786 0.0055 0.00452658 -0.00903697 0.0055 0.00611381 -0.0099968 0.0055 0.00798915 -0.0117658 0.0055 0.00787795 0.000108465 0.0055 0.0106978 0.00186314 0.0055 0.0124526 0.0010483 0.0055 0.0141638 -0.00060285 0.0055 0.0143187 -0.00173229 0.0055 0.0125462 0.00304261 0.011 0.0247932 0.00576923 0.001 0.0243252 0.00576923 0.011 0.0243252 0.00395077 0.001 0.0246781 0.0014965 0.001 0.0249475 0.000283934 0.011 0.0249908 -0.00097238 0.001 0.0249735 -0.00217375 0.011 0.0248977 -0.00343177 0.001 0.0247556 -0.00461039 0.011 0.0245635 -0.00585766 0.001 0.0242962 -0.00700238 0.011 0.0239914 -0.00909046 0.001 0.0232662 -0.0101708 0.011 0.0228148 -0.0116219 0.001 0.0221258 -0.0126367 0.011 0.0215624 -0.0137484 0.001 0.0208711 -0.0146948 0.011 0.0202159 -0.0157406 0.001 0.0194127 -0.0166107 0.011 0.0186737 -0.0175793 0.001 0.0177648 -0.0183656 0.011 0.0169506 -0.0192463 0.001 0.0159436 -0.0199428 0.011 0.0150634 -0.0207256 0.001 0.0139667 -0.0213268 0.011 0.0130303 -0.0220025 0.001 0.0118536 -0.0225042 0.011 0.0108711 -0.0231695 0.001 0.00933421 -0.0235714 0.011107 0.00823672 -0.0240823 0.001 0.00671129 -0.0242606 0.0111957 0.00595761 -0.0245513 0.001 0.0046025 -0.0247265 0.011 0.0035442 -0.0249619 0.001 0.00123451 -0.0249918 0.011 0.000174838 -0.0249619 0.001 -0.00123451 -0.024888 0.011 -0.00228242 -0.0248095 0.001 -0.00308062 -0.0245924 0.0113624 -0.00414196 -0.0245057 0.001 -0.00490793 -0.0242813 0.011 -0.00591948 -0.0240823 0.001 -0.00671129 -0.0234659 0.011 -0.00856229 -0.0231695 0.001 -0.00933421 -0.0219507 0.011 -0.0119218 -0.0220025 0.001 -0.0118536 -0.0207256 0.001 -0.0139667 -0.0199576 0.011 -0.0150217 -0.0192463 0.001 -0.0159436 -0.0179137 0.0110752 -0.0174284 -0.0173493 0.001 -0.0179709 -0.0162565 0.0113971 -0.0189785 -0.0147625 0.001 -0.0201665 -0.0144444 0.0119898 -0.0203937 -0.0124273 0.001 -0.0216683 -0.0121639 0.0130687 -0.021825 -0.00986606 0.0145017 -0.0229662 -0.00995452 0.001 -0.0229327 -0.00822639 0.001 -0.0235997 -0.00847396 0.0155495 -0.0235118 -0.00669296 0.0168745 -0.0240874 -0.00645809 0.001 -0.0241515 -0.00547362 0.0177245 -0.0243934 -0.00465039 0.001 -0.0245559 -0.00360972 0.0189388 -0.0247299 -0.00281999 0.001 -0.0248404 -0.00172255 0.020084 -0.0249406 -0.00158954 0.001 -0.0249494 -7.09297e-05 0.0210018 -0.0249946 0.00026238 0.001 -0.024991 0.00197314 0.0220439 -0.0249168 0.00211302 0.001 -0.0249105 0.00334091 0.001 -0.0247758 0.00349187 0.0227508 -0.0247549 0.00456064 0.001 -0.0245805 0.0048126 0.0233111 -0.0245302 0.00576923 0.001 -0.0243252 0.0114231 0.0185 -0.022985 0.0673077 0.0055 0.00973008 0.0673077 0.001 0.00973008 0.0522114 0.00564378 0.0133105 0.0522234 0.0243588 0.0133076 0.050937 0.0236276 0.0136127 0.0502013 0.0225275 0.0137872 0.0500228 0.0218409 0.0138296 0.0498596 0.0272319 0.0138682 0.0499999 0.0153572 0.013835 0.0502494 0.00741333 0.0137758 0.0281766 0.0125388 0.0190108 0.0510363 0.0062593 0.0135892 0.0673077 0.0055 -0.00973008 0.0692162 0.001 -0.0090189 0.0694089 0.0055 -0.00892099 0.0711768 0.001 -0.00785358 0.0723895 0.001 -0.00670831 0.0719045 0.0055 -0.00718392 0.0739786 0.0055 -0.00420605 0.0737997 0.001 -0.00465191 0.0749021 0.0055 -0.00110857 0.0747634 0.001 -0.00202413 0.0749739 0.001 0.000308819 0.0748395 0.0055 0.00166126 0.0747161 0.001 0.00233007 0.0739689 0.001 0.00435668 0.0740419 0.0055 0.00418621 0.0719626 0.001 0.00706662 0.0723999 0.0055 0.00665342 0.0690181 0.001 0.00910413 0.0691636 0.0055 0.00905154 0.0114243 0.0115 -0.022984 0.0246591 0.0055 -0.0198451 0.0148314 0.0258857 -0.0221759 0.0246591 0.0245 -0.0198451 0.0673077 0.026 -0.00973008 0.0491797 0.03 0.00991855 0.0609001 0.03 -0.000156146 0.0154244 0.03 -0.0179243 0.0647946 0.03 0.00396851 0.0627512 0.03 -0.00353666 0.0663121 0.03 -0.00472748 0.0692953 0.0299989 -0.00121024 0.069323 0.0245 -0.00895628 0.0703268 0.026598 -0.00823639 0.072669 0.0245 -0.00629567 0.074183 0.026319 -0.00369026 0.0744848 0.0245 -0.00306675 0.0747693 0.0265047 0.000599374 0.0749082 0.0245 0.000306547 0.0735362 0.0262433 0.00503455 0.0732398 0.0245 0.00542665 0.0708189 0.0267247 0.00784268 0.0696087 0.0245 0.00877194 0.0649228 0.027 9.242e-05 0.05 0.0115 0.00883496 0.0499999 0.0185 0.00883485 0.0600728 0.00549999 0.011446 0.0621048 0.0055 0.00267602 0.0611977 0.0055 0.00114181 0.0642954 0.0055 0.00391537 0.061133 0.0055 -0.000643176 0.0620471 0.0055 -0.00263981 0.0664027 0.0055 0.0035656 0.0683467 0.0055 0.00216245 0.0688856 0.0055 0.000711488 0.0666 0.0055 -0.00363677 0.064378 0.0055 -0.00386282 0.068356 0.0055 -0.00198761 0.059809 0.0245 0.0115096 0.0612022 0.0245 0.000476205 0.0638546 0.0245 0.00358827 0.0619542 0.0245 -0.00247432 0.0673081 0.0245 0.00313809 0.0689068 0.0245 0.000315306 0.0662487 0.0245 -0.00369674 0.0639122 0.0245 -0.00379471 0.0684588 0.0245 -0.00192611 0.0500318 0.0219079 0.00444357 0.0504127 0.0229358 0.00342527 0.0512643 0.0239251 0.00284528 0.0517871 0.0242402 0.002868 0.0523617 0.024419 0.00311028 0.0501137 0.00776244 0.00408376 0.0505842 0.0067316 0.00313557 0.0511683 0.00614522 0.00285729 0.0525595 0.00555886 0.00324473 -0.0134742 0.015 0.00867732 -0.0141129 0.015 0.00767217 -0.0127432 0.015 0.00924823 -0.0112038 0.015 0.00980989 -0.0143843 0.015 0.00614987 -0.00991047 0.015 0.00970657 -0.0140743 0.015 0.00475996 -0.00778004 0.015 0.0190261 -0.00340249 0.015 0.0135383 -0.00237094 0.015 0.0150963 -0.000687594 0.015 0.0160133 0.00312165 0.015 0.0206712 -0.00352221 0.015 0.0118789 -0.00855602 0.015 0.00898924 0.00136986 0.015 0.0157732 0.0022074 0.015 0.0153399 -0.0074449 0.015 0.0073279 -0.0028361 0.015 0.0103655 0.00274738 0.015 0.0148055 -0.00155181 0.015 0.00927764 -0.0132698 0.015 0.00364831 -0.0135259 0.015 -0.00389745 -0.0127142 0.015 -0.00318894 -0.00753964 0.015 0.00490513 -0.0119854 0.015 -0.00285581 -0.01201 0.015 0.00286441 -0.000211807 0.015 0.00893069 -0.0141968 0.015 -0.00507745 -0.010694 0.015 -0.0026922 -0.0143014 0.015 -0.00694069 -0.0106804 0.015 0.00268236 -0.0195746 0.015 0.000430703 -0.00947339 0.015 0.00292767 -0.00850022 0.015 0.00353068 -0.00883676 0.015 -0.00329811 -0.0134171 0.015 -0.00870444 -0.00766272 0.015 -0.00458591 -0.0124736 0.015 -0.00943584 -0.0114505 0.0150008 -0.00977968 0.00319701 0.015 0.0108988 0.00885076 0.015 0.00924652 0.00790328 0.015 0.00830181 0.00357426 0.015 0.012632 0.00333035 0.015 0.0138193 0.00260601 0.015 0.0100208 0.0073075 0.015 0.0068609 0.00189305 0.015 0.00946666 0.0104124 0.015 0.00975307 0.0072733 0.015 0.00568264 0.000886947 0.015 0.00901674 -0.00727566 0.015 -0.00569456 -0.0072718 0.0150043 -0.00670915 0.0207591 0.015 0.0166591 0.0117422 0.015 0.00972357 0.0310426 0.0179289 0.0159752 0.0102258 0.0190995 -0.00271277 0.00957831 0.0188136 -0.00287622 0.00914692 0.0186854 -0.00306589 0.0086393 0.0186207 -0.00340069 0.011457 0.0198945 -0.00272777 0.0130583 0.0214831 -0.00346626 0.0138437 0.0226295 -0.00430448 0.0422014 0.0270711 0.0133287 0.0142422 0.0235529 -0.0051728 0.0144224 0.02442 -0.00614825 0.0143953 0.0248058 -0.00667059 0.0141356 0.0253801 -0.00762924 0.00100326 0.0181222 -0.00905307 0.00791036 0.018756 -0.00417739 0.00737005 0.0193068 -0.00533707 0.00724476 0.0201656 -0.0065536 0.00213554 0.0192855 -0.00962713 0.00747842 0.0210583 -0.00751806 0.00297225 0.0204883 -0.0104961 0.00803676 0.0221761 -0.00850651 0.00874431 0.0231467 -0.00918107 0.00348699 0.0217449 -0.0117004 0.00358393 0.022666 -0.0128145 0.00339071 0.0231921 -0.0136558 0.00939248 0.0238386 -0.00954342 0.0102508 0.024573 -0.00978747 -0.00349868 0.0184652 -0.0132111 -0.00305855 0.0196533 -0.0143882 -0.00255061 0.0204666 -0.0150235 0.00426624 0.0270711 -0.0179619 0.0124652 0.0257088 -0.00943317 0.0028768 0.0236067 -0.0146172 0.0109594 0.0250695 -0.00984651 0.0115665 0.0253916 -0.00976337 -0.00191428 0.0212705 -0.0155406 -0.00102725 0.022145 -0.0159427 0.00167946 0.0236647 -0.01568 0.00210219 0.0237307 -0.0154169 -0.00342276 0.0224136 -0.0182668 0.00117163 0.0235118 -0.0159006 -5.84681e-05 0.0228609 -0.0160715 0.0133392 0.0257871 -0.00881374 0.0138311 0.025645 -0.0082238 0.000393482 0.0176501 -0.0089262 0.0302437 0.0174272 0.0160284 -0.00064562 0.0171244 -0.00897874 -0.00357148 0.0175904 -0.0121106 -0.0105537 0.0170856 -0.0170873 -0.0032983 0.0170712 -0.0110811 0.0292686 0.0168906 0.0160932 -0.00162097 0.0168376 -0.00928961 -0.00215261 0.0167806 -0.00962275 0.0286302 0.0165913 0.0161357 0.0275843 0.0161747 0.0162052 0.0137649 0.0164311 0.00420935 -0.0113824 0.0165606 -0.0168002 -0.00275879 0.0168277 -0.0102095 0.0142135 0.0162103 0.00508457 0.0124351 0.016465 0.00303869 0.0130264 0.0165205 0.00340948 0.0144053 0.0158198 0.00629478 0.0110999 0.0161407 0.00269241 -0.0124067 0.0160129 -0.016345 0.0140794 0.0153813 0.00768141 0.00961584 0.0156536 0.00288399 -0.0137899 0.0154258 -0.0155534 0.0230982 0.0151572 0.0165036 0.00860237 0.0153132 0.00342919 0.00805264 0.0151493 0.00396327 -0.00848127 0.015067 -0.00895797 -0.0149015 0.0151184 -0.0147023 -0.00765255 0.0150393 -0.00790688 0.0130584 0.0150658 0.00901412 -0.0158068 0.0150168 -0.0137763 -0.00997613 0.015033 -0.00971627 0.00755109 0.0150348 0.00480911 0.00480761 0.0273982 -0.0179601 0.0425348 0.0273935 0.0131658 0.00570525 0.0278737 -0.0179571 0.0430693 0.0278491 0.0129046 0.0436361 0.0282732 0.0126276 0.00671869 0.0283405 -0.0179537 0.0440338 0.0285329 0.0124333 0.00751371 0.0286527 -0.017951 0.0446564 0.0288845 0.012129 0.00843334 0.0289651 -0.0179479 0.0453018 0.0291956 0.0118136 0.00938566 0.0292388 -0.0179447 0.04597 0.0294532 0.0114871 0.0103645 0.029472 -0.0179414 0.0113633 0.0296632 -0.017938 0.0468824 0.0297223 0.0110412 0.0123755 0.0298116 -0.0179346 0.0478089 0.0299002 0.0105884 0.0133941 0.0299169 -0.0179312 0.0144126 0.0299794 -0.0179277 0.0486746 0.0299854 0.0101654 -0.00708749 0.0075 0.00967257 -0.00692426 0.00130469 0.009494 -0.00583713 0.0075 0.00943562 -0.00570869 0.0005 0.00948529 -0.00479075 0.000429688 0.0105277 -0.00489804 0.0075 0.0103605 -0.00544396 0.0075 0.0119459 -0.005652 0.000464844 0.0120312 -0.00700559 0.0075 0.0120823 -0.00768952 0.0075 0.0109997 -0.00724643 0.000429688 0.0119359 -0.00775481 0.00126953 0.0106281 0.0110972 0.00308984 -0.000310347 0.0120725 0.000464844 -0.00139796 0.011601 0.0075 -0.00116329 0.0131973 0.003125 -0.00118558 0.0135517 0.0075 -0.00102729 0.0138158 0.0075 0.000470776 0.013951 0.000429688 0.000302387 0.0132626 0.000429688 0.0013201 0.0129376 0.0075 0.00138584 0.0121379 0.004 0.00143767 0.0115049 0.000359375 0.00118466 0.0112768 0.0075 0.000799184 -0.00771797 0.0005 -0.0106385 -0.0071056 0.0075 -0.0120344 -0.00749678 0.00221484 -0.0115848 -0.00553365 0.0075 -0.0119907 -0.00599057 0.000464844 -0.0121642 -0.00480132 0.000429688 -0.0110825 -0.00480306 0.0075 -0.0111349 -0.00488448 0.00575 -0.010253 -0.00560984 0.000429688 -0.0094527 -0.00574799 0.0075 -0.00946111 -0.00663023 0.004 -0.00939427 -0.00741282 0.000429688 -0.00983088 -0.0074159 0.0075 -0.00994111 -0.00773671 0.0075 -0.0108317 -0.00221202 0.0055 0.0152569 -0.00340263 0.0055 0.0135214 -0.000687594 0.0055 0.0160133 0.000997344 0.0055 0.0159206 -0.00326798 0.0055 0.0111223 0.00217032 0.0055 0.0153652 0.00274738 0.0055 0.0148055 -0.00229896 0.0055 0.00976021 0.00336803 0.0055 0.0137141 0.00349454 0.0055 0.0119333 -0.000791713 0.0055 0.00902816 0.000456524 0.0055 0.00894453 0.00285906 0.0055 0.0103479 0.00194755 0.0055 0.00950584 -0.0129483 0.0055 0.0090587 -0.014067 0.0055 0.00777394 -0.0143721 0.0055 0.00610642 -0.0107588 0.0055 0.00979932 -0.00928685 0.0055 0.00949612 -0.00841806 0.0055 0.00889385 -0.0138029 0.0055 0.00427322 -0.00735696 0.0055 0.00686053 -0.0126264 0.0055 0.00319758 -0.0107079 0.0055 0.00268764 -0.00757384 0.0055 0.00480742 -0.00939094 0.0055 0.00296242 -0.00847079 0.0055 0.00354809 -0.0133951 0.0055 -0.00377436 -0.0122597 0.0055 -0.00296242 -0.0141803 0.0055 -0.00498132 -0.0109646 0.0055 -0.00270381 -0.0144035 0.0055 -0.00613857 -0.0141471 0.0055 -0.00753008 -0.00901378 0.0055 -0.00320071 -0.00770922 0.0055 -0.00448968 -0.0131866 0.0055 -0.00892659 -0.0123849 0.0055 -0.00948845 -0.00731824 0.0055 -0.00547243 -0.0114143 0.0055 -0.00978325 -0.00731033 0.0055 -0.00687034 -0.00993267 0.0055 -0.00971108 -0.00827896 0.0055 -0.00869646 0.00356651 0.0055 -0.0129469 0.00325737 0.0055 -0.0139823 0.00270812 0.0055 -0.0148602 0.00196322 0.0055 -0.0154983 0.00118801 0.0055 -0.0158951 0.000312595 0.0055 -0.0160732 -0.000689892 0.0055 -0.0160254 -0.00163639 0.0055 -0.0156915 -0.00260279 0.0055 -0.0149601 -0.00311285 0.0055 -0.0142972 -0.00355159 0.0055 -0.012815 -0.0034521 0.0055 -0.0115518 -0.00273023 0.0055 -0.0102087 -0.00169261 0.0055 -0.00934545 -0.000433196 0.0055 -0.00895567 0.000797928 0.0055 -0.0090033 0.00199251 0.0055 -0.00953785 0.00304633 0.0055 -0.0106121 0.00350857 0.0055 -0.0117791 0.0144114 0.0055 -0.00640651 0.0142393 0.0055 -0.0073379 0.013755 0.0055 -0.00832878 0.0131514 0.0055 -0.00898741 0.0120975 0.0055 -0.00958356 0.0111388 0.0055 -0.00983324 0.0102582 0.0055 -0.00978709 0.00930946 0.0055 -0.00950081 0.00837411 0.0055 -0.00885915 0.00757705 0.0055 -0.00775251 0.00725881 0.0055 -0.00669694 0.00727881 0.0055 -0.00571528 0.00770936 0.0055 -0.00452842 0.00871509 0.0055 -0.00335327 0.00955308 0.0055 -0.00288559 0.0104804 0.0055 -0.00268787 0.0116321 0.0055 -0.00276362 0.0129594 0.0055 -0.00337697 0.0138036 0.0055 -0.00424657 0.0142549 0.0055 -0.00525043 0.00826979 0.0055 0.00874184 0.00974835 0.0055 0.00962223 0.00757452 0.0055 0.00776589 0.00727198 0.0055 0.00605529 0.0114921 0.0055 0.00977434 0.00789757 0.0055 0.0042544 0.0128047 0.0055 0.00921299 0.0138716 0.0055 0.00813786 0.00921031 0.0055 0.00305065 0.0143428 0.0055 0.00692691 0.0107814 0.0055 0.00268234 0.0142936 0.0055 0.00535512 0.01201 0.0055 0.00286441 0.0139699 0.0055 0.00451216 0.0132114 0.0055 0.00359709 -0.000763289 0.0232061 -0.0241646 -0.00651828 0.0193605 -0.0233814 -0.00404606 0.0229168 -0.0218044 -0.000361319 0.024877 -0.0226674 0.00295532 0.0262883 -0.0228944 0.00156106 0.0264186 -0.0203617 -0.0106022 0.0172952 -0.0175229 0.00134462 0.0226311 -0.0247846 -0.00533882 0.0217946 -0.0194174 -0.0042425 0.0194489 -0.0244727 -0.00848087 0.0193704 -0.021139 -0.0166849 0.01247 -0.0182581 -0.0111576 0.0155214 -0.0217407 0.0108158 0.0281625 -0.0220042 0.00470198 0.0256401 -0.0238503 0.0116575 0.029483 -0.0199823 0.0141052 0.0298602 -0.0190048 0.0147992 0.0292448 -0.0204117 0.0147691 0.0282922 -0.0214091 0.0289441 0.0281393 -0.01819 0.041632 0.0284602 -0.0149485 0.00704594 0.0280381 -0.0217929 0.00447853 0.027617 -0.0191839 0.00898896 0.0292699 -0.0189497 0.0410566 0.0299406 -0.0125223 0.0417951 0.0270426 -0.0156363 0.0148673 0.0270081 -0.0219928 0.0290856 0.0262452 -0.0187866 0.0418171 0.0265866 -0.0157288 0.00804401 0.0253287 -0.0237087 0.0411506 0.0298539 -0.0129189 0.0110065 0.026744 -0.0228286 0.0417655 0.0274391 -0.0155113 0.0413194 0.0295718 -0.0136306 0.0414174 0.0293259 -0.0140435 0.0413791 0.0294309 -0.0138821 0.0352106 0.0287218 -0.0162428 -0.0200642 0.0118639 -0.0145998 -0.0149878 0.0151927 -0.0164018 -0.0190562 0.0137042 -0.0142664 -0.023071 0.0119764 -0.00890213 -0.0196261 0.0148403 -0.00966954 -0.0226296 0.0136762 -0.00705064 -0.024837 0.0117715 -0.000666441 -0.0219605 0.0147425 -0.00267662 -0.0234894 0.0139568 0.000932346 -0.0223064 0.0139818 0.00719353 -0.0241271 0.0124795 0.00467714 -0.0206568 0.0149199 0.00613348 -0.0200537 0.014347 0.0111722 -0.0220697 0.0121035 0.0112548 -0.0196197 0.0124149 0.0147686 -0.0164862 0.0148138 0.0144078 -0.0159334 0.0119868 0.018887 -0.0151478 0.0133408 0.0187218 -0.00906591 0.0121983 0.0229079 -0.0117087 0.014523 0.0192961 -0.00666091 0.0146629 0.0213553 -0.00639784 0.0136533 0.0229612 0.00110643 0.0146799 0.0222464 -0.00028773 0.011913 0.0247316 0.000172094 0.0149857 0.0211055 0.00202319 0.0132859 0.0239927 0.00495898 0.0149639 0.0209089 0.0480881 0.0278845 -0.0138008 0.0414808 0.0291204 -0.0143111 0.0412313 0.0297385 -0.0132588 0.0409498 0.0299952 -0.0120722 0.0176975 0.0113911 0.0214678 0.00711869 0.0121328 0.0238022 0.0136093 0.012924 0.0219473 0.0133727 0.01389 0.0212144 0.0132013 0.0145951 0.020227 0.0169603 0.0149089 0.0183593 0.0586969 0.0264889 0.0117352 0.0681836 0.0271365 0.00921518 0.0585242 0.0283695 0.0110071 0.0678778 0.0292988 0.00741729 0.0664637 0.029982 0.00617168 0.0711217 0.0288493 0.00557261 0.0730555 0.028977 0.000802915 0.0720142 0.0275209 -0.00637476 0.0721206 0.0290316 -0.00371396 0.0681591 0.0245 -0.00952816 0.0679187 0.0282258 -0.00877858 0.067793 0.0298435 -0.00630924 0.0683756 0.0290958 -0.0077579 0.0367778 0.0223829 0.0149046 0.0318912 0.0158866 0.0176863 0.0228818 0.0142745 0.0184253 0.0378881 0.0226042 0.0152708 0.0414295 0.0228184 0.0157031 0.027838 0.0145381 0.0182327 0.0265392 0.0156641 0.0166942 0.030606 0.016936 0.0167784 0.0420739 0.0247833 0.0150481 0.0259566 0.012726 0.0193587 0.0586284 0.0275491 0.0114465 0.0583378 0.0291751 0.010221 0.0581501 0.0296574 0.00942972 0.0535903 0.0299336 0.00955727 0.0363429 0.0176543 0.0170555 0.0437379 0.0277654 0.0133565 0.0459845 0.0271972 0.0141705 0.0451758 0.024911 0.0149482 0.0470021 0.02915 0.0122576 -0.0110889 0.013 0.0206491 -0.011676 0.013 0.0200555 -0.012108 0.013 0.0190963 -0.0122299 0.013 0.0179604 -0.0119863 0.013 0.0171062 -0.0112782 0.013 0.0160921 -0.01069 0.013 0.015665 -0.00981186 0.013 0.015358 -0.00812401 0.013 0.015569 -0.010116 0.013 0.0212042 -0.00603408 0.013 0.0164218 -0.00732541 0.013 0.0223107 -0.00415162 0.013 0.0231126 -0.00388843 0.013 0.0170492 -0.00188461 0.013 0.0173851 -0.00171581 0.013 0.0234309 0.00330045 0.013 0.0232627 0.000348351 0.013 0.0174918 -7.84942e-05 0.013 0.0234999 0.00101406 0.013 0.0234781 0.00435913 0.013 0.0228173 0.00521052 0.013 0.0220525 0.00200867 0.013 0.0173797 0.00210443 0.013 0.0234056 0.00340774 0.013 0.0174105 0.00573521 0.013 0.0205639 0.00542766 0.013 0.0190035 0.00453433 0.013 0.017888 -0.00580005 0.013 0.00474482 -0.00502809 0.013 0.00555627 -0.00390469 0.013 0.00638974 -0.00655112 0.013 0.0036205 -0.00707309 0.013 0.00247494 -0.00291236 0.013 0.00690892 -0.00207858 2.52815e-08 0.00718816 -0.00148563 0.013 0.00734901 -0.00736296 0.013 0.0013931 -0.0074767 0.013 0.000560301 -0.000373263 0.013 0.00747904 -0.00749068 0.013 -0.000373844 -0.00750038 6.33844e-10 0.000167936 -0.00746273 0.013 -0.000746759 0.000746527 0.013 0.00746041 -0.00732592 0.013 -0.00157632 0.00333522 0.013 0.00671045 0.00207029 0.013 0.00718572 -0.00697071 0.013 -0.0027358 -0.00634498 0.013 -0.00398687 -0.0056799 0.013 -0.00488801 0.00455576 0.013 0.00593741 0.0056799 0.013 0.00488801 -0.00429811 0.013 -0.00613842 -0.00294979 0.013 -0.00687798 0.00707309 0.013 0.00247494 0.006411 0.013 0.00386319 -0.00055804 0.013 -0.00745119 0.00736296 0.013 0.0013931 0.00747787 0.013 0.00042011 0.00111608 0.013 -0.00740471 0.00729502 0.013 -0.00161751 0.00256117 0.013 -0.00703675 0.00691961 0.013 -0.00286602 0.00401784 0.013 -0.00630696 0.0059945 0.013 -0.00448232 0.0052988 0.013 -0.00529874 0.00931049 0.013 0.0201522 0.0101591 0.013 0.0209085 0.00975812 0.013 0.0218375 0.0115072 0.013 0.0212578 0.00824946 0.013 0.0174811 0.00831028 0.013 0.0164626 0.00867919 0.013 0.0155684 0.00915177 0.013 0.014991 0.0095112 0.013 0.0146921 0.0111264 0.013 0.0134886 0.0125577 0.013 0.0121807 0.0138214 0.013 0.0107102 0.0158692 0.013 0.00741136 0.016285 0.013 0.00686015 0.0171043 0.013 0.00624903 0.0184612 0.013 0.00595445 0.0153658 0.013 0.00837505 0.0191409 0.013 0.00598981 0.0149345 0.013 0.00912204 0.0423087 0.013 0.0141175 0.0420947 0.013 0.0141559 0.0423594 0.013 0.0140296 0.04295 0.013 0.013254 0.0419246 0.013 0.0112865 0.0421563 0.013 0.0113649 0.0427913 0.013 0.0119399 -0.00503617 0.013 -0.01836 -0.00562542 0.013 -0.019502 -0.00400045 0.013 -0.0175832 -0.00568623 0.013 -0.0210205 -0.00533153 0.013 -0.0218372 -0.00381928 0.013 -0.0230789 -0.00266365 0.013 -0.0173612 -0.0018307 0.013 -0.0234111 7.84942e-05 0.013 -0.0234999 -0.000348351 0.013 -0.0174918 0.00816005 0.013 -0.0155084 0.00117088 0.013 -0.0234708 0.00906893 0.013 -0.0153113 0.00280323 0.013 -0.0233258 0.00127773 0.013 -0.0174485 0.00309163 0.013 -0.0172115 0.0100271 0.013 -0.0154168 0.0111833 0.013 -0.0160295 0.00495753 0.013 -0.0229646 0.00526413 0.013 -0.0166845 0.00732541 0.013 -0.0223107 0.00679098 0.013 -0.0161235 0.0122388 0.013 -0.0184622 0.0120628 0.013 -0.0173284 0.00962286 0.013 -0.0214395 0.0107223 0.013 -0.0209039 0.0113723 0.013 -0.020408 0.011913 0.013 -0.0196245 0.0142858 0.013 -0.0149241 0.0145536 0.013 -0.00970917 0.0154112 0.013 -0.00828073 0.0162005 0.013 -0.00658146 0.0168247 0.013 -0.00481436 0.0170349 0.013 -0.00400777 0.0172727 0.013 -0.00278062 0.0198202 0.013 0.00306773 0.043261 0.013 0.00851718 0.0438981 0.013 0.00574624 0.0440706 0.013 0.0059196 0.0443501 0.013 0.00646281 0.0443047 0.013 0.00747451 0.0441319 1.66002e-12 0.00780471 0.0435392 0.013 0.00827768 0.0431749 0.013 0.00837781 0.0184248 0.013 -0.0152652 0.0185353 0.013 0.00239021 0.0178476 0.013 0.00149558 0.0193607 0.013 0.00290924 0.0174753 0.013 -0.000667822 0.0137828 0.013 -0.0107868 0.0134231 0.013 -0.0114716 0.0132249 0.013 -0.0127494 0.0135034 0.013 -0.0138537 0.0152288 0.013 -0.0156464 0.0166466 0.013 -0.0159091 0.0177328 0.013 -0.0156782 -0.0206798 0.013 -0.00530293 -0.0214548 0.013 -0.0060677 -0.0218956 0.013 -0.00714693 -0.0190502 0.013 -0.00479856 -0.0218581 0.013 -0.0085486 -0.0175 0.013 -0.00516571 -0.016395 0.013 -0.00627579 -0.0210809 0.013 -0.0103706 -0.0200266 0.013 -0.0122837 -0.0156003 0.013 -0.00790095 -0.0186253 0.013 -0.0143013 -0.0141137 0.013 -0.0103247 -0.0170423 0.013 -0.0161806 -0.0129643 0.013 -0.0117478 -0.0121172 0.013 -0.0126263 -0.0158687 0.013 -0.0173244 -0.0107241 0.013 -0.0138126 -0.0141911 0.013 -0.0187233 -0.00921055 0.013 -0.0149778 -0.0125484 0.013 -0.0198287 -0.00832881 0.013 -0.016571 -0.011293 0.013 -0.0201375 -0.00828198 5.59206e-09 -0.0166055 -0.0100836 0.013 -0.0199208 -0.00862063 0.013 -0.0185711 -0.00920836 0.013 -0.0193833 -0.0182485 0.013 0.0147428 -0.0185681 0.013 0.0144041 -0.0176814 0.013 0.0151626 -0.0166046 0.013 0.0154934 -0.0151263 0.013 0.0153457 -0.0140784 0.013 0.014648 -0.0134238 0.013 0.0136846 -0.013222 0.013 0.0127773 -0.0133603 0.013 0.0116561 -0.0136914 0.013 0.0109283 -0.0234657 0.013 0.00118472 -0.014958 0.013 0.0090378 -0.0199562 0.013 0.0123766 -0.0211497 0.013 0.0102295 -0.0220083 0.013 0.00822099 -0.0230291 0.013 -0.000410964 -0.0233502 0.013 0.00035789 -0.0160869 0.013 0.00687731 -0.0167092 0.013 0.00515712 -0.0226767 0.013 0.0061414 -0.0231491 0.013 0.00400872 -0.0223233 0.013 -0.00118978 -0.0172387 0.013 0.00298522 -0.0233785 0.013 0.00238609 -0.0207684 0.013 -0.00181345 -0.0174542 0.013 0.0012596 -0.0193058 0.013 -0.00161564 -0.0177741 0.013 -0.00011929 -0.0186062 0.013 -0.00120934 0.0294579 0.0035 -0.010203 0.0289366 0.0035 -0.0119946 0.0302522 0.0035 -0.0142813 0.0538315 0.0035 0.00945973 0.0199795 0.0035 -0.0178717 0.055743 0.0035 0.00906299 0.0548783 0.0035 0.0109143 0.0566287 0.0035 0.00602082 0.0555161 0.0035 0.0031033 0.0550629 0.0035 0.000927088 0.0551211 0.0035 -0.00141865 0.0564357 0.0035 -0.00525052 0.0573489 0.0035 -0.00900874 0.0567527 0.0035 -0.007499 0.055717 0.0035 -0.00902626 0.0614427 0.002 0.00323895 0.0597306 0.002 0.00116872 0.0599726 0.002 -0.00153352 0.0627156 1.91073e-08 0.00399226 0.0629204 0.002 0.00325329 0.0611881 0.002 0.00100403 0.0619012 0.002 -0.00309687 0.0612599 0.002 -0.00126467 0.0672968 0.027 0.00306541 0.0627146 0.027 0.00273117 0.0613891 0.027 -0.00110785 0.0649108 0.027 -0.00372602 0.0686735 0.027 -0.000790707 0.0676443 0.0286066 0.0004887 0.065423 0.0284476 -0.00238067 0.0644771 0.0283913 0.00207766 0.0687415 0.0005 0.00869732 0.0718894 0.0005 0.00633705 0.0742569 0.0005 0.00185924 0.0742569 0.0005 -0.00185924 0.0728211 0.0005 -0.00528934 0.0692959 0.00100011 -0.00925854 0.0647015 0.0264 -0.00398262 0.06562 0.0264 -0.00394607 0.0656431 0.002 -0.00393319 0.0662256 0.0264 -0.00380404 0.066822 0.0264 -0.00355396 0.0667738 0.002 -0.0035689 0.0675079 0.0264 -0.00310506 0.0679236 0.002 -0.00269533 0.068215 0.0264 -0.00235766 0.0685871 0.002 -0.00172745 0.0687529 0.0264 -0.00136596 0.0689542 0.002 -0.000470407 0.0689672 0.0264 -0.000334384 0.0689579 0.002 0.000520977 0.0689356 0.0264 0.000668768 0.0687529 0.002 0.00136596 0.0687529 0.0264 0.00136596 0.0683637 0.0264 0.00214285 0.0683477 0.002 0.00216194 0.067826 0.0264 0.00282603 0.0676816 0.002 0.00296338 0.0672672 0.0264 0.00328116 0.0671668 0.002 0.00335488 0.0666446 0.002 0.00364489 0.0666446 0.0264 0.00364489 0.0657894 0.002 0.00390612 0.0657894 0.0264 0.00390612 0.0649004 0.002 0.00399254 0.0648261 0.0264 0.00398448 0.0641847 0.002 0.00390786 0.0639656 0.0264 0.0038604 0.0631929 0.002 0.00355181 0.0631929 0.0264 0.00355181 0.0626657 0.002 0.00324674 0.0623361 0.0264 0.00296251 0.0621473 0.002 0.00278267 0.0614829 0.002 0.00188707 0.0615662 0.0264 0.00202583 0.0611297 0.002 0.000985496 0.0611789 0.0264 0.00117865 0.0610558 0.0264 0.000644856 0.0610186 0.002 0.000348348 0.0610124 0.0264 -7.45133e-05 0.061031 0.002 -0.000422089 0.0611297 0.0264 -0.000985496 0.0611789 0.002 -0.00117865 0.0613715 0.002 -0.00166443 0.0614017 0.0264 -0.00173284 0.0617844 0.0264 -0.00237327 0.0617844 0.002 -0.00237327 0.0622114 0.002 -0.00285902 0.0622114 0.0264 -0.00285902 0.0626657 0.002 -0.00324674 0.0626657 0.0264 -0.00324674 0.063292 0.002 -0.00360405 0.063292 0.0264 -0.00360405 0.0639656 0.0264 -0.0038604 0.0643569 0.002 -0.00393319 0.0663809 0.0269 0.000878235 0.0659739 0.0269 0.00132355 0.0656772 0.0269 0.00150463 0.0653077 0.0269 0.00161001 0.0666058 0.0269 0.000370148 0.066447 0.0269 0.00291108 0.064592 0.0269 0.00157852 0.0683441 0.026775 -0.000189865 0.0666354 0.0269 -0.000111397 0.0665318 0.0269 -0.000607585 0.0620454 0.026775 0.00128957 0.0639288 0.0269 0.00124635 0.066345 0.0269 -0.000943497 0.0660243 0.0269 -0.00128738 0.0635347 0.0269 0.000720201 0.0655929 0.0269 -0.00152818 0.0661191 0.0268375 -0.00308917 0.0633663 0.0269 0.000130054 0.0650497 0.0269 -0.00164549 0.0633982 0.0269 -0.000381925 0.0646074 0.0269 -0.00159333 0.0635876 0.0269 -0.000839254 0.0640218 0.0269 -0.00131901 0.0626485 0.002 -0.00389768 0.0614565 0.002 -0.00340396 0.0599892 0.002 -0.00177891 0.0635 0.002 0.004 0.0597934 0.002 0.00104809 0.0617185 0.002 0.00344984 0.0666494 0.002 0.00399379 0.0683892 -8.59729e-18 0.00329514 0.0682444 0.002 0.00343967 0.070065 0.001 0.00177842 0.0702119 0.002 -0.000874835 0.0701483 -9.10383e-18 -0.00113948 0.0690164 -9.54792e-18 -0.00309592 0.0686649 0.002 -0.00330956 0.067507 -9.10383e-18 -0.00382215 0.066198 0.002 -0.00397862 0.0639157 -8.9373e-18 -0.00396749 0.065 -8.10463e-18 0.004 0.0612983 -8.49321e-18 -0.00328708 0.0597881 -8.50708e-18 -0.00133064 0.0598646 -8.32667e-18 0.00118805 0.0620178 -8.18789e-18 0.00359983 0.0660243 -1.0103e-17 -0.00128738 0.0663321 -1.04361e-17 -0.000964811 0.0655929 -1.02141e-17 -0.00152818 0.0665318 -1.04361e-17 -0.000607585 0.0649008 -1.04361e-17 -0.00163798 0.0666277 -1.04361e-17 -0.000179299 0.0643264 -1.04361e-17 -0.00149635 0.0666058 -1.04361e-17 0.000370148 0.0664194 -1.04361e-17 0.000814603 0.0639672 -1.04361e-17 -0.00127831 0.0635735 -1.04361e-17 -0.000818757 0.0659739 -1.04361e-17 0.00132355 0.0634142 -1.04361e-17 -0.000442067 0.065514 -1.04361e-17 0.00156572 0.0656772 -1.04361e-17 0.00150463 0.0633674 -1.04361e-17 9.58644e-05 0.0645488 -1.04361e-17 0.00157308 0.0651116 -1.04361e-17 0.00163911 0.063977 -1.04361e-17 0.00128555 0.0635347 -1.04361e-17 0.000720201 0.0658027 0.02665 0.00298278 0.0626441 0.026775 -0.00236578 0.065625 0.03 -0.00108253 0.064125 0.03 -0.00331978 0.06625 0.03 0.000721688 0.0686217 0.03 -0.0003365 0.06375 0.03 -0.000721688 0.064375 0.03 0.00108253 0.0620216 0.03 0.00206046 0.0661051 0.03 0.00356097 0.0663809 0.0277 0.00135954 0.0680099 0.0290151 0.000201261 0.0669608 0.0277 0.00025788 0.0666989 0.0277 -0.000918122 0.0667059 0.0289758 -0.00242771 0.0658057 0.0277 -0.00179971 0.0650374 0.0277 -0.00199534 0.0641773 0.0277 -0.00178512 0.0632319 0.0277 -0.000827844 0.0630944 0.0277 0.000510907 0.0630793 0.0289845 -0.00172831 0.0634332 0.0277 0.00123356 0.0640986 0.0277 0.00175893 0.0627215 0.0289763 0.00195558 0.0650455 0.0277 0.00197164 0.0653623 0.0289789 0.00278873 0.0650333 0.0123 0.00196655 0.066143 0.0123 0.00162127 0.0667841 0.0123 0.000808233 0.0669608 0.0123 -0.00025788 0.0666239 0.0123 -0.0011367 0.0658131 0.0123 -0.00180211 0.0650185 0.0123 -0.00199053 0.0643122 0.0123 -0.0018543 0.0635072 0.0123 -0.00130102 0.0630525 0.0123 -0.000217507 0.0632612 0.0123 0.000968164 0.0638374 0.0123 0.00158471 0.0643011 0.012075 0.000197512 0.065625 0.0285 -0.00108253 0.065625 0.0285 0.00108253 0.06375 0.0285 0 0.00332475 0.00713124 0.0118367 0.00175386 0.00786191 0.00971094 -0.00298251 0.00752006 0.0109489 -0.00336105 0.0075 0.013301 -0.00191167 0.00744687 0.0152591 0.000809808 0.00787125 0.0157211 0.00303672 0.00760625 0.0141544 -0.00181486 0.0055 0.0118426 -0.000717258 0.00653749 0.00926428 -0.000657653 0.0055 0.0106777 -0.00173431 0.0055 0.0133646 0.000616003 0.0055 0.0106355 0.00220607 0.00552423 0.0122652 0.00166884 0.0055 0.0114723 -0.000817107 0.00553741 0.0142632 0.000839821 0.0055 0.0141964 -0.0015 0.0095 0.011634 -2.78972e-18 0.0095 0.0107679 -0.00201939 0.00944341 0.0105135 -0.0015 0.0095 0.013366 0.0015 0.0095 0.011634 -1.60902e-18 0.0095 0.014232 0.0015 0.0095 0.013366 0.00244492 0.0094495 0.0131291 0.00192407 -0.0042 0.0126786 0.0016073 -0.0042 0.0113595 0.000471128 -0.0042 0.010607 -0.000987349 -0.0042 0.0108013 -0.00177683 -0.0042 0.0116745 -0.00183148 -0.0042 0.0131735 -0.00108095 -0.0042 0.0141684 0.000224025 -0.0042 0.014413 0.00141513 -0.0042 0.0138975 -1.74379e-18 0.007 0.014232 -0.0015 0.007 0.013366 -0.0015 0.007 0.011634 -2.9285e-18 0.007 0.0107679 0.0015 0.007 0.011634 0.0015 0.007 0.013366 -0.00272881 0.00941918 0.0139193 5.75013e-05 -0.00442236 0.012349 -0.00809988 0.00727551 0.00815109 -0.00779574 0.00755312 0.0049223 -0.0120106 0.0075 0.00308532 -0.0137492 0.0075 0.00438699 -0.0142342 0.0075 0.00654952 -0.0128673 0.00818611 0.00876624 -0.0103927 0.00726503 0.00961697 -0.01044 0.0055 0.00435254 -0.012104 0.0055 0.00482845 -0.00912562 0.00551641 0.00528459 -0.00921494 0.0055 0.00731261 -0.0127777 0.0055 0.00644551 -0.010488 0.0055 0.00819825 -0.011912 0.0055 0.00781479 -0.0108253 0.0095 0.00451795 -0.0120765 0.00942552 0.00341705 -0.00932532 0.0095 0.00538397 -0.0123253 0.0095 0.00538397 -0.013958 0.00944646 0.00606567 -0.00932532 0.0095 0.00711602 -0.0123253 0.0095 0.00711602 -0.0108253 0.0095 0.00798205 -0.00953768 0.00943675 0.00696093 -0.00904837 -0.0042 0.00710548 -0.00907413 -0.0042 0.00548542 -0.00965673 -0.0042 0.00464639 -0.0107517 -0.0042 0.00428093 -0.0120158 -0.0042 0.00468909 -0.0127262 -0.0042 0.00571873 -0.0126158 -0.0042 0.00701397 -0.0115508 -0.0042 0.00807238 -0.0100435 -0.0042 0.00801702 -0.0123253 0.007 0.00711602 -0.0123253 0.007 0.00538397 -0.0108253 0.007 0.00451795 -0.00932532 0.007 0.00538397 -0.00932532 0.007 0.00711602 -0.0108253 0.007 0.00798205 -0.0127303 0.0056086 0.00787849 -0.0105839 0.0065609 0.00305006 -0.0107018 -0.00442319 0.00613653 -0.0116757 0.00779253 -0.00301531 -0.00837971 0.0075 -0.00399056 -0.00743588 0.00692889 -0.0067206 -0.00866717 0.00702741 -0.00884727 -0.0116839 0.00739937 -0.00940921 -0.0139965 0.0075 -0.00762194 -0.0139566 0.00718125 -0.00501714 -0.00932122 0.0055 -0.00748616 -0.00890159 0.00550107 -0.00641205 -0.00927425 0.0055 -0.00503953 -0.010725 0.0055 -0.00816595 -0.0100446 0.0055 -0.00442887 -0.0111745 0.0055 -0.00434581 -0.0108358 0.0055796 -0.00373 -0.0123627 0.0055 -0.00735793 -0.0123405 0.0055 -0.00497807 -0.00932532 0.0095 -0.00711602 -0.00932532 0.0095 -0.00538397 -0.0108253 0.0095 -0.00798205 -0.0108253 0.0095 -0.00451795 -0.0123253 0.0095 -0.00711602 -0.0123253 0.0095 -0.00538397 -0.0107272 0.009449 -0.00327782 -0.0109411 -0.0042 -0.00433319 -0.00962009 -0.0042 -0.004685 -0.00893918 -0.0042 -0.00594692 -0.00933843 -0.0042 -0.00751793 -0.0106391 -0.0042 -0.00816152 -0.0121193 -0.0042 -0.00774352 -0.0127033 -0.0042 -0.00685471 -0.0125883 -0.0042 -0.00547408 -0.0123253 0.007 -0.00711602 -0.0108253 0.007 -0.00798205 -0.00932532 0.007 -0.00711602 -0.00932532 0.007 -0.00538397 -0.0108253 0.007 -0.00451795 -0.0123253 0.007 -0.00538397 -0.0103734 0.00941339 -0.00655314 -0.0129983 0.005543 -0.0063916 -0.0108346 -0.00442148 -0.00668615 -0.00253031 0.0075 -0.0103559 0.00306357 0.00776187 -0.0110816 0.00191681 0.0075 -0.0153514 -0.000875415 0.0077125 -0.0157941 -0.00308269 0.0072875 -0.0137819 0.00108792 0.0055 -0.010856 0.00178409 0.0055 -0.0116477 -0.000121805 0.0055 -0.0105463 0.00196424 0.0055 -0.0126132 0.00185234 0.00554005 -0.0125245 -0.0014766 0.0055 -0.0112466 0.00137142 0.0055 -0.0138668 -0.00197337 0.0055 -0.0125373 -0.00041714 0.0055 -0.0143982 -0.00157569 0.0055 -0.0136709 0.0015 0.0095 -0.011634 7.79819e-17 0.0095 -0.0107679 0.0015 0.0095 -0.013366 -0.0015 0.0095 -0.011634 1.00991e-16 0.0095 -0.014232 -0.00195319 -0.0042 -0.0122639 -0.00127608 -0.0042 -0.0110588 4.97685e-05 -0.0042 -0.0105081 0.000981153 -0.0042 -0.0108075 0.00189065 -0.0042 -0.0120471 0.00181007 -0.0042 -0.0132895 0.00112763 -0.0042 -0.0141154 -0.00036175 -0.0042 -0.0143964 -0.00163341 -0.0042 -0.0135878 -2.49875e-05 -0.00441533 -0.0126114 1.00848e-16 0.007 -0.014232 0.0015 0.007 -0.013366 0.0015 0.007 -0.011634 7.78431e-17 0.007 -0.0107679 -0.0015 0.007 -0.011634 -0.0015 0.007 -0.013366 -0.00127921 0.0094694 -0.0133573 0.000382597 0.00838387 -0.0092119 -0.00185786 0.00560436 -0.0132564 0.00319369 0.00779063 -0.013503 0.00147388 0.0065571 -0.00943319 0.00748071 0.0075 -0.00548243 0.00887381 0.0075 -0.00349416 0.0115762 0.0075 -0.00286584 0.0134165 0.0075 -0.00407914 0.0139893 0.0075 -0.00724385 0.0115919 0.0075 -0.00951971 0.0096589 0.0055 -0.0046925 0.011184 0.0055 -0.00433971 0.00887883 0.0055 -0.00590706 0.0122587 0.0055 -0.00488533 0.00914164 0.0055 -0.00719205 0.0127768 0.0055 -0.00599044 0.012553 0.0055 -0.00718811 0.0102623 0.0055 -0.00813568 0.0115664 0.0055 -0.00806365 0.0108253 0.0095 -0.00451795 0.00932532 0.0095 -0.00538397 0.0123253 0.0095 -0.00538397 0.00932532 0.0095 -0.00711602 0.0123253 0.0095 -0.00711602 0.0109057 0.00946995 -0.0076156 0.0102428 -0.0042 -0.00811859 0.00907723 -0.0042 -0.00709521 0.00898493 -0.0042 -0.00561797 0.0101047 -0.0042 -0.00452253 0.0115683 -0.0042 -0.00440724 0.0122676 -0.0042 -0.00489994 0.012774 -0.0042 -0.00617101 0.0118543 -0.0042 -0.00784815 0.0123253 0.007 -0.00711602 0.0123253 0.007 -0.00538397 0.0108253 0.007 -0.00451795 0.00932532 0.007 -0.00538397 0.00932532 0.007 -0.00711602 0.0108253 0.007 -0.00798205 0.00952308 0.00843276 -0.00941177 0.00792319 0.00734456 -0.00787661 0.0117277 0.00559888 -0.00722004 0.0105191 -0.00442401 -0.00610235 0.0119755 0.00797095 0.00307856 0.00955693 0.0075 0.0030182 0.00801758 0.0075 0.00429564 0.00742198 0.00760625 0.00677761 0.00864436 0.00796993 0.008834 0.0117262 0.00796955 0.00941623 0.0135467 0.00796587 0.00412501 0.00896227 0.0055 0.00676725 0.00994544 0.0055 0.0079947 0.00923059 0.0055 0.00515827 0.010729 0.0055 0.00432405 0.0112508 0.0055 0.00815474 0.0123799 0.0055 0.00747749 0.012264 0.00557121 0.007047 0.0122176 0.0055 0.00486223 0.0127678 0.0055 0.0061304 0.00932532 0.0095 0.00711602 0.00932532 0.0095 0.00538397 0.00984996 0.00949929 0.00669304 0.0108253 0.0095 0.00798205 0.0108253 0.0095 0.00451795 0.0123253 0.0095 0.00711602 0.0123253 0.0095 0.00538397 0.0110353 -0.0042 0.00436371 0.00931926 -0.0042 0.00501437 0.00897676 -0.0042 0.00677026 0.0100462 -0.0042 0.00802929 0.0114344 -0.0042 0.00809449 0.0126227 -0.0042 0.00684408 0.0124959 -0.0042 0.00518956 0.0123253 0.007 0.00711602 0.0108253 0.007 0.00798205 0.00932532 0.007 0.00711602 0.00932532 0.007 0.00538397 0.0108253 0.007 0.00451795 0.0123253 0.007 0.00538397 0.0140045 0.00784156 0.00687087 0.00871502 0.00940129 0.00477805 0.0089454 0.00560163 0.0044637 0.0106454 -0.00441284 0.00648576 -0.00685479 0.00721423 0.0104882 -0.00592841 0.00175 0.0122236 -0.0071256 0.00175 0.0119986 -0.00765151 0.00175 0.0113299 -0.00598076 0.00694679 0.010883 -0.00771743 0.00175 0.0106439 -0.00722678 0.00175 0.00976262 -0.0063693 0.00175 0.0093456 -0.00512364 0.00175 0.00995097 -0.00487089 0.00175 0.0112627 -0.0061898 -0.00331889 0.0108768 -0.00752416 0.00175 -0.0114737 -0.00627713 0.00707465 -0.0112062 -0.00488709 0.0042229 -0.0105424 -0.00543298 0.00175 -0.009614 -0.00655093 0.00175 -0.00939997 -0.00513974 0.0005625 -0.0117087 -0.0064124 0.00175 -0.0122601 -0.00752828 0.00175 -0.0101131 -0.00627667 -0.00331365 -0.0105453 0.0126236 0.00175 -0.00145864 0.0136398 0.00175 0.000826342 0.0120293 0.00234375 0.00134537 0.0124217 0.00707625 -0.000190151 0.0114972 0.0005625 -0.0010151 0.0111372 0.00175 0.000511797 0.0137156 0.00115625 -0.000729945 0.0124392 -0.00326312 0.000161292 0.0675822 0.02275 0.00363943 0.0683369 0.024425 0.00254436 0.0691331 0.0227125 0.000822316 0.0635048 0.022275 0.00380174 0.0656472 0.021 0.00437443 0.0656849 0.0235875 0.00415756 0.0612335 0.0222938 -0.0019758 0.0669964 0.02265 0.00343435 0.0632934 0.0222875 -0.0038047 0.0684796 0.021 0.00237132 0.0644604 0.02275 -0.00442513 0.0659886 0.022675 -0.00382376 0.0665642 0.02275 -0.00415505 0.0678699 0.0227125 -0.00309793 0.0623731 0.02435 -0.00295757 0.0628215 0.0055 -0.00384139 0.0653485 0.005575 -0.00416509 0.0677045 0.00814375 -0.00311949 0.064406 0.00683125 0.00425734 0.0665295 0.0064125 0.00389635 0.0615174 0.008125 -0.00234839 0.064993 0.009 -0.00418184 0.0607088 0.0076875 -0.000417458 0.0690599 0.008125 -0.00113652 0.0693836 0.00725 0.000685773 0.0685702 0.00725 0.00268681 0.0673438 0.009 0.00342546 0.0685502 0.00565 -0.00162808 0.0630194 0.008175 -0.00372465 0.0614599 0.00565 -0.00173255 0.0611605 0.0072875 0.00164045 0.0686564 0.0073375 0.00139527</float_array>
                    <technique_common>
                        <accessor count="1591" source="#shape0-lib-positions-array" stride="3">
                            <param name="X" type="float"/>
                            <param name="Y" type="float"/>
                            <param name="Z" type="float"/>
                        </accessor>
                    </technique_common>
                </source>
                <source id="shape0-lib-normals" name="normal">
                    <float_array id="shape0-lib-normals-array" count="9402">0 -1 0 0 -1 0 0 -1 0 0 -1 0 0 -1 0 0 -1 0 0 -1 0 -5.55124e-17 -1 8.61321e-17 -5.55114e-17 -1 8.6132e-17 -5.55115e-17 -1 8.6133e-17 -5.55123e-17 -1 8.61329e-17 -5.55114e-17 -1 8.61319e-17 -5.5511e-17 -1 8.61322e-17 -5.55127e-17 -1 8.61324e-17 -5.55105e-17 -1 8.61316e-17 -5.55113e-17 -1 8.6132e-17 -5.5511e-17 -1 8.61316e-17 -5.55113e-17 -1 8.6132e-17 -5.55112e-17 -1 8.61318e-17 -5.5511e-17 -1 8.61314e-17 -5.55103e-17 -1 8.61316e-17 -5.55114e-17 -1 8.61319e-17 -5.55112e-17 -1 8.61317e-17 -5.55112e-17 -1 8.61318e-17 -5.55104e-17 -1 8.61317e-17 -5.55111e-17 -1 8.61318e-17 -5.55112e-17 -1 8.61315e-17 -5.55108e-17 -1 8.61317e-17 -5.5511e-17 -1 8.61318e-17 -5.55112e-17 -1 8.61323e-17 -5.55112e-17 -1 8.61321e-17 -5.55113e-17 -1 8.6132e-17 -5.55111e-17 -1 8.61321e-17 -5.55113e-17 -1 8.61319e-17 -5.55106e-17 -1 8.61316e-17 -5.55113e-17 -1 8.61316e-17 -5.55112e-17 -1 8.61319e-17 -5.55108e-17 -1 8.61317e-17 -5.55109e-17 -1 8.61315e-17 -5.5511e-17 -1 8.61317e-17 -5.55112e-17 -1 8.61322e-17 -5.55103e-17 -1 8.61327e-17 -5.55112e-17 -1 8.61319e-17 -5.55148e-17 -1 8.61309e-17 -5.55113e-17 -1 8.61322e-17 -5.55115e-17 -1 8.61319e-17 -5.55112e-17 -1 8.61318e-17 -5.55105e-17 -1 8.61312e-17 -5.55116e-17 -1 8.61301e-17 -5.55111e-17 -1 8.61316e-17 -5.55112e-17 -1 8.61318e-17 -5.55115e-17 -1 8.61338e-17 1.90995e-06 1 -0.000193045 -5.55111e-17 -1 8.61319e-17 -5.55112e-17 -1 8.61318e-17 6.20679e-05 -1 -6.60312e-05 -5.55112e-17 -1 8.61317e-17 -5.55105e-17 -1 8.61327e-17 -5.5511e-17 -1 8.61319e-17 1.60959e-05 -1 8.20756e-06 -5.55111e-17 -1 8.61319e-17 5.8218e-06 -1 1.39056e-05 -5.5511e-17 -1 8.61316e-17 -5.5511e-17 -1 8.61316e-17 -5.55107e-17 -1 8.61325e-17 1.29773e-07 -1 -2.14686e-07 -5.5511e-17 -1 8.61318e-17 -5.5511e-17 -1 8.61317e-17 -5.55113e-17 -1 8.61322e-17 -5.55111e-17 -1 8.61318e-17 -5.55112e-17 -1 8.61318e-17 -5.55112e-17 -1 8.61318e-17 -5.55112e-17 -1 8.61319e-17 -5.5511e-17 -1 8.6132e-17 -5.55112e-17 -1 8.61318e-17 -4.69103e-05 -1 -2.95763e-05 -5.55111e-17 -1 8.61318e-17 -5.55111e-17 -1 8.61317e-17 -5.55115e-17 -1 8.61319e-17 -5.5511e-17 -1 8.61318e-17 -5.5511e-17 -1 8.61318e-17 -5.5511e-17 -1 8.61317e-17 -5.5511e-17 -1 8.61317e-17 -5.5511e-17 -1 8.61318e-17 -5.55108e-17 -1 8.61321e-17 1.1135e-06 -1 5.16748e-08 -5.55112e-17 -1 8.61318e-17 -3.98324e-05 -1 -1.91192e-05 -5.55113e-17 -1 8.61319e-17 2.46767e-07 -1 -1.82702e-07 -5.55109e-17 -1 8.6132e-17 -1.27575e-07 -1 -1.96147e-07 -1.07077e-08 -1 2.82473e-07 -5.55111e-17 -1 8.61319e-17 7.49069e-06 -1 1.34011e-05 -9.55573e-06 -1 1.11518e-05 -5.55111e-17 -1 8.61319e-17 -5.55113e-17 -1 8.61319e-17 -5.55113e-17 -1 8.61314e-17 -5.55111e-17 -1 8.61318e-17 3.7774e-06 -1 1.44254e-05 -5.55112e-17 -1 8.61318e-17 -5.55099e-17 -1 8.61323e-17 -5.55111e-17 -1 8.61319e-17 -5.55112e-17 -1 8.61319e-17 -5.55108e-17 -1 8.61332e-17 -5.55112e-17 -1 8.61318e-17 -2.25247e-05 -1 2.78906e-07 -5.55112e-17 -1 8.61318e-17 -5.55097e-17 -1 8.61366e-17 -5.55107e-17 -1 8.61325e-17 -1.44242e-05 -1 -2.35085e-06 -5.55113e-17 -1 8.61316e-17 8.02775e-09 -1 -1.43655e-07 -5.50967e-07 -1 -4.98529e-07 -5.55111e-17 -1 8.61319e-17 -1.56164e-07 -1 -1.9317e-07 -2.22527e-07 -1 6.65878e-07 -5.55111e-17 -1 8.61318e-17 -5.55111e-17 -1 8.61318e-17 -5.55111e-17 -1 8.61318e-17 -5.55112e-17 -1 8.61318e-17 -5.55112e-17 -1 8.6132e-17 -5.55111e-17 -1 8.61319e-17 1.52293e-07 -1 -8.29172e-09 -3.43895e-08 -1 1.62754e-07 -1.08118e-06 -1 8.35233e-07 -5.55111e-17 -1 8.61318e-17 -5.55111e-17 -1 8.61318e-17 -5.55112e-17 -1 8.61319e-17 -5.5511e-17 -1 8.61315e-17 -5.55111e-17 -1 8.61318e-17 -5.55119e-17 -1 8.61311e-17 -5.55111e-17 -1 8.61318e-17 -5.55111e-17 -1 8.61317e-17 -5.55112e-17 -1 8.61317e-17 -5.55102e-17 -1 8.61325e-17 -5.55111e-17 -1 8.61318e-17 -5.55103e-17 -1 8.61324e-17 -5.55112e-17 -1 8.61319e-17 -5.55111e-17 -1 8.61318e-17 -5.55111e-17 -1 8.61319e-17 -5.55115e-17 -1 8.61319e-17 0.000124064 -1 -0.000209357 -5.55106e-17 -1 8.61324e-17 -5.55111e-17 -1 8.61319e-17 -5.55112e-17 -1 8.61318e-17 -5.55112e-17 -1 8.61318e-17 3.35379e-05 -1 -2.85766e-05 -5.55111e-17 -1 8.61319e-17 -5.55112e-17 -1 8.61319e-17 -5.55111e-17 -1 8.61319e-17 -5.55112e-17 -1 8.61318e-17 8.70408e-05 -1 -4.37715e-05 -5.55114e-17 -1 8.61319e-17 -5.55111e-17 -1 8.61318e-17 6.26809e-05 -1 -3.26619e-05 -0.000136652 -1 0.000126598 -5.55111e-17 -1 8.61318e-17 -5.55112e-17 -1 8.61318e-17 -5.55096e-17 -1 8.6134e-17 -5.55111e-17 -1 8.61318e-17 -5.55115e-17 -1 8.61315e-17 -4.31945e-06 -1 -1.45081e-05 -5.55111e-17 -1 8.61318e-17 -5.55112e-17 -1 8.61319e-17 -5.55114e-17 -1 8.61315e-17 -5.55113e-17 -1 8.61319e-17 0.000137854 1 8.13442e-05 -5.5511e-17 -1 8.61315e-17 -5.55111e-17 -1 8.61318e-17 -5.55113e-17 -1 8.61321e-17 -5.55114e-17 -1 8.61313e-17 -5.55108e-17 -1 8.6132e-17 -1.39663e-05 -1 1.69159e-07 -5.55112e-17 -1 8.61318e-17 -5.55111e-17 -1 8.61318e-17 1.50044e-07 -1 -4.19545e-07 -5.55112e-17 -1 8.61318e-17 -6.58134e-07 -1 3.04665e-07 -5.55113e-17 -1 8.61319e-17 -1.39055e-05 -1 -7.79288e-08 -5.55115e-17 -1 8.61316e-17 -3.20799e-08 -1 -5.89187e-07 -5.55113e-17 -1 8.61319e-17 -5.55112e-17 -1 8.61318e-17 -5.5511e-17 -1 8.61318e-17 8.36633e-08 -1 -2.44894e-09 -5.55111e-17 -1 8.61318e-17 9.95938e-08 -1 3.57965e-06 3.58261e-05 -1 7.6338e-05 -1.03734e-05 -1 1.56073e-05 -5.55112e-17 -1 8.61318e-17 -1.37364e-05 -1 9.27149e-06 -5.55113e-17 -1 8.61316e-17 -5.55107e-17 -1 8.61321e-17 -5.55112e-17 -1 8.61318e-17 1.8752e-07 -1 6.05215e-07 -5.55111e-17 -1 8.61317e-17 -3.01278e-07 -1 1.86855e-07 -5.55112e-17 -1 8.61318e-17 -5.55111e-17 -1 8.61319e-17 -5.55112e-17 -1 8.61319e-17 -5.55113e-17 -1 8.61319e-17 -5.55111e-17 -1 8.61318e-17 -5.55111e-17 -1 8.61318e-17 -5.5511e-17 -1 8.61317e-17 -1.14513e-08 -1 -4.30849e-09 -4.262e-07 -1 -5.62797e-08 -2.36841e-08 -1 6.74642e-08 -5.55111e-17 -1 8.61318e-17 -3.80661e-09 -1 1.53639e-08 -5.55111e-17 -1 8.61319e-17 -5.55112e-17 -1 8.61318e-17 -5.55112e-17 -1 8.61318e-17 -5.55112e-17 -1 8.61318e-17 -5.55112e-17 -1 8.61318e-17 -5.55111e-17 -1 8.61317e-17 -5.55108e-17 -1 8.61315e-17 -5.55113e-17 -1 8.61319e-17 -5.55111e-17 -1 8.61321e-17 -5.55116e-17 -1 8.61319e-17 -5.55111e-17 -1 8.6132e-17 -5.55111e-17 -1 8.61319e-17 -5.55109e-17 -1 8.61322e-17 -5.55113e-17 -1 8.61318e-17 -5.5511e-17 -1 8.6132e-17 -5.55114e-17 -1 8.61314e-17 -5.55108e-17 -1 8.61321e-17 -5.55112e-17 -1 8.61318e-17 -5.55111e-17 -1 8.61319e-17 -5.55112e-17 -1 8.61318e-17 -5.55115e-17 -1 8.61324e-17 -5.55111e-17 -1 8.61318e-17 -5.55111e-17 -1 8.61319e-17 -5.55112e-17 -1 8.61317e-17 -5.55113e-17 -1 8.61316e-17 -5.55112e-17 -1 8.61318e-17 -5.55112e-17 -1 8.61302e-17 -5.55104e-17 -1 8.61356e-17 -5.55112e-17 -1 8.61319e-17 -5.55112e-17 -1 8.61319e-17 -5.55108e-17 -1 8.61317e-17 -5.55113e-17 -1 8.61316e-17 -5.55111e-17 -1 8.61317e-17 -5.55109e-17 -1 8.6132e-17 -5.55114e-17 -1 8.61313e-17 -5.55113e-17 -1 8.61316e-17 -5.55111e-17 -1 8.61318e-17 -5.55111e-17 -1 8.61318e-17 -5.55114e-17 -1 8.61322e-17 -5.55113e-17 -1 8.6132e-17 -5.5511e-17 -1 8.61318e-17 -5.55113e-17 -1 8.61313e-17 -5.55112e-17 -1 8.61327e-17 -5.55107e-17 -1 8.61326e-17 -5.5511e-17 -1 8.61317e-17 -5.55113e-17 -1 8.61317e-17 -5.55111e-17 -1 8.61317e-17 -5.55111e-17 -1 8.6132e-17 -5.55102e-17 -1 8.613e-17 -5.55163e-17 -1 8.61427e-17 -5.55112e-17 -1 8.61318e-17 -5.55111e-17 -1 8.61316e-17 -5.55111e-17 -1 8.61317e-17 1.68305e-08 -1 -2.03801e-08 2.18915e-09 -1 -9.35124e-09 2.28911e-09 -1 -4.40221e-09 -2.88336e-07 -1 -6.70316e-08 -5.55101e-17 -1 8.61321e-17 -5.55099e-17 -1 8.61322e-17 7.05753e-08 -1 2.67314e-08 -5.55112e-17 -1 8.61318e-17 1.79195e-08 -1 1.56531e-08 -5.55114e-17 -1 8.61317e-17 -1.12103e-07 -1 -3.43932e-08 7.84598e-08 -1 3.32612e-08 -5.55112e-17 -1 8.61318e-17 -5.55111e-17 -1 8.61321e-17 -5.55113e-17 -1 8.61314e-17 -1.00083e-09 -1 -7.98667e-10 -1.47227e-09 -1 5.06252e-09 -5.55114e-17 -1 8.61325e-17 -5.55112e-17 -1 8.61319e-17 -5.55114e-17 -1 8.61326e-17 -5.55111e-17 -1 8.61318e-17 5.40243e-06 -1 4.21496e-06 -5.55111e-17 -1 8.6132e-17 -5.55111e-17 -1 8.61319e-17 -5.55105e-17 -1 8.61348e-17 -5.5511e-17 -1 8.61326e-17 -5.55111e-17 -1 8.61319e-17 7.54543e-07 -1 -4.70074e-06 -5.55112e-17 -1 8.61318e-17 -5.55111e-17 -1 8.61319e-17 -7.93105e-06 -1 3.24932e-06 -5.55112e-17 -1 8.61318e-17 -5.55113e-17 -1 8.61319e-17 -5.55112e-17 -1 8.61318e-17 -5.55112e-17 -1 8.61319e-17 2.04598e-05 -1 -1.40004e-05 -5.55111e-17 -1 8.61318e-17 -5.55111e-17 -1 8.61317e-17 -5.55112e-17 -1 8.61322e-17 -5.5511e-17 -1 8.61319e-17 -5.55112e-17 -1 8.61318e-17 3.10974e-06 -1 2.397e-05 -5.55112e-17 -1 8.61315e-17 -4.21677e-05 -1 -3.91387e-06 -5.55112e-17 -1 8.6132e-17 -5.55111e-17 -1 8.6132e-17 -5.55112e-17 -1 8.61317e-17 -5.55114e-17 -1 8.61317e-17 -5.55111e-17 -1 8.61315e-17 -5.55113e-17 -1 8.61325e-17 -5.55111e-17 -1 8.61317e-17 -5.55112e-17 -1 8.61318e-17 -5.5511e-17 -1 8.61326e-17 -5.55234e-17 -1 8.60884e-17 -5.55108e-17 -1 8.61323e-17 -5.55112e-17 -1 8.61319e-17 -5.55115e-17 -1 8.61316e-17 -5.55111e-17 -1 8.61317e-17 -5.55109e-17 -1 8.61327e-17 -5.55112e-17 -1 8.61318e-17 0.866412 0.000846942 0.49933 0.0721512 -0.0821426 0.994006 0.110326 -0.0659686 0.991704 -0.774631 0.00348846 0.632404 -0.921361 -0.0491968 0.385583 -0.999502 0.0131738 -0.0286687 -0.699155 -0.0321033 -0.714249 -0.608084 0.00480608 -0.793858 0.230403 -0.0172364 -0.972943 0.245328 -0.0117244 -0.969369 0.948904 0.00339714 -0.315546 0.995313 -0.0893576 0.0369807 0.754814 -0.0112791 0.655842 0.80668 0.0189238 0.590686 -0.176426 0.00690517 0.98429 -0.175174 0.00647315 0.984516 -0.961222 -0.0731053 0.265911 -0.893131 -0.0224421 0.449236 -0.879062 0.0297268 -0.47578 -0.327134 -0.129824 -0.936018 0.0641974 0.010176 -0.997885 0.872358 -0.0273489 -0.488102 0.913013 0.00136968 -0.407927 0.997233 0.0741293 0.00558893 0.583857 -0.0405603 0.810843 0.325204 0.030274 0.945159 -0.441325 -0.0221649 0.897074 -0.51784 0.00029582 0.855478 -0.998582 -0.0428461 -0.0316024 -0.999548 -0.0269799 0.0132656 -0.683047 0.0115913 -0.730282 -0.0833914 -0.130387 -0.98795 0.374607 0.0148703 -0.927064 0.972164 -0.0137099 -0.233901 0.924746 0.0256368 0.37972 0.473069 -0.0250487 0.880669 0.211544 0.0463766 0.976268 -0.516675 -0.0411858 0.855191 -0.760779 0.0316735 0.648238 -0.99611 -0.0418587 0.0775379 -0.977493 0.0260965 -0.209349 -0.545767 -0.0220619 -0.837647 -0.532134 -0.0179609 -0.84647 0.206733 -0.00293054 -0.978393 0.345562 -0.0406337 -0.937516 0.83894 0.0175683 -0.54394 0.995545 -0.0824001 -0.0458285 0.999111 0.0252257 -0.033785 0.743754 -0.0488494 0.666666 0.674279 -0.0195086 0.738219 -0.0557942 0.00615168 0.998423 -0.140057 -0.00997797 0.990093 -0.619887 0.0196376 0.784446 -0.875114 -0.0601878 0.480158 -0.983433 0.0387444 -0.177081 -0.889608 -0.0358906 -0.455312 0.0626671 -0.0488016 -0.996841 -0.385552 0.05724 -0.920909 0.640971 0.0162998 -0.767392 0.912633 -0.0642172 -0.403704 0.901518 -0.00424377 0.43272 0.703485 -0.119674 0.700562 -0.149816 0.0430285 0.987777 -0.70412 -0.0924876 0.704032 -0.962814 0.0435376 0.266635 -0.902106 -0.0409324 -0.42957 -0.796283 0.00694073 -0.604884 -0.0933966 -0.00914693 -0.995587 -0.0139472 0.0134354 -0.999812 0.843258 -0.0143469 -0.537317 0.821761 -0.0280559 -0.569141 0.169158 0 0.985589 0.190516 0.00600692 0.981666 0.109112 -0.00152813 0.994028 0.0714558 0.00434642 0.997434 0.0105006 -0.00305564 0.99994 -0.0378518 0.00302008 0.999279 -0.0882193 -0.00305505 0.996096 -0.13589 0.00301838 0.990719 -0.186071 -0.00305339 0.982532 -0.232605 0.00301702 0.972567 -0.303581 -0.00571051 0.952789 -0.348128 0.00470485 0.937435 -0.410738 -0.0032184 0.911748 -0.452832 0.00427943 0.891586 -0.508178 -0.00304599 0.861247 -0.547458 0.00300884 0.836828 -0.590679 -0.00304249 0.806901 -0.627057 0.00300573 0.778968 -0.667413 -0.00303908 0.744681 -0.700584 0.00300204 0.713564 -0.737634 -0.00303535 0.675194 -0.767326 0.00299809 0.64125 -0.800656 -0.00303148 0.599117 -0.826639 0.0029937 0.562724 -0.855863 -0.00302669 0.517193 -0.877946 0.00298952 0.478749 -0.926783 0.00392991 0.375578 -0.907382 -0.00423147 0.420285 -0.957125 0.00467341 0.289639 -0.944434 -0.0018629 0.328695 -0.981914 0.00283852 0.189304 -0.976148 -0.001021 0.217105 -0.992643 -0.00457895 0.12099 -0.996899 0.00533315 0.0785091 -0.999104 0.0029566 -0.0422141 -0.999996 -0.00299549 0 -0.987729 0.00470479 -0.156107 -0.99661 -0.00125892 -0.0822659 -0.98486 0.00457508 -0.173291 -0.986458 0.00387275 -0.163971 -0.955541 0.00433311 -0.294828 -0.973527 -0.00127102 -0.22857 -0.944433 -0.00262046 -0.328695 -0.911561 0.00471793 -0.411138 -0.907389 0.00184194 -0.420288 -0.841133 0.0075411 -0.540776 -0.855867 0.000913918 -0.517195 -0.800658 -0.0017222 -0.599119 -0.762277 0.00544275 -0.647228 -0.730176 -0.00411166 -0.683246 -0.683239 0.00104559 -0.730194 -0.615799 0.00153813 -0.787902 -0.647092 -0.00587354 -0.762389 -0.540903 -0.00172926 -0.841083 -0.531805 0.000611312 -0.846867 -0.443858 -0.00194685 -0.896095 -0.455265 0.000768647 -0.890356 -0.360083 3.91601e-05 -0.93292 -0.364507 -0.00057878 -0.9312 -0.307875 0.000507004 -0.951427 -0.243609 0.000307573 -0.969873 -0.297872 -0.00055686 -0.954606 -0.218337 -0.00126685 -0.975873 -0.178167 0.000789417 -0.984 -0.153605 -0.000675558 -0.988132 -0.111655 0.00120582 -0.993746 -0.0328412 0.000233598 -0.999461 -0.0882239 -0.000153944 -0.996101 -0.0224436 -0.000556475 -0.999748 0.0378325 0.000448047 -0.999284 0.0434331 -8.05496e-06 -0.999056 0.10911 0.000430009 -0.99403 0.10587 0.00021706 -0.99438 0.167595 0.000328134 -0.985856 0.15808 -0.000151967 -0.987426 0.20666 -0.000129808 -0.978413 0.228201 0.000837884 -0.973614 0.230769 0 0.973009 0.23077 2.62887e-06 0.973008 -0.230635 -0.000246887 -0.97304 -0.230651 -8.24529e-05 -0.973037 0.230668 -6.25058e-06 0.973033 0.230767 1.35719e-06 0.973009 0.23072 -1.3606e-07 0.97302 0.230769 4.74794e-07 0.973009 0.230769 4.75354e-07 0.973009 0.230769 -6.19149e-07 0.973009 0.230769 -6.44113e-07 0.973009 0.230769 1.94961e-06 0.973009 0.230769 -1.40023e-07 0.973009 0.230769 0 0.973009 0.359332 0.00491513 -0.933197 0.864516 0.412122 0.287695 0.57104 0.0297387 -0.820383 0.510936 -0.00317904 -0.859613 0.68661 -0.00284423 -0.72702 0.820258 0.0280161 -0.571307 0.824471 0.0232585 -0.565427 0.93885 -0.00319522 -0.34431 0.957919 0.0285914 -0.285613 0.995878 -0.0124069 -0.0898546 0.999478 0.0230725 0.022605 0.991925 -0.00839216 0.126547 0.953396 0.0186139 0.301146 0.938262 -0.00212138 0.345919 0.832111 -0.0300232 0.553796 0.803666 0.00949863 0.595005 0.568906 0.0201997 0.822154 0.595329 -0.00985981 0.803421 0.34339 -0.00012633 0.939193 0.343684 0 0.939086 0.230937 -9.53569e-05 -0.972969 0.230769 -1.63788e-07 -0.973009 0.230781 8.45474e-05 -0.973006 0.230769 -5.44834e-07 -0.973009 0.230769 -7.37786e-07 -0.973009 0.230769 -1.30199e-06 -0.973009 0.230769 -1.34225e-06 -0.973009 0 1 0 0 1 0 5.32022e-07 1 -1.36165e-06 -6.85406e-07 1 2.64296e-06 0.438913 0.0965296 -0.893329 0.622123 -0.0291951 -0.782375 0.700478 0.133478 -0.70108 0.801526 0.158642 -0.576532 0.871392 -0.0234114 -0.490029 0.984921 0.121014 -0.123636 0.98637 0.0885929 -0.138654 0.950592 0.0206145 0.309757 0.959748 -0.104538 0.260684 0.72107 0.033071 0.692072 0.6763 -0.0612613 0.734074 0.472465 0.108343 0.874665 0.269024 -0.0164744 0.962993 -0.34534 0.730334 -0.589366 0.872489 0.470034 -0.133535 0.245411 0.814182 0.526194 -0.513156 0.781936 0.353902 1 1.86264e-05 -3.93832e-06 0.636312 0 -0.771432 0.636311 4.23732e-07 -0.771432 -7.09723e-07 1 4.19628e-07 -6.02587e-07 1 4.44451e-07 0 1 0 -3.41784e-06 1 1.23987e-07 0 1 0 0 1 0 0 1 0 -1.14465e-06 -1 -5.24086e-07 -1.57204e-07 1 3.41614e-07 0 1 0 0 1 0 0 1 0 0 1 0 0 1 0 0 1 0 0 1 0 0 1 0 0 1 0 0 1 0 0 1 0 0 1 0 0 1 0 0 1 0 -1.72513e-07 -1 1.47035e-07 -1.70608e-07 -1 6.96687e-08 3.28391e-08 -1 2.51914e-07 -1.31262e-06 1 -3.34562e-07 -5.79022e-08 -1 1.24316e-07 0 -1 0 0 -1 0 0 -1 0 0 -1 0 0 -1 0 0 -1 0 0 -1 0 0 -1 0 0 -1 0 0 -1 0 0 -1 0 0 -1 0 0.999991 -0.00352564 -0.00223167 0.999966 -0.00821247 0.000903397 0.967825 -0.251621 -0.000865952 0.939505 -0.342487 0.00567321 0.830837 -0.556494 -0.00497645 0.759354 -0.650658 0.00509685 0.492524 -0.870252 -0.00907967 0.516589 -0.856151 -0.0118705 0.297642 -0.954676 -0.00159986 0.0172675 -0.999835 -0.00566895 0.999422 0.0314758 -0.0128594 0.91047 0.413569 0.00214907 0.825398 0.564459 -0.0101952 0.70874 0.705468 0.00122106 0.387057 0.922039 0.00560561 0.463281 0.886204 -0.00371994 0.0164212 0.999834 -0.0078671 0.44994 -0.707107 -0.545485 0.449941 -0.707106 -0.545485 0.44994 -0.707107 -0.545485 0.449939 -0.707108 -0.545484 0.449938 -0.707111 -0.545482 0.041061 0.998096 -0.0460312 0.44994 -0.707107 -0.545485 0.44994 0.707107 -0.545485 -0.44994 -0.707107 0.545485 0.44994 0.707107 -0.545485 0.449941 0.707106 -0.545485 0.449938 0.707109 -0.545483 0.0332441 -0.998739 -0.0376242 0.449942 0.707105 -0.545487 0 -1 0 0 1 0 0 1 0 0 1 0 0 1 0 0 1 0 0 1 0 0 1 0 0 1 0 0 1 0 0 1 0 0 1 0 0 1 0 0 1 0 0 1 0 0 1 0 0 1 0 0 1 0 0 1 0 0 1 0 0 1 0 0 1 0 0 1 0 0 1 0 0 1 0 0 1 0 0 1 0 0 1 0 0 1 0 0 1 0 0 1 0 0 1 0 0 1 0 0.00262069 0.999995 0.00187473 0 1 0 0.00339772 0.999993 0.0017036 0 1 0 0 1 0 0.00187628 0.999995 0.00242047 0 1 0 0.000411427 0.999994 0.00354539 0 1 0 0 1 0 0 1 0 0 1 0 0 1 0 0 1 0 0 1 0 0 1 0 0 1 0 0 1 0 0 1 0 0 1 0 0 1 0 -0.00328927 0.999986 0.00420626 0 1 0 -0.0293667 0.998839 0.0381797 0 1 0 -0.449942 0.707105 0.545487 -0.449938 0.707111 0.545482 -0.449934 0.707116 0.545479 -0.449955 0.707085 0.545501 -0.44994 0.707107 0.545485 -0.449939 0.707108 0.545484 -0.449941 0.707106 0.545485 -0.44994 0.707107 0.545485 -0.449913 0.707165 0.545432 -0.450011 0.706975 0.545598 -0.44994 0.707107 0.545485 -0.449944 0.7071 0.54549 -0.44994 0.707108 0.545483 -0.44994 0.707107 0.545485 -0.449937 0.707113 0.54548 -0.449941 0.707105 0.545487 -0.44994 0.707106 0.545486 -0.44994 0.707107 0.545485 -0.44994 0.707107 0.545485 -0.449939 0.707108 0.545483 -0.449939 0.707109 0.545483 -0.449941 0.707105 0.545486 -0.449941 0.707105 0.545487 -0.44994 0.707108 0.545484 -0.44994 0.707107 0.545484 -0.44994 0.707107 0.545485 -0.448061 0.707837 0.546084 -0.449938 0.707107 0.545486 -0.449942 0.707106 0.545485 -0.44994 0.707107 0.545484 -0.44994 0.707107 0.545485 -0.449941 0.707107 0.545485 -0.449939 0.707108 0.545484 -0.449944 0.707103 0.545487 -0.44994 0.707107 0.545485 0.449941 -0.707105 -0.545487 -0.44994 0.707107 0.545485 -0.449938 0.707108 0.545485 0.449932 -0.707135 -0.545455 -0.449942 0.707103 0.545488 -0.449937 0.707117 0.545475 -0.449939 0.707109 0.545483 -0.44994 0.707107 0.545485 -0.449947 0.707096 0.545494 -0.449936 0.707112 0.545481 -0.443359 0.717182 0.537664 -0.429227 0.738465 0.520032 -0.444981 0.715155 0.539023 -0.411246 0.762976 0.498742 -0.370055 0.820369 0.435952 -0.408376 0.766852 0.495144 -0.397677 0.780869 0.481765 -0.382811 0.798737 0.464194 -0.378107 0.80415 0.45867 -0.365502 0.818584 0.443089 -0.358421 0.826086 0.434876 -0.352969 0.832148 0.427718 -0.330918 0.854222 0.400997 -0.319052 0.865545 0.386055 -0.348978 0.836158 0.423148 -0.361224 0.822509 0.439314 -0.364636 0.818509 0.443941 -0.314094 0.869836 0.380435 -0.309634 0.873382 0.375939 -0.333579 0.851493 0.40458 -0.275787 0.901147 0.334478 -0.304684 0.877515 0.370319 -0.279727 0.897923 0.339833 -0.259286 0.913324 0.314022 -0.203393 0.946247 0.25149 -0.153121 0.971453 0.1812 -0.232543 0.930286 0.283712 -0.193856 0.952634 0.234324 -0.116116 0.982791 0.143659 -0.133517 0.977621 0.162576 -0.139373 0.975505 0.17019 -0.0751593 0.993115 0.0898484 -0.0935736 0.989129 0.113437 -0.062745 0.994895 0.0790323 -0.0635037 0.995062 0.0762794 -0.0470031 0.996873 0.0635158 -0.0621875 0.995521 0.0712108 -0.0329086 0.99867 0.0397002 -0.023076 0.999309 0.0291438 -0.026485 0.999155 0.0314324 -0.439147 0.723671 0.5324 -0.43931 0.723432 0.532592 -0.409624 0.765281 0.496542 -0.40808 0.767266 0.494746 -0.37801 0.804408 0.458298 -0.344688 0.840539 0.417953 -0.374124 0.808977 0.453419 -0.309652 0.873511 0.375626 -0.335183 0.85008 0.406221 -0.2733 0.902978 0.331568 -0.300616 0.881384 0.364408 -0.226241 0.934619 0.274414 -0.262865 0.910718 0.318582 -0.223889 0.936041 0.271479 -0.177688 0.960128 0.215828 -0.18399 0.957247 0.223219 -0.118305 0.982493 0.143914 -0.143427 0.974279 0.173806 -0.102462 0.98695 0.124219 -0.0614585 0.995307 0.0747413 -0.0613708 0.99532 0.0746386 -0.0181154 0.999595 0.0219622 -0.0204105 0.999487 0.0246788 0.806721 0.00422235 0.590917 0.186139 -0.0234081 0.982245 0.0120044 0.00731478 0.999901 -0.70168 -0.00781991 0.712449 -0.750341 0.00424353 0.661037 -0.867703 -0.0249061 -0.496459 -0.945243 0.0240066 -0.325484 -0.0869963 -0.00950355 -0.996163 0.0592313 0.018645 -0.99807 0.845284 -0.0177387 -0.534023 0.934454 0.0114351 -0.355901 0 -1 0 0 -1 0 0.910152 -0.0341629 0.412864 0 -1 0 0 -1 0 0.780739 0.031508 0.624062 -0.0943853 -0.0395077 0.994752 -0.98216 0.0732819 0.173181 -0.910777 -0.0272254 0.412 -0.828287 -0.00249165 -0.560299 -0.721218 -0.0267137 -0.692192 -0.0875008 0.00523964 -0.996151 0.514252 -0.0298433 -0.85712 0.972708 0.0185866 -0.231286 0.331722 -0.0897055 -0.939103 -0.0695202 -0.0304473 0.997116 0 -1 0 0 -1 0 0.983389 -0.0809137 0.162478 0 -1 0 0.969836 0.00931759 0.243581 0.406258 0.0475601 0.91252 -0.0277969 -0.0228364 0.999353 -0.672214 0.0254147 0.73992 -0.760549 0.00462048 0.649264 -0.995593 -0.000940272 -0.0937714 -0.691467 -0.0143695 -0.722265 -0.0657897 -0.00247196 -0.99783 0.53165 -0.0129713 -0.846865 0.935296 -0.00510912 -0.353831 0.940792 -0.00683248 -0.338914 -0.852698 -0.202926 -0.481381 0.275496 -0.0877251 -0.957291 0 -1 0 0 -1 0 0 -1 0 0.885201 -0.0260036 0.464482 0 -1 0 -0.437908 -0.868962 -0.230526 0.0281965 -0.994066 -0.105058 -0.87421 -0.484707 0.0285598 0.215506 0.958327 0.187528 0.50553 0.767917 -0.393373 0.295946 0.937552 0.182792 -0.240897 0.956773 -0.162956 0.0744692 0.0562457 -0.995636 -0.017244 0.961224 -0.275229 0.773147 0.389489 0.500541 0.894877 0.407711 -0.181568 -0.652687 0.218052 0.725571 -0.383973 0.811239 0.440971 -0.894464 0.0552056 -0.443719 -0.0576834 0.997925 -0.0286152 0.204716 0.0744805 -0.975984 0.02885 0.990076 -0.137542 -0.879525 0.311807 0.35946 0.65954 -0.51079 -0.551453 -0.215268 -0.468877 0.856629 -0.150283 0.968873 0.196726 0 1 0 0 1 0 0 1 0 0 1 0 0 1 0 0 1 0 0 1 0 0 1 0 0 1 0 0 1 0 0 1 0 0 1 0 0 1 0 0 1 0 0 1 0 0 1 0 0 1 0 0 1 0 0 1 0 -0.977094 -0.00744145 0.212677 -0.928151 0.0114445 0.372029 -0.829568 -0.0028697 0.558399 -0.678544 0.00721763 0.734524 -0.613658 -0.000263544 0.789572 -0.352319 0.0018392 0.935878 -0.4082 0.0115564 0.912819 -0.0780751 -0.00404011 0.996939 0.0668422 0.00615608 0.997745 0.25065 -0.00536856 0.968063 0.436856 0.0113313 0.89946 0.646291 -0.0120722 0.762995 0.814794 0.00913495 0.579679 0.910744 -0.00851382 0.412883 0.998182 0.0222506 0.0560205 0.997407 0.000112777 -0.0719659 0.833819 0.000965333 -0.552037 0.824596 0.00423283 -0.565706 0.444464 -0.00770505 -0.895764 0.47836 0 -0.878164 -0.115936 0 -0.993257 -0.054907 -0.0133474 -0.998402 -0.427963 0.00274993 -0.903792 -0.459429 -0.000570202 -0.888215 -0.696212 0.000807273 -0.717836 -0.703423 0 -0.710772 -0.860855 0 -0.50885 -0.869273 0.00202411 -0.494329 -0.997394 0.0135805 -0.0708579 -0.979544 -0.00165777 -0.201226 0 1 0 0 1 0 0 1 0 0 1 0 0 1 0 0 1 0 0 1 0 0 1 0 0 1 0 0 1 0 0 1 0 0 1 0 0 1 0 0 1 0 0 1 0 0 1 0 0 1 0 0 1 0 0 1 0 -0.999174 -0.0111714 0.0390699 -0.994464 0.00250001 0.10505 -0.819658 -0.00294094 0.572845 -0.814518 -0.00145979 0.580136 -0.536955 -0.00011687 0.843611 -0.526716 -0.00146144 0.85004 -0.204243 0.00180863 0.978918 -0.199165 0.00112219 0.979965 0.135657 0.000157583 0.990756 0.256853 0.0172232 0.966297 0.528289 -0.0045003 0.849053 0.674701 0.010685 0.738014 0.810097 -0.00689545 0.586255 0.954952 0.0120879 0.296513 0.976016 0.000257167 0.2177 0.984472 0.00206638 -0.175532 0.983661 0.00282672 -0.180011 0.844 -0.00166598 -0.536341 0.754069 0.015383 -0.656615 0.615559 0.00243756 -0.788087 0.342736 0.0113439 -0.939363 0.320391 0.0160626 -0.947149 -0.0796339 -0.00262058 -0.996821 -0.201735 0.0084532 -0.979404 -0.467996 -0.0111462 -0.88366 -0.569726 -2.13529e-05 -0.821834 -0.886512 -0.00822863 -0.462632 -0.831067 0.0196518 -0.555826 0 1 0 0 1 0 0 1 0 0 1 0 0 1 0 0 1 0 0 1 0 0 1 0 0 1 0 0 1 0 0 1 0 0 1 0 0 1 0 0 1 0 0 1 0 0 1 0 0 1 0 0 1 0 0 1 0 0 1 0 0 1 0 -0.953016 -0.00127447 0.302917 -0.883252 0.0192209 0.468504 -0.785273 0.000317972 0.619149 -0.452616 0.0147994 0.891583 -0.522957 -0.00191983 0.852357 -0.0486482 0.000322224 0.998816 -0.0429515 -0.000539046 0.999077 0.318581 0.000857754 0.947895 0.290633 -0.00258521 0.956831 0.57389 0.000823238 0.818932 0.612653 -0.00361883 0.790344 0.823924 0.00673707 0.56666 0.893849 -0.0132834 0.448171 0.983428 0.00473272 0.181236 0.998307 -0.0154643 -0.0560758 0.981901 -0.000215793 -0.189396 0.838214 -0.00406635 -0.545326 0.869316 0.00556777 -0.494225 0.657596 -0.000705634 -0.753371 0.581661 0.00843504 -0.813388 0.415714 -0.00179634 -0.909493 0.195825 0.00535097 -0.980624 0.125685 -0.00236855 -0.992067 -0.246822 0.00821516 -0.969026 -0.310148 -0.0039671 -0.95068 -0.702831 0.0058037 -0.711334 -0.73899 -0.00320724 -0.673709 -0.929167 0.000803275 -0.369659 -0.944108 -0.00347512 -0.329617 -0.999975 0.00434992 -0.00565945 -0.999984 0.00411752 -0.00378143 -0.998771 0.00139582 -0.0495502 -0.996171 -0.000900233 -0.0874269 -0.974723 -0.000734178 0.223414 -0.958198 0.00194161 0.286099 -0.882276 -0.00203818 0.470729 -0.847733 0.000780888 0.530423 -0.650596 -0.00412808 0.759413 -0.718084 0.00236516 0.695952 -0.528404 0.000235579 0.848993 -0.455603 0.00178475 0.890181 -0.398459 -8.10906e-05 0.917186 -0.199411 0.000119137 0.979916 -0.136079 -0.00300468 0.990693 0.0476709 0.000921908 0.998863 0.133483 -0.00221989 0.991049 0.332633 0.00205494 0.943054 0.413952 -0.00141521 0.910297 0.603471 0.00300458 0.79738 0.629878 0.00109025 0.776694 0.781106 -8.13252e-05 0.624399 0.792561 0.000877812 0.609793 0.958865 0.00475799 0.283822 0.937109 -0.00135245 0.349033 0.997926 -0.00210661 0.0643392 0.996893 0.00621427 -0.0785164 0.966254 -0.00236446 -0.25758 0.880809 0.00755127 -0.473412 0.850534 0.00210655 -0.525917 0.695576 0.00170214 -0.718451 0.639541 0.00718265 -0.768723 0.53093 0.000819246 -0.847415 0.30293 0.00278011 -0.953009 0.295656 0.0035072 -0.955288 0.0510293 -0.00104926 -0.998697 -0.0386571 0.00505418 -0.99924 -0.203295 -0.000553883 -0.979117 -0.40845 0.00304508 -0.912776 -0.451299 -0.00109676 -0.892372 -0.722446 0.00301788 -0.69142 -0.713875 0.00189172 -0.700271 -0.929718 0.000548181 -0.368271 -0.918965 -0.00148975 -0.394336 0 1 0 0 1 0 0 1 0 0 1 0 0 1 0 0 1 0 0 1 0 0 1 0 0 1 0 0 1 0 0 1 0 0 1 0 0 1 0 0 1 0 0 1 0 0 1 0 0 1 0 0 1 0 0 1 0 0 1 0 0 1 0 0 1 0 0 1 0 0 1 0 -0.998656 -0.000122259 0.0518375 -0.983359 0.00166632 0.181665 -0.965401 -0.00121297 0.260767 -0.898424 0.0017501 0.439125 -0.889883 0.000986143 0.456188 -0.768069 -0.000434122 0.640367 -0.737266 0.00103949 0.675602 -0.578144 -0.00163443 0.815933 -0.492343 0.00248046 0.870398 -0.344639 -0.000715424 0.938735 -0.25203 0.00201905 0.967717 -0.135384 -0.000569618 0.990793 0.0523218 0.00115718 0.99863 0.0829909 5.19931e-05 0.99655 0.27341 0.000125385 0.961898 0.288891 0.000916463 0.957362 0.488108 -0.000181909 0.872783 0.56569 0.00317557 0.824612 0.690973 -0.0013085 0.722879 0.81143 0.00405588 0.584435 0.87159 -0.00186192 0.490232 0.957432 0.00171986 0.288653 0.972172 -0.00135866 0.234265 0.999792 0.00115664 -0.0203776 0.994462 -0.00369469 -0.10503 0.940052 0.00312922 -0.341016 0.905984 -0.00252758 -0.423305 0.759739 0.00569836 -0.650204 0.729318 0.00173985 -0.684172 0.550574 0.000163147 -0.834786 0.487338 0.00307158 -0.873208 0.402508 -0.000118705 -0.915417 0.20853 0.000293054 -0.978016 0.243593 0.00278389 -0.969874 -0.0108651 -0.00203434 -0.999939 -0.0656221 0.00168642 -0.997843 -0.419478 -0.00247674 -0.907762 -0.416484 -0.00280438 -0.909139 -0.717509 0.000546562 -0.696549 -0.729302 -0.000606668 -0.684192 -0.912096 0.000748265 -0.409976 -0.909348 0.00114872 -0.416034 -0.99096 0.00241179 -0.134137 -0.98336 8.88599e-05 -0.18167 0 1 0 0 1 0 0 1 0 0 1 0 0 1 0 0 1 0 0 1 0 0 1 0 0 1 0 0 1 0 0 1 0 0 1 0 0 1 0 0 1 0 0 1 0 0 1 0 0 1 0 0 1 0 0 1 0 0 1 0 0 1 0 0 1 0 0 1 0 0 1 0 0 1 0 0 1 0 0 1 0 0 1 0 0 1 0 0 1 0 0 1 0 0 1 0 0 1 0 0 1 0 0 1 0 0 1 0 0 1 0 0 1 0 0 1 0 0 1 0 0 1 0 0 1 0 0 1 0 0 1 0 0 1 0 -0.999479 0.00796819 0.0312754 -0.987847 -0.00345872 0.155389 -0.933521 0.0020786 0.358517 -0.890315 -0.00407838 0.455328 -0.769893 0.00324422 0.638165 -0.734785 -0.000781574 0.678299 -0.531569 0.00549993 0.846997 -0.52066 0.00661551 0.853738 -0.249743 -0.0057083 0.968295 -0.146591 0.00345202 0.989191 0.129587 -0.00481699 0.991556 0.22824 0.00686431 0.973581 0.474924 -0.0045238 0.880015 0.675786 0.0134376 0.736976 0.695175 0.0105135 0.718763 0.860058 0.00157113 0.510193 0.944519 0.0152338 0.328105 0.952774 0.01177 0.303451 0.999578 -0.00127774 -0.0290129 0.984657 0.0110859 -0.174151 0.924071 -0.0104248 -0.38208 0.814448 0.00454639 -0.580218 0.706058 -0.00556001 -0.708133 0.511561 0.014356 -0.859127 0.308545 -0.00846578 -0.951172 0.0868945 0.0076465 -0.996188 -0.0221789 -0.00475892 -0.999743 -0.393202 0.00543527 -0.919436 -0.474231 -0.00572681 -0.880382 -0.709815 0.00418005 -0.704376 -0.792453 -0.0115063 -0.609825 -0.931945 0.00284756 -0.362589 -0.972863 -0.00827282 -0.231234 -0.621336 0.782907 0.0315814 -0.562512 0.822799 -0.0811363 -0.331487 0.672591 -0.661617 -0.116666 0.70993 -0.694542 -0.427554 0.884959 0.184511 -0.402379 0.438514 -0.803615 0.237736 0.014709 -0.971218 -0.213828 0.581472 -0.784964 -0.581984 0.631684 -0.512123 -0.494956 0.615892 -0.61294 -0.482263 0.646107 -0.591581 -0.497517 0.758906 0.420165 -0.393015 0.881504 -0.261705 -0.52794 0.298131 -0.795234 -0.268035 0.147589 -0.952037 -0.227147 0.198961 -0.95332 -0.268911 0.433241 -0.860226 -0.472792 0.271307 -0.838367 -0.388209 0.236203 -0.890787 -0.424388 0.274834 -0.862764 -0.480045 0.794502 0.371918 -0.234668 0.322127 -0.917151 -0.0488351 0.169329 -0.984349 -0.142734 0.435262 -0.888917 0.00116149 0.220816 -0.975315 -0.00906127 0.390532 -0.920545 -0.00873003 0.389075 -0.921165 -0.633326 0.770646 0.0707288 -0.478539 0.791643 0.379872 -0.204364 0.266491 -0.941922 0.0627101 0.231465 -0.97082 -0.636797 0.530359 -0.559651 -0.297116 0.931131 -0.211465 -0.505819 0.816926 0.277091 -0.747735 0.214653 -0.628344 -0.529555 0.288136 -0.79784 -0.0641157 0.996845 0.0467816 -0.729398 0.268184 -0.629329 -0.690028 0.192884 -0.697608 -0.45376 0.848182 -0.273293 -0.368855 0.820856 0.436053 -0.552646 0.253996 -0.793768 -0.227443 0.972293 0.0540061 -0.301908 0.938331 0.168483 -0.274723 0.830981 0.483734 -0.121242 0.758647 0.640121 -0.641554 0.537477 -0.54729 -0.644684 0.231717 -0.728485 -0.34708 0.886755 0.305288 -0.600621 0.272236 -0.75176 -0.622324 0.304056 -0.721293 -0.692333 0.553805 -0.462575 -0.497164 0.821082 0.280451 0.0108982 0.644957 -0.764141 0.0802165 0.719621 -0.689718 0.158035 0.711688 -0.684489 0.18206 0.607961 -0.772812 0.178297 0.627796 -0.757682 -0.346669 0.934419 0.081737 -0.408408 0.8851 0.223161 -0.342806 0.920237 -0.188807 -0.0575852 0.846676 -0.528983 -0.0648922 0.494929 -0.866507 0.0157986 0.918911 -0.394148 0.199231 0.151608 -0.968154 0.121751 0.418447 -0.900044 0.148197 0.511795 -0.846229 -0.274068 0.951814 0.137608 -0.0198706 0.994335 -0.104414 0.0246224 0.993097 -0.114683 0.0407757 0.983358 -0.177042 0.203367 0.173497 -0.963608 0.224665 0.203946 -0.952855 0.225136 0.149893 -0.962728 0.225504 0.174848 -0.958424 -0.450997 0.849699 0.273153 -0.320048 0.941127 0.108856 -0.230415 0.965565 0.120803 -0.187865 0.980373 0.0597896 -0.143868 0.983751 -0.107408 -0.119165 0.987394 -0.104175 -0.101658 0.987216 -0.122764 -0.103842 0.987216 -0.120916 -0.0607147 0.993841 -0.0927022 0.219851 0.00540325 -0.975518 0.0690759 0.949522 -0.306 0.04584 0.978165 -0.20271 0.0868182 0.916518 -0.390458 0.199929 0.467974 -0.86083 0.210626 0.390986 -0.895972 0.218183 0.308206 -0.925962 -0.365391 0.930192 0.0351208 -0.184299 0.941557 -0.281965 0.0764364 0.406207 -0.910579 -0.0106752 0.83924 -0.543656 0.0819438 0.927318 -0.365195 0.13695 0.801114 -0.582633 0.122041 0.844865 -0.520873 0.108374 0.878024 -0.466186 0.150772 0.749911 -0.644128 0.205471 0.417973 -0.884918 -0.330669 0.927241 -0.175734 -0.68423 0.475028 -0.553334 -0.830543 0.158356 -0.533968 -0.801726 0.413822 -0.431262 -0.451414 0.851608 -0.266437 -0.764947 0.49389 -0.413434 -0.889227 0.220049 -0.401065 0.038708 0.996138 0.0788104 -0.540204 0.798912 -0.264422 -0.73022 0.581063 -0.359367 -0.919236 0.27306 -0.283626 -0.891517 0.38727 -0.234988 -0.062741 0.99791 -0.0154621 -0.957352 0.27132 -0.0993122 -0.861634 0.459197 -0.216159 -0.987395 0.15268 -0.0417193 -0.463191 0.874745 -0.142394 -0.0875674 0.996041 -0.0153058 -0.827578 0.547772 -0.12272 -0.809199 0.577624 -0.10746 -0.958563 0.274697 0.07549 -0.622083 0.777249 -0.0943236 -0.944168 0.318788 0.0831913 -0.865777 0.498021 0.0490331 -0.951551 0.261038 0.162509 -0.735809 0.663314 0.136377 -0.383873 0.922594 0.0382283 -0.883968 0.373043 0.281851 -0.452379 0.888054 0.0819333 -0.100692 0.994904 -0.00513388 -0.862855 0.411572 0.29341 -0.899996 0.224432 0.373681 -0.812223 0.509992 0.283199 -0.864183 0.176403 0.471244 -0.694696 0.636586 0.334896 -0.792301 0.311081 0.524869 -0.413251 0.897917 0.151553 -0.790462 0.29261 0.538097 -0.669992 0.617243 0.412458 -0.733164 0.295071 0.612702 -0.665098 0.391336 0.636003 -0.251404 0.95785 0.138997 -0.665967 0.310467 0.678306 -0.00176801 0.999905 0.0137088 -0.642304 0.448478 0.62154 -0.507911 0.731789 0.454435 -0.606586 0.253446 0.753537 -0.522045 0.744495 0.416168 -0.50113 0.402608 0.766013 -0.0322027 0.999273 0.0204253 -0.447582 0.505195 0.737867 -0.356963 0.844559 0.399121 -0.427648 0.328866 0.842 -0.477171 0.373882 0.795311 -0.338639 0.658794 0.671799 -0.107811 0.9806 0.16371 -0.337885 0.240831 0.909854 -0.362618 0.640113 0.677321 -0.244368 0.802388 0.54448 -0.209795 0.431876 0.877194 -0.150523 0.563034 0.812611 -0.12341 0.418623 0.899736 -0.184326 0.303743 0.934754 -0.0366341 0.251624 0.967131 -0.105295 0.975771 0.19179 -0.0636209 0.840149 0.538612 -0.0755747 0.568214 0.819403 0.0678992 0.311586 0.947789 -0.0406413 0.985922 0.162195 -0.0445113 0.769245 0.637402 -0.0348132 0.957813 0.285277 0.223869 0.175924 0.95861 0.100188 0.426087 0.899117 0.163969 0.24578 0.955356 -0.00245075 0.999865 0.0162401 0.108362 0.323516 0.939997 0.159781 0.573246 0.803654 0.155043 0.620927 0.768382 0.101132 0.802745 0.587684 0.100331 0.81786 0.566603 0.0508563 0.96313 0.264186 0.0415525 0.973049 0.226824 -0.00454055 -0.99999 0.00019849 0.00814974 0.996077 0.0881175 0.23064 0.0256497 -0.972701 0.00162835 0.999979 -0.006279 -0.234472 0.0643331 -0.969992 0.0301435 0.992257 0.120488 0.0124909 0.998413 0.0549104 0.000366712 -1 -0.000610239 0.254518 0.0326683 0.966516 0.230006 0.269552 0.935114 0.218912 0.482149 0.848298 0.218293 0.641995 0.734977 0.190716 0.707819 0.680162 0.438829 0.61038 0.659444 0.133593 0.859994 0.492507 0.0636028 0.989321 0.131141 0.450714 0.620961 0.641299 0.0990568 0.91559 0.389721 0.697773 0.487723 -0.524633 0.114117 0.988525 0.0989734 0.663631 0.499957 0.556449 0.72825 0.610381 0.311588 0.198386 0.973748 0.111619 0.804324 0.536568 0.255261 0.80508 0.571257 -0.159725 0.789442 0.599057 -0.133836 0.746987 0.564884 -0.350595 0.205714 0.972475 0.10943 0.28559 0.957172 -0.0475323 -0.23056 0.000126851 0.973058 0.232199 0.043892 -0.971678 0.49276 0.748094 -0.444459 0.239588 0.203926 -0.949216 0.490519 0.517498 -0.701133 0.228466 0.308194 -0.923482 0.345655 0.206455 -0.915368 0.239693 0.206321 -0.948672 0.241372 0.965211 -0.100535 0.510011 0.52843 -0.678712 0.229279 0.300663 -0.925761 0.185243 0.607129 -0.772709 0.201092 0.508195 -0.837436 0.166606 0.711364 -0.682791 0.168559 0.70197 -0.691972 0.353138 0.881645 -0.313043 0.142382 0.801107 -0.581338 0.166776 0.712288 -0.681786 0.12831 0.844856 -0.51938 0.106855 0.900387 -0.421764 0.119199 0.87799 -0.4636 0.0978521 0.916518 -0.387841 0.0758862 0.949522 -0.304384 0.0504047 0.978164 -0.201628 0.0130092 0.999327 -0.0342954 0.0299603 0.993096 -0.113417 0.324745 -0.594902 -0.735277 -0.397976 0.667445 0.62939 -0.353056 0.636065 0.686129 -0.427969 0.896601 -0.113792 -0.350266 0.913795 0.205649 0.0606378 0.196555 0.978616 -0.0252853 0.391901 0.91966 0.167914 0.195922 0.966136 -0.155221 0.904217 0.397866 0.0994567 0.956731 0.273447 -0.0336162 0.909636 0.414044 0.174125 0.366625 0.913929 -0.202923 0.486687 0.849681 -0.0881818 0.59017 0.802448 -0.0191492 0.79906 0.600947 0.00523164 0.523846 0.851797 0.0959509 0.931933 0.349705 0.13146 0.8174 0.560871 0.187896 0.474555 0.859938 0.222866 0.144337 0.964104 -0.344012 0.700668 0.625076 -0.271648 0.837133 0.47478 -0.0874243 0.588441 0.8038 -0.228208 0.683794 0.69307 0.19693 0.622735 0.757244 0.154161 0.716318 0.680531 0.00242207 0.999977 0.00635632 0.0234164 0.994382 0.103229 -0.25796 0.0428577 -0.965204 0.21333 0.0239501 0.976687 -0.042527 0.328481 0.943553 -0.211367 0.492313 0.844365 -0.42736 0.690556 0.58352 0.535365 -0.749956 -0.388523 0.0237419 0.993945 0.107282 0.120658 0.138577 0.982974 -0.35182 0.64897 0.674582 -0.320793 0.725484 0.608904 -0.303609 0.604444 0.736525 0.236311 0.0219305 0.97143 -0.147073 0.783265 0.604041 -0.121832 0.777175 0.617378 -0.123509 0.821077 0.557296 -0.10181 0.871681 0.479381 0.0665785 0.902989 0.424475 0.0604834 0.909415 0.411469 0.0222219 0.309596 0.950609 0.0135685 0.317716 0.948089 -0.157059 0.552127 0.818834 -0.262439 0.582729 0.769125 0.0715623 0.298443 0.951741 -0.292131 0.765094 0.573838 -0.0559024 0.901312 0.429547 0.139044 0.876395 0.461084 -0.229233 0.783345 0.577774 0.247297 0.269471 0.930715 0.216977 0.482164 0.848786 0.135961 0.707838 0.693167 0.088477 0.859722 0.503041 0.0327594 0.905612 0.422841 -0.0702793 0.716492 0.694046 0.118158 0.73588 0.666723 0.0505301 0.685318 0.726489 0 -1 0 0 -1 0 0 -1 0 0 -1 0 0 -1 0 0 -1 0 0 -1 0 0 -1 0 0 -1 0 0 -1 0 0 -1 0 0 -1 0 0 -1 0 0 -1 0 0 -1 0 0 -1 0 0 -1 0 0 -1 0 0 -1 0 0 -1 0 0 -1 0 -0.943121 -0.00487329 -0.332414 0 -1 0 0 -1 0 0 -1 0 0 -1 0 0 -1 0 -0.11865 0 -0.992936 -0.0663719 0 -0.997795 -0.11865 0 -0.992936 -0.0199138 0 -0.999802 -0.0663719 0 -0.997795 0.042083 0 -0.999114 -0.0199138 0 -0.999802 0.042083 0 -0.999114 0.129568 0 -0.991571 0.119319 -0.00195183 -0.992854 0.244964 -0.00561501 -0.969516 0.195836 -0.000325849 -0.980637 0.291014 0.00141108 -0.956718 0.368596 -0.00204229 -0.929587 0.378623 0 -0.925551 0.0673734 0 0.997728 0.0673734 0 0.997728 -0.0477104 0.00152051 0.99886 -0.0369145 0 0.999318 -0.165345 -0.00435713 0.986226 -0.174501 -0.00247116 0.984654 -0.280665 0.00119002 0.959805 -0.377813 0.00149994 0.925881 -0.314091 -0.00318866 0.949388 0 -1 0 0 -1 0 0 -1 0 0.294755 -0.00162103 -0.955572 0 -1 0 0 -1 0 0.999887 -0.00136949 -0.014956 0 -1 0 0 -1 0 0 -1 0 0 -1 0 0 -1 0 0 -1 0 0 -1 0 0 -1 0 0 -1 0 0 -1 0 0.670967 -0.00548692 0.741467 0 -1 0 0 -1 0 0 -1 0 0 -1 0 0.233057 -0.00621655 0.972443 0 -1 0 0 -1 0 0 -1 0 0 -1 0 0 -1 0 0 -1 0 0 -1 0 0 -1 0 0 -1 0 0 -1 0 0 -1 0 0 -1 0 0 -1 0 0 -1 0 0.999472 0.000608225 0.0324917 0.997204 -1.78129e-08 0.0747291 0.986672 0.000795315 0.162721 0.987559 0.00119384 0.157243 0.956138 -0.000165484 0.292918 0.940647 0.00404857 0.339363 0.894372 -0.00100151 0.447324 0.849829 0.00489458 0.527036 0.804594 -0.000895617 0.593825 0.723466 0.000917494 0.690359 0.544633 0.00349424 0.838667 0.480912 -0.00209743 0.876766 0.32001 0.00546258 0.947398 0.0728401 0.00360535 0.997337 -0.0277526 -0.00432926 0.999605 -0.15267 0.00197493 0.988275 -0.246757 -0.00250389 0.969074 -0.331281 0.00351617 0.943525 -0.447924 -0.00375939 0.894064 -0.507171 0.000834209 0.861845 -0.618482 -0.00303399 0.785793 -0.662219 0.00248471 0.749306 -0.761134 -0.00157207 0.648592 -0.812823 0.00294436 0.582503 -0.86789 -0.00326725 0.496746 -0.918052 0.00598105 0.396415 -0.957641 -0.00229792 0.287954 -0.992236 0.0024995 0.124343 -0.995995 -0.00228221 0.0893764 -0.995477 0.00168949 -0.0949927 -0.993098 0 -0.117285 -0.965927 0 -0.258814 -0.9464 0.00577239 -0.322946 -0.902604 -0.0017239 -0.430468 -0.851809 0.00398937 -0.523838 -0.814074 -0.00115351 -0.58076 -0.682389 -0.00222225 -0.730986 -0.715865 0.00214636 -0.698235 -0.563319 0.00161042 -0.826238 -0.535068 -0.00142004 -0.844808 -0.351718 0.00299227 -0.936101 -0.388434 -0.0019609 -0.921475 -0.220647 -6.89284e-05 -0.975354 -0.203178 -0.00154351 -0.979141 -0.0166336 0.00250373 -0.999859 -0.0398945 0 -0.999204 0.116105 0 -0.993237 0.168141 0.00452737 -0.985753 0.463553 0.0106995 -0.886004 0.441516 0.00691474 -0.897227 0.595833 -0.00150277 -0.803107 0.650673 0.00277621 -0.759353 0.724518 -0.00161179 -0.689254 0.797562 0.00325278 -0.603228 0.831529 -0.00116029 -0.55548 0.892067 0.00228493 -0.451898 0.90999 -0.00112716 -0.414629 0.965274 0.00121725 -0.261238 0.965927 0.000983047 -0.258813 0.990801 7.9622e-05 -0.135325 0.993885 0.00152234 -0.110407 0 -1 0 0 1 0 0 -1 0 0 -1 0 0 -1 0 0 -1 0 0 -1 0 0 -1 0 0 -1 0 0.597856 -0.00309859 0.801598 0 -1 0 0 -1 0 0 -1 0 0 -1 0 0 -1 0 0 -1 0 0 -1 0 0 -1 0 0 1 0 0 -1 0 0 -1 0 0 -1 0 0 -1 0 -0.320675 -0.000246053 0.947189 -0.22794 0.00138743 0.973674 -0.487319 9.74092e-05 0.873224 -0.671157 -0.00559448 0.741294 -0.768745 0.000256483 0.639556 -0.999335 -0.00742249 0.0356905 -0.992783 0.00126018 0.119921 -0.812493 0.000261291 -0.582971 -0.802785 -0.000860864 -0.596269 0.86627 0.00253966 0.499569 -0.510612 0.00101035 -0.85981 -0.43076 -0.000522904 -0.902466 -0.345451 -3.35804e-08 -0.938437 0.176749 0.00164643 0.984255 -0.262439 -0.000492251 -0.964948 -0.230769 -2.46773e-07 -0.973009 -0.230769 -3.68004e-08 -0.973009 0.886375 0 0.462969 0.865989 0 0.500063 0.888675 -0.000417647 0.458537 0.818895 0.00108955 0.573943 0.85156 -0.0018688 0.524254 0.758417 0.000181758 0.65177 0.782839 -0.00490057 0.622205 0.674577 -0.0018133 0.738202 0.682619 0 0.730774 0.597497 0 0.801871 0.59824 0.000143735 0.801317 -0.226439 1.19636e-08 0.974025 0 -1 0 0 -1 0 0 -1 0 0 -1 0 0 -1 0 0 -1 0 0 -1 0 0 -1 0 0 -1 0 0 -1 0 0 -1 0 0 -1 0 0 -1 0 0 -1 0 0 -1 0 0 -1 0 0 -1 0 0 -1 0 0 -1 0 0 -1 0 0 -1 0 0 -1 0 0 -1 0 0 -1 0 0 -1 0 0 -1 0 0.0464661 -0.00223302 0.998917 0.081827 0 0.996647 -0.0265937 0 0.999646 0.0199138 0 0.999802 -0.0884841 7.1708e-08 0.996078 -0.0531399 0.00223305 0.998585 -0.165343 -0.00195397 0.986234 -0.129573 0.00260491 0.991566 -0.266199 -0.0023876 0.963915 -0.211013 -6.60222e-08 0.977483 -0.271181 -0.00162721 0.962527 -0.354583 -0.0030399 0.93502 -0.330306 -0.00032575 0.943874 -0.388167 0 0.921589 -0.437942 -0.000457212 0.899003 -0.433359 0 0.901222 -0.0563047 -0.00112049 -0.998413 0.0265909 0.00145495 -0.999645 -0.0420297 -0.00283924 -0.999112 0.129564 0.00177789 -0.99157 0.0575647 -0.000485067 -0.998342 0.15514 -0.00105104 -0.987892 0.235743 0.00152067 -0.971814 0.246232 0 -0.969211 0.344897 0 -0.938641 0.344897 0 -0.938641 0.409813 0 -0.91217 0.409813 0 -0.91217 0.813348 0.000522264 -0.581777 0.831304 -0.00159205 -0.555815 0.857355 0.00152653 -0.514724 0.88089 -0.00152626 -0.473319 0.906934 0.00220445 -0.421268 0.925967 -0.00161078 -0.377601 0.9429 0.00144133 -0.333073 0.967692 0 -0.252133 0.957688 -0.00237469 -0.2878 0.981744 0 -0.190207 0.981744 0 -0.190207 0.995432 0.000707615 -0.0954711 0.994962 0 -0.10025 0.226438 0 -0.974025 0.226439 -4.76069e-08 -0.974025 -0.708769 0.00171013 0.705439 -0.749074 0 0.662486 -0.889181 -0.00145494 0.457552 -0.964552 0.00617912 0.263822 -0.998982 -0.00518983 -0.044822 0.912517 -0.0104875 0.408904 -0.922315 0.00244537 -0.386431 -0.666346 -0.00377634 -0.745633 0.652433 0.00298159 0.75784 -0.343697 0.00239825 -0.939078 -0.26503 0 -0.96424 -0.0521558 0 -0.998639 0.0428683 -0.00258068 -0.999077 -0.636312 -5.79703e-07 0.771432 -0.636311 0 0.771432 0 -1 0 0 -1 0 0 -1 0 0 -1 0 0 -1 0 0 -1 0 0 -1 0 0 -1 0 0 -1 0 0 -1 0 0 -1 0 0 -1 0 0 -1 0 0 -1 0 -0.512477 -0.000614308 0.858701 0 -1 0 0 -1 0 -0.850384 0.0301729 0.525297 0 1 0 -0.706719 -0.0085742 -0.707442 0 -1 0 0 -1 0 0 -1 0 0 -1 0 0 -1 0 0 -1 0 0 -1 0 0 -1 0 0 -1 0 0 -1 0 0 -1 0 0 -1 0 0 -1 0 0 -1 0 0 -1 0 0 -1 0 0 -1 0 0 -1 0 0 -1 0 0 -1 0 0 -1 0 0 -1 0 0 -1 0 0 -1 0 0 -1 0 0 -1 0 0 -1 0 0 -1 0 0 -1 0 0 -1 0 0.919792 -0.00224163 0.3924 0.875808 -0.00195379 0.482655 0.908043 0.00104964 0.418875 0.868224 0 0.496173 0.821346 -0.00173556 0.570427 0.827196 0 0.561914 0.771433 -3.60315e-08 0.636311 0.764813 -0.00151967 0.64425 0.697981 0 0.716117 0.708997 0.00195417 0.705209 0.640438 0 0.76801 0.640438 0 0.76801 0.558285 0.000232825 0.829649 0.557028 0 0.830494 -0.898346 0.00192176 -0.439285 -0.885766 -0.00220771 -0.464127 -0.852422 0.00254454 -0.522848 -0.829111 -0.00384827 -0.559071 -0.777962 0.00153539 -0.62831 -0.747909 -0.00210114 -0.663798 -0.719845 0.000484954 -0.694135 -0.64834 0.00270257 -0.761346 -0.67454 -0.00149366 -0.738237 -0.610001 0.00153062 -0.792399 -0.609317 0.0016621 -0.792925 0 -1 0 0 -1 0 0 -1 0 0 -1 0 0 -1 0 0 -1 0 0 -1 0 0 -1 0 0 -1 0 0 -1 0 0 -1 0 0 -1 0 0 -1 0 0 -1 0 0 -1 0 0 -1 0 0 -1 0 0 -1 0 0 -1 0 0 -1 0 0 -1 0 0 -1 0 0 -1 0 0 -1 0 0 -1 0 0 -1 0 0 -1 0 0.82373 0.000469612 -0.566982 0.825136 0 -0.564934 0.874043 0 -0.485848 0.874043 0 -0.485848 0.919495 -0.00195394 -0.393097 0.913293 0 -0.407302 0.942089 0.000651518 -0.335362 0.952031 -0.001954 -0.305994 0.976335 -0.00195386 -0.216255 0.965227 0.00195367 -0.261406 0.990151 -0.00130296 -0.14 0.982572 0.000651604 -0.185884 0.994014 0.00130286 -0.109242 0.997377 -0.000252589 -0.072384 -0.830775 0.00292564 0.556601 -0.816034 0 0.578004 -0.861193 -0.000646176 0.508277 -0.886298 0.00339262 0.463102 -0.910981 -0.00277715 0.412439 -0.940341 0.00210116 0.340226 -0.952033 -0.000727405 0.305995 -0.971545 0.00264454 0.23684 -0.976337 0 0.216254 -0.992294 0 0.123904 -0.992327 -3.58556e-05 0.123638 -0.629532 0.00662068 0.776947 -0.245297 0.00262346 0.969444 -0.207925 -0.000466049 0.978145 0.20458 0.00408696 0.978841 0.182175 0.00144695 0.983265 0.608057 -0.00120168 0.793892 0.679078 0.00617271 0.734041 0.326111 0 -0.945331 0.418583 0.00372104 -0.908171 0.532327 -0.00123863 -0.846538 0.645494 0.0039017 -0.763756 0.792788 -0.0048083 -0.609479 0.87661 0.0023148 -0.481196 0.985486 -0.00756506 -0.169586 0.99399 0.000931413 -0.109471 0.885255 0.00529518 -0.465076 0.846621 -0.0019978 -0.532193 0.988175 -0.00331894 -0.153293 0.976114 0.00215612 -0.217248 0.989968 0.0013146 0.141284 0.969617 -0.00463647 0.244586 0.868313 0.00392687 0.496002 0.807351 -0.00248264 0.590067 -0.564022 0.000170359 0.82576 -0.606503 -0.00193024 0.795079 -0.724738 0.00170961 0.689023 -0.82305 -0.00364652 0.567957 -0.883069 0.000883305 0.469243 -0.962883 -0.00369737 0.269895 -0.992844 0.00734524 0.119197 -0.988163 -0.00351855 -0.153369 -0.907495 0.00999902 -0.419945 -0.828034 -0.00416673 -0.560663 -0.575207 0.00783384 -0.81797 -0.468203 -0.00267095 -0.883617 -0.109398 0.00377855 -0.993991 -0.150581 0 -0.988598 0.211902 0 -0.977291 0.211902 0 -0.977291 0.999186 -0.00507496 -0.040014 0.997467 0.00489647 0.0709584 0.917224 -0.00256591 0.398364 0.884133 0.000989787 0.467234 0.634597 -0.0055582 0.772823 0.613182 -0.0018634 0.78994 0.22187 0.000118473 0.975076 0.164736 -0.00526144 0.986324 0.0541993 0.00529831 -0.998516 0.163767 -0.0039528 -0.986491 0.553532 0.00475117 -0.832815 0.600026 -0.000213166 -0.79998 0.888664 0.00518785 -0.45853 0.894305 0.00655966 -0.44741 0.944935 -0.00367588 -0.327236 0.964026 0.00450736 -0.265771 0.998219 -0.00251279 0.0596054 0.987725 0.00304403 0.156171 0.924406 -0.00266283 0.381402 0.876718 0.00288351 0.480996 0.773863 -0.00160643 0.633351 0.705907 0.00173771 0.708303 0.639413 -0.000460443 0.768863 0.798338 -0.00112568 0.602209 0.825114 0.0006536 0.564966 0.66762 0.00165236 0.744501 0.413368 0.00251456 0.910561 0.212155 -0.00720345 0.977209 0.0818356 0.000940424 0.996645 -0.0519584 -0.00200299 0.998647 -0.222906 0.00326065 0.974835 0.489927 0 -0.871764 0.495555 -0.000529827 -0.868576 0.689229 0.000503823 -0.724543 0.710991 -0.00115017 -0.7032 0.901349 0.00216243 -0.433087 0.911803 0.000176967 -0.410628 0.99429 0.000407113 -0.106714 0.994015 0.000182113 -0.10924 0.961649 -0.000272016 0.274283 0.961222 -0.000371478 0.275777 0.831238 0.00105543 0.555915 0.819923 -0.000797041 0.572473 0.587503 0 0.809222 0.589607 0.000145549 0.80769 0.329043 0 0.944315 0.330062 7.48842e-05 0.943959 -0.124038 0.0010434 0.992277 -0.00989235 -0.0141274 0.999851 -0.386788 0.000483806 0.922169 -0.981067 -0.010641 0.193375 -0.995499 -0.00307387 0.0947186 -0.961683 0.000487934 -0.274163 -0.760302 0.00762764 -0.649525 -0.668247 -0.00227289 -0.743936 -0.406689 0.00182122 -0.913565 -0.387771 0 -0.921756 -0.0219992 -0.00101139 0.999758 -0.0120499 0 0.999927 -0.390293 0.00128405 0.92069 -0.480535 0.0113034 0.876903 -0.780534 -0.00443751 0.625098 -0.861336 0.00551705 0.508006 0.18684 -0.000343247 0.98239 0.238846 0.00600943 0.971039 -0.17642 -0.00254738 0.984312 -0.268822 0.00447043 0.96318 -0.523316 -0.00265565 0.852134 -0.614658 0.00329497 0.788787 -0.810123 -0.00395816 0.586247 -0.872093 0.00199981 0.489336 -0.989468 -0.0106034 0.144364 -0.995986 -0.0038256 0.0894246 -0.870931 -0.00183527 -0.491402 -0.874947 -0.000727949 -0.484218 0.295655 -0.00934578 -0.955249 0.434099 0.00570526 -0.900847 0.702407 -0.000439281 -0.711775 0.774569 0.00650705 -0.632455 0.92575 -0.00447867 -0.378109 0.980282 0.00551731 -0.197529 0.999635 -0.00406407 0.0267127 0.9831 0.00624228 0.182964 -0.708734 -0.00112397 -0.705475 -0.695245 0.00098288 -0.718772 -0.320688 -0.00270834 -0.947181 -0.230448 -0.0101781 -0.973032 -0.000164112 8.07365e-05 -1 0.998558 0.000696428 -0.053676 0.990373 -0.00150884 0.138419 0.980138 0.00170305 0.198308 0.922761 -0.00122948 0.38537 0.838346 0.00763389 0.545084 0.741013 -0.00141686 0.671489 0.438094 0.00762827 0.898897 0.372259 -0.00101465 0.928128 -0.134028 0.00348154 0.990971 -0.0829553 -0.00277484 0.996549 -0.502195 0.00081646 0.864754 -0.50402 0.000689975 0.863692 -0.794887 0.00164124 0.606756 -0.803691 0.00321397 0.595038 -0.974119 -0.00153983 0.22603 -0.978531 0.00044566 0.2061 -0.554159 -0.000106909 -0.832411 -0.495518 0.00594588 -0.868577 -0.0993896 -0.00682693 -0.995025 0.0256689 0.00375895 -0.999663 0.293671 -0.00200133 -0.955904 0.414297 0.00645046 -0.910119 0.594971 -0.00117383 -0.803746 0.692072 0.0010964 -0.721828 0.727353 -0.000411125 -0.686264 -0.910263 0 0.414031 -0.946632 0.00606408 0.322261 -0.992474 -0.00152405 0.122445 -0.997753 0.00788476 -0.0665336 -0.976133 -0.00124379 -0.21717 -0.827173 0.00306047 -0.561939 -0.826075 0.00325672 -0.56355 -0.168347 0.0129649 -0.985642 0.314619 0.0138522 0.949117 0.0289291 -0.000845703 -0.999581 0.397908 -0.00595503 -0.917406 0.250775 0.0161696 -0.96791 0.665329 -0.00127263 -0.746549 0.829 0.0110015 -0.55914 -0.966288 0.0204317 0.256652 0 1 0 0 1 0 0 1 0 0 -1 0 0 -1 0 0 -1 0 0 -1 0 0 -1 0 0 1 0 0 -1 0 0.636312 -3.67621e-06 -0.771432 0.636312 -1.00298e-05 -0.771432 -0.230771 -1.23412e-05 0.973008 -0.934264 -0.0146261 0.356281 -0.978345 -0.0364849 0.20374 -0.982524 -0.0571504 0.177146 -0.999654 0.00875423 -0.0247977 -0.978483 -0.0517726 -0.199726 -0.959512 0.00510796 -0.281623 0.968658 -0.0794199 0.235358 0.624189 -0.0963502 -0.77531 -0.62028 0.644991 0.446362 0.0836116 0.0263797 -0.996149 -0.960358 0.0501644 0.274218 -0.932785 -0.1363 -0.333668 -0.926909 -0.103727 -0.360667 0.904544 0.057423 0.422496 -0.527416 0.0220283 -0.849322 -0.202783 -0.0655678 -0.977026 -0.22305 0.0526065 0.973387 0.312879 0.317398 -0.89519 0.256619 -0.0689538 0.96405 0.781626 -0.00296668 0.62374 -0.732019 -0.126078 -0.669516 0.866478 -0.0259368 0.498541 0.972055 -0.00822617 -0.234607 0.959995 0.0190162 -0.279369 -0.628982 -0.00367995 0.777412 0.64633 0.512931 -0.564942 0.00801295 0.665734 -0.746146 -0.249729 -0.0320184 0.967786 -0.847944 0.010591 0.52998 -0.827251 0.0306438 0.560997 -0.990084 0.0157712 -0.139586 -0.968093 0.0780904 -0.238115 -0.229706 -0.00433473 0.97325 -0.433634 0.208242 0.876697 -0.751602 -0.0750986 0.655328 -0.991683 -0.0785571 0.101945 -0.935513 0.124145 0.330763 -0.972458 0.0121476 -0.232761 -0.87973 -0.0779902 -0.469034 -0.778552 0.0592939 -0.624773 -0.382712 -0.130974 -0.914537 -0.210845 0.0556574 -0.975934 -0.0706502 0.0344143 0.996907 0.56904 0.0530799 -0.820595 0.764492 -0.125755 -0.632248 0.947959 0.318062 -0.0145131 0.982541 0.163917 0.0880035 0.627697 -0.0801002 0.774326 0.454373 0.11152 0.883803 -0.000646586 -0.123406 -0.992356 0.00909869 -0.347394 -0.937675 0 -1 0 0 -1 0 0 -1 0 0 -1 0 0 -1 0 -0.163646 0.0332205 -0.98596 0.858401 -0.252805 -0.44636 0.492211 -0.0288019 -0.869999 0.7895 0.0836803 -0.608019 0.860661 0.0176788 -0.508871 0.999342 -0.00130445 -0.0362526 0.999032 0.0306203 0.0315917 0.908467 -0.0409139 0.415949 0.940658 -0.08222 0.329246 0.460445 -0.133798 0.877547 0.343437 -0.0376733 0.93842 -0.0121189 -0.0242303 0.999633 -0.100973 -0.0690103 0.992493 -0.616972 0.0147708 0.786846 -0.684234 -0.0316369 0.728576 -0.940922 0.0484055 0.335145 -0.980356 -0.0435076 0.192379 -0.954521 0.0407052 -0.295352 -0.937322 0.0142647 -0.348173 -0.585252 -0.00745743 -0.810817 -0.710046 -0.117069 -0.694356 -0.034894 -0.054022 -0.99793 -0.916469 -0.230294 -0.327183 -0.869993 -0.0182587 -0.492726 -0.129209 -0.0293968 -0.991182 0.069513 -0.295016 -0.95296 0.755223 0.123709 -0.643688 0.910831 -0.267356 -0.314496 0.965614 0.0837648 0.246116 0.570857 -0.290664 0.767878 0.542908 -0.23899 0.805068 -0.0418918 -0.0107192 0.999065 -0.585839 -0.304718 0.750959 -0.598743 -0.288021 0.747362 -0.980594 -0.00482563 0.195989 0 -1 0 0 -1 0 0 -1 0 0 -1 0 0 -1 0 -0.42946 0.856952 0.284951 -0.440058 0.816615 0.373482 0.197928 0.781361 0.591862 0.313053 0.934137 0.171423 0.60588 0.552842 -0.57208 -0.339451 0.74379 -0.575804 -0.751432 0.0941527 -0.653058 0.163189 -0.707066 -0.68806 0.163178 -0.707107 -0.688021 0.146154 -0.707 -0.691947 0.146153 -0.706999 -0.691948 0.0793098 -0.706209 -0.703547 0.105459 -0.744945 -0.658737 0.0752141 -0.724436 -0.685227 0.0300945 -0.721042 -0.692238 -0.0118401 -0.751948 -0.659116 -0.0149038 -0.747681 -0.66389 -0.0614865 -0.717133 -0.694219 -0.140783 -0.737401 -0.660621 -0.108133 -0.710234 -0.695611 -0.149274 -0.729775 -0.667192 -0.208671 -0.713616 -0.668737 -0.239503 -0.736675 -0.632415 -0.245586 -0.731328 -0.636275 -0.325403 -0.699374 -0.636387 -0.340542 -0.729006 -0.593786 -0.387581 -0.697541 -0.602675 -0.44031 -0.739049 -0.509836 -0.427893 -0.750171 -0.504134 -0.512055 -0.712896 -0.479144 -0.513569 -0.770895 -0.376785 -0.499196 -0.781839 -0.373539 -0.594678 -0.719179 -0.359361 -0.606171 -0.752595 -0.257211 -0.625596 -0.724338 -0.289766 -0.666319 -0.708689 -0.231902 -0.644703 -0.75345 -0.129119 -0.665589 -0.729775 -0.156271 -0.674432 -0.729776 -0.112105 -0.698162 -0.713616 -0.0576303 -0.671235 -0.741215 -0.00662635 -0.682253 -0.731116 0 -0.715191 -0.693472 0.0871726 -0.678275 -0.726546 0.109881 -0.694346 -0.702877 0.15443 -0.653451 -0.728773 0.204673 -0.670125 -0.704654 0.233226 -0.59997 -0.743497 0.295379 -0.629894 -0.7198 0.291757 -0.610101 -0.701321 0.36868 -0.5606 -0.724977 0.400169 -0.566583 -0.706569 0.423964 -0.47947 -0.737878 0.47502 -0.521985 -0.706569 0.4778 -0.468854 -0.711693 0.523134 -0.390666 -0.747635 0.537049 -0.394301 -0.744577 0.538638 -0.362254 -0.701321 0.613939 -0.287261 -0.725538 0.62536 -0.278957 -0.733993 0.619223 -0.214692 -0.707027 0.673811 -0.159205 -0.760874 0.629066 -0.129762 -0.716709 0.685194 -0.0416632 -0.737402 0.674168 -0.0615221 -0.716709 0.694654 0.00748533 -0.70132 0.712808 0.0597596 -0.724976 0.686177 0.0772124 -0.706567 0.703421 0.134775 -0.706807 0.694449 0.134774 -0.706807 0.694449 0.248654 -0.690326 0.679427 0.266965 -0.830302 0.489213 0.235804 -0.705109 0.668743 0.405635 -0.701304 0.586203 0.453605 -0.654406 0.604975 0.373802 -0.782131 0.498541 0.572345 -0.702042 0.423744 0.383647 -0.882191 0.273047 0.708045 -0.598772 0.374358 0.604408 -0.764877 0.222834 0.424735 -0.877024 0.224566 0.690942 -0.717516 0.0881483 0.581824 -0.813252 -0.0101036 0.544093 -0.839025 0 0.571987 -0.820263 0 0.690786 -0.720368 -0.0623272 0.642761 -0.728898 -0.235724 0.558859 -0.795584 -0.233928 0.625002 -0.735479 -0.261615 0.615105 -0.666104 -0.421843 0.304422 -0.926237 -0.22229 0.469886 -0.721717 -0.508264 -0.000289826 -1 0.000306883 0.331029 -0.853898 -0.401594 -0.000236033 1 0.000397109 0.254593 -0.821054 -0.510933 0.163179 -0.707106 0.688021 0.163178 -0.707107 0.68802 0.0397604 -0.000490128 -0.999209 0.0816082 0.00516816 0.996651 0.228369 -0.000298689 -0.973575 0.30664 -0.00228238 -0.951823 0.386666 -0.000198968 -0.92222 0.547603 -0.000569223 -0.836738 0.604976 -0.00306528 -0.796238 0.726431 0.00083398 -0.687239 0.824788 -0.00202637 -0.565439 0.87901 0.00108983 -0.476802 0.959901 -0.0023708 -0.280328 0.979105 0.00061282 -0.203352 0.999504 0.000721901 0.0314756 0.999993 -0.000511306 -0.00369752 0.971826 -0.00054036 0.2357 0.967351 0 0.25344 0.891157 0 0.453696 0.894071 -0.000236644 0.447925 0.785794 -3.2026e-05 0.618489 0.769064 -0.000952646 0.639171 0.631546 0.000627567 0.775338 0.605337 -8.62212e-05 0.795969 0.504442 0 0.863446 0.485528 0.000643248 0.874221 0.292137 0 0.956377 0.292137 0 0.956377 0.0810765 0.000576334 0.996708 0.0967585 0 0.995308 -0.117502 -2.97756e-05 0.993073 -0.142724 0.00064361 0.989762 -0.337865 -0.00120331 0.941194 -0.370866 0 0.928686 -0.500908 0 0.8655 -0.566732 0.0019421 0.8239 -0.666973 -0.000330124 0.745082 -0.77252 0.00129805 0.634989 -0.803114 -0.000645321 0.595825 -0.931107 0.00110603 0.364745 -0.909451 -0.00145855 0.415808 -0.974422 0.000185085 0.224724 -0.985138 -0.000586778 0.171761 -0.998187 0.000789035 0.0601794 -0.999871 -0.000532665 -0.0160608 -0.991812 0.00106379 -0.127702 -0.981424 -0.000459442 -0.19185 -0.939693 0.000203638 -0.342019 -0.929573 0.00104457 -0.368637 -0.858442 -0.000375991 -0.51291 -0.864125 0 -0.503277 -0.751051 0 -0.660244 -0.751051 0 -0.660244 -0.649126 0 -0.760681 -0.649126 0 -0.760681 -0.495542 0 -0.868584 -0.495542 0 -0.868584 -0.355694 0 -0.934603 -0.295288 -0.00188603 -0.955406 -0.163831 0.000315172 -0.986489 -0.0246728 -0.00167688 -0.999694 0 1 0 0.0624431 0.998047 -0.0020293 0 1 0 0 1 0 0.0835189 0.99582 0.0369695 0.0731619 0.99731 0.00448829 0 1 0 0.0722606 0.997272 -0.0150777 -0.0580049 0.995045 0.0807464 0.0774694 0.996271 -0.0379756 0.0644114 0.99728 -0.0358293 -0.0628347 0.990108 0.125447 0.0351704 0.998843 -0.0327966 -0.0650327 0.996693 0.0487161 0.0187943 0.999256 -0.0336726 -0.0754492 0.996917 0.0215198 0.00805466 0.999272 -0.0372936 -0.109835 0.993787 -0.0179905 -0.00558724 0.998861 -0.0473808 -0.140987 0.989972 -0.00878544 -0.0790407 0.996334 -0.0327331 -0.0336773 0.996564 -0.0756724 -0.0344909 0.996689 -0.0736249 -0.0536204 0.997381 -0.0485303 0 -1 0 0 1 0 0 1 0 0 1 0 0 1 0 0 1 0 0 1 0 0 1 0 0 1 0 0 1 0 0 1 0 0 1 0 0 1 0 0 1 0 0 1 0 0 1 0 0 1 0 0 1 0 0 1 0 0 1 0 0 1 0 0.200904 -0.162687 0.966007 0.327839 -0.0444719 0.943686 0.672606 -0.00480126 0.739986 0.998456 -0.0371984 0.0412589 0.843213 0.0440916 -0.535769 0.861395 0.0981699 -0.498358 0.433472 -0.0200491 -0.900944 0.260563 0.095378 -0.960734 0.0403827 -0.0516381 -0.997849 -0.00071087 0.00369243 0.999993 0.00532376 0.00399281 0.999978 -0.0227918 0.020444 -0.999531 -0.249637 -0.124654 -0.960283 -0.382584 -0.0237093 -0.923616 -0.790288 -0.0572732 -0.610054 -0.742053 0.0195471 -0.670056 -0.99404 0.084518 -0.0688509 -0.998979 -0.0334606 0.0303548 -0.780174 0.0159719 0.625359 -0.744547 -0.0615716 0.664725 -0.132337 -0.0992528 0.986223 -0.294958 0.0274885 0.955115 -4.14752e-16 -1 -6.36805e-16 -5.83379e-17 -1 -4.90251e-16 -2.59098e-17 -1 -5.05594e-16 3.59873e-16 -1 -1.83693e-16 3.70268e-16 -1 1.27708e-17 2.29156e-16 -1 -1.28128e-16 3.5665e-16 -1 -7.98194e-17 4.53323e-16 -1 -8.35104e-16 0.138336 -0.935675 0.324617 3.8257e-16 -1 1.52207e-17 -1.43661e-16 -1 -5.82647e-16 0.350617 -0.911795 -0.213771 6.10837e-16 -1 2.56228e-16 -3.344e-16 -1 -5.50945e-16 -3.13002e-16 -1 -5.51354e-16 -4.42612e-16 -1 -3.79155e-16 4.44037e-16 -1 3.88685e-16 -4.60556e-16 -1 -3.62615e-16 -4.82033e-16 -1 -2.03793e-16 1.81674e-16 -1 9.96128e-16 3.89286e-16 -1 1.03996e-15 6.83451e-16 -1 1.11979e-15 3.87352e-17 -1 8.85199e-16 -5.20852e-16 -1 -4.53762e-17 -5.7444e-16 -1 8.90843e-17 -5.32975e-16 -1 1.05977e-15 -1.15197e-16 -1 9.82092e-16 -9.19846e-17 -1 8.93577e-16 -5.96339e-16 -1 4.66605e-16 -5.55781e-16 -1 1.48925e-16 -5.0945e-16 -1 5.12374e-16 0 1 0 0 1 0 0 1 0 0 1 0 0 1 0 0 1 0 0 1 0 0.383186 0.857119 0.34426 0.572334 0.808187 0.13881 0.509636 0.859405 0.0411765 0.528826 0.804896 0.26923 0 1 0 0 1 0 0 1 0 0 1 0 0 1 0 0 1 0 0.0184292 0.886093 -0.463141 0.118556 0.854689 -0.505422 0.204844 0.848141 -0.488565 0.101834 0.982557 -0.155603 0.374787 0.887381 -0.268494 0.188458 0.965762 -0.17829 0.331756 0.926042 -0.179955 0.495316 0.862601 -0.102873 0.518384 0.854992 0.0163245 0.414924 0.903339 0.108707 0.115829 0.991573 0.0580297 0.183023 0.965612 0.184651 0.374324 -0.888676 0.264832 0.129781 0.986267 0.102149 0.133468 0.977414 0.163856 0.122763 0.969935 0.210131 0.0799035 0.961868 0.261582 0.0212774 0.964949 0.261573 -0.0308089 0.976424 0.213653 -0.236786 0.777332 0.582827 -0.0611141 0.986329 0.153036 -0.0721437 0.991865 0.104881 -0.0713402 0.970582 0.22996 -0.315638 0.912721 0.259445 -0.410241 0.89248 0.187565 -0.405484 0.909306 0.093514 -0.366823 0.930028 0.0221152 -0.296117 0.95439 -0.0381268 -0.209633 0.974799 -0.0763001 -0.387246 0.892472 -0.231376 -0.312375 0.94858 -0.0511656 -0.375023 0.866411 -0.32968 -0.322109 0.868198 -0.377464 -0.220557 0.89549 -0.386592 -0.133408 0.926999 -0.350536 -0.046804 0.958323 -0.281825 -0.084869 0.941433 -0.326345 0.117111 -0.000371219 0.993119 0.239397 0.000999258 0.970921 0.424224 -0.00116725 0.905557 0.518863 0.000238461 0.854858 0.759448 9.62714e-05 0.650568 0.741422 -0.000492185 0.671039 0.921066 -0.000187734 0.389407 0.923907 -0.000306287 0.382618 0.996226 0.000398099 0.0867904 0.998064 -4.08974e-05 0.0621932 0.965924 0 -0.258826 0.961649 0.000385364 -0.274284 0.787566 0.000513681 -0.61623 0.800345 0 -0.59954 0.449296 -0.000496612 -0.893383 0.447847 -0.000538847 -0.89411 0.116499 1.35632e-05 -0.993191 0.043958 -0.00140093 -0.999032 -0.179421 0.000243871 -0.983772 -0.274274 -0.000519915 -0.961651 -0.350571 0 -0.936536 -0.520969 0 -0.853576 -0.520969 0 -0.853576 -0.752448 0.000482022 -0.658651 -0.738118 0 -0.674671 -0.91442 -0.000350163 -0.404766 -0.922156 0 -0.386818 -0.998124 0 -0.0612323 -0.999209 0.000385683 -0.039754 -0.978917 -0.00023606 0.204258 -0.975859 0 0.2184 -0.873897 0 0.486111 -0.87283 3.13016e-05 0.488024 -0.731357 -0.000190141 0.681995 -0.723485 0 0.69034 -0.487372 0 0.873194 -0.487372 0 0.873194 -0.156694 0.00114322 0.987647 -0.211112 0 0.977462 0 1 0 0 1 0 0 1 0 0 1 0 0 1 0 0 1 0 0 1 0 0 1 0 0.343909 -0.564595 0.750306 0.681366 -0.232825 0.693925 0.72975 -0.565574 0.384175 0.766674 -0.618918 -0.170738 0.587733 -0.714524 0.379506 0.698577 -0.0440466 0.714178 0.796503 -0.463604 -0.388141 0.536294 -0.645864 -0.543368 0.704291 -0.623188 -0.340017 0.206768 -0.545648 -0.812105 -0.188886 -0.0845365 -0.978354 0.459859 0.555048 -0.693147 -0.234457 -0.157985 -0.959203 -0.11513 -0.801362 -0.586995 -0.616247 -0.499841 -0.608604 -0.977323 -0.186449 -0.100384 -0.979382 -0.178004 -0.0955262 -0.726089 -0.597427 0.340405 -0.868165 0.362061 -0.339414 -0.486376 -0.619666 0.615997 -0.82662 -0.556824 -0.0815248 -0.271806 -0.426196 0.862831 -0.190496 -0.494595 0.84799 -0.287671 -0.290201 0.912704 -0.313469 -0.41713 0.853077 0.297081 0.0116373 0.954781 0.416673 -0.000630106 0.909056 0.785211 -0.00160608 0.619226 0.884851 0.00649468 0.465828 0.986527 -0.00547602 0.163507 0.976062 0.00727989 -0.217369 0.933715 0.000529731 -0.358017 0.63441 0.0078781 -0.772957 0.702459 0.000449109 -0.711725 0.230713 0.000263106 -0.973022 0.246736 -0.000604802 -0.969083 -0.237439 -1.24154e-05 -0.971402 -0.189405 0.00275126 -0.981895 -0.566382 -0.00126073 -0.824142 -0.711477 0.00887212 -0.702653 -0.922111 -0.00459465 -0.386899 -0.994738 0.0075355 -0.102173 -0.984849 -0.00552235 0.173325 -0.905431 0.00279537 0.424484 -0.730636 -0.00360744 0.682758 -0.619692 0.00163208 0.784843 -0.304154 -0.00561768 0.952606 -0.219182 -0.000149159 0.975684 -1 0 0 -0.854358 0.427179 0.295958 -0.186682 -0.155568 -0.970025 0.461539 0.384615 -0.799408 0.933407 -0.155568 -0.323341 0.461539 0.384615 0.799408 0.188982 0 0.98198 0 1 0 0.0348183 -0.993109 0.111902 0.0755431 -0.995361 0.0595741 0.0867299 -0.996128 0.0143746 0.0790992 -0.996405 -0.0303292 0.0567579 -0.99599 -0.0691531 0.0225157 -0.995227 -0.094959 -0.021044 -0.993809 -0.109094 -0.0749775 -0.991199 -0.1091 -0.155871 -0.98561 -0.0654002 -0.187883 -0.981635 0.0330659 -0.125922 -0.985037 0.117671 -0.0462483 -0.988372 0.144849 -0.0109943 0.99988 -0.010922 -0.99238 -0.115496 -0.0429277 -0.0195832 -0.806379 -0.591074 -0.0429806 0.999073 0.00227454 0.715779 -0.00312623 -0.69832 0.0524462 0.996441 -0.0659878 0.0237469 0.999287 0.0293405 0.0352451 -0.997704 -0.057833 -0.0229768 0.998944 -0.0397968 -0.108307 0.994117 0 -0.0688749 0.997599 -0.00724887 0.0306453 -0.99812 -0.0530789 -0.0368505 0.99728 0.0638266 -0.106054 0.641713 0.759577 0.0533647 0.998575 0 0.297448 0.720547 0.626369 0.0928209 0.982618 0.16077 0.827611 -0.0477761 -0.559266 0.972352 -0.00345362 -0.233495 0.552194 -0.00579328 -0.833695 0.622195 0.00515578 -0.782846 -0.0331132 0.00343649 -0.999446 -0.132089 -0.00814131 -0.991205 -0.741751 0.00870887 -0.670618 -0.709352 0.0151305 -0.704692 -0.999331 -0.00328658 -0.0364341 -0.998563 0.00896158 0.052844 -0.79833 -0.00386945 0.602208 -0.700037 0.0120158 0.714006 -0.184229 -0.00457811 0.982873 0.0407415 0.0197236 0.998975 0.397208 -0.00472112 0.917717 0.815792 0.0305879 0.577536 0.922737 -0.0103801 0.38529 0.500002 -2.69551e-17 -0.866024 0.500002 0 -0.866024 1 0 0 1 0 0 0.500002 0 0.866024 0.500002 0 0.866024 -0.500002 2.77557e-17 0.866024 -0.500002 0 0.866024 -1 0 0 -1 0 0 -0.500002 0 -0.866024 -0.500002 0 -0.866024 0 1 0 0 1 0 0 1 0 0 1 0 0.262258 0.85386 -0.449604 0.766525 0.509131 -0.391441 0.942625 0.330166 0.0494785 0.527495 0.536008 0.659124 -0.219306 0.484446 0.846887 -0.800743 0.0721974 0.594641 -0.894978 0.40661 -0.183528 -0.924716 0.351617 -0.145828 -0.566103 0.098173 -0.818468 -0.0369887 0.380627 -0.923989 0.448167 -0.618531 -0.645419 0.565542 -0.556081 -0.609045 0.827819 -0.520397 0.209531 0.351946 -0.702106 0.619016 0.406826 -0.670895 0.619993 -0.0704022 -0.492727 0.867332 -0.644796 -0.609906 0.460709 -0.583536 -0.805808 -0.100788 -0.500733 -0.846805 -0.179411 0.123399 -0.991915 -0.0296322 0.0724249 -0.991362 -0.109346 -0.0174126 -0.991274 -0.130666 -0.0903024 -0.992562 -0.0816425 -0.118772 -0.992912 -0.00433025 -0.0880192 -0.993904 0.066396 -0.0203776 -0.993864 0.108716 0.0447687 -0.993628 0.103435 0.110155 -0.99285 0.0459954 -0.00358891 0.999915 -0.0125487 -0.00518058 0.999984 -0.00215832 -0.00374238 0.99999 0.00236612 0.00580822 0.999948 0.00834924 -0.00134742 0.999987 0.00500353 0.150888 -0.982961 -0.104979 0.0214664 -0.999078 -0.037181 -0.0235584 0.998889 -0.0408043 -0.0511993 0.997707 -0.0442568 0.285449 -0.958394 0 -0.0327777 0.999463 0 0.127175 -0.967112 0.220274 -0.0182128 -0.996699 0.0791168 -0.0206774 -0.999145 0.0358143 0.675455 -0.00414762 0.73739 0.99972 0.0175063 -0.0158942 0.99901 0.0062051 0.0440456 0.821375 -0.00743532 -0.57034 0.578116 0.0219746 -0.815659 0.316601 -0.00316882 -0.948553 -0.307235 0.010877 -0.951572 -0.274939 0.0159305 -0.96133 -0.823116 0.000673132 -0.567873 -0.922829 0.023902 -0.384467 -0.996319 -0.0116583 0.0849236 -0.845107 0.0172026 0.53432 -0.704893 -0.00741473 0.709275 -0.259997 0.0159563 0.965478 0.0366955 -0.0169865 0.999182 0.571034 0.0108331 0.820855 1 0 0 1 0 0 0.5 0 0.866025 0.5 0 0.866025 -0.499999 0 0.866026 -0.499999 0 0.866026 -1 0 0 -1 0 0 -0.5 0 -0.866026 -0.5 0 -0.866026 0.5 0 -0.866025 0.5 0 -0.866025 0 1 0 0 1 0 0 1 0 0 1 0 0.792569 0.596632 0.125956 0.414159 0.63476 0.652343 0.0625694 0.762676 0.643747 -0.0893141 0.888242 0.450611 -0.858131 0.235247 0.456365 -0.972327 0.0838029 -0.218079 -0.751793 0.382566 -0.537075 -0.595232 0.116609 -0.795048 0.0890052 0.17206 -0.981057 0.727041 0.445718 -0.522252 0.131386 0.781546 -0.609855 0.839502 -0.542388 0.0324413 0.27775 -0.859891 0.428301 0.287215 -0.856147 0.429558 -0.411574 -0.31627 0.85474 -0.792915 -0.235682 0.561908 -0.71464 -0.680881 -0.160283 -0.397801 -0.850322 -0.344538 -0.449823 -0.660809 -0.600826 -0.229187 -0.930597 -0.285418 0.598158 -0.501726 -0.624883 0.0817188 -0.992655 0.0892119 0.135014 -0.990841 -0.00214654 0.106414 -0.991573 -0.0738906 0.0401827 -0.991913 -0.120389 -0.0382023 -0.99224 -0.118321 -0.0958535 -0.993196 -0.06613 -0.111521 -0.993717 0.00950573 -0.0792942 -0.993653 0.0797871 0.0042743 -0.993195 0.116385 0.000595252 0.999999 -0.00122924 0.000787934 0.999999 0.000993928 0.200312 0.972844 0.115971 0.00906267 -0.99233 0.123285 -0.000199056 1 -0.000403436 0.0100386 0.999232 -0.0378639 -0.0977577 -0.978744 0.180289 -0.12573 0.988103 0.0885703 0.0627937 -0.997871 0.0176316 0.0823569 -0.996603 0 0.0426568 -0.996354 -0.0738838 0.0226834 0.99897 0.0392889 -0.0295409 -0.998253 -0.0511663 -0.0248503 0.998764 0.043042 -0.0404462 -0.999161 0.00649489 -0.0443301 -0.999017 0 0.0733115 0.00306174 0.997304 0.257325 -0.0142525 0.96622 0.62121 0.00649257 0.783617 0.879973 -0.0140198 0.474817 0.965021 0.00882387 0.262023 0.969192 -0.000913007 -0.246307 0.931243 -0.0210507 -0.363792 0.44348 0.002149 -0.896282 0.43583 0.00344898 -0.900023 -0.271773 -0.00284643 -0.962357 -0.44234 0.0245374 -0.896512 -0.83574 0.000855201 -0.549125 -0.835438 0.000820725 -0.549584 -0.995974 -0.0341051 0.0829051 -0.906617 0.00158374 0.421952 -0.56916 -0.0274819 0.821768 -0.47664 -0.0103262 0.879038 0.5 0 0.866025 0.5 0 0.866025 -0.5 0 0.866026 -0.5 0 0.866026 -1 0 0 -1 0 0 -0.499999 0 -0.866026 -0.499999 0 -0.866026 0.5 0 -0.866025 0.5 0 -0.866025 1 0 0 1 0 0 0 1 0 0 1 0 0 1 0 0 1 0 0.648606 0.758611 0.0618067 0.282901 -0.00999657 0.959097 -0.43911 0.866997 0.23558 -0.87022 0.482565 -0.0992375 -0.48991 0.864383 0.113274 -0.310268 0.838118 -0.448656 0.209223 0.751366 -0.625839 0.602413 0.733482 -0.314806 0.646569 0.760122 0.0645191 0.260843 -0.205622 0.943229 -0.525063 -0.435446 0.731229 -0.54791 -0.702082 0.454836 -0.878246 -0.476104 -0.0448168 -0.492239 -0.629209 -0.601495 -0.00684799 -0.850383 -0.526119 -0.0113219 -0.846776 -0.531829 0.602608 -0.701014 -0.38137 0.658544 -0.569784 0.491596 0.598591 -0.717124 0.356962 0.0252522 -0.995174 0.0948188 0.0959611 -0.994037 0.0517788 0.128562 -0.991163 -0.0326721 0.0688644 -0.98787 -0.139176 -0.0434755 -0.987122 -0.153948 -0.110904 -0.991156 -0.0728699 -0.118574 -0.992896 0.00987014 -0.0628276 -0.993893 0.0907121 0.056818 0.997134 0.0499624 0.00695802 0.999606 0.0271794 0.386225 0.919586 0.0720601 -0.0069029 0.999887 0.0133531 0.250144 0.960955 -0.118292 0.009914 0.999394 -0.0333691 -0.0104809 0.999937 0.00403395 -0.0104551 0.999939 -0.00366782 -0.00762127 0.999897 -0.0121404 0.00530876 -0.999944 0.00919499 0.0110102 -0.999939 0 -0.00954456 -0.999818 0.0165316 0.0109484 -0.99976 -0.0189631 -0.93323 0.00818346 0.359187 -0.871777 -0.00853694 0.489829 -0.459207 0.00770647 0.888296 -0.383611 -0.00314899 0.92349 0.306005 0.00916112 0.951986 0.248005 0.00211455 0.968756 0.806167 -0.015498 0.591486 0.75095 -0.00496331 0.66034 0.983031 0.00324729 0.18341 0.99784 -0.0113478 -0.0647114 0.903906 0.0154361 -0.427452 0.770883 -0.00304891 -0.636969 0.18533 0.0205224 -0.982462 0.284797 0.00144645 -0.958587 -0.536578 -0.00404048 -0.843841 -0.531675 -0.00319495 -0.846942 -0.972008 -0.0086408 -0.234791 -0.943615 0.00277694 -0.331035 -0.500002 2.85597e-17 0.866024 -0.500002 0 0.866024 -1 0 0 -1 0 0 -0.500002 0 -0.866024 -0.500002 0 -0.866024 0.500002 -2.77563e-17 -0.866024 0.500002 0 -0.866024 1 0 0 0.987776 -0.0887728 0.128133 0.499432 -0.0477244 0.865038 0.564484 0 0.825444 0 1 0 0 1 0 0 1 0 0 1 0 -0.401867 0.833426 0.379347 -0.77609 0.624678 0.0863832 -0.599455 0.598839 -0.531079 0.15094 0.813562 -0.561546 0.317906 0.878073 -0.357663 0.352086 0.935486 0.0300304 0.305857 0.943894 0.12456 0.592203 0.261441 0.762197 -0.133981 -0.780515 0.61061 0.0356996 -0.832743 0.552508 -0.821288 -0.545749 0.166267 -0.493551 -0.565447 -0.660816 0.0406615 -0.776246 -0.629117 0.0973721 -0.818935 -0.565566 0.704257 -0.590854 -0.393592 0.865962 -0.498457 0.0406139 0.749878 -0.595701 0.287789 -0.853088 -0.517595 0.0658478 -0.100727 -0.993303 0.056596 -0.0428928 -0.993729 0.103258 0.0323535 -0.994395 0.100652 0.0918273 -0.993493 0.0673738 0.113849 -0.993471 -0.00738328 0.0892901 -0.993269 -0.073779 0.0234075 -0.991995 -0.124086 -0.0679413 -0.991951 -0.106847 -0.115925 -0.992863 -0.0280019 -0.00760442 0.999431 0.0328727 -0.0267665 0.999494 0.0171912 0.0192572 0.999095 0.0379318 -0.0382898 0.999236 -0.00783118 0.0606903 0.997751 0.0284512 0.119779 0.992548 -0.022381 -0.0386623 0.998197 -0.0459147 0.123094 0.982653 -0.138709 0.00649771 0.993036 -0.117632 -0.0055183 -0.999939 0.009558 0.00568619 -0.999935 0.00984877 -0.0190125 -0.999819 0 0.0211652 -0.999776 0 -0.659777 -0.00312065 -0.751455 -0.64411 -5.46165e-05 -0.764933 -0.997972 -0.0127743 -0.0623529 -0.979709 0.00450533 -0.200374 -0.841385 0.00690258 0.540392 -0.699175 -0.0196072 0.714682 -0.225373 0.00671451 0.974249 -0.0785198 -0.0100517 0.996862 0.452652 0.011728 0.89161 0.575976 -0.000703867 0.817466 0.905444 0.000189875 0.424465 0.928961 -0.00715547 0.370109 0.982982 0.00313774 -0.183673 0.876411 -0.030425 -0.480601 0.663749 0.00308479 -0.747949 0.165485 -0.0169948 -0.986066 0.0551536 -0.00186987 -0.998476 -1 0 0 -1 0 0 -0.5 0 -0.866025 -0.5 0 -0.866025 0.499999 0 -0.866026 0.499999 0 -0.866026 1 0 0 1 0 0 0.5 0 0.866026 0.295427 -0.149609 0.943578 -0.496882 -0.111511 0.860624 -0.331958 0 0.943294 0 1 0 0 1 0 0 1 0 0 1 0 -0.564009 0.810731 -0.156875 -0.578684 0.815161 -0.0252578 0.289399 0.715453 -0.635905 0.501443 0.685227 -0.528223 0.527705 0.844041 0.0955076 0.22774 0.91039 0.345434 -0.091251 0.915228 0.392468 -0.359729 0.898369 0.252048 -0.414477 -0.909891 -0.0175266 -0.197121 -0.691123 -0.695336 -0.359306 -0.729573 -0.581913 0.530267 -0.637806 -0.558588 0.639851 -0.759723 0.115805 0.259747 -0.881652 0.393982 -0.0920146 -0.913736 0.395753 -0.320212 -0.920395 0.224361 -0.0863242 -0.991404 -0.0983191 -0.147322 -0.989046 -0.00920461 -0.109039 -0.987769 0.111457 -0.010838 -0.990429 0.137596 0.0644296 -0.993724 0.091443 0.0999806 -0.994192 0.0398335 0.0971119 -0.993848 -0.0532536 0.0189589 -0.993418 -0.11297 -0.0231281 0.999561 0.0185252 -0.0212625 0.999768 -0.00354574 -0.00707481 0.998309 0.0577054 -0.0110791 0.999741 -0.0199 0.0842621 0.98649 0.140492 0.0118675 0.999391 -0.0328267 0.283652 0.955444 0.08166 0.0787148 0.996312 -0.034145 -0.00136153 -0.999999 0 -0.000568153 -0.999999 0.000984071 -0.000255845 -1 -0.000443137 0.000222671 -1 0.000385677 0.000150615 -1 -0.000260872 0.000288574 -1 0 0.339977 0.00688995 -0.940409 -0.354518 0.01063 -0.934989 -0.486344 -0.0189278 -0.873562 -0.981485 -0.00613202 -0.191442 -0.986378 -0.00152474 -0.164489 -0.762164 -0.000937376 0.647383 -0.780481 -0.00587666 0.625151 -0.121691 0.00227546 0.992566 -0.0469085 -0.00709281 0.998874 0.514343 0.00441169 0.857573 0.724614 -0.0268307 0.688633 0.960953 0.0059874 0.276647 0.996862 -0.0205285 -0.076448 0.917329 0.0128821 -0.397921 0.492136 -0.0152561 -0.870385 -0.5 0 -0.866025 -0.5 0 -0.866025 0.5 0 -0.866026 0.5 0 -0.866026 1 0 0 1 0 0 0.499999 0 0.866026 0.499999 0 0.866026 -0.5 0 0.866025 -0.5 0 0.866025 -1 0 0 -1 0 0 0 1 0 0 1 0 0 1 0 0 1 0 -0.586771 0.39465 -0.707073 -0.107635 0.649251 -0.752919 0.29282 0.930242 -0.221148 0.192263 0.939315 -0.284117 0.371263 0.928315 -0.0198775 0.347439 0.89925 0.265772 -0.101845 0.83572 0.53963 -0.531104 0.801873 0.27373 -0.634211 0.732493 0.247449 -0.893073 0.386177 -0.230843 -0.59691 -0.355413 -0.719291 0.141413 -0.628156 -0.765129 0.380955 -0.77866 -0.49856 0.33403 -0.795611 -0.505398 0.777824 -0.608494 -0.157241 0.652714 -0.453292 0.607034 -0.130545 -0.711425 0.690531 -0.341929 -0.835876 0.429415 -0.441072 -0.801437 0.403923 -0.875125 -0.444619 -0.19097 -0.0406095 -0.993418 -0.107101 -0.130768 -0.991085 -0.0255067 -0.110248 -0.989483 0.0936446 -0.00630207 -0.990935 0.134197 0.0910983 -0.992072 0.0865748 0.108509 -0.994061 -0.00832138 0.0510973 -0.994597 -0.09037 0.659694 0.193939 0.72608 -0.179085 0.244046 0.953085 -0.751651 0.292488 0.591162 -0.945767 0.311875 0.0908728 -0.387799 0.0873712 0.917594 -0.867068 0.123127 -0.482734 -0.43257 0.147552 -0.889445 0.456843 0.220777 -0.861714 0.425657 0.227297 -0.875872 0.963625 0.192234 -0.18567 -0.840111 -0.274674 -0.467726 -0.954584 -0.283472 0.0917197 -0.756533 -0.271352 0.595001 -0.179087 -0.244 0.953096 0.65516 -0.225376 0.72109 0.954588 -0.234376 -0.183929 0.423421 -0.248193 -0.871272 -0.420371 -0.275986 -0.864361 -0.563901 0.291155 0.772816 -0.973617 0.228169 -0.00294239 -0.568744 0.173584 -0.803989 0.510614 0.154443 -0.845825 0.692989 0.174997 -0.699387 0.187876 0.308613 0.932449 0.178908 0.307799 0.93448 0.113349 -0.315963 -0.941976 -0.554369 -0.280251 -0.783668 -0.970838 -0.239717 -0.00293399 -0.576311 -0.209866 0.789824 0.183949 -0.207364 0.960814 0.978994 -0.180541 0.0947355 0.926304 -0.170918 0.335781 -0.518402 0.179471 -0.836092 0.617783 0.204265 -0.759355 0.975668 0.21644 -0.0350227 0.380895 0.256633 0.88829 -0.746033 0.260683 0.612763 -0.919108 0.175156 -0.352931 0.239474 -0.183823 0.953342 0.958313 -0.248266 0.141425 0.415041 -0.293539 -0.861148 -0.0525254 -0.305309 -0.950804 -0.967894 -0.248971 -0.0345805 -0.590371 -0.207865 0.779907 0.393786 0.372077 0.84053 -0.663881 0.010905 -0.747759 -0.50415 0.125969 -0.85438 0.248466 0.810565 -0.530329 -0.0233592 0.983028 0.18196 -0.0636778 0.991458 0.113826 0.209957 -0.0847001 -0.974035 0.345819 -0.661756 -0.665198 -0.516624 -0.0640312 -0.853815 -0.158048 -0.631262 0.759295 0.125476 -0.893899 -0.43035 0.0233592 -0.983028 -0.18196 0.0636778 -0.991458 -0.113826 0.914095 0.017608 0.405117 0.819632 0.00519813 0.572867 0.293605 0.0755902 0.952934 -0.209957 0.0847001 0.974035 -0.914095 -0.017608 -0.405117 -0.569268 0.0178151 -0.821959 0.663881 -0.010905 0.747759 0.0579285 -0.357068 0.932281 -0.508139 -0.0474127 -0.859969 -0.838357 -0.113193 -0.533239 0.0420468 -0.99431 0.0978721 -0.913105 -0.0783343 -0.400128 -0.904311 -0.410017 0.118775 0.823946 -0.0577343 -0.563719 0.958702 -0.149378 -0.242026 0.338993 -0.826505 0.449414 -0.194913 -0.977615 -0.0792281 0.35939 -0.932364 -0.039204 0.423378 0.843741 0.329926 -0.188987 -0.117938 -0.974872 0.194913 0.977615 0.0792281 0.833322 0.544996 0.0924849 0.373941 0.0342862 -0.926819 -0.126509 -0.0179822 -0.991803 -0.249252 0.0606284 -0.966539 -0.674782 0.0819443 -0.733454 0.188987 0.117938 0.974872 0.511217 -0.00447569 0.85944 -0.972138 0.21755 -0.0872884 -0.823946 0.0577343 0.563719 -0.373941 -0.0342862 0.926819 0.214844 0.0270761 0.976273 0.663167 0.166172 0.729792 0.913105 0.0783343 0.400128 0.904311 0.410017 -0.118775 -0.7788 0.133554 -0.612889 0.507107 0.318606 0.800832</float_array>
                    <technique_common>
                        <accessor count="3134" source="#shape0-lib-normals-array" stride="3">
                            <param name="X" type="float"/>
                            <param name="Y" type="float"/>
                            <param name="Z" type="float"/>
                        </accessor>
                    </technique_common>
                </source>
                <vertices id="shape0-lib-vertices">
                    <input semantic="POSITION" source="#shape0-lib-positions"/>
                </vertices>
                <triangles count="3134">
                    <input offset="0" semantic="VERTEX" source="#shape0-lib-vertices"/>
                    <input offset="1" semantic="NORMAL" source="#shape0-lib-normals"/>
                    <p>2 0 1 0 0 0 3 1 1 1 2 1 3 2 4 2 1 2 3 3 5 3 4 3 7 4 5 4 3 4 7 5 6 5 5 5 8 6 6 6 7 6 9 7 11 7 10 7 12 8 11 8 9 8 10 9 13 9 9 9 12 10 14 10 11 10 9 11 13 11 24 11 15 12 17 12 16 12 12 13 20 13 14 13 19 14 20 14 12 14 15 15 21 15 17 15 16 16 22 16 15 16 24 17 21 17 15 17 13 18 18 18 24 18 15 19 22 19 23 19 19 20 25 20 20 20 22 21 26 21 23 21 24 22 27 22 21 22 18 23 29 23 24 23 19 24 28 24 25 24 29 25 31 25 24 25 24 26 31 26 27 26 33 27 28 27 19 27 33 28 32 28 28 28 23 29 30 29 36 29 26 30 30 30 23 30 29 31 34 31 31 31 30 32 35 32 36 32 38 33 34 33 29 33 43 34 37 34 33 34 33 35 37 35 32 35 38 36 39 36 34 36 43 37 40 37 37 37 38 38 54 38 39 38 62 39 54 39 38 39 35 40 41 40 36 40 43 41 42 41 40 41 41 42 44 42 36 42 43 43 46 43 42 43 41 44 45 44 44 44 43 45 58 45 46 45 58 46 50 46 46 46 45 47 47 47 44 47 47 48 48 48 44 48 48 49 49 49 44 49 58 50 59 50 50 50 48 51 51 51 49 51 54 52 104 52 55 52 60 53 56 53 52 53 52 54 56 54 53 54 62 55 104 55 54 55 56 56 61 56 53 56 51 57 57 57 49 57 53 58 61 58 62 58 61 59 104 59 62 59 63 60 56 60 60 60 61 61 68 61 104 61 63 62 69 62 56 62 64 63 69 63 63 63 57 64 65 64 49 64 57 65 67 65 65 65 66 66 69 66 64 66 70 67 69 67 66 67 70 68 71 68 69 68 89 69 71 69 70 69 83 70 72 70 58 70 58 71 72 71 59 71 83 72 76 72 72 72 75 73 73 73 74 73 77 74 73 74 75 74 104 75 77 75 75 75 72 76 78 76 59 76 83 77 86 77 76 77 74 78 73 78 79 78 59 79 78 79 81 79 78 80 85 80 81 80 73 81 80 81 79 81 79 82 80 82 82 82 81 83 85 83 84 83 83 84 87 84 86 84 85 85 90 85 84 85 82 86 80 86 91 86 104 87 113 87 77 87 80 88 88 88 91 88 84 89 90 89 89 89 83 90 96 90 87 90 67 91 92 91 65 91 93 92 92 92 67 92 93 93 103 93 92 93 68 94 94 94 104 94 94 95 95 95 104 95 98 96 94 96 68 96 92 97 100 97 65 97 97 98 103 98 93 98 98 99 99 99 94 99 95 100 919 100 104 100 109 101 99 101 98 101 96 102 101 102 87 102 109 103 102 103 99 103 107 104 103 104 97 104 100 105 105 105 65 105 107 106 111 106 103 106 104 107 919 107 113 107 109 108 108 108 102 108 105 109 106 109 65 109 96 110 110 110 101 110 919 111 112 111 113 111 107 112 114 112 111 112 71 113 925 113 109 113 109 114 925 114 108 114 91 115 114 115 107 115 90 116 115 116 89 116 116 117 115 117 90 117 88 118 114 118 91 118 113 119 112 119 121 119 116 120 118 120 115 120 89 121 115 121 71 121 88 122 123 122 114 122 112 123 120 123 121 123 71 124 115 124 925 124 115 125 119 125 925 125 925 126 119 126 117 126 128 127 118 127 116 127 119 128 127 128 117 128 128 129 122 129 118 129 88 130 125 130 123 130 120 131 124 131 121 131 96 132 126 132 110 132 119 133 132 133 127 133 130 134 132 134 119 134 128 135 135 135 122 135 96 136 129 136 126 136 124 137 131 137 121 137 129 138 133 138 126 138 134 139 132 139 130 139 134 140 136 140 132 140 122 141 137 141 142 141 135 142 137 142 122 142 134 143 138 143 136 143 129 144 143 144 133 144 88 145 141 145 125 145 121 146 141 146 88 146 131 147 141 147 121 147 142 148 145 148 134 148 125 149 141 149 139 149 140 150 141 150 131 150 141 151 152 151 139 151 140 152 147 152 141 152 134 153 145 153 138 153 139 154 152 154 144 154 146 155 147 155 140 155 137 156 145 156 142 156 138 157 145 157 148 157 144 158 152 158 149 158 151 159 147 159 146 159 129 160 154 160 143 160 151 161 150 161 147 161 129 162 158 162 154 162 148 163 145 163 163 163 155 164 150 164 151 164 156 165 149 165 152 165 158 166 159 166 154 166 156 167 157 167 149 167 153 168 1054 168 145 168 156 169 160 169 157 169 165 170 160 170 156 170 165 171 161 171 160 171 158 172 169 172 159 172 159 173 169 173 170 173 145 174 162 174 163 174 155 175 193 175 150 175 150 176 193 176 171 176 165 177 164 177 161 177 166 178 193 178 155 178 163 179 162 179 168 179 162 180 167 180 168 180 145 181 185 181 162 181 170 182 169 182 173 182 180 183 193 183 166 183 168 184 167 184 172 184 171 185 193 185 165 185 167 186 217 186 172 186 165 187 193 187 164 187 172 188 217 188 174 188 175 189 176 189 1054 189 1054 190 176 190 145 190 176 191 178 191 145 191 175 192 177 192 176 192 145 193 178 193 185 193 169 194 202 194 173 194 173 195 202 195 182 195 182 196 177 196 175 196 181 197 179 197 180 197 178 198 194 198 185 198 180 199 179 199 193 199 181 200 184 200 179 200 183 201 184 201 181 201 202 202 177 202 182 202 202 203 186 203 177 203 179 204 191 204 193 204 189 205 184 205 183 205 185 206 194 206 199 206 187 207 188 207 190 207 164 208 187 208 190 208 193 209 187 209 164 209 190 210 188 210 192 210 193 211 197 211 187 211 189 212 198 212 184 212 174 213 198 213 189 213 188 214 195 214 192 214 192 215 195 215 196 215 217 216 198 216 174 216 193 217 200 217 197 217 186 218 202 218 203 218 194 219 201 219 199 219 203 220 202 220 206 220 201 221 204 221 199 221 193 222 205 222 200 222 202 223 213 223 206 223 204 224 207 224 199 224 199 225 207 225 208 225 213 226 210 226 206 226 193 227 209 227 205 227 193 228 215 228 209 228 191 229 215 229 193 229 207 230 212 230 208 230 211 231 215 231 191 231 213 232 214 232 210 232 212 233 216 233 208 233 208 234 216 234 217 234 211 235 219 235 215 235 216 236 218 236 217 236 220 237 219 237 211 237 213 238 228 238 214 238 214 239 228 239 221 239 217 240 218 240 198 240 220 241 222 241 219 241 218 242 225 242 198 242 220 243 223 243 222 243 198 244 223 244 220 244 198 245 224 245 223 245 221 246 228 246 229 246 198 247 226 247 224 247 225 248 226 248 198 248 227 249 226 249 225 249 227 250 230 250 226 250 231 251 230 251 227 251 231 252 232 252 230 252 228 253 233 253 229 253 229 254 233 254 234 254 233 255 235 255 234 255 234 256 235 256 236 256 235 257 237 257 236 257 238 258 239 258 231 258 231 259 239 259 232 259 235 260 240 260 237 260 235 261 241 261 240 261 238 262 243 262 239 262 242 263 243 263 238 263 245 264 243 264 242 264 245 265 244 265 243 265 196 266 246 266 248 266 195 267 246 267 196 267 246 268 247 268 248 268 248 269 249 269 250 269 247 270 249 270 248 270 250 271 251 271 252 271 249 272 251 272 250 272 251 273 1017 273 252 273 255 274 257 274 256 274 252 275 257 275 258 275 1017 276 257 276 252 276 257 277 259 277 258 277 259 278 262 278 258 278 258 279 262 279 260 279 244 280 261 280 253 280 245 281 261 281 244 281 263 282 261 282 245 282 263 283 264 283 261 283 265 284 264 284 263 284 268 285 267 285 266 285 267 286 1105 286 266 286 270 287 269 287 262 287 266 288 269 288 270 288 260 289 269 289 271 289 271 290 269 290 272 290 262 291 269 291 260 291 266 292 1105 292 269 292 274 293 276 293 268 293 268 294 276 294 267 294 1105 295 273 295 269 295 275 296 276 296 274 296 269 297 273 297 277 297 273 298 279 298 277 298 278 299 276 299 275 299 278 300 286 300 276 300 281 301 280 301 279 301 279 302 280 302 277 302 282 303 280 303 281 303 282 304 283 304 280 304 290 305 283 305 282 305 278 306 284 306 286 306 285 307 284 307 278 307 286 308 284 308 288 308 287 309 284 309 285 309 284 310 289 310 288 310 290 311 289 311 283 311 288 312 289 312 290 312 235 313 284 313 241 313 241 314 284 314 265 314 265 315 284 315 287 315 265 316 287 316 264 316 269 317 65 317 291 317 269 318 291 318 272 318 291 319 65 319 106 319 292 320 257 320 293 320 293 321 257 321 255 321 293 322 253 322 292 322 292 323 253 323 294 323 294 324 253 324 254 324 147 325 150 325 295 325 295 326 171 326 296 326 150 327 171 327 295 327 171 328 165 328 296 328 296 329 165 329 297 329 165 330 156 330 297 330 297 331 156 331 298 331 156 332 152 332 298 332 298 333 152 333 299 333 152 334 141 334 299 334 141 335 147 335 299 335 299 336 147 336 295 336 184 337 198 337 304 337 304 338 198 338 300 338 300 339 198 339 301 339 198 340 220 340 301 340 301 341 211 341 302 341 220 342 211 342 301 342 211 343 191 343 302 343 302 344 191 344 303 344 191 345 179 345 303 345 303 346 179 346 304 346 179 347 184 347 304 347 162 348 185 348 305 348 305 349 185 349 306 349 185 350 199 350 306 350 306 351 199 351 307 351 199 352 208 352 307 352 307 353 217 353 308 353 208 354 217 354 307 354 217 355 167 355 308 355 308 356 167 356 309 356 167 357 162 357 309 357 309 358 162 358 305 358 118 359 122 359 315 359 315 360 122 360 310 360 122 361 142 361 310 361 310 362 142 362 311 362 142 363 134 363 311 363 311 364 134 364 312 364 134 365 130 365 312 365 312 366 130 366 313 366 130 367 119 367 313 367 119 368 115 368 313 368 313 369 115 369 314 369 115 370 118 370 314 370 314 371 118 371 315 371 56 372 69 372 316 372 316 373 69 373 317 373 69 374 71 374 317 374 71 375 109 375 317 375 317 376 109 376 318 376 109 377 98 377 318 377 318 378 98 378 319 378 98 379 68 379 319 379 319 380 68 380 320 380 320 381 61 381 321 381 68 382 61 382 320 382 61 383 56 383 321 383 321 384 56 384 316 384 77 385 113 385 326 385 326 386 113 386 322 386 113 387 121 387 322 387 322 388 121 388 323 388 121 389 88 389 323 389 323 390 88 390 324 390 88 391 80 391 324 391 324 392 80 392 325 392 80 393 73 393 325 393 325 394 73 394 326 394 73 395 77 395 326 395 327 396 328 396 329 396 330 397 328 397 327 397 331 398 330 398 327 398 332 399 331 399 327 399 333 400 331 400 332 400 334 401 333 401 332 401 335 402 333 402 334 402 336 403 335 403 334 403 337 404 335 404 336 404 338 405 337 405 336 405 339 406 337 406 338 406 340 407 339 407 338 407 341 408 339 408 340 408 342 409 341 409 340 409 343 410 341 410 342 410 344 411 343 411 342 411 345 412 343 412 344 412 346 413 345 413 344 413 347 414 345 414 346 414 348 415 347 415 346 415 349 416 347 416 348 416 350 417 349 417 348 417 351 418 349 418 350 418 352 419 351 419 350 419 353 420 351 420 352 420 354 421 353 421 352 421 355 422 354 422 356 422 355 423 353 423 354 423 357 424 356 424 358 424 357 425 355 425 356 425 359 426 358 426 360 426 359 427 357 427 358 427 361 428 359 428 360 428 361 429 360 429 362 429 363 430 362 430 364 430 363 431 361 431 362 431 365 432 364 432 366 432 365 433 363 433 364 433 367 434 366 434 368 434 367 435 365 435 366 435 369 436 368 436 370 436 369 437 367 437 368 437 371 438 369 438 370 438 371 439 370 439 372 439 373 440 371 440 372 440 374 441 372 441 375 441 374 442 373 442 372 442 376 443 374 443 375 443 376 444 375 444 377 444 378 445 376 445 377 445 378 446 377 446 379 446 380 447 379 447 381 447 380 448 378 448 379 448 382 449 380 449 381 449 382 450 381 450 383 450 382 451 383 451 384 451 385 452 382 452 384 452 386 453 385 453 384 453 386 454 384 454 387 454 386 455 387 455 388 455 389 456 388 456 390 456 389 457 386 457 388 457 391 458 389 458 390 458 391 459 390 459 392 459 393 460 391 460 392 460 393 461 392 461 394 461 395 462 394 462 396 462 395 463 393 463 394 463 397 464 395 464 396 464 397 465 396 465 398 465 399 466 397 466 398 466 400 467 399 467 398 467 400 468 398 468 401 468 402 469 401 469 403 469 402 470 400 470 401 470 404 471 402 471 403 471 404 472 403 472 405 472 406 473 463 473 407 473 463 474 408 474 407 474 409 475 475 475 410 475 410 476 475 476 411 476 475 477 413 477 411 477 411 478 413 478 412 478 412 479 413 479 414 479 413 480 416 480 414 480 414 481 416 481 415 481 415 482 416 482 417 482 408 483 328 483 407 483 417 484 328 484 408 484 416 485 328 485 417 485 416 486 329 486 328 486 419 487 418 487 420 487 419 488 1123 488 418 488 421 489 420 489 423 489 421 490 419 490 420 490 422 491 421 491 423 491 422 492 423 492 424 492 425 493 422 493 424 493 427 494 425 494 424 494 427 495 424 495 426 495 428 496 427 496 426 496 428 497 426 497 429 497 430 498 428 498 429 498 430 499 429 499 432 499 431 500 430 500 432 500 433 501 432 501 434 501 433 502 431 502 432 502 435 503 433 503 434 503 435 504 434 504 436 504 435 505 436 505 406 505 407 506 435 506 406 506 404 507 405 507 437 507 437 508 438 508 404 508 439 509 440 509 405 509 438 510 1123 510 404 510 438 511 418 511 1123 511 440 512 441 512 862 512 439 513 441 513 440 513 443 514 442 514 445 514 443 515 444 515 442 515 446 516 444 516 443 516 447 517 444 517 446 517 449 518 862 518 450 518 451 519 449 519 450 519 451 520 450 520 860 520 451 521 860 521 452 521 453 522 451 522 452 522 455 523 453 523 452 523 455 524 452 524 454 524 457 525 455 525 454 525 457 526 454 526 456 526 457 527 456 527 458 527 459 528 457 528 458 528 459 529 458 529 854 529 475 530 459 530 854 530 1115 531 460 531 1117 531 1117 532 460 532 446 532 446 533 460 533 1116 533 1116 534 460 534 1115 534 462 535 414 535 461 535 437 536 462 536 461 536 405 537 462 537 437 537 465 538 463 538 464 538 464 539 463 539 406 539 466 540 464 540 406 540 467 541 463 541 465 541 469 542 466 542 406 542 469 543 406 543 436 543 469 544 436 544 434 544 468 545 463 545 467 545 468 546 438 546 463 546 434 547 470 547 469 547 432 548 470 548 434 548 432 549 471 549 470 549 429 550 471 550 432 550 426 551 471 551 429 551 426 552 474 552 471 552 418 553 468 553 473 553 418 554 438 554 468 554 418 555 473 555 472 555 420 556 418 556 472 556 424 557 474 557 426 557 420 558 472 558 474 558 423 559 420 559 474 559 423 560 474 560 424 560 475 561 476 561 477 561 475 562 479 562 459 562 477 563 479 563 475 563 475 564 478 564 476 564 440 565 478 565 475 565 459 566 479 566 457 566 480 567 457 567 479 567 480 568 455 568 457 568 478 569 862 569 482 569 440 570 862 570 478 570 482 571 862 571 481 571 480 572 453 572 455 572 483 573 453 573 480 573 862 574 449 574 481 574 483 575 451 575 453 575 449 576 451 576 481 576 481 577 451 577 483 577 414 578 462 578 412 578 462 579 484 579 412 579 412 580 484 580 411 580 484 581 485 581 411 581 411 582 485 582 410 582 485 583 486 583 410 583 410 584 486 584 409 584 486 585 487 585 409 585 487 586 488 586 409 586 409 587 488 587 475 587 414 588 415 588 489 588 489 589 415 589 490 589 415 590 417 590 490 590 490 591 417 591 491 591 491 592 408 592 492 592 417 593 408 593 491 593 492 594 408 594 463 594 462 595 440 595 484 595 484 596 440 596 485 596 485 597 440 597 486 597 486 598 440 598 487 598 487 599 440 599 488 599 440 600 475 600 488 600 462 601 405 601 440 601 461 602 438 602 437 602 414 603 438 603 461 603 489 604 438 604 414 604 490 605 438 605 489 605 491 606 438 606 490 606 463 607 438 607 492 607 492 608 438 608 491 608 495 609 493 609 524 609 494 610 524 610 493 610 495 611 524 611 500 611 496 612 495 612 500 612 497 613 524 613 494 613 498 614 496 614 500 614 499 615 524 615 497 615 513 616 524 616 499 616 501 617 500 617 502 617 503 618 502 618 500 618 501 619 498 619 500 619 503 620 500 620 504 620 501 621 506 621 498 621 505 622 506 622 501 622 507 623 503 623 504 623 510 624 506 624 505 624 510 625 509 625 506 625 508 626 507 626 504 626 511 627 508 627 504 627 512 628 509 628 510 628 536 629 511 629 504 629 512 630 516 630 509 630 519 631 516 631 512 631 514 632 524 632 513 632 515 633 514 633 513 633 520 634 524 634 514 634 515 635 513 635 518 635 517 636 515 636 518 636 517 637 518 637 523 637 521 638 517 638 523 638 522 639 524 639 520 639 521 640 523 640 525 640 527 641 521 641 525 641 522 642 621 642 524 642 527 643 525 643 526 643 528 644 621 644 522 644 529 645 527 645 526 645 529 646 526 646 516 646 530 647 621 647 528 647 529 648 516 648 519 648 531 649 621 649 530 649 534 650 532 650 535 650 533 651 534 651 535 651 540 652 533 652 535 652 534 653 537 653 532 653 540 654 535 654 536 654 538 655 537 655 534 655 538 656 539 656 537 656 540 657 536 657 504 657 541 658 539 658 538 658 546 659 540 659 504 659 541 660 542 660 539 660 541 661 519 661 542 661 541 662 543 662 529 662 541 663 544 663 543 663 541 664 529 664 519 664 545 665 620 665 546 665 545 666 546 666 504 666 547 667 552 667 548 667 548 668 549 668 547 668 549 669 550 669 547 669 550 670 551 670 547 670 547 671 553 671 552 671 547 672 554 672 553 672 547 673 556 673 554 673 555 674 556 674 547 674 555 675 557 675 556 675 555 676 558 676 557 676 555 677 559 677 558 677 561 678 560 678 551 678 562 679 560 679 561 679 551 680 560 680 547 680 555 681 590 681 559 681 562 682 564 682 560 682 563 683 564 683 562 683 565 684 564 684 563 684 565 685 566 685 564 685 567 686 569 686 565 686 565 687 569 687 566 687 568 688 569 688 567 688 568 689 570 689 569 689 572 690 570 690 568 690 572 691 571 691 570 691 573 692 571 692 572 692 574 693 586 693 785 693 575 694 586 694 574 694 576 695 586 695 575 695 578 696 577 696 581 696 573 697 577 697 571 697 571 698 577 698 579 698 580 699 577 699 573 699 581 700 577 700 580 700 582 701 586 701 576 701 579 702 586 702 585 702 577 703 586 703 579 703 583 704 586 704 582 704 585 705 586 705 584 705 588 706 586 706 583 706 584 707 586 707 587 707 587 708 586 708 588 708 555 709 577 709 589 709 555 710 589 710 590 710 589 711 577 711 578 711 560 712 591 712 547 712 547 713 591 713 592 713 574 714 785 714 594 714 591 715 593 715 592 715 785 716 595 716 594 716 594 717 595 717 596 717 592 718 593 718 597 718 593 719 598 719 597 719 596 720 595 720 604 720 598 721 599 721 597 721 597 722 607 722 600 722 599 723 607 723 597 723 607 724 602 724 600 724 600 725 602 725 601 725 599 726 603 726 607 726 604 727 603 727 599 727 595 728 603 728 604 728 602 729 605 729 601 729 606 730 603 730 609 730 607 731 603 731 606 731 605 732 608 732 601 732 603 733 610 733 609 733 601 734 608 734 872 734 609 735 610 735 612 735 608 736 611 736 872 736 611 737 614 737 872 737 610 738 613 738 612 738 612 739 613 739 615 739 611 740 620 740 614 740 615 741 618 741 616 741 613 742 618 742 615 742 616 743 617 743 623 743 618 744 617 744 616 744 617 745 618 745 622 745 617 746 619 746 623 746 618 747 621 747 622 747 620 748 545 748 614 748 619 749 544 749 623 749 622 750 621 750 531 750 623 751 544 751 541 751 624 752 577 752 555 752 624 753 555 753 625 753 626 754 625 754 627 754 626 755 624 755 625 755 626 756 627 756 628 756 629 757 628 757 630 757 629 758 626 758 628 758 631 759 630 759 632 759 631 760 629 760 630 760 633 761 632 761 634 761 633 762 631 762 632 762 635 763 634 763 636 763 635 764 633 764 634 764 637 765 635 765 636 765 638 766 636 766 639 766 638 767 637 767 636 767 640 768 639 768 641 768 640 769 638 769 639 769 642 770 640 770 641 770 643 771 641 771 644 771 643 772 642 772 641 772 444 773 644 773 442 773 444 774 643 774 644 774 656 775 646 775 645 775 645 776 646 776 647 776 646 777 648 777 647 777 647 778 648 778 650 778 648 779 649 779 650 779 649 780 652 780 650 780 650 781 652 781 651 781 651 782 652 782 653 782 652 783 655 783 653 783 653 784 655 784 654 784 655 785 656 785 654 785 647 786 650 786 651 786 654 787 651 787 653 787 645 788 654 788 656 788 645 789 651 789 654 789 645 790 647 790 651 790 657 791 658 791 659 791 659 792 658 792 660 792 661 793 660 793 662 793 660 794 663 794 662 794 663 795 664 795 662 795 662 796 664 796 665 796 664 797 666 797 665 797 666 798 667 798 668 798 667 799 657 799 668 799 668 800 665 800 666 800 659 801 660 801 661 801 659 802 665 802 668 802 659 803 662 803 665 803 659 804 668 804 657 804 659 805 661 805 662 805 669 806 671 806 682 806 671 807 673 807 670 807 670 808 673 808 672 808 673 809 674 809 672 809 672 810 674 810 675 810 675 811 674 811 676 811 676 812 677 812 678 812 677 813 679 813 678 813 679 814 680 814 681 814 680 815 669 815 681 815 681 816 669 816 682 816 675 817 676 817 678 817 681 818 678 818 679 818 670 819 681 819 682 819 670 820 675 820 678 820 670 821 672 821 675 821 670 822 682 822 671 822 670 823 678 823 681 823 104 824 652 824 649 824 104 825 655 825 652 825 104 826 656 826 655 826 104 827 646 827 656 827 646 828 649 828 648 828 104 829 649 829 646 829 193 830 664 830 663 830 664 831 667 831 666 831 193 832 667 832 664 832 193 833 657 833 667 833 193 834 658 834 657 834 658 835 663 835 660 835 193 836 663 836 658 836 676 837 674 837 677 837 145 838 677 838 674 838 677 839 680 839 679 839 145 840 680 840 677 840 680 841 671 841 669 841 145 842 671 842 680 842 145 843 673 843 671 843 145 844 674 844 673 844 325 845 326 845 683 845 326 846 684 846 683 846 325 847 683 847 685 847 325 848 685 848 686 848 326 849 687 849 684 849 324 850 325 850 686 850 324 851 686 851 688 851 326 852 690 852 687 852 324 853 688 853 689 853 690 854 326 854 322 854 689 855 323 855 324 855 691 856 323 856 689 856 693 857 690 857 322 857 692 858 323 858 691 858 694 859 693 859 322 859 696 860 694 860 322 860 695 861 323 861 692 861 695 862 322 862 323 862 695 863 696 863 322 863 535 864 532 864 692 864 692 865 532 865 695 865 532 866 537 866 695 866 695 867 537 867 696 867 537 868 539 868 696 868 696 869 539 869 694 869 539 870 542 870 694 870 542 871 519 871 694 871 694 872 519 872 693 872 519 873 512 873 693 873 693 874 512 874 690 874 512 875 510 875 690 875 690 876 510 876 687 876 510 877 505 877 687 877 687 878 505 878 684 878 505 879 501 879 684 879 501 880 502 880 684 880 684 881 502 881 683 881 683 882 502 882 685 882 502 883 503 883 685 883 503 884 507 884 685 884 685 885 507 885 686 885 686 886 507 886 688 886 507 887 508 887 688 887 688 888 508 888 689 888 508 889 511 889 689 889 511 890 536 890 689 890 689 891 536 891 691 891 691 892 535 892 692 892 536 893 535 893 691 893 321 894 698 894 697 894 316 895 698 895 321 895 321 896 697 896 700 896 316 897 699 897 698 897 320 898 321 898 700 898 320 899 700 899 701 899 316 900 703 900 699 900 320 901 701 901 702 901 705 902 703 902 316 902 702 903 319 903 320 903 704 904 319 904 702 904 705 905 316 905 317 905 706 906 705 906 317 906 706 907 317 907 318 907 707 908 319 908 704 908 708 909 706 909 318 909 709 910 708 910 318 910 709 911 319 911 707 911 709 912 318 912 319 912 509 913 516 913 704 913 704 914 516 914 707 914 516 915 526 915 707 915 707 916 526 916 709 916 709 917 526 917 708 917 526 918 525 918 708 918 708 919 525 919 706 919 525 920 523 920 706 920 523 921 518 921 706 921 706 922 518 922 705 922 518 923 513 923 705 923 705 924 513 924 703 924 513 925 499 925 703 925 703 926 499 926 699 926 499 927 497 927 699 927 497 928 494 928 699 928 699 929 494 929 698 929 494 930 493 930 698 930 698 931 493 931 697 931 493 932 495 932 697 932 495 933 496 933 697 933 697 934 496 934 700 934 496 935 498 935 700 935 700 936 498 936 701 936 498 937 506 937 701 937 701 938 506 938 702 938 702 939 506 939 704 939 506 940 509 940 704 940 314 941 710 941 711 941 314 942 712 942 710 942 313 943 314 943 711 943 313 944 711 944 713 944 314 945 714 945 712 945 315 946 714 946 314 946 315 947 715 947 714 947 313 948 713 948 716 948 315 949 718 949 715 949 717 950 313 950 716 950 717 951 312 951 313 951 719 952 315 952 310 952 719 953 718 953 315 953 721 954 719 954 310 954 720 955 311 955 312 955 720 956 312 956 717 956 722 957 311 957 720 957 723 958 721 958 310 958 724 959 311 959 722 959 724 960 723 960 310 960 724 961 310 961 311 961 544 962 619 962 722 962 722 963 619 963 724 963 619 964 617 964 724 964 617 965 622 965 724 965 724 966 622 966 723 966 723 967 622 967 721 967 622 968 531 968 721 968 531 969 530 969 721 969 721 970 530 970 719 970 719 971 530 971 718 971 530 972 528 972 718 972 718 973 528 973 715 973 528 974 522 974 715 974 715 975 522 975 714 975 522 976 520 976 714 976 714 977 520 977 712 977 712 978 520 978 710 978 520 979 514 979 710 979 514 980 515 980 710 980 710 981 515 981 711 981 515 982 517 982 711 982 711 983 517 983 713 983 517 984 521 984 713 984 713 985 521 985 716 985 521 986 527 986 716 986 716 987 527 987 717 987 527 988 529 988 717 988 717 989 529 989 720 989 529 990 543 990 720 990 720 991 543 991 722 991 543 992 544 992 722 992 743 993 570 993 725 993 569 994 570 994 743 994 570 995 571 995 725 995 725 996 571 996 726 996 571 997 579 997 726 997 726 998 579 998 727 998 727 999 579 999 728 999 579 1000 585 1000 728 1000 585 1001 584 1001 728 1001 728 1002 584 1002 729 1002 584 1003 587 1003 729 1003 729 1004 587 1004 730 1004 587 1005 588 1005 730 1005 730 1006 588 1006 731 1006 588 1007 583 1007 731 1007 731 1008 583 1008 732 1008 583 1009 582 1009 732 1009 732 1010 582 1010 733 1010 582 1011 576 1011 733 1011 576 1012 575 1012 733 1012 733 1013 575 1013 734 1013 734 1014 574 1014 735 1014 575 1015 574 1015 734 1015 574 1016 594 1016 735 1016 735 1017 594 1017 736 1017 594 1018 596 1018 736 1018 736 1019 596 1019 737 1019 596 1020 604 1020 737 1020 604 1021 599 1021 737 1021 737 1022 599 1022 738 1022 599 1023 598 1023 738 1023 598 1024 593 1024 738 1024 738 1025 593 1025 739 1025 593 1026 591 1026 739 1026 739 1027 591 1027 740 1027 591 1028 560 1028 740 1028 740 1029 560 1029 741 1029 560 1030 564 1030 741 1030 564 1031 566 1031 741 1031 741 1032 566 1032 742 1032 742 1033 569 1033 743 1033 566 1034 569 1034 742 1034 309 1035 737 1035 738 1035 309 1036 736 1036 737 1036 309 1037 738 1037 739 1037 305 1038 736 1038 309 1038 305 1039 735 1039 736 1039 309 1040 739 1040 740 1040 308 1041 309 1041 740 1041 308 1042 740 1042 741 1042 305 1043 734 1043 735 1043 305 1044 733 1044 734 1044 742 1045 308 1045 741 1045 732 1046 733 1046 305 1046 732 1047 305 1047 306 1047 743 1048 308 1048 742 1048 731 1049 732 1049 306 1049 730 1050 731 1050 306 1050 725 1051 308 1051 743 1051 725 1052 307 1052 308 1052 726 1053 307 1053 725 1053 729 1054 730 1054 306 1054 729 1055 306 1055 307 1055 728 1056 729 1056 307 1056 727 1057 307 1057 726 1057 727 1058 728 1058 307 1058 557 1059 558 1059 744 1059 744 1060 558 1060 745 1060 558 1061 559 1061 745 1061 745 1062 559 1062 746 1062 559 1063 590 1063 746 1063 590 1064 589 1064 746 1064 746 1065 589 1065 747 1065 589 1066 578 1066 747 1066 747 1067 578 1067 748 1067 578 1068 581 1068 748 1068 748 1069 581 1069 749 1069 581 1070 580 1070 749 1070 749 1071 580 1071 750 1071 580 1072 573 1072 750 1072 573 1073 572 1073 750 1073 750 1074 572 1074 751 1074 572 1075 568 1075 751 1075 751 1076 568 1076 752 1076 568 1077 567 1077 752 1077 752 1078 567 1078 753 1078 567 1079 565 1079 753 1079 753 1080 565 1080 754 1080 565 1081 563 1081 754 1081 754 1082 563 1082 755 1082 563 1083 562 1083 755 1083 755 1084 562 1084 756 1084 562 1085 561 1085 756 1085 756 1086 561 1086 757 1086 561 1087 551 1087 757 1087 551 1088 550 1088 757 1088 757 1089 550 1089 758 1089 550 1090 549 1090 758 1090 758 1091 549 1091 759 1091 549 1092 548 1092 759 1092 548 1093 552 1093 759 1093 759 1094 552 1094 760 1094 760 1095 553 1095 761 1095 552 1096 553 1096 760 1096 761 1097 553 1097 762 1097 553 1098 554 1098 762 1098 762 1099 554 1099 763 1099 554 1100 556 1100 763 1100 763 1101 557 1101 744 1101 556 1102 557 1102 763 1102 303 1103 756 1103 757 1103 303 1104 757 1104 758 1104 304 1105 756 1105 303 1105 303 1106 758 1106 759 1106 304 1107 755 1107 756 1107 303 1108 759 1108 760 1108 304 1109 754 1109 755 1109 304 1110 753 1110 754 1110 302 1111 303 1111 760 1111 302 1112 760 1112 761 1112 300 1113 753 1113 304 1113 300 1114 752 1114 753 1114 762 1115 302 1115 761 1115 751 1116 752 1116 300 1116 763 1117 302 1117 762 1117 750 1118 751 1118 300 1118 744 1119 302 1119 763 1119 749 1120 750 1120 300 1120 749 1121 300 1121 301 1121 748 1122 749 1122 301 1122 745 1123 302 1123 744 1123 745 1124 301 1124 302 1124 746 1125 301 1125 745 1125 747 1126 748 1126 301 1126 747 1127 301 1127 746 1127 299 1128 764 1128 765 1128 299 1129 766 1129 764 1129 298 1130 299 1130 765 1130 299 1131 767 1131 766 1131 295 1132 767 1132 299 1132 298 1133 765 1133 768 1133 295 1134 769 1134 767 1134 298 1135 768 1135 770 1135 771 1136 298 1136 770 1136 772 1137 769 1137 295 1137 771 1138 297 1138 298 1138 773 1139 297 1139 771 1139 774 1140 772 1140 295 1140 774 1141 295 1141 296 1141 775 1142 297 1142 773 1142 775 1143 296 1143 297 1143 776 1144 774 1144 296 1144 777 1145 296 1145 775 1145 778 1146 776 1146 296 1146 778 1147 296 1147 777 1147 773 1148 608 1148 775 1148 608 1149 605 1149 775 1149 775 1150 605 1150 777 1150 605 1151 602 1151 777 1151 777 1152 602 1152 778 1152 602 1153 607 1153 778 1153 607 1154 606 1154 778 1154 778 1155 606 1155 776 1155 606 1156 609 1156 776 1156 776 1157 609 1157 774 1157 609 1158 612 1158 774 1158 774 1159 612 1159 772 1159 612 1160 615 1160 772 1160 772 1161 615 1161 769 1161 615 1162 616 1162 769 1162 616 1163 623 1163 769 1163 769 1164 623 1164 767 1164 623 1165 541 1165 767 1165 541 1166 538 1166 767 1166 767 1167 538 1167 766 1167 538 1168 534 1168 766 1168 766 1169 534 1169 764 1169 534 1170 533 1170 764 1170 764 1171 533 1171 765 1171 533 1172 540 1172 765 1172 765 1173 540 1173 768 1173 540 1174 546 1174 768 1174 768 1175 546 1175 770 1175 546 1176 620 1176 770 1176 770 1177 620 1177 771 1177 620 1178 611 1178 771 1178 771 1179 611 1179 773 1179 611 1180 608 1180 773 1180 781 1181 789 1181 787 1181 784 1182 782 1182 787 1182 783 1183 779 1183 782 1183 800 1184 793 1184 783 1184 787 1185 782 1185 781 1185 780 1186 779 1186 788 1186 405 1187 403 1187 808 1187 783 1188 793 1188 779 1188 780 1189 789 1189 781 1189 781 1190 779 1190 780 1190 779 1191 781 1191 782 1191 787 1192 785 1192 586 1192 782 1193 784 1193 783 1193 780 1194 387 1194 791 1194 788 1195 392 1195 390 1195 788 1196 394 1196 392 1196 788 1197 396 1197 394 1197 780 1198 388 1198 387 1198 788 1199 390 1199 388 1199 788 1200 388 1200 780 1200 801 1201 787 1201 586 1201 786 1202 396 1202 788 1202 786 1203 398 1203 396 1203 793 1204 786 1204 779 1204 786 1205 401 1205 398 1205 786 1206 403 1206 401 1206 786 1207 808 1207 403 1207 785 1208 787 1208 789 1208 784 1209 787 1209 801 1209 786 1210 788 1210 779 1210 786 1211 793 1211 808 1211 780 1212 791 1212 789 1212 801 1213 783 1213 784 1213 577 1214 801 1214 586 1214 377 1215 375 1215 816 1215 387 1216 384 1216 791 1216 817 1217 621 1217 618 1217 790 1218 377 1218 816 1218 790 1219 379 1219 377 1219 791 1220 818 1220 817 1220 785 1221 603 1221 595 1221 791 1222 384 1222 383 1222 817 1223 618 1223 613 1223 817 1224 613 1224 610 1224 785 1225 817 1225 610 1225 785 1226 610 1226 603 1226 790 1227 818 1227 791 1227 790 1228 381 1228 379 1228 789 1229 817 1229 785 1229 791 1230 383 1230 381 1230 791 1231 381 1231 790 1231 817 1232 789 1232 791 1232 624 1233 801 1233 577 1233 793 1234 800 1234 810 1234 796 1235 797 1235 792 1235 797 1236 796 1236 815 1236 797 1237 799 1237 798 1237 797 1238 815 1238 799 1238 801 1239 629 1239 802 1239 801 1240 626 1240 629 1240 800 1241 783 1241 801 1241 800 1242 794 1242 792 1242 792 1243 810 1243 800 1243 795 1244 796 1244 794 1244 805 1245 439 1245 810 1245 792 1246 797 1246 805 1246 792 1247 805 1247 810 1247 802 1248 633 1248 635 1248 795 1249 643 1249 444 1249 795 1250 846 1250 803 1250 795 1251 444 1251 846 1251 810 1252 439 1252 808 1252 805 1253 804 1253 807 1253 805 1254 806 1254 439 1254 805 1255 807 1255 806 1255 801 1256 624 1256 626 1256 802 1257 631 1257 633 1257 802 1258 635 1258 637 1258 802 1259 637 1259 638 1259 794 1260 638 1260 640 1260 794 1261 802 1261 638 1261 794 1262 640 1262 642 1262 795 1263 794 1263 642 1263 795 1264 642 1264 643 1264 808 1265 439 1265 405 1265 795 1266 809 1266 845 1266 795 1267 803 1267 809 1267 795 1268 845 1268 812 1268 805 1269 843 1269 811 1269 805 1270 798 1270 843 1270 805 1271 811 1271 804 1271 802 1272 629 1272 631 1272 794 1273 800 1273 802 1273 810 1274 808 1274 793 1274 792 1275 794 1275 796 1275 796 1276 795 1276 812 1276 796 1277 813 1277 844 1277 796 1278 814 1278 813 1278 796 1279 812 1279 814 1279 796 1280 844 1280 815 1280 797 1281 798 1281 805 1281 800 1282 801 1282 802 1282 818 1283 790 1283 816 1283 816 1284 375 1284 372 1284 819 1285 816 1285 372 1285 820 1286 817 1286 818 1286 819 1287 818 1287 816 1287 819 1288 372 1288 370 1288 820 1289 621 1289 817 1289 820 1290 818 1290 821 1290 821 1291 818 1291 819 1291 819 1292 370 1292 368 1292 366 1293 819 1293 368 1293 820 1294 524 1294 621 1294 822 1295 366 1295 364 1295 366 1296 821 1296 819 1296 822 1297 364 1297 362 1297 820 1298 821 1298 823 1298 823 1299 524 1299 820 1299 822 1300 821 1300 366 1300 824 1301 821 1301 822 1301 822 1302 362 1302 360 1302 823 1303 821 1303 824 1303 826 1304 822 1304 360 1304 826 1305 824 1305 822 1305 358 1306 826 1306 360 1306 825 1307 824 1307 826 1307 827 1308 823 1308 824 1308 356 1309 826 1309 358 1309 825 1310 827 1310 824 1310 827 1311 524 1311 823 1311 826 1312 356 1312 829 1312 829 1313 356 1313 354 1313 829 1314 825 1314 826 1314 829 1315 354 1315 352 1315 828 1316 825 1316 829 1316 830 1317 829 1317 352 1317 827 1318 825 1318 828 1318 830 1319 352 1319 350 1319 830 1320 828 1320 829 1320 830 1321 350 1321 348 1321 832 1322 830 1322 348 1322 831 1323 827 1323 828 1323 832 1324 348 1324 346 1324 831 1325 524 1325 827 1325 833 1326 830 1326 832 1326 830 1327 831 1327 828 1327 832 1328 346 1328 344 1328 831 1329 830 1329 833 1329 832 1330 344 1330 342 1330 831 1331 500 1331 524 1331 834 1332 832 1332 342 1332 835 1333 831 1333 833 1333 834 1334 342 1334 340 1334 834 1335 833 1335 832 1335 835 1336 833 1336 834 1336 835 1337 500 1337 831 1337 834 1338 340 1338 338 1338 837 1339 835 1339 834 1339 836 1340 835 1340 837 1340 834 1341 338 1341 336 1341 839 1342 834 1342 336 1342 839 1343 336 1343 334 1343 839 1344 837 1344 834 1344 839 1345 334 1345 332 1345 836 1346 500 1346 835 1346 838 1347 836 1347 837 1347 841 1348 837 1348 839 1348 839 1349 332 1349 327 1349 840 1350 500 1350 836 1350 838 1351 837 1351 841 1351 838 1352 840 1352 836 1352 848 1353 329 1353 847 1353 848 1354 839 1354 327 1354 848 1355 327 1355 329 1355 840 1356 504 1356 500 1356 848 1357 841 1357 839 1357 841 1358 848 1358 849 1358 841 1359 849 1359 850 1359 838 1360 841 1360 850 1360 838 1361 850 1361 851 1361 838 1362 851 1362 852 1362 840 1363 838 1363 852 1363 840 1364 852 1364 842 1364 840 1365 842 1365 504 1365 441 1366 439 1366 806 1366 447 1367 846 1367 444 1367 329 1368 416 1368 847 1368 842 1369 852 1369 545 1369 504 1370 842 1370 545 1370 447 1371 448 1371 846 1371 854 1372 853 1372 475 1372 854 1373 876 1373 853 1373 854 1374 855 1374 876 1374 856 1375 855 1375 854 1375 856 1376 877 1376 855 1376 458 1377 856 1377 854 1377 856 1378 878 1378 877 1378 856 1379 879 1379 878 1379 858 1380 856 1380 458 1380 856 1381 857 1381 879 1381 856 1382 445 1382 857 1382 856 1383 448 1383 445 1383 456 1384 858 1384 458 1384 859 1385 858 1385 456 1385 448 1386 856 1386 858 1386 859 1387 456 1387 454 1387 861 1388 859 1388 454 1388 861 1389 454 1389 452 1389 860 1390 861 1390 452 1390 859 1391 448 1391 858 1391 861 1392 448 1392 859 1392 862 1393 441 1393 806 1393 862 1394 806 1394 807 1394 865 1395 861 1395 860 1395 862 1396 807 1396 804 1396 865 1397 860 1397 450 1397 863 1398 804 1398 811 1398 863 1399 450 1399 862 1399 863 1400 862 1400 804 1400 864 1401 448 1401 861 1401 865 1402 450 1402 863 1402 863 1403 811 1403 843 1403 863 1404 843 1404 798 1404 863 1405 798 1405 799 1405 863 1406 799 1406 815 1406 863 1407 815 1407 844 1407 864 1408 861 1408 865 1408 865 1409 844 1409 813 1409 865 1410 863 1410 844 1410 865 1411 813 1411 814 1411 864 1412 865 1412 814 1412 864 1413 814 1413 812 1413 864 1414 812 1414 845 1414 864 1415 845 1415 809 1415 864 1416 809 1416 803 1416 864 1417 846 1417 448 1417 864 1418 803 1418 846 1418 592 1419 866 1419 547 1419 873 1420 866 1420 592 1420 873 1421 869 1421 866 1421 872 1422 597 1422 600 1422 872 1423 600 1423 601 1423 867 1424 880 1424 870 1424 867 1425 416 1425 880 1425 875 1426 416 1426 867 1426 868 1427 872 1427 614 1427 868 1428 545 1428 852 1428 868 1429 614 1429 545 1429 875 1430 847 1430 416 1430 873 1431 867 1431 869 1431 871 1432 875 1432 867 1432 868 1433 871 1433 872 1433 871 1434 868 1434 875 1434 868 1435 852 1435 851 1435 868 1436 851 1436 850 1436 875 1437 849 1437 848 1437 875 1438 848 1438 847 1438 873 1439 592 1439 597 1439 873 1440 597 1440 872 1440 873 1441 871 1441 867 1441 873 1442 872 1442 871 1442 850 1443 849 1443 868 1443 875 1444 868 1444 849 1444 442 1445 857 1445 445 1445 442 1446 879 1446 857 1446 880 1447 416 1447 413 1447 880 1448 413 1448 883 1448 867 1449 870 1449 874 1449 869 1450 867 1450 874 1450 547 1451 866 1451 555 1451 625 1452 555 1452 866 1452 442 1453 644 1453 879 1453 883 1454 870 1454 880 1454 881 1455 866 1455 869 1455 881 1456 627 1456 625 1456 881 1457 625 1457 866 1457 413 1458 475 1458 853 1458 881 1459 632 1459 630 1459 884 1460 632 1460 881 1460 884 1461 634 1461 632 1461 884 1462 636 1462 634 1462 884 1463 878 1463 879 1463 879 1464 644 1464 884 1464 882 1465 874 1465 870 1465 882 1466 870 1466 883 1466 881 1467 874 1467 882 1467 881 1468 869 1468 874 1468 882 1469 883 1469 413 1469 881 1470 628 1470 627 1470 884 1471 639 1471 636 1471 884 1472 644 1472 641 1472 881 1473 630 1473 628 1473 413 1474 853 1474 876 1474 413 1475 876 1475 855 1475 413 1476 855 1476 877 1476 884 1477 877 1477 878 1477 884 1478 641 1478 639 1478 882 1479 884 1479 881 1479 884 1480 413 1480 877 1480 882 1481 413 1481 884 1481 886 1482 887 1482 885 1482 888 1483 889 1483 887 1483 889 1484 890 1484 887 1484 887 1485 890 1485 885 1485 891 1486 892 1486 890 1486 885 1487 893 1487 894 1487 890 1488 893 1488 885 1488 892 1489 893 1489 890 1489 894 1490 893 1490 896 1490 893 1491 895 1491 896 1491 895 1492 898 1492 896 1492 896 1493 898 1493 897 1493 898 1494 899 1494 897 1494 897 1495 899 1495 900 1495 899 1496 902 1496 900 1496 903 1497 902 1497 904 1497 900 1498 902 1498 903 1498 901 1499 906 1499 905 1499 902 1500 907 1500 904 1500 904 1501 907 1501 908 1501 901 1502 910 1502 906 1502 906 1503 910 1503 67 1503 908 1504 907 1504 901 1504 907 1505 909 1505 901 1505 909 1506 912 1506 901 1506 910 1507 912 1507 911 1507 901 1508 912 1508 910 1508 901 1509 51 1509 908 1509 908 1510 48 1510 904 1510 51 1511 48 1511 908 1511 904 1512 47 1512 903 1512 48 1513 47 1513 904 1513 903 1514 45 1514 900 1514 47 1515 45 1515 903 1515 45 1516 41 1516 900 1516 900 1517 41 1517 897 1517 41 1518 35 1518 897 1518 897 1519 30 1519 896 1519 35 1520 30 1520 897 1520 30 1521 26 1521 896 1521 896 1522 26 1522 894 1522 26 1523 22 1523 894 1523 79 1524 907 1524 902 1524 79 1525 82 1525 907 1525 74 1526 902 1526 899 1526 74 1527 79 1527 902 1527 75 1528 899 1528 898 1528 75 1529 74 1529 899 1529 75 1530 898 1530 895 1530 104 1531 895 1531 893 1531 104 1532 75 1532 895 1532 913 1533 918 1533 914 1533 914 1534 918 1534 915 1534 916 1535 917 1535 913 1535 918 1536 920 1536 919 1536 913 1537 920 1537 918 1537 921 1538 922 1538 917 1538 925 1539 924 1539 922 1539 924 1540 926 1540 922 1540 922 1541 928 1541 917 1541 926 1542 928 1542 922 1542 927 1543 929 1543 930 1543 923 1544 929 1544 927 1544 923 1545 934 1545 929 1545 920 1546 934 1546 923 1546 931 1547 933 1547 928 1547 932 1548 933 1548 931 1548 920 1549 935 1549 934 1549 138 1550 936 1550 933 1550 920 1551 939 1551 935 1551 913 1552 939 1552 920 1552 917 1553 938 1553 913 1553 913 1554 938 1554 939 1554 163 1555 940 1555 937 1555 938 1556 942 1556 941 1556 937 1557 943 1557 936 1557 940 1558 943 1558 937 1558 938 1559 944 1559 942 1559 943 1560 945 1560 936 1560 917 1561 944 1561 938 1561 945 1562 947 1562 936 1562 944 1563 948 1563 946 1563 944 1564 949 1564 948 1564 933 1565 949 1565 928 1565 917 1566 949 1566 944 1566 928 1567 949 1567 917 1567 947 1568 949 1568 936 1568 936 1569 949 1569 933 1569 925 1570 117 1570 924 1570 924 1571 117 1571 926 1571 926 1572 127 1572 928 1572 117 1573 127 1573 926 1573 928 1574 127 1574 931 1574 127 1575 132 1575 931 1575 931 1576 132 1576 932 1576 132 1577 136 1577 932 1577 932 1578 136 1578 933 1578 136 1579 138 1579 933 1579 138 1580 148 1580 936 1580 936 1581 148 1581 937 1581 148 1582 163 1582 937 1582 163 1583 168 1583 940 1583 940 1584 168 1584 943 1584 168 1585 172 1585 943 1585 943 1586 172 1586 945 1586 172 1587 174 1587 945 1587 945 1588 174 1588 947 1588 174 1589 189 1589 947 1589 947 1590 189 1590 949 1590 189 1591 183 1591 949 1591 949 1592 183 1592 948 1592 183 1593 181 1593 948 1593 948 1594 181 1594 946 1594 181 1595 180 1595 946 1595 946 1596 180 1596 944 1596 180 1597 166 1597 944 1597 944 1598 166 1598 942 1598 166 1599 155 1599 942 1599 942 1600 155 1600 941 1600 941 1601 155 1601 938 1601 155 1602 151 1602 938 1602 938 1603 151 1603 939 1603 151 1604 146 1604 939 1604 939 1605 146 1605 935 1605 935 1606 140 1606 934 1606 146 1607 140 1607 935 1607 140 1608 131 1608 934 1608 934 1609 131 1609 929 1609 929 1610 131 1610 930 1610 131 1611 124 1611 930 1611 124 1612 120 1612 930 1612 930 1613 120 1613 927 1613 927 1614 120 1614 923 1614 120 1615 112 1615 923 1615 923 1616 112 1616 920 1616 112 1617 919 1617 920 1617 918 1618 919 1618 915 1618 919 1619 95 1619 915 1619 915 1620 95 1620 914 1620 95 1621 94 1621 914 1621 914 1622 94 1622 913 1622 94 1623 99 1623 913 1623 913 1624 99 1624 916 1624 99 1625 102 1625 916 1625 916 1626 102 1626 917 1626 102 1627 108 1627 917 1627 917 1628 108 1628 921 1628 921 1629 108 1629 922 1629 108 1630 925 1630 922 1630 950 1631 953 1631 951 1631 950 1632 952 1632 953 1632 955 1633 958 1633 954 1633 956 1634 958 1634 955 1634 957 1635 958 1635 956 1635 954 1636 958 1636 952 1636 958 1637 959 1637 952 1637 959 1638 960 1638 952 1638 960 1639 961 1639 952 1639 164 1640 964 1640 963 1640 963 1641 964 1641 962 1641 964 1642 965 1642 962 1642 966 1643 967 1643 968 1643 968 1644 967 1644 961 1644 965 1645 967 1645 962 1645 961 1646 967 1646 952 1646 962 1647 967 1647 966 1647 967 1648 969 1648 952 1648 969 1649 971 1649 970 1649 967 1650 973 1650 969 1650 973 1651 974 1651 969 1651 969 1652 974 1652 972 1652 974 1653 975 1653 972 1653 973 1654 248 1654 974 1654 196 1655 248 1655 973 1655 248 1656 250 1656 974 1656 974 1657 250 1657 975 1657 250 1658 252 1658 975 1658 252 1659 258 1659 975 1659 975 1660 258 1660 972 1660 258 1661 260 1661 972 1661 972 1662 260 1662 969 1662 969 1663 260 1663 971 1663 260 1664 271 1664 971 1664 971 1665 271 1665 970 1665 271 1666 272 1666 970 1666 970 1667 291 1667 969 1667 272 1668 291 1668 970 1668 952 1669 969 1669 106 1669 106 1670 969 1670 291 1670 157 1671 962 1671 966 1671 157 1672 966 1672 968 1672 157 1673 160 1673 962 1673 149 1674 968 1674 961 1674 149 1675 157 1675 968 1675 144 1676 961 1676 960 1676 144 1677 149 1677 961 1677 144 1678 960 1678 959 1678 139 1679 144 1679 959 1679 139 1680 959 1680 958 1680 125 1681 139 1681 958 1681 973 1682 967 1682 196 1682 976 1683 982 1683 978 1683 979 1684 980 1684 977 1684 977 1685 980 1685 976 1685 980 1686 981 1686 976 1686 981 1687 983 1687 976 1687 976 1688 983 1688 982 1688 982 1689 983 1689 985 1689 983 1690 984 1690 985 1690 985 1691 984 1691 990 1691 984 1692 987 1692 990 1692 986 1693 992 1693 988 1693 987 1694 989 1694 990 1694 990 1695 989 1695 991 1695 989 1696 994 1696 991 1696 991 1697 994 1697 995 1697 994 1698 996 1698 995 1698 986 1699 999 1699 992 1699 992 1700 999 1700 993 1700 995 1701 996 1701 997 1701 996 1702 1000 1702 997 1702 997 1703 1000 1703 986 1703 986 1704 998 1704 999 1704 1000 1705 1001 1705 986 1705 998 1706 1002 1706 1003 1706 986 1707 1002 1707 998 1707 1001 1708 1002 1708 986 1708 983 1709 214 1709 984 1709 210 1710 214 1710 983 1710 984 1711 221 1711 987 1711 214 1712 221 1712 984 1712 987 1713 229 1713 989 1713 221 1714 229 1714 987 1714 989 1715 234 1715 994 1715 229 1716 234 1716 989 1716 994 1717 236 1717 996 1717 234 1718 236 1718 994 1718 236 1719 237 1719 996 1719 996 1720 240 1720 1000 1720 237 1721 240 1721 996 1721 240 1722 241 1722 1000 1722 1000 1723 265 1723 1001 1723 241 1724 265 1724 1000 1724 194 1725 982 1725 985 1725 201 1726 985 1726 990 1726 201 1727 194 1727 985 1727 204 1728 990 1728 991 1728 204 1729 201 1729 990 1729 207 1730 204 1730 991 1730 207 1731 991 1731 995 1731 212 1732 207 1732 995 1732 212 1733 995 1733 997 1733 216 1734 212 1734 997 1734 218 1735 997 1735 986 1735 218 1736 216 1736 997 1736 223 1737 1025 1737 1005 1737 222 1738 223 1738 1005 1738 222 1739 1005 1739 1006 1739 219 1740 222 1740 1006 1740 219 1741 1006 1741 1007 1741 215 1742 219 1742 1007 1742 215 1743 1007 1743 1008 1743 209 1744 1008 1744 1009 1744 209 1745 215 1745 1008 1745 205 1746 1009 1746 1010 1746 205 1747 209 1747 1009 1747 200 1748 1010 1748 1024 1748 200 1749 205 1749 1010 1749 1011 1750 1012 1750 195 1750 195 1751 1012 1751 246 1751 1013 1752 255 1752 1014 1752 293 1753 255 1753 1013 1753 1014 1754 255 1754 1015 1754 255 1755 256 1755 1015 1755 1015 1756 256 1756 1016 1756 256 1757 257 1757 1016 1757 257 1758 1017 1758 1016 1758 1017 1759 251 1759 1012 1759 1012 1760 251 1760 1018 1760 251 1761 249 1761 1018 1761 1018 1762 249 1762 1019 1762 249 1763 247 1763 1019 1763 1019 1764 247 1764 246 1764 293 1765 1020 1765 253 1765 1013 1766 1020 1766 293 1766 1021 1767 1022 1767 1023 1767 1023 1768 1024 1768 1011 1768 1022 1769 1024 1769 1023 1769 1024 1770 1010 1770 1011 1770 1026 1771 1027 1771 1025 1771 1027 1772 1004 1772 1025 1772 1028 1773 1004 1773 1027 1773 1030 1774 1031 1774 1029 1774 1029 1775 1020 1775 1004 1775 1025 1776 1020 1776 1005 1776 1005 1777 1020 1777 1006 1777 1006 1778 1020 1778 1007 1778 1007 1779 1020 1779 1008 1779 1008 1780 1020 1780 1009 1780 244 1781 1020 1781 1031 1781 1031 1782 1020 1782 1029 1782 1004 1783 1020 1783 1025 1783 1012 1784 1019 1784 246 1784 1012 1785 1018 1785 1019 1785 1012 1786 1016 1786 1017 1786 1016 1787 1014 1787 1015 1787 1010 1788 1013 1788 1011 1788 1020 1789 1013 1789 1009 1789 1009 1790 1013 1790 1010 1790 1011 1791 1013 1791 1012 1791 1013 1792 1014 1792 1012 1792 1012 1793 1014 1793 1016 1793 1034 1794 1036 1794 1033 1794 1032 1795 1037 1795 1035 1795 1033 1796 1037 1796 1032 1796 1036 1797 1038 1797 1033 1797 1033 1798 1038 1798 1037 1798 1039 1799 1041 1799 1036 1799 1036 1800 1041 1800 1038 1800 1040 1801 1041 1801 1039 1801 1040 1802 1043 1802 1041 1802 1042 1803 1043 1803 1040 1803 1042 1804 1045 1804 1043 1804 1042 1805 1044 1805 1045 1805 1044 1806 1047 1806 1045 1806 1045 1807 1047 1807 1046 1807 1047 1808 1048 1808 1046 1808 1047 1809 1049 1809 1048 1809 1049 1810 1051 1810 1048 1810 1048 1811 1051 1811 1050 1811 1050 1812 1056 1812 1052 1812 1055 1813 1057 1813 1053 1813 1053 1814 1057 1814 1051 1814 1050 1815 1057 1815 1056 1815 1051 1816 1057 1816 1050 1816 1036 1817 87 1817 1039 1817 1039 1818 101 1818 1040 1818 87 1819 101 1819 1039 1819 101 1820 110 1820 1040 1820 1040 1821 126 1821 1042 1821 110 1822 126 1822 1040 1822 126 1823 133 1823 1042 1823 1042 1824 133 1824 1044 1824 1044 1825 143 1825 1047 1825 133 1826 143 1826 1044 1826 1047 1827 154 1827 1049 1827 143 1828 154 1828 1047 1828 1049 1829 159 1829 1051 1829 154 1830 159 1830 1049 1830 116 1831 1038 1831 1041 1831 128 1832 116 1832 1041 1832 128 1833 1041 1833 1043 1833 135 1834 128 1834 1043 1834 135 1835 1043 1835 1045 1835 137 1836 135 1836 1045 1836 137 1837 1045 1837 1046 1837 145 1838 1046 1838 1048 1838 145 1839 137 1839 1046 1839 153 1840 1048 1840 1050 1840 153 1841 145 1841 1048 1841 1059 1842 1060 1842 1058 1842 1060 1843 1062 1843 1061 1843 1062 1844 1064 1844 1063 1844 1060 1845 1065 1845 1062 1845 1062 1846 1065 1846 1064 1846 1060 1847 1067 1847 1065 1847 1059 1848 1067 1848 1060 1848 1065 1849 1067 1849 1066 1849 1070 1850 1069 1850 1059 1850 1059 1851 1069 1851 1067 1851 1071 1852 1069 1852 1070 1852 1071 1853 1075 1853 1069 1853 1072 1854 1075 1854 1071 1854 1074 1855 1073 1855 1068 1855 1072 1856 1076 1856 1075 1856 1073 1857 1079 1857 1068 1857 1077 1858 1076 1858 1072 1858 1077 1859 1080 1859 1076 1859 1078 1860 1080 1860 1077 1860 1078 1861 1083 1861 1080 1861 1081 1862 1083 1862 1078 1862 1068 1863 1083 1863 1081 1863 1079 1864 1085 1864 1068 1864 1082 1865 1085 1865 1079 1865 1068 1866 1085 1866 1083 1866 1084 1867 1086 1867 1082 1867 1082 1868 1086 1868 1085 1868 11 1869 14 1869 1059 1869 1059 1870 14 1870 1070 1870 1070 1871 20 1871 1071 1871 14 1872 20 1872 1070 1872 1071 1873 25 1873 1072 1873 20 1874 25 1874 1071 1874 25 1875 28 1875 1072 1875 1072 1876 28 1876 1077 1876 1077 1877 32 1877 1078 1877 28 1878 32 1878 1077 1878 1078 1879 37 1879 1081 1879 32 1880 37 1880 1078 1880 37 1881 40 1881 1081 1881 1081 1882 40 1882 1068 1882 52 1883 1067 1883 1069 1883 52 1884 53 1884 1067 1884 60 1885 52 1885 1069 1885 60 1886 1069 1886 1075 1886 63 1887 60 1887 1075 1887 63 1888 1075 1888 1076 1888 64 1889 63 1889 1076 1889 64 1890 1076 1890 1080 1890 66 1891 64 1891 1080 1891 66 1892 1080 1892 1083 1892 70 1893 66 1893 1083 1893 253 1894 1020 1894 244 1894 244 1895 1031 1895 243 1895 1031 1896 1030 1896 243 1896 243 1897 1029 1897 239 1897 1030 1898 1029 1898 243 1898 1029 1899 1004 1899 239 1899 239 1900 1004 1900 232 1900 1011 1901 195 1901 1023 1901 195 1902 188 1902 1023 1902 1023 1903 188 1903 1021 1903 188 1904 187 1904 1021 1904 1021 1905 187 1905 1022 1905 187 1906 197 1906 1022 1906 1022 1907 197 1907 1024 1907 197 1908 200 1908 1024 1908 1025 1909 223 1909 1026 1909 223 1910 224 1910 1026 1910 1026 1911 226 1911 1027 1911 224 1912 226 1912 1026 1912 226 1913 230 1913 1027 1913 1027 1914 230 1914 1028 1914 230 1915 232 1915 1028 1915 1028 1916 232 1916 1004 1916 265 1917 263 1917 1001 1917 1001 1918 263 1918 1002 1918 263 1919 245 1919 1002 1919 1002 1920 245 1920 1003 1920 245 1921 242 1921 1003 1921 1003 1922 242 1922 998 1922 242 1923 238 1923 998 1923 998 1924 238 1924 999 1924 238 1925 231 1925 999 1925 999 1926 231 1926 993 1926 231 1927 227 1927 993 1927 993 1928 227 1928 992 1928 992 1929 227 1929 988 1929 227 1930 225 1930 988 1930 225 1931 218 1931 988 1931 988 1932 218 1932 986 1932 977 1933 177 1933 979 1933 177 1934 186 1934 979 1934 979 1935 186 1935 980 1935 186 1936 203 1936 980 1936 980 1937 203 1937 981 1937 203 1938 206 1938 981 1938 206 1939 210 1939 981 1939 981 1940 210 1940 983 1940 194 1941 178 1941 982 1941 982 1942 178 1942 978 1942 178 1943 176 1943 978 1943 978 1944 176 1944 976 1944 976 1945 176 1945 977 1945 176 1946 177 1946 977 1946 952 1947 103 1947 954 1947 103 1948 111 1948 954 1948 954 1949 111 1949 955 1949 111 1950 114 1950 955 1950 955 1951 114 1951 956 1951 114 1952 123 1952 956 1952 956 1953 123 1953 957 1953 123 1954 125 1954 957 1954 957 1955 125 1955 958 1955 962 1956 161 1956 963 1956 160 1957 161 1957 962 1957 161 1958 164 1958 963 1958 164 1959 190 1959 964 1959 964 1960 190 1960 965 1960 190 1961 192 1961 965 1961 965 1962 192 1962 967 1962 192 1963 196 1963 967 1963 22 1964 16 1964 894 1964 894 1965 16 1965 885 1965 16 1966 17 1966 885 1966 885 1967 17 1967 886 1967 17 1968 21 1968 886 1968 886 1969 21 1969 887 1969 887 1970 21 1970 888 1970 21 1971 27 1971 888 1971 888 1972 31 1972 889 1972 27 1973 31 1973 888 1973 31 1974 34 1974 889 1974 889 1975 34 1975 890 1975 890 1976 39 1976 891 1976 34 1977 39 1977 890 1977 39 1978 54 1978 891 1978 891 1979 54 1979 892 1979 892 1980 54 1980 893 1980 54 1981 55 1981 893 1981 55 1982 104 1982 893 1982 911 1983 97 1983 910 1983 97 1984 93 1984 910 1984 93 1985 67 1985 910 1985 67 1986 57 1986 906 1986 906 1987 57 1987 905 1987 57 1988 51 1988 905 1988 905 1989 51 1989 901 1989 907 1990 91 1990 909 1990 82 1991 91 1991 907 1991 909 1992 91 1992 912 1992 91 1993 107 1993 912 1993 912 1994 107 1994 911 1994 107 1995 97 1995 911 1995 159 1996 170 1996 1051 1996 1051 1997 170 1997 1053 1997 1053 1998 170 1998 1055 1998 170 1999 173 1999 1055 1999 1055 2000 173 2000 1057 2000 173 2001 182 2001 1057 2001 1057 2002 182 2002 1056 2002 182 2003 175 2003 1056 2003 1056 2004 175 2004 1052 2004 175 2005 1054 2005 1052 2005 1054 2006 153 2006 1052 2006 1052 2007 153 2007 1050 2007 1035 2008 78 2008 1032 2008 78 2009 72 2009 1032 2009 1032 2010 72 2010 1033 2010 72 2011 76 2011 1033 2011 1033 2012 76 2012 1034 2012 76 2013 86 2013 1034 2013 1034 2014 86 2014 1036 2014 86 2015 87 2015 1036 2015 1038 2016 116 2016 1037 2016 116 2017 90 2017 1037 2017 90 2018 85 2018 1037 2018 1037 2019 85 2019 1035 2019 85 2020 78 2020 1035 2020 40 2021 42 2021 1068 2021 1068 2022 42 2022 1074 2022 42 2023 46 2023 1074 2023 1074 2024 46 2024 1073 2024 46 2025 50 2025 1073 2025 1073 2026 50 2026 1079 2026 50 2027 59 2027 1079 2027 1079 2028 59 2028 1082 2028 1082 2029 59 2029 1084 2029 59 2030 81 2030 1084 2030 1084 2031 84 2031 1086 2031 81 2032 84 2032 1084 2032 1086 2033 84 2033 1085 2033 84 2034 89 2034 1085 2034 1085 2035 89 2035 1083 2035 89 2036 70 2036 1083 2036 1063 2037 29 2037 1062 2037 29 2038 18 2038 1062 2038 1062 2039 18 2039 1061 2039 18 2040 13 2040 1061 2040 1061 2041 13 2041 1060 2041 13 2042 10 2042 1060 2042 1060 2043 10 2043 1058 2043 10 2044 11 2044 1058 2044 1058 2045 11 2045 1059 2045 1067 2046 53 2046 1066 2046 53 2047 62 2047 1066 2047 1066 2048 62 2048 1065 2048 62 2049 38 2049 1065 2049 1065 2050 38 2050 1064 2050 1064 2051 38 2051 1063 2051 38 2052 29 2052 1063 2052 106 2053 105 2053 952 2053 952 2054 105 2054 953 2054 105 2055 100 2055 953 2055 100 2056 92 2056 953 2056 953 2057 92 2057 951 2057 951 2058 92 2058 950 2058 92 2059 103 2059 950 2059 950 2060 103 2060 952 2060 1087 2061 1088 2061 1091 2061 1088 2062 1089 2062 1091 2062 1090 2063 1093 2063 1092 2063 1093 2064 1095 2064 1094 2064 1093 2065 1096 2065 1095 2065 1091 2066 1096 2066 1093 2066 1091 2067 1097 2067 1096 2067 1091 2068 1099 2068 1097 2068 1099 2069 1101 2069 1098 2069 1098 2070 1101 2070 1100 2070 1091 2071 1093 2071 292 2071 292 2072 1093 2072 257 2072 1099 2073 1091 2073 287 2073 268 2074 1094 2074 1095 2074 268 2075 1095 2075 1096 2075 274 2076 268 2076 1096 2076 274 2077 1096 2077 1097 2077 275 2078 274 2078 1097 2078 275 2079 1097 2079 1099 2079 275 2080 1099 2080 1098 2080 257 2081 1090 2081 259 2081 1093 2082 1090 2082 257 2082 259 2083 1090 2083 262 2083 268 2084 266 2084 1094 2084 1094 2085 266 2085 1093 2085 266 2086 270 2086 1093 2086 1093 2087 270 2087 1092 2087 270 2088 262 2088 1092 2088 1092 2089 262 2089 1090 2089 287 2090 1091 2090 264 2090 1091 2091 1089 2091 264 2091 264 2092 1089 2092 261 2092 261 2093 1089 2093 253 2093 253 2094 1089 2094 254 2094 1089 2095 1088 2095 254 2095 254 2096 1087 2096 294 2096 1088 2097 1087 2097 254 2097 1087 2098 1091 2098 294 2098 294 2099 1091 2099 292 2099 1099 2100 287 2100 1101 2100 287 2101 285 2101 1101 2101 285 2102 278 2102 1101 2102 1101 2103 278 2103 1100 2103 1100 2104 278 2104 1098 2104 278 2105 275 2105 1098 2105 8 2106 288 2106 6 2106 288 2107 290 2107 6 2107 6 2108 290 2108 5 2108 5 2109 282 2109 4 2109 290 2110 282 2110 5 2110 282 2111 281 2111 4 2111 4 2112 281 2112 1 2112 281 2113 279 2113 1 2113 1 2114 279 2114 0 2114 279 2115 273 2115 0 2115 8 2116 286 2116 288 2116 1105 2117 267 2117 1102 2117 1102 2118 267 2118 1103 2118 267 2119 276 2119 1103 2119 1103 2120 276 2120 1104 2120 1104 2121 276 2121 1108 2121 276 2122 286 2122 1108 2122 1105 2123 0 2123 273 2123 1106 2124 1105 2124 1102 2124 1102 2125 1107 2125 1106 2125 1103 2126 1107 2126 1102 2126 1104 2127 1107 2127 1103 2127 1104 2128 1109 2128 1107 2128 1104 2129 1108 2129 1109 2129 469 2130 1105 2130 466 2130 1105 2131 1106 2131 466 2131 466 2132 1106 2132 464 2132 1106 2133 1107 2133 464 2133 464 2134 1107 2134 465 2134 465 2135 1107 2135 467 2135 1107 2136 1109 2136 467 2136 467 2137 1109 2137 468 2137 1109 2138 1108 2138 468 2138 468 2139 1108 2139 473 2139 1108 2140 286 2140 473 2140 286 2141 8 2141 473 2141 473 2142 8 2142 472 2142 8 2143 7 2143 472 2143 472 2144 7 2144 474 2144 7 2145 3 2145 474 2145 474 2146 3 2146 471 2146 3 2147 2 2147 471 2147 471 2148 2 2148 470 2148 470 2149 2 2149 469 2149 2 2150 0 2150 469 2150 0 2151 1105 2151 469 2151 1114 2152 480 2152 1110 2152 480 2153 479 2153 1110 2153 479 2154 477 2154 1110 2154 1110 2155 477 2155 1111 2155 477 2156 476 2156 1111 2156 1111 2157 476 2157 1112 2157 476 2158 478 2158 1112 2158 1112 2159 478 2159 1113 2159 478 2160 482 2160 1113 2160 482 2161 481 2161 1113 2161 1113 2162 481 2162 1114 2162 481 2163 483 2163 1114 2163 483 2164 480 2164 1114 2164 1112 2165 460 2165 1111 2165 1111 2166 460 2166 1110 2166 1112 2167 1113 2167 460 2167 460 2168 1114 2168 1110 2168 1113 2169 1114 2169 460 2169 448 2170 1116 2170 1115 2170 447 2171 1116 2171 448 2171 446 2172 1116 2172 447 2172 446 2173 443 2173 1117 2173 445 2174 1117 2174 443 2174 445 2175 1115 2175 1117 2175 448 2176 1115 2176 445 2176 284 2177 404 2177 1123 2177 284 2178 235 2178 404 2178 404 2179 235 2179 233 2179 402 2180 404 2180 233 2180 402 2181 233 2181 228 2181 400 2182 402 2182 228 2182 399 2183 400 2183 228 2183 397 2184 399 2184 228 2184 397 2185 228 2185 213 2185 395 2186 397 2186 213 2186 393 2187 395 2187 213 2187 391 2188 213 2188 202 2188 391 2189 393 2189 213 2189 389 2190 391 2190 202 2190 386 2191 389 2191 202 2191 386 2192 202 2192 169 2192 385 2193 386 2193 169 2193 382 2194 385 2194 169 2194 382 2195 169 2195 158 2195 380 2196 382 2196 158 2196 380 2197 158 2197 129 2197 378 2198 380 2198 129 2198 376 2199 378 2199 129 2199 376 2200 129 2200 96 2200 374 2201 376 2201 96 2201 373 2202 374 2202 96 2202 371 2203 96 2203 83 2203 371 2204 373 2204 96 2204 369 2205 371 2205 83 2205 367 2206 83 2206 58 2206 367 2207 369 2207 83 2207 365 2208 367 2208 58 2208 363 2209 365 2209 58 2209 363 2210 58 2210 43 2210 361 2211 363 2211 43 2211 359 2212 361 2212 43 2212 359 2213 43 2213 33 2213 357 2214 359 2214 33 2214 357 2215 33 2215 19 2215 355 2216 357 2216 19 2216 353 2217 19 2217 12 2217 353 2218 355 2218 19 2218 351 2219 353 2219 12 2219 351 2220 12 2220 9 2220 349 2221 351 2221 9 2221 347 2222 9 2222 24 2222 347 2223 349 2223 9 2223 345 2224 347 2224 24 2224 343 2225 24 2225 15 2225 343 2226 345 2226 24 2226 341 2227 343 2227 15 2227 339 2228 15 2228 23 2228 339 2229 341 2229 15 2229 337 2230 339 2230 23 2230 337 2231 23 2231 36 2231 335 2232 337 2232 36 2232 333 2233 36 2233 44 2233 333 2234 335 2234 36 2234 331 2235 333 2235 44 2235 331 2236 44 2236 49 2236 330 2237 331 2237 49 2237 328 2238 49 2238 65 2238 328 2239 330 2239 49 2239 1118 2240 435 2240 407 2240 1118 2241 269 2241 277 2241 1118 2242 407 2242 269 2242 1118 2243 433 2243 435 2243 1119 2244 1118 2244 277 2244 1119 2245 433 2245 1118 2245 1119 2246 431 2246 433 2246 1119 2247 277 2247 280 2247 1120 2248 1119 2248 280 2248 1120 2249 430 2249 431 2249 1120 2250 431 2250 1119 2250 1120 2251 428 2251 430 2251 1120 2252 280 2252 283 2252 1121 2253 1120 2253 283 2253 1121 2254 428 2254 1120 2254 1121 2255 427 2255 428 2255 1121 2256 425 2256 427 2256 1122 2257 425 2257 1121 2257 1122 2258 1121 2258 283 2258 1122 2259 422 2259 425 2259 1122 2260 283 2260 289 2260 1123 2261 1122 2261 289 2261 1123 2262 421 2262 422 2262 1123 2263 422 2263 1122 2263 1123 2264 419 2264 421 2264 1123 2265 289 2265 284 2265 328 2266 269 2266 407 2266 65 2267 269 2267 328 2267 1126 2268 1124 2268 1125 2268 1126 2269 1220 2269 1124 2269 1126 2270 1125 2270 1127 2270 1129 2271 1126 2271 1127 2271 1129 2272 1127 2272 1128 2272 1129 2273 1128 2273 1130 2273 1131 2274 1129 2274 1130 2274 1131 2275 1130 2275 1132 2275 1133 2276 1131 2276 1132 2276 1133 2277 1132 2277 1134 2277 1135 2278 1133 2278 1134 2278 1135 2279 1134 2279 1136 2279 1137 2280 1136 2280 1138 2280 1137 2281 1135 2281 1136 2281 1139 2282 1137 2282 1138 2282 1139 2283 1138 2283 1140 2283 1142 2284 1139 2284 1140 2284 1142 2285 1140 2285 1141 2285 1142 2286 1141 2286 1143 2286 1144 2287 1142 2287 1143 2287 1144 2288 1143 2288 1145 2288 1146 2289 1144 2289 1145 2289 1147 2290 1145 2290 1148 2290 1147 2291 1146 2291 1145 2291 1147 2292 1148 2292 1150 2292 1149 2293 1147 2293 1150 2293 1151 2294 1150 2294 1152 2294 1151 2295 1149 2295 1150 2295 1153 2296 1151 2296 1152 2296 1153 2297 1152 2297 1154 2297 1155 2298 1153 2298 1154 2298 1155 2299 1154 2299 1156 2299 1157 2300 1155 2300 1156 2300 1157 2301 1156 2301 1158 2301 1159 2302 1157 2302 1158 2302 1159 2303 1158 2303 1161 2303 1160 2304 1159 2304 1161 2304 1162 2305 1160 2305 1161 2305 1162 2306 1161 2306 1163 2306 1162 2307 1163 2307 1164 2307 1165 2308 1162 2308 1164 2308 1165 2309 1164 2309 1166 2309 1167 2310 1165 2310 1166 2310 1167 2311 1166 2311 1168 2311 1169 2312 1167 2312 1168 2312 1170 2313 1168 2313 1171 2313 1170 2314 1169 2314 1168 2314 1170 2315 1171 2315 1172 2315 1173 2316 1170 2316 1172 2316 1174 2317 1172 2317 1175 2317 1174 2318 1173 2318 1172 2318 1174 2319 1175 2319 1177 2319 1176 2320 1174 2320 1177 2320 1178 2321 1177 2321 1179 2321 1178 2322 1176 2322 1177 2322 1178 2323 1179 2323 1180 2323 1181 2324 1178 2324 1180 2324 1181 2325 1180 2325 1124 2325 1220 2326 1181 2326 1124 2326 1182 2327 1183 2327 1187 2327 1182 2328 1187 2328 1189 2328 1184 2329 1187 2329 1183 2329 1185 2330 1187 2330 1184 2330 1186 2331 1182 2331 1189 2331 1190 2332 1186 2332 1189 2332 1188 2333 1187 2333 1185 2333 1191 2334 1190 2334 1189 2334 1188 2335 1192 2335 1187 2335 1191 2336 1189 2336 1198 2336 1194 2337 1191 2337 1198 2337 1193 2338 1192 2338 1188 2338 1195 2339 1194 2339 1198 2339 1196 2340 1192 2340 1193 2340 1198 2341 1197 2341 1195 2341 1192 2342 1196 2342 1199 2342 1198 2343 1200 2343 1197 2343 1248 2344 1192 2344 1199 2344 1198 2345 1202 2345 1200 2345 1248 2346 1199 2346 1201 2346 1248 2347 1201 2347 1203 2347 1248 2348 1202 2348 1198 2348 1248 2349 1204 2349 1202 2349 1248 2350 1203 2350 1204 2350 1220 2351 1178 2351 1181 2351 1205 2352 1178 2352 1220 2352 1205 2353 1176 2353 1178 2353 1206 2354 1176 2354 1205 2354 1206 2355 1174 2355 1176 2355 1206 2356 1173 2356 1174 2356 1173 2357 1206 2357 1170 2357 1206 2358 1207 2358 1170 2358 1170 2359 1207 2359 1169 2359 1169 2360 1207 2360 1167 2360 1207 2361 1209 2361 1167 2361 1155 2362 1208 2362 1153 2362 1153 2363 1208 2363 1151 2363 1167 2364 1209 2364 1165 2364 1155 2365 1210 2365 1208 2365 1165 2366 1209 2366 1162 2366 1157 2367 1210 2367 1155 2367 1159 2368 1210 2368 1157 2368 1162 2369 1209 2369 1160 2369 1209 2370 1210 2370 1160 2370 1160 2371 1210 2371 1159 2371 1211 2372 1222 2372 1212 2372 1213 2373 1211 2373 1212 2373 1214 2374 1213 2374 1212 2374 1215 2375 1214 2375 1216 2375 1218 2376 1215 2376 1216 2376 1218 2377 1216 2377 1217 2377 1218 2378 1217 2378 1219 2378 1220 2379 1218 2379 1219 2379 1220 2380 1219 2380 1221 2380 1211 2381 1151 2381 1222 2381 1151 2382 1208 2382 1222 2382 1205 2383 1220 2383 1221 2383 1205 2384 1221 2384 1223 2384 1206 2385 1205 2385 1223 2385 1207 2386 1223 2386 1224 2386 1207 2387 1206 2387 1223 2387 1209 2388 1207 2388 1224 2388 1209 2389 1224 2389 1225 2389 1210 2390 1209 2390 1225 2390 1210 2391 1225 2391 1226 2391 1208 2392 1226 2392 1222 2392 1208 2393 1210 2393 1226 2393 1228 2394 1227 2394 1219 2394 1228 2395 1219 2395 1217 2395 1229 2396 1221 2396 1219 2396 1229 2397 1219 2397 1227 2397 1230 2398 1217 2398 1216 2398 1230 2399 1228 2399 1217 2399 1232 2400 1230 2400 1216 2400 1231 2401 1221 2401 1229 2401 1234 2402 1216 2402 1214 2402 1234 2403 1232 2403 1216 2403 1233 2404 1221 2404 1231 2404 1234 2405 1214 2405 1212 2405 1235 2406 1234 2406 1212 2406 1236 2407 1221 2407 1233 2407 1236 2408 1223 2408 1221 2408 1237 2409 1223 2409 1236 2409 1212 2410 1238 2410 1235 2410 1224 2411 1223 2411 1237 2411 1224 2412 1237 2412 1239 2412 1222 2413 1244 2413 1240 2413 1222 2414 1240 2414 1241 2414 1222 2415 1241 2415 1238 2415 1222 2416 1238 2416 1212 2416 1224 2417 1239 2417 1242 2417 1225 2418 1224 2418 1242 2418 1222 2419 1245 2419 1243 2419 1222 2420 1243 2420 1244 2420 1226 2421 1245 2421 1222 2421 1226 2422 1246 2422 1245 2422 1225 2423 1242 2423 1246 2423 1225 2424 1246 2424 1226 2424 1220 2425 1129 2425 1218 2425 1218 2426 1129 2426 1131 2426 1131 2427 1133 2427 1218 2427 1218 2428 1133 2428 1215 2428 1220 2429 1126 2429 1129 2429 1133 2430 1135 2430 1215 2430 1135 2431 1137 2431 1215 2431 1215 2432 1137 2432 1214 2432 1137 2433 1139 2433 1214 2433 1214 2434 1142 2434 1213 2434 1139 2435 1142 2435 1214 2435 1142 2436 1144 2436 1213 2436 1146 2437 1213 2437 1144 2437 1146 2438 1211 2438 1213 2438 1147 2439 1211 2439 1146 2439 1149 2440 1211 2440 1147 2440 1149 2441 1151 2441 1211 2441 1125 2442 1124 2442 1198 2442 1198 2443 1127 2443 1125 2443 1198 2444 1128 2444 1127 2444 1189 2445 1130 2445 1128 2445 1189 2446 1128 2446 1198 2446 1189 2447 1132 2447 1130 2447 1189 2448 1134 2448 1132 2448 1189 2449 1136 2449 1134 2449 1189 2450 1138 2450 1136 2450 1189 2451 1140 2451 1138 2451 1247 2452 1141 2452 1140 2452 1247 2453 1140 2453 1189 2453 1247 2454 1189 2454 1187 2454 1247 2455 1143 2455 1141 2455 1247 2456 1145 2456 1143 2456 1247 2457 1148 2457 1145 2457 1247 2458 1150 2458 1148 2458 1247 2459 1152 2459 1150 2459 1247 2460 1154 2460 1152 2460 1247 2461 1187 2461 1192 2461 1247 2462 1156 2462 1154 2462 1247 2463 1158 2463 1156 2463 1192 2464 1158 2464 1247 2464 1192 2465 1161 2465 1158 2465 1192 2466 1163 2466 1161 2466 1192 2467 1164 2467 1163 2467 1192 2468 1166 2468 1164 2468 1192 2469 1168 2469 1166 2469 1192 2470 1171 2470 1168 2470 1248 2471 1172 2471 1171 2471 1248 2472 1171 2472 1192 2472 1248 2473 1175 2473 1172 2473 1248 2474 1177 2474 1175 2474 1248 2475 1179 2475 1177 2475 1248 2476 1180 2476 1179 2476 1248 2477 1124 2477 1180 2477 1248 2478 1198 2478 1124 2478 1200 2479 1202 2479 1231 2479 1231 2480 1202 2480 1233 2480 1202 2481 1204 2481 1233 2481 1233 2482 1204 2482 1236 2482 1236 2483 1203 2483 1237 2483 1204 2484 1203 2484 1236 2484 1237 2485 1203 2485 1239 2485 1203 2486 1201 2486 1239 2486 1239 2487 1201 2487 1242 2487 1201 2488 1199 2488 1242 2488 1242 2489 1196 2489 1246 2489 1199 2490 1196 2490 1242 2490 1246 2491 1193 2491 1245 2491 1196 2492 1193 2492 1246 2492 1245 2493 1193 2493 1243 2493 1193 2494 1188 2494 1243 2494 1243 2495 1188 2495 1244 2495 1188 2496 1185 2496 1244 2496 1244 2497 1185 2497 1240 2497 1185 2498 1184 2498 1240 2498 1240 2499 1184 2499 1241 2499 1184 2500 1183 2500 1241 2500 1241 2501 1183 2501 1238 2501 1238 2502 1182 2502 1235 2502 1183 2503 1182 2503 1238 2503 1182 2504 1186 2504 1235 2504 1235 2505 1186 2505 1234 2505 1186 2506 1190 2506 1234 2506 1234 2507 1190 2507 1232 2507 1190 2508 1191 2508 1232 2508 1232 2509 1191 2509 1230 2509 1191 2510 1194 2510 1230 2510 1230 2511 1194 2511 1228 2511 1194 2512 1195 2512 1228 2512 1228 2513 1195 2513 1227 2513 1195 2514 1197 2514 1227 2514 1227 2515 1197 2515 1229 2515 1229 2516 1200 2516 1231 2516 1197 2517 1200 2517 1229 2517 1250 2518 1249 2518 1252 2518 1252 2519 1251 2519 1256 2519 1249 2520 1251 2520 1252 2520 1250 2521 1253 2521 1249 2521 1251 2522 1254 2522 1256 2522 1250 2523 1255 2523 1253 2523 1253 2524 1255 2524 1254 2524 1254 2525 1255 2525 1256 2525 1272 2526 1271 2526 1257 2526 1258 2527 1272 2527 1257 2527 1258 2528 1257 2528 1259 2528 1258 2529 1259 2529 1260 2529 1272 2530 1252 2530 1256 2530 1258 2531 1252 2531 1272 2531 1261 2532 1258 2532 1260 2532 1261 2533 1260 2533 1262 2533 1261 2534 1252 2534 1258 2534 1261 2535 1262 2535 1263 2535 1267 2536 1261 2536 1263 2536 1261 2537 1250 2537 1252 2537 1267 2538 1263 2538 1264 2538 1267 2539 1250 2539 1261 2539 1267 2540 1264 2540 1265 2540 1267 2541 1265 2541 1266 2541 1270 2542 1267 2542 1266 2542 1270 2543 1266 2543 1268 2543 1267 2544 1255 2544 1250 2544 1270 2545 1268 2545 1269 2545 1270 2546 1255 2546 1267 2546 1272 2547 1270 2547 1269 2547 1272 2548 1269 2548 1271 2548 1272 2549 1255 2549 1270 2549 1272 2550 1256 2550 1255 2550 1257 2551 1273 2551 1274 2551 1257 2552 1271 2552 1273 2552 1257 2553 1274 2553 1275 2553 1259 2554 1257 2554 1275 2554 1259 2555 1275 2555 1276 2555 1260 2556 1259 2556 1276 2556 1260 2557 1276 2557 1277 2557 1260 2558 1277 2558 1278 2558 1262 2559 1260 2559 1278 2559 1262 2560 1278 2560 1279 2560 1263 2561 1262 2561 1279 2561 1264 2562 1263 2562 1279 2562 1264 2563 1279 2563 1280 2563 1264 2564 1280 2564 1281 2564 1265 2565 1264 2565 1281 2565 1265 2566 1281 2566 1282 2566 1266 2567 1265 2567 1282 2567 1266 2568 1282 2568 1283 2568 1268 2569 1266 2569 1283 2569 1268 2570 1283 2570 1284 2570 1269 2571 1268 2571 1284 2571 1269 2572 1284 2572 1273 2572 1271 2573 1269 2573 1273 2573 1286 2574 1287 2574 1249 2574 1249 2575 1287 2575 1251 2575 1251 2576 1287 2576 1254 2576 1287 2577 1288 2577 1254 2577 1254 2578 1288 2578 1253 2578 1288 2579 1286 2579 1253 2579 1253 2580 1286 2580 1249 2580 1288 2581 1287 2581 1286 2581 1285 2582 1274 2582 1273 2582 1285 2583 1275 2583 1274 2583 1285 2584 1276 2584 1275 2584 1285 2585 1277 2585 1276 2585 1285 2586 1278 2586 1277 2586 1285 2587 1279 2587 1278 2587 1285 2588 1280 2588 1279 2588 1285 2589 1281 2589 1280 2589 1285 2590 1282 2590 1281 2590 1285 2591 1283 2591 1282 2591 1285 2592 1284 2592 1283 2592 1285 2593 1273 2593 1284 2593 1296 2594 1303 2594 1298 2594 1298 2595 1303 2595 1297 2595 1300 2596 1298 2596 1297 2596 1299 2597 1303 2597 1296 2597 1300 2598 1297 2598 1301 2598 1302 2599 1300 2599 1301 2599 1303 2600 1304 2600 1301 2600 1307 2601 1306 2601 1312 2601 1305 2602 1306 2602 1307 2602 1307 2603 1308 2603 1305 2603 1328 2604 1308 2604 1307 2604 1306 2605 1309 2605 1312 2605 1328 2606 1310 2606 1308 2606 1328 2607 1294 2607 1310 2607 1311 2608 1312 2608 1309 2608 1294 2609 1312 2609 1310 2609 1310 2610 1312 2610 1311 2610 1302 2611 1301 2611 1313 2611 1302 2612 1313 2612 1314 2612 1300 2613 1314 2613 1315 2613 1300 2614 1302 2614 1314 2614 1298 2615 1300 2615 1315 2615 1298 2616 1315 2616 1316 2616 1296 2617 1316 2617 1317 2617 1296 2618 1298 2618 1316 2618 1296 2619 1317 2619 1318 2619 1299 2620 1296 2620 1318 2620 1299 2621 1318 2621 1319 2621 1303 2622 1299 2622 1319 2622 1303 2623 1319 2623 1320 2623 1304 2624 1303 2624 1320 2624 1304 2625 1320 2625 1321 2625 1301 2626 1304 2626 1321 2626 1301 2627 1321 2627 1313 2627 1322 2628 1323 2628 1310 2628 1310 2629 1323 2629 1308 2629 1323 2630 1324 2630 1308 2630 1308 2631 1324 2631 1305 2631 1324 2632 1325 2632 1305 2632 1305 2633 1325 2633 1306 2633 1325 2634 1326 2634 1306 2634 1306 2635 1326 2635 1309 2635 1326 2636 1327 2636 1309 2636 1309 2637 1327 2637 1311 2637 1327 2638 1322 2638 1311 2638 1311 2639 1322 2639 1310 2639 1324 2640 1326 2640 1325 2640 1323 2641 1322 2641 1327 2641 1323 2642 1327 2642 1326 2642 1323 2643 1326 2643 1324 2643 1290 2644 1307 2644 1312 2644 1312 2645 1289 2645 1290 2645 1312 2646 1295 2646 1289 2646 1312 2647 1294 2647 1295 2647 1328 2648 1293 2648 1294 2648 1328 2649 1292 2649 1293 2649 1291 2650 1328 2650 1307 2650 1328 2651 1291 2651 1292 2651 1307 2652 1297 2652 1291 2652 1307 2653 1290 2653 1297 2653 1301 2654 1297 2654 1290 2654 1289 2655 1301 2655 1290 2655 1301 2656 1289 2656 1295 2656 1301 2657 1295 2657 1294 2657 1303 2658 1301 2658 1294 2658 1303 2659 1294 2659 1293 2659 1303 2660 1293 2660 1292 2660 1303 2661 1292 2661 1291 2661 1297 2662 1303 2662 1291 2662 1329 2663 1314 2663 1313 2663 1329 2664 1315 2664 1314 2664 1329 2665 1316 2665 1315 2665 1329 2666 1317 2666 1316 2666 1329 2667 1318 2667 1317 2667 1329 2668 1319 2668 1318 2668 1329 2669 1320 2669 1319 2669 1329 2670 1321 2670 1320 2670 1329 2671 1313 2671 1321 2671 1338 2672 1339 2672 1337 2672 1341 2673 1339 2673 1338 2673 1339 2674 1341 2674 1343 2674 1339 2675 1342 2675 1340 2675 1339 2676 1343 2676 1342 2676 1345 2677 1344 2677 1352 2677 1344 2678 1346 2678 1352 2678 1345 2679 1347 2679 1344 2679 1348 2680 1347 2680 1345 2680 1346 2681 1349 2681 1352 2681 1348 2682 1350 2682 1347 2682 1351 2683 1352 2683 1349 2683 1348 2684 1352 2684 1350 2684 1350 2685 1352 2685 1351 2685 1340 2686 1361 2686 1353 2686 1340 2687 1353 2687 1354 2687 1339 2688 1340 2688 1354 2688 1339 2689 1354 2689 1355 2689 1337 2690 1339 2690 1355 2690 1337 2691 1355 2691 1356 2691 1338 2692 1356 2692 1357 2692 1338 2693 1337 2693 1356 2693 1338 2694 1357 2694 1358 2694 1341 2695 1338 2695 1358 2695 1341 2696 1358 2696 1359 2696 1343 2697 1341 2697 1359 2697 1343 2698 1359 2698 1360 2698 1342 2699 1343 2699 1360 2699 1342 2700 1360 2700 1361 2700 1340 2701 1342 2701 1361 2701 1362 2702 1363 2702 1350 2702 1350 2703 1363 2703 1347 2703 1363 2704 1364 2704 1347 2704 1347 2705 1364 2705 1344 2705 1364 2706 1365 2706 1344 2706 1344 2707 1365 2707 1346 2707 1365 2708 1366 2708 1346 2708 1346 2709 1366 2709 1349 2709 1366 2710 1367 2710 1349 2710 1349 2711 1367 2711 1351 2711 1367 2712 1362 2712 1351 2712 1351 2713 1362 2713 1350 2713 1364 2714 1366 2714 1365 2714 1363 2715 1362 2715 1367 2715 1363 2716 1367 2716 1366 2716 1363 2717 1366 2717 1364 2717 1352 2718 1330 2718 1331 2718 1352 2719 1336 2719 1330 2719 1335 2720 1336 2720 1352 2720 1348 2721 1335 2721 1352 2721 1348 2722 1334 2722 1335 2722 1348 2723 1333 2723 1334 2723 1345 2724 1333 2724 1348 2724 1345 2725 1332 2725 1333 2725 1345 2726 1369 2726 1332 2726 1352 2727 1369 2727 1345 2727 1352 2728 1331 2728 1369 2728 1330 2729 1339 2729 1331 2729 1336 2730 1339 2730 1330 2730 1368 2731 1339 2731 1336 2731 1368 2732 1336 2732 1335 2732 1368 2733 1335 2733 1334 2733 1368 2734 1334 2734 1333 2734 1369 2735 1368 2735 1333 2735 1369 2736 1333 2736 1332 2736 1369 2737 1339 2737 1368 2737 1339 2738 1369 2738 1331 2738 1370 2739 1353 2739 1361 2739 1370 2740 1354 2740 1353 2740 1370 2741 1355 2741 1354 2741 1370 2742 1356 2742 1355 2742 1370 2743 1357 2743 1356 2743 1370 2744 1358 2744 1357 2744 1370 2745 1359 2745 1358 2745 1370 2746 1360 2746 1359 2746 1370 2747 1361 2747 1360 2747 1381 2748 1379 2748 1378 2748 1382 2749 1380 2749 1379 2749 1382 2750 1379 2750 1384 2750 1384 2751 1383 2751 1382 2751 1379 2752 1381 2752 1385 2752 1409 2753 1379 2753 1385 2753 1384 2754 1386 2754 1383 2754 1409 2755 1386 2755 1384 2755 1408 2756 1388 2756 1393 2756 1387 2757 1388 2757 1408 2757 1408 2758 1389 2758 1387 2758 1388 2759 1390 2759 1393 2759 1408 2760 1391 2760 1389 2760 1392 2761 1393 2761 1390 2761 1392 2762 1408 2762 1393 2762 1391 2763 1408 2763 1392 2763 1382 2764 1383 2764 1394 2764 1382 2765 1394 2765 1395 2765 1380 2766 1382 2766 1395 2766 1380 2767 1395 2767 1396 2767 1379 2768 1380 2768 1396 2768 1378 2769 1396 2769 1397 2769 1378 2770 1379 2770 1396 2770 1378 2771 1397 2771 1398 2771 1381 2772 1378 2772 1398 2772 1381 2773 1398 2773 1399 2773 1385 2774 1381 2774 1399 2774 1385 2775 1399 2775 1400 2775 1409 2776 1385 2776 1400 2776 1409 2777 1400 2777 1401 2777 1386 2778 1409 2778 1401 2778 1386 2779 1401 2779 1394 2779 1383 2780 1386 2780 1394 2780 1402 2781 1403 2781 1391 2781 1391 2782 1403 2782 1389 2782 1403 2783 1404 2783 1389 2783 1389 2784 1404 2784 1387 2784 1404 2785 1405 2785 1387 2785 1387 2786 1405 2786 1388 2786 1405 2787 1406 2787 1388 2787 1388 2788 1406 2788 1390 2788 1406 2789 1407 2789 1390 2789 1390 2790 1407 2790 1392 2790 1407 2791 1402 2791 1392 2791 1392 2792 1402 2792 1391 2792 1403 2793 1402 2793 1407 2793 1403 2794 1407 2794 1406 2794 1403 2795 1406 2795 1405 2795 1403 2796 1405 2796 1404 2796 1393 2797 1372 2797 1408 2797 1393 2798 1371 2798 1372 2798 1408 2799 1377 2799 1371 2799 1408 2800 1371 2800 1393 2800 1408 2801 1376 2801 1377 2801 1408 2802 1375 2802 1376 2802 1408 2803 1374 2803 1375 2803 1408 2804 1373 2804 1374 2804 1408 2805 1372 2805 1373 2805 1384 2806 1372 2806 1371 2806 1384 2807 1371 2807 1377 2807 1409 2808 1384 2808 1377 2808 1409 2809 1377 2809 1376 2809 1409 2810 1376 2810 1375 2810 1374 2811 1409 2811 1375 2811 1374 2812 1379 2812 1409 2812 1373 2813 1379 2813 1374 2813 1384 2814 1379 2814 1373 2814 1384 2815 1373 2815 1372 2815 1410 2816 1395 2816 1394 2816 1410 2817 1396 2817 1395 2817 1410 2818 1397 2818 1396 2818 1410 2819 1398 2819 1397 2819 1410 2820 1399 2820 1398 2820 1410 2821 1400 2821 1399 2821 1410 2822 1401 2822 1400 2822 1410 2823 1394 2823 1401 2823 1417 2824 1420 2824 1416 2824 1418 2825 1416 2825 1420 2825 1419 2826 1420 2826 1417 2826 1421 2827 1418 2827 1420 2827 1422 2828 1420 2828 1419 2828 1420 2829 1422 2829 1424 2829 1420 2830 1423 2830 1421 2830 1420 2831 1425 2831 1423 2831 1420 2832 1424 2832 1425 2832 1426 2833 1427 2833 1447 2833 1447 2834 1428 2834 1426 2834 1427 2835 1429 2835 1447 2835 1447 2836 1430 2836 1428 2836 1421 2837 1423 2837 1431 2837 1421 2838 1431 2838 1432 2838 1418 2839 1421 2839 1432 2839 1418 2840 1432 2840 1433 2840 1418 2841 1433 2841 1434 2841 1416 2842 1418 2842 1434 2842 1417 2843 1434 2843 1435 2843 1417 2844 1416 2844 1434 2844 1419 2845 1417 2845 1435 2845 1419 2846 1435 2846 1436 2846 1422 2847 1419 2847 1436 2847 1422 2848 1436 2848 1437 2848 1422 2849 1437 2849 1438 2849 1424 2850 1422 2850 1438 2850 1425 2851 1438 2851 1439 2851 1425 2852 1424 2852 1438 2852 1423 2853 1439 2853 1431 2853 1423 2854 1425 2854 1439 2854 1441 2855 1442 2855 1430 2855 1430 2856 1442 2856 1428 2856 1442 2857 1443 2857 1428 2857 1428 2858 1443 2858 1426 2858 1443 2859 1444 2859 1426 2859 1426 2860 1444 2860 1427 2860 1444 2861 1445 2861 1427 2861 1427 2862 1445 2862 1429 2862 1445 2863 1446 2863 1429 2863 1429 2864 1446 2864 1447 2864 1446 2865 1441 2865 1447 2865 1447 2866 1441 2866 1430 2866 1443 2867 1445 2867 1444 2867 1442 2868 1441 2868 1446 2868 1442 2869 1446 2869 1445 2869 1442 2870 1445 2870 1443 2870 1447 2871 1411 2871 1448 2871 1447 2872 1415 2872 1411 2872 1447 2873 1414 2873 1415 2873 1447 2874 1413 2874 1414 2874 1450 2875 1413 2875 1447 2875 1412 2876 1450 2876 1447 2876 1448 2877 1412 2877 1447 2877 1448 2878 1451 2878 1412 2878 1449 2879 1420 2879 1448 2879 1449 2880 1448 2880 1411 2880 1449 2881 1411 2881 1415 2881 1449 2882 1415 2882 1414 2882 1449 2883 1414 2883 1413 2883 1420 2884 1449 2884 1413 2884 1420 2885 1413 2885 1450 2885 1420 2886 1450 2886 1412 2886 1420 2887 1412 2887 1451 2887 1448 2888 1420 2888 1451 2888 1440 2889 1432 2889 1431 2889 1440 2890 1433 2890 1432 2890 1440 2891 1434 2891 1433 2891 1440 2892 1435 2892 1434 2892 1440 2893 1436 2893 1435 2893 1440 2894 1437 2894 1436 2894 1440 2895 1438 2895 1437 2895 1440 2896 1439 2896 1438 2896 1440 2897 1431 2897 1439 2897 1459 2898 1489 2898 1458 2898 1460 2899 1458 2899 1489 2899 1461 2900 1489 2900 1459 2900 1462 2901 1460 2901 1489 2901 1463 2902 1489 2902 1461 2902 1489 2903 1463 2903 1464 2903 1489 2904 1465 2904 1462 2904 1489 2905 1464 2905 1466 2905 1489 2906 1466 2906 1465 2906 1467 2907 1468 2907 1472 2907 1472 2908 1469 2908 1467 2908 1468 2909 1470 2909 1472 2909 1472 2910 1471 2910 1469 2910 1462 2911 1473 2911 1474 2911 1462 2912 1465 2912 1473 2912 1460 2913 1474 2913 1475 2913 1460 2914 1462 2914 1474 2914 1458 2915 1460 2915 1475 2915 1458 2916 1475 2916 1476 2916 1459 2917 1458 2917 1476 2917 1459 2918 1476 2918 1477 2918 1461 2919 1459 2919 1477 2919 1461 2920 1477 2920 1478 2920 1463 2921 1461 2921 1478 2921 1463 2922 1478 2922 1479 2922 1464 2923 1463 2923 1479 2923 1464 2924 1479 2924 1480 2924 1466 2925 1464 2925 1480 2925 1466 2926 1480 2926 1473 2926 1465 2927 1466 2927 1473 2927 1481 2928 1482 2928 1471 2928 1471 2929 1482 2929 1469 2929 1482 2930 1483 2930 1469 2930 1469 2931 1483 2931 1467 2931 1483 2932 1484 2932 1467 2932 1467 2933 1484 2933 1468 2933 1484 2934 1485 2934 1468 2934 1468 2935 1485 2935 1470 2935 1485 2936 1486 2936 1470 2936 1470 2937 1486 2937 1472 2937 1486 2938 1481 2938 1472 2938 1472 2939 1481 2939 1471 2939 1481 2940 1486 2940 1485 2940 1481 2941 1485 2941 1484 2941 1482 2942 1484 2942 1483 2942 1482 2943 1481 2943 1484 2943 1488 2944 1452 2944 1472 2944 1487 2945 1488 2945 1472 2945 1472 2946 1457 2946 1487 2946 1472 2947 1456 2947 1457 2947 1472 2948 1455 2948 1456 2948 1472 2949 1454 2949 1455 2949 1472 2950 1453 2950 1454 2950 1472 2951 1452 2951 1453 2951 1489 2952 1452 2952 1488 2952 1489 2953 1488 2953 1487 2953 1489 2954 1487 2954 1457 2954 1489 2955 1457 2955 1456 2955 1489 2956 1456 2956 1455 2956 1489 2957 1455 2957 1454 2957 1489 2958 1454 2958 1453 2958 1489 2959 1453 2959 1452 2959 1490 2960 1474 2960 1473 2960 1490 2961 1475 2961 1474 2961 1490 2962 1476 2962 1475 2962 1490 2963 1477 2963 1476 2963 1490 2964 1478 2964 1477 2964 1490 2965 1479 2965 1478 2965 1490 2966 1480 2966 1479 2966 1490 2967 1473 2967 1480 2967 1499 2968 1504 2968 1498 2968 1500 2969 1498 2969 1504 2969 1502 2970 1504 2970 1499 2970 1501 2971 1500 2971 1504 2971 1504 2972 1502 2972 1503 2972 1504 2973 1505 2973 1501 2973 1504 2974 1503 2974 1506 2974 1504 2975 1506 2975 1505 2975 1507 2976 1508 2976 1509 2976 1509 2977 1510 2977 1507 2977 1508 2978 1511 2978 1509 2978 1509 2979 1512 2979 1510 2979 1513 2980 1509 2980 1511 2980 1512 2981 1509 2981 1513 2981 1501 2982 1505 2982 1514 2982 1500 2983 1514 2983 1515 2983 1500 2984 1501 2984 1514 2984 1500 2985 1515 2985 1516 2985 1498 2986 1500 2986 1516 2986 1498 2987 1516 2987 1517 2987 1499 2988 1498 2988 1517 2988 1502 2989 1499 2989 1517 2989 1502 2990 1517 2990 1518 2990 1503 2991 1502 2991 1518 2991 1503 2992 1518 2992 1519 2992 1506 2993 1503 2993 1519 2993 1506 2994 1519 2994 1520 2994 1505 2995 1506 2995 1520 2995 1505 2996 1520 2996 1514 2996 1521 2997 1522 2997 1512 2997 1512 2998 1522 2998 1510 2998 1522 2999 1523 2999 1510 2999 1510 3000 1523 3000 1507 3000 1523 3001 1524 3001 1507 3001 1507 3002 1524 3002 1508 3002 1524 3003 1525 3003 1508 3003 1508 3004 1525 3004 1511 3004 1525 3005 1526 3005 1511 3005 1511 3006 1526 3006 1513 3006 1526 3007 1521 3007 1513 3007 1513 3008 1521 3008 1512 3008 1521 3009 1526 3009 1525 3009 1522 3010 1525 3010 1524 3010 1522 3011 1524 3011 1523 3011 1522 3012 1521 3012 1525 3012 1528 3013 1492 3013 1493 3013 1528 3014 1491 3014 1492 3014 1491 3015 1528 3015 1509 3015 1497 3016 1491 3016 1509 3016 1527 3017 1497 3017 1509 3017 1496 3018 1527 3018 1509 3018 1495 3019 1496 3019 1509 3019 1528 3020 1495 3020 1509 3020 1528 3021 1494 3021 1495 3021 1528 3022 1493 3022 1494 3022 1529 3023 1493 3023 1492 3023 1529 3024 1492 3024 1491 3024 1504 3025 1529 3025 1491 3025 1504 3026 1491 3026 1497 3026 1504 3027 1497 3027 1527 3027 1504 3028 1527 3028 1496 3028 1504 3029 1496 3029 1495 3029 1529 3030 1504 3030 1495 3030 1529 3031 1495 3031 1494 3031 1529 3032 1494 3032 1493 3032 1530 3033 1515 3033 1514 3033 1530 3034 1516 3034 1515 3034 1530 3035 1517 3035 1516 3035 1530 3036 1518 3036 1517 3036 1530 3037 1519 3037 1518 3037 1530 3038 1520 3038 1519 3038 1530 3039 1514 3039 1520 3039 1535 3040 1532 3040 1540 3040 1535 3041 1533 3041 1532 3041 1535 3042 1534 3042 1533 3042 1535 3043 1536 3043 1534 3043 1531 3044 1536 3044 1535 3044 1531 3045 1537 3045 1536 3045 1531 3046 1538 3046 1537 3046 1535 3047 1538 3047 1531 3047 1535 3048 1539 3048 1538 3048 1535 3049 1540 3049 1539 3049 1541 3050 1536 3050 1537 3050 1541 3051 1534 3051 1536 3051 1541 3052 1533 3052 1534 3052 1541 3053 1532 3053 1533 3053 1541 3054 1540 3054 1532 3054 1541 3055 1539 3055 1540 3055 1541 3056 1538 3056 1539 3056 1541 3057 1537 3057 1538 3057 1543 3058 1549 3058 1546 3058 1543 3059 1542 3059 1549 3059 1543 3060 1548 3060 1542 3060 1543 3061 1547 3061 1548 3061 1544 3062 1547 3062 1543 3062 1543 3063 1545 3063 1544 3063 1543 3064 1546 3064 1545 3064 1550 3065 1548 3065 1547 3065 1550 3066 1542 3066 1548 3066 1550 3067 1549 3067 1542 3067 1550 3068 1546 3068 1549 3068 1550 3069 1545 3069 1546 3069 1550 3070 1544 3070 1545 3070 1550 3071 1547 3071 1544 3071 1554 3072 1551 3072 1555 3072 1554 3073 1557 3073 1551 3073 1554 3074 1552 3074 1557 3074 1554 3075 1553 3075 1552 3075 1554 3076 1556 3076 1553 3076 1554 3077 1555 3077 1556 3077 1558 3078 1552 3078 1553 3078 1558 3079 1557 3079 1552 3079 1558 3080 1551 3080 1557 3080 1558 3081 1555 3081 1551 3081 1558 3082 1556 3082 1555 3082 1558 3083 1553 3083 1556 3083 1560 3084 1564 3084 1559 3084 1567 3085 1565 3085 1573 3085 1569 3086 1567 3086 1573 3086 1569 3087 1573 3087 1570 3087 1571 3088 1569 3088 1570 3088 1571 3089 1570 3089 1572 3089 1562 3090 1564 3090 1563 3090 1563 3091 1566 3091 1559 3091 1564 3092 1566 3092 1563 3092 1559 3093 1566 3093 1568 3093 1567 3094 1569 3094 1570 3094 1569 3095 1571 3095 1570 3095 1571 3096 1572 3096 1570 3096 1568 3097 1561 3097 1560 3097 1568 3098 1560 3098 1559 3098 1563 3099 1559 3099 1564 3099 1563 3100 1564 3100 1562 3100 1561 3101 1568 3101 1560 3101 1568 3102 1566 3102 1560 3102 1565 3103 1567 3103 1573 3103 1570 3104 1573 3104 1567 3104 1564 3105 1560 3105 1566 3105 1588 3106 1579 3106 1574 3106 1575 3107 1588 3107 1574 3107 1588 3108 1581 3108 1579 3108 1589 3109 1581 3109 1588 3109 1582 3110 1586 3110 1576 3110 1583 3111 1586 3111 1582 3111 1583 3112 1590 3112 1586 3112 1584 3113 1590 3113 1583 3113 1584 3114 1578 3114 1590 3114 1590 3115 1583 3115 1582 3115 1577 3116 1585 3116 1578 3116 1590 3117 1584 3117 1583 3117 1585 3118 1584 3118 1590 3118 1580 3119 1576 3119 1575 3119 1580 3120 1575 3120 1574 3120 1587 3121 1580 3121 1574 3121 1579 3122 1587 3122 1574 3122 1585 3123 1577 3123 1578 3123 1585 3124 1578 3124 1584 3124 1590 3125 1582 3125 1586 3125 1582 3126 1576 3126 1586 3126 1576 3127 1580 3127 1575 3127 1575 3128 1580 3128 1587 3128 1587 3129 1579 3129 1588 3129 1579 3130 1581 3130 1588 3130 1588 3131 1581 3131 1589 3131 1578 3132 1585 3132 1590 3132 1588 3133 1575 3133 1587 3133</p>
                </triangles>
            </mesh>
        </geometry>
    </library_geometries>
    <library_visual_scenes>
        <visual_scene id="VisualSceneNode" name="VisualScene">
            <node id="node" name="node">
                <instance_geometry url="#shape0-lib"/>
            </node>
        </visual_scene>
    </library_visual_scenes>
    <scene>
        <instance_visual_scene url="#VisualSceneNode"/>
    </scene>
</COLLADA>
