<?xml version="1.0" encoding="UTF-8"?>
<COLLADA xmlns="http://www.collada.org/2005/11/COLLADASchema" version="1.4.1">
    <asset>
        <contributor>
            <author>VCGLab</author>
            <authoring_tool>VCGLib | MeshLab</authoring_tool>
        </contributor>
        <created>화 8 26 09:00:31 2025 GMT</created>
        <modified>화 8 26 09:00:31 2025 GMT</modified>
        <up_axis>Y_UP</up_axis>
    </asset>
    <library_geometries>
        <geometry id="shape0-lib" name="shape0">
            <mesh>
                <source id="shape0-lib-positions" name="position">
                    <float_array id="shape0-lib-positions-array" count="8436">0.00599254 -0.000299075 0.0205 0.006 3.55271e-18 0.1725 0.00599254 -0.000299075 0.1725 0.006 2.04281e-17 0.0205 0.00597019 -0.000597407 0.0205 0.00597019 -0.000597407 0.1725 0.00593298 -0.000894254 0.0205 0.00593298 -0.000894254 0.1725 0.00588103 -0.00118888 0.0205 0.00588103 -0.00118888 0.1725 0.00581446 -0.00148054 0.0205 0.00581446 -0.00148054 0.1725 0.00573344 -0.00176853 0.0205 0.00573344 -0.00176853 0.1725 0.00563816 -0.00205212 0.0205 0.00563816 -0.00205212 0.1725 0.00552886 -0.00233061 0.0205 0.00552886 -0.00233061 0.1725 0.00540581 -0.0026033 0.0205 0.00540581 -0.0026033 0.1725 0.00526933 -0.00286952 0.0205 0.00526933 -0.00286952 0.1725 0.00511975 -0.00312861 0.0205 0.00511975 -0.00312861 0.1725 0.00495743 -0.00337992 0.0205 0.00495743 -0.00337992 0.1725 0.00478279 -0.00362283 0.0205 0.00478279 -0.00362283 0.1725 0.00459627 -0.00385673 0.0205 0.00459627 -0.00385673 0.1725 0.00439831 -0.00408104 0.0205 0.00439831 -0.00408104 0.1725 0.00418942 -0.0042952 0.0205 0.00418942 -0.0042952 0.1725 0.00397011 -0.00449869 0.0205 0.00397011 -0.00449869 0.1725 0.00374094 -0.00469099 0.0205 0.00374094 -0.00469099 0.1725 0.00350246 -0.00487163 0.0205 0.00350246 -0.00487163 0.1725 0.00325528 -0.00504015 0.0205 0.00325528 -0.00504015 0.1725 0.003 -0.00519615 0.0205 0.003 -0.00519615 0.1725 0.00273726 -0.00533923 0.0205 0.00273726 -0.00533923 0.1725 0.00246772 -0.00546903 0.0205 0.00246772 -0.00546903 0.1725 0.00219205 -0.00558524 0.0205 0.00219205 -0.00558524 0.1725 0.00191092 -0.00568756 0.0205 0.00191092 -0.00568756 0.1725 0.00162504 -0.00577575 0.0205 0.00162504 -0.00577575 0.1725 0.00133513 -0.00584957 0.0205 0.00133513 -0.00584957 0.1725 0.00104189 -0.00590885 0.0205 0.00104189 -0.00590885 0.1725 0.000746062 -0.00595343 0.0205 0.000746062 -0.00595343 0.1725 0.000448381 -0.00598322 0.0205 0.000448381 -0.00598322 0.1725 0.000149584 -0.00599814 0.0205 0.000149584 -0.00599814 0.1725 -0.000149584 -0.00599814 0.0205 -0.000149584 -0.00599814 0.1725 -0.000448381 -0.00598322 0.0205 -0.000448381 -0.00598322 0.1725 -0.000746062 -0.00595343 0.0205 -0.000746062 -0.00595343 0.1725 -0.00104189 -0.00590885 0.0205 -0.00104189 -0.00590885 0.1725 -0.00133513 -0.00584957 0.0205 -0.00133513 -0.00584957 0.1725 -0.00162504 -0.00577575 0.0205 -0.00162504 -0.00577575 0.1725 -0.00191092 -0.00568756 0.0205 -0.00191092 -0.00568756 0.1725 -0.00219205 -0.00558524 0.0205 -0.00219205 -0.00558524 0.1725 -0.00246772 -0.00546903 0.0205 -0.00246772 -0.00546903 0.1725 -0.00273726 -0.00533923 0.0205 -0.00273726 -0.00533923 0.1725 -0.003 -0.00519615 0.0205 -0.003 -0.00519615 0.1725 -0.00325528 -0.00504015 0.0205 -0.00325528 -0.00504015 0.1725 -0.00350246 -0.00487163 0.0205 -0.00350246 -0.00487163 0.1725 -0.00374094 -0.00469099 0.0205 -0.00374094 -0.00469099 0.1725 -0.00397011 -0.00449869 0.0205 -0.00397011 -0.00449869 0.1725 -0.00418942 -0.0042952 0.0205 -0.00418942 -0.0042952 0.1725 -0.00439831 -0.00408104 0.0205 -0.00439831 -0.00408104 0.1725 -0.00459627 -0.00385673 0.0205 -0.00459627 -0.00385673 0.1725 -0.00478279 -0.00362283 0.0205 -0.00478279 -0.00362283 0.1725 -0.00495743 -0.00337992 0.0205 -0.00495743 -0.00337992 0.1725 -0.00511975 -0.00312861 0.0205 -0.00511975 -0.00312861 0.1725 -0.00526933 -0.00286952 0.0205 -0.00526933 -0.00286952 0.1725 -0.00540581 -0.0026033 0.0205 -0.00540581 -0.0026033 0.1725 -0.00552886 -0.00233061 0.0205 -0.00552886 -0.00233061 0.1725 -0.00563816 -0.00205212 0.0205 -0.00563816 -0.00205212 0.1725 -0.00573344 -0.00176853 0.0205 -0.00573344 -0.00176853 0.1725 -0.00581446 -0.00148054 0.0205 -0.00581446 -0.00148054 0.1725 -0.00588103 -0.00118888 0.0205 -0.00588103 -0.00118888 0.1725 -0.00593298 -0.000894254 0.0205 -0.00593298 -0.000894254 0.1725 -0.00597019 -0.000597407 0.0205 -0.00597019 -0.000597407 0.1725 -0.00599254 -0.000299075 0.0205 -0.00599254 -0.000299075 0.1725 -0.006 1.5339e-19 0.1725 -0.006 -2.41342e-17 0.0205 -0.00599254 0.000299075 0.0205 -0.00599254 0.000299075 0.1725 -0.00597019 0.000597407 0.1725 -0.00597019 0.000597407 0.0205 -0.00593298 0.000894254 0.0205 -0.00593298 0.000894254 0.1725 -0.00588103 0.00118888 0.1725 -0.00588103 0.00118888 0.0205 -0.00581446 0.00148054 0.0205 -0.00581446 0.00148054 0.1725 -0.00573344 0.00176853 0.1725 -0.00573344 0.00176853 0.0205 -0.00563816 0.00205212 0.0205 -0.00563816 0.00205212 0.1725 -0.00552886 0.00233061 0.0205 -0.00552886 0.00233061 0.1725 -0.00540581 0.0026033 0.0205 -0.00540581 0.0026033 0.1725 -0.00526933 0.00286952 0.1725 -0.00526933 0.00286952 0.0205 -0.00511975 0.00312861 0.0205 -0.00511975 0.00312861 0.1725 -0.00495743 0.00337992 0.0205 -0.00495743 0.00337992 0.1725 -0.00478279 0.00362283 0.0205 -0.00478279 0.00362283 0.1725 -0.00459627 0.00385673 0.0205 -0.00459627 0.00385673 0.1725 -0.00439831 0.00408104 0.0205 -0.00439831 0.00408104 0.1725 -0.00418942 0.0042952 0.1725 -0.00418942 0.0042952 0.0205 -0.00397011 0.00449869 0.0205 -0.00397011 0.00449869 0.1725 -0.00374094 0.00469099 0.1725 -0.00374094 0.00469099 0.0205 -0.00350246 0.00487163 0.0205 -0.00350246 0.00487163 0.1725 -0.00325528 0.00504015 0.1725 -0.00325528 0.00504015 0.0205 -0.003 0.00519615 0.0205 -0.003 0.00519615 0.1725 -0.00273726 0.00533923 0.0205 -0.00273726 0.00533923 0.1725 -0.00246772 0.00546903 0.0205 -0.00246772 0.00546903 0.1725 -0.00219205 0.00558524 0.0205 -0.00219205 0.00558524 0.1725 -0.00191092 0.00568756 0.0205 -0.00191092 0.00568756 0.1725 -0.00162504 0.00577575 0.0205 -0.00162504 0.00577575 0.1725 -0.00133513 0.00584957 0.0205 -0.00133513 0.00584957 0.1725 -0.00104189 0.00590885 0.0205 -0.00104189 0.00590885 0.1725 -0.000746062 0.00595343 0.0205 -0.000746062 0.00595343 0.1725 -0.000448381 0.00598322 0.1725 -0.000448381 0.00598322 0.0205 -0.000149584 0.00599814 0.0205 -0.000149584 0.00599814 0.1725 0.000149584 0.00599814 0.0205 0.000149584 0.00599814 0.1725 0.000448381 0.00598322 0.0205 0.000448381 0.00598322 0.1725 0.000746062 0.00595343 0.0205 0.000746062 0.00595343 0.1725 0.00104189 0.00590885 0.0205 0.00104189 0.00590885 0.1725 0.00133513 0.00584957 0.0205 0.00133513 0.00584957 0.1725 0.00162504 0.00577575 0.0205 0.00162504 0.00577575 0.1725 0.00191092 0.00568756 0.0205 0.00191092 0.00568756 0.1725 0.00219205 0.00558524 0.0205 0.00219205 0.00558524 0.1725 0.00246772 0.00546903 0.0205 0.00246772 0.00546903 0.1725 0.00273726 0.00533923 0.0205 0.00273726 0.00533923 0.1725 0.003 0.00519615 0.1725 0.003 0.00519615 0.0205 0.00325528 0.00504015 0.0205 0.00325528 0.00504015 0.1725 0.00350246 0.00487163 0.0205 0.00350246 0.00487163 0.1725 0.00374094 0.00469099 0.0205 0.00374094 0.00469099 0.1725 0.00397011 0.00449869 0.0205 0.00397011 0.00449869 0.1725 0.00418942 0.0042952 0.0205 0.00418942 0.0042952 0.1725 0.00439831 0.00408104 0.0205 0.00439831 0.00408104 0.1725 0.00459627 0.00385673 0.0205 0.00459627 0.00385673 0.1725 0.00478279 0.00362283 0.1725 0.00478279 0.00362283 0.0205 0.00495743 0.00337992 0.0205 0.00495743 0.00337992 0.1725 0.00511975 0.00312861 0.0205 0.00511975 0.00312861 0.1725 0.00526933 0.00286952 0.0205 0.00526933 0.00286952 0.1725 0.00540581 0.0026033 0.1725 0.00540581 0.0026033 0.0205 0.00552886 0.00233061 0.0205 0.00552886 0.00233061 0.1725 0.00563816 0.00205212 0.0205 0.00563816 0.00205212 0.1725 0.00573344 0.00176853 0.0205 0.00573344 0.00176853 0.1725 0.00581446 0.00148054 0.1725 0.00581446 0.00148054 0.0205 0.00588103 0.00118888 0.0205 0.00588103 0.00118888 0.1725 0.00593298 0.000894254 0.0205 0.00593298 0.000894254 0.1725 0.00597019 0.000597407 0.0205 0.00597019 0.000597407 0.1725 0.00599254 0.000299075 0.0205 0.00599254 0.000299075 0.1725 -0.00231187 -0.0024916 0.173 -0.00254846 -0.00224903 0.173 -0.0020523 -0.00270941 0.173 -0.00275973 -0.00198411 0.173 -0.00177233 -0.00290029 0.173 -0.00294357 -0.00169947 0.173 -0.00489296 -0.00240246 0.173 -0.00155112 -0.00302556 0.173 -0.00309816 -0.00139794 0.173 -0.00132027 -0.00313205 0.173 -0.00264686 -0.00473406 0.173 -0.00322195 -0.00108252 0.173 -0.00100186 -0.00324794 0.173 -0.0053483 0.000323125 0.173 -0.000673487 -0.00333155 0.173 -0.00332108 -0.000714598 0.173 -0.000211595 -0.0033905 0.173 -0.0033905 -0.000211634 0.173 -0.000206679 -0.00537725 0.173 8.47644e-05 -0.00339894 0.173 -0.00338417 0.000296057 0.173 0.000338425 -0.00338205 0.173 0.000797173 -0.00330224 0.173 -0.00331372 0.000756336 0.173 -0.00322195 0.00108252 0.173 0.00116251 -0.00319396 0.173 0.00147475 -0.00306234 0.173 -0.00304205 0.001512 0.173 -0.00424476 0.0034384 0.173 0.00180735 -0.00287641 0.173 0.00247891 -0.00486467 0.173 -0.0028552 0.00184408 0.173 -0.0026574 0.00211921 0.173 0.00221587 -0.00257491 0.173 -0.00243319 0.00237327 0.173 0.00249238 -0.00231259 0.173 -0.00215101 0.00262933 0.173 0.00454909 -0.002955 0.173 0.00273331 -0.00201725 0.173 0.00290119 -0.00177288 0.173 0.00302462 -0.00155063 0.173 -0.00177233 0.00290029 0.173 -0.00143569 0.0030788 0.173 0.00313302 -0.00132068 0.173 -0.00212358 0.00501848 0.173 -0.00100186 0.00324794 0.173 0.00325841 -0.000960747 0.173 -0.000756571 0.00331475 0.173 -0.000590404 0.00334835 0.173 -0.000296096 0.00338417 0.173 0.00541194 -0.000806978 0.172969 -0.000289952 0.00547185 0.173 0.00336521 -0.000464376 0.173 0.00339683 -4.2369e-05 0.173 0.000169423 0.00339472 0.173 0.00337256 0.000422637 0.173 0.000506586 0.00336098 0.173 0.00331372 0.000756336 0.173 0.000960785 0.0032584 0.173 0.00324895 0.00100217 0.173 0.00147707 0.00523143 0.173 0.00124216 0.00316497 0.173 0.00311364 0.00135849 0.173 0.00147475 0.00306234 0.173 0.0017 0.00294449 0.173 0.00294357 0.00169947 0.173 0.00194848 0.00278275 0.173 0.00482408 0.00244413 0.172984 0.00224973 0.00254926 0.173 0.00268214 0.00208479 0.173 0.00243319 0.00237327 0.173 0.0033732 0.00431142 0.173 -0.00412157 -0.0036147 0.02 -0.00254846 -0.00224903 0.02 -0.00231187 -0.0024916 0.02 -0.00211987 -0.00265823 0.02 -0.00198473 -0.00276059 0.02 -0.00275973 -0.00198411 0.02 -0.00184466 -0.00285609 0.02 -0.00290119 -0.00177288 0.02 -0.00151197 -0.00304207 0.02 -0.00307882 -0.00143566 0.02 -0.00260426 -0.0048017 0.02 -0.00322195 -0.00108252 0.02 -0.00116251 -0.00319396 0.02 -0.000797173 -0.00330224 0.02 -0.00329486 -0.000838975 0.02 -0.00333259 -0.000673697 0.02 -0.00125464 -0.00534369 0.02 -0.00520281 -0.00156054 0.02 -0.00336202 -0.000506744 0.02 -0.000338425 -0.00338205 0.02 -0.00338944 -0.000254003 0.02 -0.00339789 8.4738e-05 0.02 0.000127041 -0.00339472 0.02 4.16808e-05 -0.00546249 0.02 -0.00337256 0.000422637 0.02 0.000506586 -0.00336098 0.02 0.000756571 -0.00331475 0.02 -0.00331372 0.000756336 0.02 0.00100186 -0.00324794 0.02 0.00329989 -0.00414852 0.02 -0.00322195 0.00108252 0.02 0.00135845 -0.00311366 0.02 -0.00309816 0.00139794 0.02 -0.00532566 0.001176 0.02 -0.00294357 0.00169947 0.02 -0.00400277 0.00367124 0.02 0.00180735 -0.00287641 0.02 0.00221587 -0.00257491 0.02 -0.00268214 0.00208479 0.02 -0.00243319 0.00237327 0.02 -0.00224973 0.00254926 0.02 0.00254846 -0.00224903 0.02 -0.00201728 0.00273328 0.02 0.00275973 -0.00198411 0.02 -0.0017 0.00294449 0.02 0.00294357 -0.00169947 0.02 0.00316399 -0.00124177 0.02 0.00306329 -0.0014752 0.02 -0.00143569 0.0030788 0.02 -0.00100186 0.00324794 0.02 0.00327191 -0.000920572 0.02 -0.000673487 0.00333155 0.02 0.00334731 -0.00059022 0.02 -0.000296096 0.00338417 0.02 -0.0011552 0.00528341 0.02 0.00533603 -0.00102326 0.02 0.00338944 -0.000254003 0.02 8.47644e-05 0.00339894 0.02 0.0034 3.62493e-18 0.02 0.00102035 0.00533348 0.02 0.000380334 0.00337574 0.02 0.00337573 0.000380374 0.02 0.00328134 0.000879252 0.02 0.000879214 0.00328135 0.02 0.00514786 0.00184566 0.02 0.00124216 0.00316497 0.02 0.00316399 0.00124177 0.02 0.00147475 0.00306234 0.02 0.00293991 0.00169736 0.02 0.00177233 0.00290029 0.02 0.0020523 0.00270941 0.02 0.0026574 0.00211921 0.02 0.00397717 0.00374052 0.02 0.00234146 0.00246126 0.02 -0.00339789 8.4738e-05 0.04225 0.000289674 -0.00157255 0.0432927 -0.000337358 0.00220381 0.042912 -0.0033831 0.000338531 0.04225 -0.00333788 0.00063154 0.04225 -0.00322195 0.00108252 0.04225 -0.00309816 0.00139794 0.04225 -0.00200823 0.000529348 0.0430269 -0.00294357 0.00169947 0.04225 -0.00275973 0.00198411 0.04225 -0.00254846 0.00224903 0.04225 -0.00237401 0.00243395 0.04225 -0.00139325 0.00160124 0.0430091 -0.00224973 0.00254926 0.04225 -0.00194848 0.00278275 0.04225 -0.0017 0.00294449 0.04225 -0.00143569 0.0030788 0.04225 -0.00108286 0.00322295 0.04225 -0.000797173 0.00330224 0.04225 -0.000296096 0.00338417 0.04225 0.000169423 0.00339472 0.04225 0.000548128 0.00335258 0.04225 0.00100186 0.00324794 0.04225 0.00132027 0.00313205 0.04225 0.00173511 0.00292056 0.04225 0.00215101 0.00262933 0.04225 0.00133588 0.00158878 0.0430223 0.00243319 0.00237327 0.04225 0.00273331 0.00201725 0.04225 0.00300343 0.00158734 0.04225 0.00316399 0.00124177 0.04225 0.00328134 0.000879252 0.04225 0.00219306 0.000191439 0.0429275 0.00336202 0.000506744 0.04225 0.00164767 -0.00154129 0.0429076 0.00339472 0.000127002 0.04225 0.00338944 -0.000254003 0.04225 0.00336202 -0.000506744 0.04225 0.00328134 -0.000879252 0.04225 0.00316399 -0.00124177 0.04225 0.00306329 -0.0014752 0.04225 0.00298595 -0.00162606 0.04225 0.00283046 -0.0018785 0.04225 0.00260455 -0.00218548 0.04225 0.00249238 -0.00231259 0.04225 0.00221587 -0.00257491 0.04225 0.00191469 -0.00280834 0.04225 0.00158737 -0.00300341 0.04225 0.00112201 -0.00320645 0.04225 0.000756571 -0.00331475 0.04225 0.000380334 -0.00337574 0.04225 -0.00142765 -0.00172272 0.0429238 0 -0.00339894 0.04225 -0.000464415 -0.0033652 0.04225 -0.00116251 -0.00319396 0.04225 -0.000838714 -0.00329384 0.04225 -0.00158737 -0.00300341 0.04225 -0.00184466 -0.00285609 0.04225 -0.0020523 -0.00270941 0.04225 -0.00231187 -0.0024916 0.04225 -0.00254846 -0.00224903 0.04225 -0.00275973 -0.00198411 0.04225 -0.00290119 -0.00177288 0.04225 -0.00307882 -0.00143566 0.04225 -0.00322195 -0.00108252 0.04225 -0.00329486 -0.000838975 0.04225 -0.00214814 -0.000555712 0.0429493 -0.00333259 -0.000673697 0.04225 -0.00336202 -0.000506744 0.04225 -0.00338944 -0.000254003 0.04225 0.00339683 4.2369e-05 0.15075 0.00119619 0.000998353 0.149675 0.000434806 0.00184319 0.149866 0.00337256 0.000422637 0.15075 0.00331372 0.000756336 0.15075 0.00320647 0.00112197 0.15075 0.00300343 0.00158734 0.15075 0.00275973 0.00198411 0.15075 0.00254846 0.00224903 0.15075 0.00231187 0.0024916 0.15075 0.00194848 0.00278275 0.15075 0.00162556 0.00298502 0.15075 0.00139838 0.00309912 0.15075 0.00124216 0.00316497 0.15075 0.000960785 0.0032584 0.15075 -0.000675436 0.00220264 0.150124 0.000590404 0.00334835 0.15075 0.000422769 0.00337361 0.15075 -0.00192688 0.00100298 0.150031 0.000169423 0.00339472 0.15075 -0.000169423 0.00339472 0.15075 -0.000506586 0.00336098 0.15075 -0.000756571 0.00331475 0.15075 -0.00112201 0.00320645 0.15075 -0.00147475 0.00306234 0.15075 -0.00177233 0.00290029 0.15075 -0.00208476 0.00268217 0.15075 -0.00237401 0.00243395 0.15075 -0.00257489 0.0022159 0.15075 -0.00280921 0.00191529 0.15075 -0.00300343 0.00158734 0.15075 -0.00317749 0.0012016 0.15075 -0.00329486 0.000838975 0.15075 -0.00207319 -0.000739234 0.150085 -0.00335258 0.000548167 0.15075 -0.00339577 0.000169476 0.15075 -0.0033905 -0.000211634 0.15075 -0.00334731 -0.00059022 0.15075 -0.00325841 -0.000960747 0.15075 -0.00309816 -0.00139794 0.15075 -0.00294357 -0.00169947 0.15075 -0.00275973 -0.00198411 0.15075 -0.00246123 -0.00234149 0.15075 -0.000906487 -0.0020523 0.150105 -0.00224973 -0.00254926 0.15075 -0.00194848 -0.00278275 0.15075 0.00107393 -0.00193982 0.150055 -0.0017 -0.00294449 0.15075 -0.00143569 -0.0030788 0.15075 -0.00100186 -0.00324794 0.15075 -0.000673487 -0.00333155 0.15075 -0.000211595 -0.0033905 0.15075 8.47644e-05 -0.00339894 0.15075 0.000464415 -0.0033652 0.15075 0.000879214 -0.00328135 0.15075 0.00135845 -0.00311366 0.15075 0.0017 -0.00294449 0.15075 0.00201728 -0.00273328 0.15075 0.00231187 -0.0024916 0.15075 0.00257489 -0.0022159 0.15075 0.0028552 -0.00184408 0.15075 0.00302462 -0.00155063 0.15075 0.00313302 -0.00132068 0.15075 0.00211572 -0.000509727 0.150067 0.00325841 -0.000960747 0.15075 0.00334731 -0.00059022 0.15075 0.0033831 -0.000338531 0.15075 0.00549454 -0.00169484 0.17275 0.00509941 -0.00261401 0.17275 0.00314712 -0.00468333 0.17275 0.000921351 -0.00562917 0.17275 -0.00141427 -0.00555309 0.17275 -0.00356381 -0.00440771 0.17275 -0.00522524 -0.00227884 0.17275 -0.00570005 0.000214248 0.17275 -0.00496785 0.00274433 0.17275 -0.00279108 0.00497457 0.17275 -0.00127949 0.00560584 0.17275 2.671e-07 0.00573036 0.17275 0.00233854 0.00518275 0.17275 0.00462495 0.00317917 0.17275 0.00572857 -0.000143129 0.17275 0.00565914 0.000249053 0.02025 0.00522852 0.00228013 0.02025 0.00377908 0.00422459 0.02025 0.0010595 0.00560481 0.02025 -0.00112482 0.00550527 0.02025 -0.00413335 0.00393088 0.02025 -0.00533568 0.00201667 0.02025 -0.00570718 -0.000357199 0.02025 -0.00543205 -0.00182479 0.02025 -0.00474497 -0.00323506 0.02025 -0.00374378 -0.00429147 0.02025 -0.0015554 -0.00552821 0.02025 -0.000714976 -0.00570538 0.02025 0.00170371 -0.00539608 0.02025 0.0040327 -0.00403407 0.02025 0.00522314 -0.00235707 0.02025 -0.000252895 0.00563288 0.174904 0.00476763 0.00293778 0.176135 0.00477559 0.00228221 0.173576 0.00446074 0.00320586 0.17375 -0.00486971 -0.00177281 0.173544 -0.000860991 -0.00512048 0.176469 0.00076554 -0.00555473 0.176134 0.00100267 -0.00539018 0.173756 0.00269827 -0.00377327 0.177 -0.00249991 -0.0039974 0.177 -0.00262251 0.00380624 0.177 -0.00214633 0.00455133 0.176553 0.000767856 0.00462419 0.177 0.0020272 0.00456967 0.176426 0.00453179 -0.000703297 0.177 0.00508714 -0.00083897 0.176428 0.00286693 -0.00408851 0.176673 0.00058773 -0.00496458 0.176635 -0.000500046 -0.00461875 0.177 -0.00360802 -0.00382681 0.176418 -0.00397498 -0.00306363 0.176635 -0.0043466 -0.00160963 0.177 -0.0048336 -0.00209263 0.176388 -0.00516228 0.00180297 0.176241 -0.00466885 0.00114726 0.176875 -0.00463203 0.00268452 0.176372 -0.000116438 0.00517543 0.176542 0.00373404 0.00312828 0.176802 0.00474958 -0.00178786 0.176604 0.00494014 -0.00265157 0.176133 -0.00369052 -0.0037851 0.173606 0.000877725 -0.00451496 0.173 0.00469093 -0.000971147 0.173187 0.00507771 -0.000756447 0.173601 0.00378441 0.0027956 0.173083 0.00155391 0.00439771 0.173 0.00260906 0.00429776 0.17343 -0.0047529 0.00278151 0.173787 -0.00456124 0.000392606 0.173 -0.00476127 0.00176732 0.173406 -0.00513083 0.00136389 0.17362 -0.00301656 -0.00346007 0.173 -0.0040217 -0.00305325 0.173375 -0.000847016 -0.00512566 0.173562 0.000609925 -0.00506407 0.173417 0.00379226 -0.00345435 0.173555 0.00393405 -0.00251424 0.173 -0.000751824 0.00484259 0.173198 -0.00187769 0.00477435 0.173592 -0.00326808 0.00334976 0.173 -0.000127694 0.00333739 0.173 0.00148265 0.00304591 0.173 -0.00178192 0.00286156 0.173 0.00248038 0.00229627 0.173 0.00316616 0.00117099 0.173 -0.00274515 0.00195243 0.173 -0.00328141 0.000872068 0.173 0.00338616 -9.86966e-05 0.173 -0.00335906 -9.49962e-05 0.173 0.00297659 -0.00156061 0.173 -0.00294965 -0.00165037 0.173 0.00221651 -0.00256504 0.173 -0.00194224 -0.00273212 0.173 0.000985888 -0.00322839 0.173 -0.000233385 -0.00335293 0.173 -6.55354e-05 0.00333818 0.177 0.00155816 0.00300798 0.177 0.00256123 0.00219906 0.177 -0.00170999 0.00290511 0.177 -0.00263662 0.00210787 0.177 0.00321187 0.00105311 0.177 -0.00321566 0.00107323 0.177 0.00338264 -0.000183125 0.177 0.00297054 -0.00158144 0.177 -0.00336087 -5.93514e-07 0.177 0.00234161 -0.00245137 0.177 -0.00313009 -0.00130377 0.177 -0.00234669 -0.00239975 0.177 0.00150152 -0.00302961 0.177 0.000207024 -0.00334576 0.177 -0.0013126 -0.00313133 0.177 -0.00244643 0.000656082 0.16 -0.000334559 0.00335104 0.160208 0.00127904 0.00325781 0.16028 0.00176708 0.00269902 0.16 0.00171907 -0.00174415 0.16 0.00287249 -0.00189845 0.160236 -0.0037261 0.0045 0.188378 0.00296687 0.0045 0.1875 -0.00110855 0.00493513 0.187065 0.00568684 0.0045 0.197092 0.00358995 0.0045 0.195415 0.00972309 0.00450007 0.197132 0.00617442 0.0045 0.19156 0.010521 0.0045003 0.198907 0.00694122 0.0045 0.199175 0.00409931 0.0045 0.188772 0.0110315 0.00449992 0.201551 0.000106325 0.0045 0.194525 0.0074381 0.0045 0.202737 0.0108552 0.00450016 0.204781 -0.00268309 0.0045 0.194981 -0.00678883 0.0045 0.192484 0.00655559 0.0045 0.205663 0.00975226 0.00449955 0.207775 -0.00456734 0.0045 0.196036 0.00774252 0.00450021 0.210393 0.00465102 0.0045 0.207822 -0.00645101 0.0045 0.198175 0.00538218 0.00449994 0.212222 -0.00971226 0.00450007 0.19711 -0.0107281 0.00450015 0.199746 0.0029644 0.00449969 0.213166 0.00210262 0.0045 0.209226 -0.0073986 0.0045 0.201579 -0.0110981 0.00449992 0.202947 -0.000155798 0.0045 0.20952 -0.0106051 0.0045001 0.20569 -0.000994827 0.00450002 0.213489 -0.00295711 0.0045 0.208808 -0.00541766 0.00449991 0.212173 -0.00620169 0.0045 0.206079 -0.00832798 0.00450007 0.209745 0.00356257 -0.0045 0.188176 -0.00296687 -0.0045 0.1875 0.000892959 -0.00494954 0.18705 -0.00617442 -0.0045 0.19156 -0.00399767 -0.0045 0.195638 -0.00606603 -0.0045 0.19761 -0.00962862 -0.00450003 0.19694 -0.00409931 -0.0045 0.188772 -0.0106537 -0.00450011 0.199715 -0.00738851 -0.0045 0.200863 -0.00134608 -0.0045 0.194637 -0.0110671 -0.00450001 0.203461 0.00267184 -0.0045 0.195156 -0.0105141 -0.00450007 0.205998 -0.00689576 -0.0045 0.20474 -0.0090333 -0.00449969 0.208908 -0.00494329 -0.0045 0.207636 -0.00708408 -0.00450045 0.211038 0.00611608 -0.0045 0.19766 0.00716145 -0.0045 0.199717 0.0103331 -0.00450025 0.198434 -0.00473641 -0.00449984 0.212497 -0.00236672 -0.0045 0.209117 -0.00163761 -0.00449962 0.213495 0.000651037 -0.00449999 0.213573 0.011024 -0.00449997 0.202084 0.00735945 -0.0045 0.203134 0.00329391 -0.00450002 0.213091 0.000930946 -0.0045 0.209419 0.0106694 -0.00450016 0.205578 0.00340191 -0.0045 0.208688 0.00905725 -0.00449975 0.208834 0.00641978 -0.00450021 0.211532 0.00579052 -0.0045 0.206695 -0.0111221 -0.00249049 0.198904 -0.00999058 -0.00333897 0.196811 -0.0101452 -0.00148453 0.196257 -0.0102319 0.000191948 0.196237 -0.011449 -0.00330978 0.201356 -0.0109567 -0.000253771 0.197718 -0.0105582 0.00180025 0.197131 -0.0117434 -0.00156662 0.200862 -0.010066 0.00347779 0.197007 -0.0114696 -0.00310471 0.20386 -0.0119433 0 0.201518 -0.0108749 0.00330978 0.198776 -0.0116085 0.000627977 0.199676 -0.0113891 0.00229151 0.199621 -0.0118269 0.0016712 0.201529 -0.0115192 -0.0010468 0.205531 -0.0118662 -0.000418822 0.203909 -0.0110308 -0.00280065 0.206191 -0.0118225 0.00166712 0.203073 -0.0114266 0.00351131 0.202354 -0.0103376 -0.00249049 0.207938 -0.00944598 -0.00310471 0.209158 -0.0106611 -0.000313989 0.207921 -0.00820682 -0.00300395 0.210673 -0.0112753 0.00125442 0.206322 -0.011622 0.00208389 0.204498 -0.00952785 -0.000627977 0.209723 -0.0100827 0.00177501 0.208662 -0.00658998 -0.00330978 0.211947 -0.0109279 0.00330978 0.206101 -0.00826027 -0.00104527 0.211091 -0.00994427 0.00330978 0.208288 -0.00511643 -0.00249659 0.213032 -0.00426438 -0.00351131 0.213107 -0.00665078 -0.00062721 0.212401 -0.00836107 0.00114984 0.210978 -0.00238289 -0.00330978 0.213767 -0.000594158 -0.00371283 0.213877 -0.00465696 0 0.21351 -0.00801103 0.00320724 0.210767 -0.00306282 -0.0016712 0.213965 -0.00101985 -0.00249659 0.214177 -0.00622401 0.00264493 0.212354 0.00109899 -0.00330978 0.213961 -0.00134792 -0.000627977 0.214375 -0.00450281 0.00310471 0.213143 -0.00268125 0.000418822 0.214146 0.00295827 -0.00269811 0.213779 0.000721321 -0.0016712 0.214325 -0.00248865 0.00274722 0.213863 0.00114069 0.000835598 0.214369 -0.000103159 0.000627977 0.214454 -0.000104109 0.00290318 0.214107 0.00473766 -0.00249049 0.213188 0.00308396 -0.000837644 0.21405 0.00286583 0.00135823 0.21403 0.00602995 -0.00228719 0.212577 0.0052765 0.000104577 0.213238 0.00198265 0.00351131 0.213781 0.00866507 -0.00340877 0.210005 0.00750326 0 0.211807 0.0041053 0.00330978 0.213243 0.00787869 -0.00218338 0.211207 0.0100542 -0.00330978 0.20812 0.00578271 0.00208389 0.212753 0.00749591 0.00249049 0.211476 0.0107824 -0.00351131 0.206364 0.00947055 -0.000941455 0.209747 0.00625734 0.00330978 0.21217 0.0085611 0.00228719 0.210528 0.0112008 -0.00156458 0.206349 0.00976369 0.00114984 0.209318 0.0106067 -0.000835598 0.20795 0.0114889 -0.00300395 0.203909 0.0113337 0.0010468 0.206232 0.0117585 -0.000835598 0.204521 0.0114815 -0.00249049 0.200327 0.0105867 0.00208389 0.20771 0.0118927 -0.00125595 0.202145 0.00940955 0.00351131 0.209007 0.0110679 0.00249659 0.206358 0.0110006 -0.00330978 0.199102 0.0106198 0.00371283 0.206623 0.011554 -0.00310471 0.201951 0.0119523 0.000209155 0.202975 0.0116108 0.00208389 0.2046 0.0112182 0.00330978 0.205142 0.0118959 0.000209155 0.201208 0.0114697 0.00330978 0.203556 0.010399 -0.00286479 0.1973 0.0117579 0.00229151 0.202457 0.0113928 0.00351131 0.201461 0.0109131 -0.00121225 0.197766 0.0113896 0.000418822 0.198875 0.0112354 0.00229024 0.19914 0.0102524 -7.52677e-06 0.196254 0.0103827 0.00114474 0.196611 0.0108669 0.00371283 0.199041 0.0103042 0.00340541 0.197441 0.000749388 0.00479838 0.186595 9.96918e-05 0.00399751 0.185 -0.000199384 0.00399503 0.185 -0.000850816 0.00464987 0.186346 -0.000398271 0.00398012 0.185 -0.000840703 0.00390716 0.185 -0.00117902 0.00382229 0.185 -0.00146091 0.00372234 0.185 -0.00292686 0.00390238 0.186655 -0.00186746 0.00353345 0.185 -0.00237323 0.00321565 0.185 -0.00282599 0.00282603 0.185 -0.00318754 0.00241447 0.185 -0.0033601 0.00217019 0.185 -0.00357891 0.00177878 0.185 -0.0044432 0.00304278 0.187524 -0.00543659 0.0021337 0.18831 -0.00372349 0.00146136 0.185 -0.00755494 0.00212563 0.191921 -0.0038211 0.00117865 0.185 -0.0039269 0.000743034 0.185 -0.00781759 0.00112598 0.192026 -0.00399379 0.000199322 0.185 -0.00399379 -0.000199322 0.185 -0.00394421 -0.000644856 0.185 -0.0038505 -0.00108336 0.185 -0.00534369 -0.00209474 0.188142 -0.0037576 -0.00136766 0.185 -0.00360276 -0.001735 0.185 -0.00423302 -0.00273305 0.186879 -0.0034121 -0.00208509 0.185 -0.00324775 -0.00233497 0.185 -0.00312733 -0.00249396 0.185 -0.00696966 0.00376879 0.192068 -0.0029313 -0.00271985 0.185 -0.00264592 -0.00299819 0.185 -0.00233425 -0.00324674 0.185 -0.00588582 0.000143284 0.188408 -0.00208574 -0.00341316 0.185 -0.00177883 -0.00357889 0.185 -0.0021238 -0.004586 0.186945 -0.00876046 0.0039324 0.195098 -0.00127355 -0.00379053 0.185 -0.00677564 -0.00124189 0.19021 -0.00371221 -0.00377223 0.187356 -0.000889807 -0.0038985 0.185 -0.00049722 -0.00396772 0.185 -9.96918e-05 -0.00399751 0.185 -0.00722212 -0.00385031 0.192573 -0.000399527 -0.00464633 0.186234 0.000199384 -0.00399503 0.185 0.000644902 -0.00394421 0.185 0.00139099 -0.00450947 0.186346 0.00108303 -0.0038493 0.185 0.00146091 -0.00372234 0.185 0.00182428 -0.00355838 0.185 0.00283419 -0.00392455 0.186543 0.00208574 -0.00341316 0.185 0.00237323 -0.00321565 0.185 0.00272069 -0.00293221 0.185 0.0029313 -0.00271985 0.185 0.00312733 -0.00249396 0.185 0.00330393 -0.00225258 0.185 0.0034641 -0.002 0.185 0.00360276 -0.001735 0.185 0.00552771 -0.00306211 0.189179 0.00555569 -0.00156071 0.188198 0.0037576 -0.00136766 0.185 0.0038751 -0.000986723 0.185 0.00393923 -0.000694593 0.185 0.00397889 -0.000398148 0.185 0.00399876 0 0.185 0.00745884 0.00120148 0.191402 0.00397889 0.000398148 0.185 0.00447028 -0.00353758 0.188071 0.00388498 0.00093785 0.185 0.0037576 0.00136766 0.185 0.00364602 0.00164515 0.185 0.00649475 0.00332966 0.190932 0.00351179 0.00191242 0.185 0.00330393 0.00225258 0.185 0.00296335 0.00268165 0.185 0.00838742 -0.00449973 0.195005 0.00272069 0.00293221 0.185 0.00237323 0.00321565 0.185 0.00208574 0.00341316 0.185 0.00191302 0.00351289 0.185 0.00173553 0.00360387 0.185 0.00306639 0.00382619 0.186655 0.00155374 0.0036859 0.185 0.0088516 -0.00357411 0.194991 0.00127355 0.00379053 0.185 0.0022595 0.00447565 0.186834 0.00982482 -0.00173238 0.195771 0.000889807 0.0038985 0.185 0.00049722 0.00396772 0.185 0.0057124 -0.000421264 0.188121 0.00781466 0.000585628 0.1919 0.00640714 0.00208165 0.189937 0.00486412 0.00344704 0.188541 9.96918e-05 0.00399751 0.160767 0.00049722 0.00396772 0.160767 0.000889807 0.0038985 0.160767 0.00127355 0.00379053 0.160767 0.00164464 0.00364489 0.160767 0.00191302 0.00351289 0.160767 0.00216951 0.00335906 0.160767 0.00249318 0.00312635 0.160767 0.00279208 0.00286258 0.160767 0.00306323 0.00257035 0.160767 0.00330393 0.00225258 0.160767 0.00351179 0.00191242 0.160767 0.00370181 0.0015064 0.160767 0.0038505 0.00108336 0.160767 0.00394421 0.000644856 0.160767 0.00399379 0.000199322 0.160767 0.00399876 -9.97228e-05 0.160767 0.00395906 -0.00054637 0.160767 0.00389971 -0.000890084 0.160767 0.0038211 -0.00117865 0.160767 0.00372349 -0.00146136 0.160767 0.00360276 -0.001735 0.160767 0.0034641 -0.002 0.160767 0.00321563 -0.00237327 0.160767 0.00299913 -0.00264674 0.160767 0.00279208 -0.00286258 0.160767 0.0024527 -0.00315546 0.160767 0.00208574 -0.00341316 0.160767 0.00182428 -0.00355838 0.160767 0.00155374 -0.0036859 0.160767 0.00127355 -0.00379053 0.160767 0.000889807 -0.0038985 0.160767 0.00049722 -0.00396772 0.160767 9.96918e-05 -0.00399751 0.160767 -0.000348302 -0.00398138 0.160767 -0.000792585 -0.00392069 0.160767 -0.00122555 -0.00380404 0.160767 -0.00168901 -0.00362214 0.160767 -0.00208574 -0.00341316 0.160767 -0.00233425 -0.00324674 0.160767 -0.00268161 -0.00296338 0.160767 -0.00306323 -0.00257035 0.160767 -0.00324775 -0.00233497 0.160767 -0.0034121 -0.00208509 0.160767 -0.00366313 -0.00159818 0.160767 -0.0038211 -0.00117865 0.160767 -0.0039269 -0.000743034 0.160767 -0.00399379 -0.000199322 0.160767 -0.00399379 0.000199322 0.160767 -0.0039269 0.000743034 0.160767 -0.0038211 0.00117865 0.160767 -0.00368476 0.00155326 0.160767 -0.00351179 0.00191242 0.160767 -0.00327382 0.00229233 0.160767 -0.0028956 0.00275466 0.160767 -0.00237323 0.00321565 0.160767 -0.00199938 0.00346302 0.160767 -0.00164464 0.00364489 0.160767 -0.00127355 0.00379053 0.160767 -0.00098703 0.00387631 0.160767 -0.000694377 0.00393801 0.160767 -0.000298827 0.00398758 0.160767 -0.00278405 0.00201246 0.160304 -0.00320668 -0.000937949 0.160236 -0.0012992 -0.00306612 0.160186 0.0012463 -0.00316266 0.160232 0.00342871 -0.000161024 0.160236 0.0028343 0.00175614 0.160228 0.00679526 -0.00385309 0.203823 0.00503523 -0.00403777 0.206838 0.00228065 -0.00387444 0.208638 -0.000667639 -0.00411481 0.209038 -0.00347179 -0.00403777 0.208106 -0.00565365 -0.00407629 0.206238 -0.00674565 -0.00403777 0.199999 -0.0069595 -0.00403777 0.202574 -0.00577666 -0.00403777 0.197957 -0.00419623 -0.00403777 0.19634 -0.00190011 -0.00403777 0.195265 0.00111259 -0.00364099 0.194942 0.00315892 -0.00387863 0.195656 0.00552212 -0.00403777 0.197634 0.00670863 -0.00405065 0.199742 0.00752518 1.34975e-05 0.204061 0.00700927 0.00185625 0.204948 0.00605782 0.000438441 0.207032 0.0074509 0.00152917 0.200268 0.0073812 0.00271745 0.202002 0.00428261 0.00197081 0.208293 0.00691794 0.00403777 0.2007 0.00521043 0.00246588 0.207389 0.00305119 -0.00132656 0.209145 0.00195538 0.00132251 0.209486 0.00382997 0.00396073 0.207813 0.00271391 0.00269353 0.208923 0.00632659 0.00293042 0.198283 0.000481546 0.00303791 0.209247 0.00697183 0.000925383 0.198452 -0.000398468 -0.00082448 0.209834 0.00761504 -0.00113501 0.200414 -0.000552165 0.00150018 0.209731 0.0059133 0.00403777 0.198202 -6.40259e-05 0.00388369 0.208892 0.00667622 -0.00216306 0.198488 -0.00176808 0.000838831 0.209655 0.00713168 -0.00302912 0.200628 -0.00191379 0.00296224 0.209062 0.00450164 0.00275722 0.196155 0.00583794 -0.000602149 0.196721 0.0055093 0.00143343 0.196535 0.00443175 -0.000300563 0.19546 0.00327395 0.00168672 0.19505 0.00501386 -0.00232267 0.196436 0.00438079 0.00403777 0.196492 -0.00383442 0.0025314 0.208382 -0.00411561 0.000253378 0.208697 0.0073151 -0.00264328 0.203201 0.000930054 0.00298466 0.194747 0.00194107 0.000381546 0.194398 0.00261056 -0.00166223 0.194735 0.00190328 0.00384462 0.195247 0.000276082 0.00173702 0.194324 0.00682455 -0.0017496 0.205452 -0.00512282 0.00186743 0.207701 -0.00654876 0.000848599 0.206259 0.00530581 -0.00284999 0.207103 -0.00201475 0.0026747 0.194893 0.005459 -0.00114156 0.207617 -0.000276335 -0.000187453 0.194138 8.3528e-08 -0.00257851 0.194564 -0.00185071 0.000301217 0.194316 -0.00757387 -0.000214681 0.204193 0.00416917 -0.00237257 0.208281 -0.00303395 -0.00114029 0.194791 -0.00703677 0.00284506 0.20401 -0.00418921 0.00136648 0.195522 -0.00238128 -0.00259124 0.194945 0.00432244 0.000381144 0.208579 -0.00691039 0.00403777 0.200639 -0.00724363 0.00291167 0.200966 -0.00615278 0.00403777 0.198567 0.00130845 -0.00308098 0.209174 -0.00408255 -0.00312469 0.195983 -0.00584171 0.0018893 0.197144 -0.00500129 -0.000677534 0.195974 -0.00544319 -0.00249978 0.196878 -0.00639231 -0.00107773 0.197522 -0.00665169 0.00261642 0.19868 0.00142377 -0.00101113 0.209671 -0.000207483 -0.00309115 0.209282 -0.00724913 -8.73212e-05 0.199062 -0.00637294 -0.00321757 0.198583 -0.0018805 -0.00143566 0.209519 -0.00267209 -0.00275305 0.208879 -0.00729019 -0.00255713 0.200454 -0.00445747 -0.00235552 0.208036 -0.00655228 -0.00283324 0.205254 -0.00650944 -0.000964902 0.206316 -0.00537754 -0.00258756 0.207171 -0.00733463 -0.00263238 0.202802 -0.00777296 1.05436e-05 0.201957 -0.00106942 0.00403777 0.1951 -0.00434227 0.00397631 0.196436 -0.00708458 0.00411481 0.202524 -0.00552434 0.00395107 0.206223 -0.00281672 0.00396073 0.208352 -0.000715729 0.00419185 0.209153 0.00143146 0.00419185 0.209081 0.00243421 0.00403777 0.208571 0.00634832 0.00376043 0.204829 0.00328832 0.00419185 0.195585 -0.00470164 0.006 0.203927 -0.00242909 0.0058586 0.206647 -0.00315788 0.006 0.202693 0.0014898 0.006 0.2069 -0.00545611 0.00566177 0.20169 -0.00360654 0.006 0.198381 0.00135415 0.0059174 0.198353 0.00488055 0.006 0.203541 0.00305403 0.00595305 0.204189 -0.000523005 0.006 0.196924 0.00229463 0.00558804 0.196933 0.0044043 0.006 0.199626 0.00193307 -0.00599476 0.206649 -8.22241e-05 -0.006 0.202394 0.00505418 -0.006 0.201622 0.00341553 -0.006 0.198273 -0.00322964 -0.00590552 0.205999 -0.00509855 -0.006 0.201801 -8.87851e-05 -0.006 0.196885 -0.00337347 -0.006 0.198334 -0.00181407 0.00354272 0.195234 -0.0065927 0.00139875 0.206052 -0.00252029 0.00103159 0.194615 -0.00356687 0.00431304 0.196473 -0.00625282 0.00448422 0.203838 -0.00521043 0.00526075 0.199233 -0.00470602 0.00446195 0.197532 -0.00693066 0.00367057 0.202251 -0.00391329 0.00205693 0.195497 -0.00599549 0.00350242 0.198223 -0.00635061 0.004383 0.200345 -0.00731939 0.00188068 0.20401 -0.00560316 0.00157516 0.19669 -0.00694361 0.00183977 0.198846 -0.00754668 0.00207993 0.201297 0.00774875 -0.000651753 0.20063 0.00712761 -0.00166972 0.199077 0.00548674 -0.00243448 0.196926 0.00735514 -0.00269854 0.202432 0.0040224 -7.8209e-05 0.195198 0.00682261 -0.00338346 0.199935 0.00447672 -0.00144918 0.195669 0.00545055 -0.00541329 0.200212 0.00614225 -0.00488864 0.202261 0.00532925 -0.00443103 0.198282 0.00765859 -0.00100764 0.203401 0.0027073 -0.00229355 0.194931 0.00645022 -0.00399535 0.204126 0.00390389 -0.00378715 0.196289 0.00711881 -0.000474247 0.205313 0.00334795 -0.00548143 0.197389 0.00137504 -0.0032252 0.194926 0.00251563 -0.00404965 0.195697 0.00221348 -0.00107036 0.194494 0.00477092 -0.00560974 0.204828 0.000473121 -0.00109654 0.194196 0.00627325 -0.00276047 0.205911 0.00750084 0.00164116 0.203686 0.00680948 0.00185699 0.205521 0.00122085 -0.00520702 0.196207 0.00607068 0.000176065 0.20703 -0.000293696 -0.00362299 0.195019 -0.00106734 -0.00152715 0.19432 -0.00107307 -5.10262e-05 0.194172 0.00457855 -0.00430603 0.206692 0.00427572 0.00118108 0.20851 0.00578834 0.00233183 0.206828 0.00534106 -0.00196729 0.20743 -0.00270671 -0.00327386 0.195364 0.00442366 -0.000664704 0.20851 0.00353749 -0.00223039 0.208704 -0.00110164 -0.00538955 0.196321 0.00760518 0.00191653 0.201325 0.00590263 0.00507507 0.203166 0.00631857 0.003702 0.20497 0.00155875 -0.00250416 0.209308 -0.00309724 -0.0013219 0.194841 -0.00500615 -0.00026915 0.195962 0.00231587 -0.000658887 0.209519 0.00510443 0.00467424 0.205693 0.00699454 0.00358787 0.202258 0.00231485 -0.00458404 0.207959 -0.00321957 -0.00521146 0.197025 -0.00461213 -0.00231133 0.196053 0.00247546 0.00230936 0.209089 0.000690543 -0.00393852 0.208818 0.00583979 0.00523906 0.201043 0.0037148 0.00384864 0.207781 0.00735598 0.00126506 0.199427 0.00658618 0.00362366 0.199594 0.000112438 -0.00551738 0.207635 0.000897521 0.000957312 0.209804 0.00721069 -0.000115042 0.198757 0.00337828 0.00569565 0.206271 -0.00577026 -0.00268476 0.197341 0.00632659 0.00146952 0.197493 0.0051441 0.00525821 0.199122 -0.00476126 -0.00496069 0.198156 -0.00559262 -0.00537518 0.20075 -0.00105133 -0.00466449 0.208255 0.00519716 0.00306887 0.196893 -0.000552839 -0.00286154 0.209356 0.00574987 0.00354766 0.198028 0.00174722 0.00446838 0.208219 -0.0065028 -0.00408696 0.200345 -0.00664801 -0.000645694 0.197787 0.00024153 -0.000941335 0.209805 0.00371615 0.00482902 0.19706 0.00509673 0.00113379 0.196082 -0.00257892 -0.00301555 0.208835 -0.00314364 -0.00510278 0.207069 0.00620354 -4.34966e-05 0.197112 -0.000687057 0.00497516 0.208048 -0.000775747 0.00116265 0.209718 -0.003898 -0.00380285 0.207701 -0.00205015 -0.00178583 0.209425 -0.000206809 0.00320831 0.209205 -0.00523311 -0.00514009 0.204844 -0.00681647 -0.00220941 0.198692 -0.00761855 7.30045e-05 0.199971 -0.00296343 0.000971057 0.209204 -0.00251563 0.00319771 0.208779 0.00365846 0.00210791 0.195356 -0.00784044 -0.000785084 0.20235 -0.00407984 -0.00165515 0.208555 -0.0035646 0.00488914 0.207023 -0.00515333 -0.00112799 0.207806 -0.00742572 -0.00226849 0.200661 0.00187924 0.00335821 0.195113 -0.00569665 -0.00330108 0.206285 0.00155946 0.000931758 0.194361 -0.00422778 0.00292722 0.207978 -0.00541607 0.00356903 0.206469 -0.00669424 -0.00394717 0.202835 -0.000275577 0.00194044 0.194363 0.000379487 0.00511984 0.196006 -0.00497326 0.0010413 0.207969 -0.000621944 0.00422694 0.195362 -0.00709836 -0.00259027 0.20419 -0.00164575 0.00556292 0.196625 -0.00528673 0.00516006 0.204769 -0.00698578 -0.000856601 0.205476 7.45133e-05 0.0057 0.198012 0.00246953 0.00285 0.198864 0.00299447 0 0.199357 0.00336773 0.00580052 0.199814 0.003982 0 0.201677 0.00397083 0.0057962 0.202449 0.00338399 0.0057 0.204126 0.00271646 0 0.204928 0.0020825 0.0057 0.205408 0.00121693 0.00572323 0.205808 -0.00166659 0 0.205633 -0.00176413 0.00591727 0.205542 -0.00336112 0 0.204156 -0.00366311 0 0.203598 -0.00379291 0.00579925 0.203269 -0.00398882 0.0057 0.202249 -0.00392465 0.00574785 0.201205 -0.00342142 0.00285 0.199939 -0.00221522 0.00589698 0.198701 -0.00188707 0.0057 0.198483 0.00398882 -0.0057 0.202249 0.00393801 -0.0057 0.202694 0.00375969 0.00285 0.203342 0.00360237 -0.00580052 0.203773 0.003171 0 0.204433 0.00221003 -0.0057 0.20533 0.00168905 -0.0057 0.205622 0.00117865 -0.0057 0.205821 0.00062042 0 0.205949 0.00014946 0 0.205994 -0.000520977 0 0.205958 -0.00124933 0 0.205797 -0.00230785 0 0.205253 -0.00298576 0 0.204652 -0.00390041 0 0.202865 -0.00401041 -0.00578657 0.202102 -0.00397705 0 0.201627 -0.0038493 -0.0057 0.200917 -0.00370183 0 0.200494 -0.00326668 -0.00574569 0.199696 -0.00292947 0 0.199282 -0.00245266 0 0.198844 -0.00117865 0 0.198179 -0.000644856 0 0.198056 0.000125676 -0.00574341 0.197998 0.000792338 0 0.198081 0.00120208 0 0.198187 0.00180017 0 0.198434 0.00237778 -0.00580204 0.198761 0.00335906 -0.0057 0.199831 0.00357889 0 0.200221 0.00382188 0 0.200847 0.00365445 -0.0059051 0.200533 0.00160746 -0.00589495 0.205639 -0.0020427 -0.00588632 0.205288 -0.00173831 -0.00574823 0.198394 0.00399254 9.95678e-05 0.014 0.00399627 -4.98459e-05 0.02 0.00394364 -0.000619487 0.014 0.00389675 -0.000863964 0.02 0.00367224 -0.00154778 0.014 0.00352676 -0.00186417 0.02 0.00315546 -0.0024527 0.02 0.00321565 -0.00237323 0.014 0.00293221 -0.00272069 0.014 0.00286258 -0.00279208 0.02 0.00271985 -0.0029313 0.014 0.00241147 -0.00318358 0.02 0.00218663 -0.00333986 0.014 0.00184452 -0.00354311 0.02 0.000928315 -0.00388803 0.0175653 0.00158816 -0.00365422 0.014 2.34363e-05 -0.00393999 0.02 0.000173648 -0.00397394 0.014 -0.000499606 -0.00395802 0.0168119 -0.00135008 -0.00376469 0.0176106 -0.00148258 -0.00370916 0.02 -0.00118293 -0.00381743 0.0171332 -0.00105617 -0.00384589 0.014 -0.00177878 -0.00357891 0.014 -0.00237327 -0.00321563 0.014 -0.0023447 -0.00321859 0.02 -0.003244 -0.00230192 0.02 -0.00309592 -0.00251641 0.014 -0.00358584 -0.00175437 0.014 -0.003808 -0.00117481 0.02 -0.00385872 -0.00100827 0.014 -0.00398758 -0.000298827 0.02 -0.00398758 -0.000298827 0.014 -0.00391379 0.000703017 0.02 -0.00399379 0.000149414 0.014 -0.00379353 0.00123539 0.014 -0.00362789 0.00166418 0.02 -0.00353345 0.00186746 0.014 -0.00307116 0.00254447 0.02 -0.00314971 0.00244796 0.014 -0.00232643 0.00323554 0.02 -0.00227296 0.00326749 0.014 -0.00139194 0.00375 0.0175 -0.0011528 0.00382517 0.0178946 -0.0015064 0.00370181 0.02 -0.00155326 0.00368476 0.014 -0.0012984 0.00378284 0.0172298 -0.000912464 0.00388632 0.014 0.000487324 0.00401034 0.0182557 -0.000433135 0.00395792 0.02 -0.000431002 0.00395899 0.0168129 0.000639413 0.00391494 0.02 0.00033426 0.00395724 0.014 0.00143533 0.00372504 0.014 0.00193064 0.00349339 0.02 0.0023447 0.00321859 0.014 0.00276955 0.002875 0.02 0.00319414 0.00237339 0.014 0.00329254 0.00224504 0.02 0.00378582 0.00127197 0.02 0.00394421 0.000644902 0.02 0.00379137 0.00124766 0.014 0.00395532 0.000596169 0.014 0.016 -0.008 0.0127574 0.0127929 -0.008 0.0167929 0.01 -0.008 0.011 0.016 -0.008 -1.33227e-18 0.01 -0.00799998 -0.000185446 0.00996441 -0.008 0.0114212 0.00985754 -0.008 0.0119053 0.00962953 -0.008 0.0124264 0.00932759 -0.008 0.0128863 0.00765711 -0.008 0.0139262 0.00812889 -0.008 0.0137732 0.00850935 -0.008 0.0135898 0.00887301 -0.008 0.0133403 -0.007 -0.008 0.020122 0.00733041 -0.008 0.0139793 0.007 -0.008 0.014 -0.007 -0.008 0.014 -0.00381028 0.00451105 0.021 -0.00558094 0.00209092 0.021 -0.00172913 0.00573194 0.021 -0.007 -0.007 0.021 -0.005973 0.000335531 0.021 -0.00582854 -0.00127243 0.021 0.00875736 0.007 0.021 0.00476107 0.00354876 0.021 0.00252619 0.00537486 0.021 -1.90692e-05 0.00596462 0.021 -0.00436047 -0.00396968 0.021 0.0058119 0.00144151 0.021 0.00598602 0.00011206 0.021 0.00875736 -0.007 0.021 0.00191353 -0.0056352 0.021 0.00386351 -0.00454682 0.021 0.00491069 -0.00343855 0.021 0.00559601 -0.00200815 0.021 -0.000298982 -0.00599068 0.021 -0.00155903 -0.00574937 0.021 0.000149584 -0.00599814 0.021 -0.007 0.008 0.02 0.007 0.008 0.014 -0.007 0.008 0.014 0.01 0.008 1.33227e-18 0.01 0.008 0.011 0.016 0.008 1.33227e-18 0.00996441 0.008 0.0114212 0.00769258 0.008 0.0139164 0.00725716 0.008 0.0139865 0.00987891 0.008 0.0118349 0.00969883 0.008 0.0122967 0.00945202 0.008 0.0127269 0.00924556 0.008 0.0129856 0.0144108 0.008 0.0147592 0.00892991 0.008 0.0132936 0.00850935 0.008 0.0135898 0.00818101 0.008 0.0137551 0.01 -0.00793923 -0.000844286 0.016 -0.00791813 -0.00109265 0.016 -0.00766684 -0.00226058 0.01 -0.00760807 -0.00245111 0.016 -0.00724429 -0.00337801 0.01 -0.00715778 -0.00355765 0.0160381 -0.00668586 -0.00436302 0.01 -0.00654759 -0.00458473 0.016 -0.00592676 -0.00536323 0.01 -0.00579114 -0.00550939 0.016 -0.00453776 -0.00656759 0.01 -0.00441147 -0.00664768 0.016 -0.0033781 -0.00724425 0.01 -0.00319636 -0.00732625 0.016 -0.00226067 -0.00766681 0.01 -0.00206874 -0.00772082 0.016 -0.00109274 -0.00791812 0.01 -0.000894904 -0.00794291 0.016 9.95988e-05 -0.00799254 0.01 0.00029892 -0.00798757 0.016 0.00128971 -0.00788843 0.01 0.00148607 -0.00785381 0.016 0.00245102 -0.0076081 0.01 0.00264002 -0.0075446 0.016 0.00355757 -0.00715782 0.01 0.003735 -0.00706686 0.016 0.00458465 -0.00654764 0.01 0.00474654 -0.00643125 0.016 0.00550932 -0.0057912 0.01 0.00565205 -0.00565199 0.016 0.00631092 -0.0049054 0.01 0.00667868 -0.00437261 0.016 0.00697154 -0.00391002 0.016 0.00747644 -0.00282729 0.01 0.00740366 -0.00301272 0.01 0.00776999 -0.00187561 0.016 0.007797 -0.00177961 0.016 0.0079429 -0.000894996 0.01 0.00796275 -0.000696604 0.011 0.00597332 -0.00033455 0.017 0.005973 -0.000335531 0.011 0.00595308 0.000734243 0.017 0.00595159 0.00074583 0.011 0.00577395 0.00159787 0.017 0.00573282 0.00172941 0.011 0.0054505 0.00249648 0.017 0.00536833 0.00266824 0.011 0.00514637 0.00308462 0.017 0.00511975 0.00312861 0.011 0.00477105 0.00363008 0.017 0.00473319 0.00367905 0.011 0.00404861 0.00441241 0.017 0.00398999 0.00446499 0.011 0.00310999 0.00511747 0.017 0.00318943 0.00507602 0.017 0.00260249 0.00540413 0.011 0.00243072 0.00548361 0.011 0.00141801 0.00581249 0.017 0.00183515 0.00569534 0.017 0.000597221 0.00596833 0.011 0.000109155 0.00598636 0.017 -0.000410381 0.00597392 0.011 -0.00132617 0.00584215 0.017 -0.00165885 0.00575752 0.011 -0.00238545 0.00549989 0.011 -0.00313923 0.0050993 0.017 -0.00283061 0.00527567 0.011 -0.00400522 0.00446064 0.017 -0.00370641 0.0047078 0.011 -0.00496868 0.0033345 0.017 -0.00466239 0.00374243 0.017 -0.00526933 0.00286952 0.011 -0.00548001 0.00243078 0.017 -0.00555275 0.00225954 0.011 -0.00571971 0.00180631 0.017 -0.00577395 0.00162454 0.011 -0.00589593 0.00104672 0.017 -0.00595443 0.000633214 0.011 -0.00598045 -0.000284401 0.017 -0.00595629 -0.000558446 0.011 -0.00580536 -0.00149564 0.017 -0.00575013 -0.00169544 0.011 -0.00536931 -0.00263856 0.017 -0.00533094 -0.00273301 0.017 -0.00482348 -0.00355985 0.011 -0.00477616 -0.00362318 0.017 -0.00439831 -0.00408104 0.011 -0.0041574 -0.00431484 0.017 -0.00399266 -0.0044676 0.011 -0.00332208 -0.00499416 0.017 -0.00312764 -0.00511815 0.011 -0.00243719 -0.00546366 0.017 -0.00232699 -0.00552027 0.011 -0.000948003 -0.00590701 0.017 -0.00140678 -0.00582748 0.011 0.000272532 -0.00598873 0.017 -0.000261261 -0.00598137 0.017 0.00149367 -0.00578901 0.011 0.00164299 -0.00575584 0.011 0.00263113 -0.00538206 0.017 0.00259926 -0.00539741 0.011 0.0034042 -0.00493855 0.011 0.00400981 -0.00444737 0.017 0.00364461 -0.00474993 0.011 0.00507139 -0.00316568 0.017 0.00480995 -0.00354995 0.017 0.00549466 -0.00239733 0.011 0.00566202 -0.00196994 0.017 0.00579059 -0.00155162 0.011 0.00584934 -0.00132781 0.0169945 0.00566753 -0.00374274 0.017 0.007 1.16573e-18 0.017 0.007 0.0127574 0.017 -0.007 -1.16573e-18 0.017 -0.007 0.0127574 0.01 0.0041424 -0.00557501 0.01 0.00611126 -0.00331452 0.01 0.000763941 -0.00685054 0.01 0.00692799 -0.000377632 0.01 0.00645487 0.00257974 0.01 -0.00309556 -0.00622808 0.01 -0.00509766 -0.00475918 0.01 0.00451376 0.00522902 0.01 0.00060077 0.00686711 0.01 -0.00632698 -0.00290269 0.01 -0.00693979 -0.000141669 0.01 -0.00210059 0.00666271 0.01 -0.00436187 0.0053999 0.01 -0.00623163 0.00305944 -0.007 0.00767483 0.0207266 0.00383319 0.00784732 0.0205221 -0.007 0.00733648 0.0209404 -0.007 0.00796886 0.0202427 -0.007 0.00569862 0.0185081 -0.007 0.00613462 0.0180036 -0.007 0.0051112 0.0187406 -0.007 0.0048024 0.0187315 -0.007 0.0044619 0.0186212 -0.007 0.00622497 0.0173096 -0.007 0.00608896 0.0168952 -0.007 0.00576839 0.0165221 -0.007 0.00534436 0.0163187 -0.007 0.00474194 0.0162814 -0.007 0.00401316 0.018236 -0.007 -0.00397548 0.0181879 -0.007 -0.00445025 0.0186171 -0.007 -0.00486451 0.0187333 -0.007 -0.00375885 0.0175552 -0.007 0.00378506 0.0177388 -0.007 -0.00714655 0.020988 -0.007 0.00376477 0.017327 -0.007 -0.00742704 0.0209029 -0.007 -0.00381545 0.0171228 -0.007 -0.00540066 0.0186768 -0.007 0.00387217 0.0169726 -0.007 -0.00759498 0.0208022 -0.007 -0.00770711 0.0207071 -0.007 -0.00400745 0.0167515 -0.007 0.00422662 0.0165452 -0.007 -0.00791117 0.0204039 -0.007 -0.00798799 0.0201466 -0.007 -0.00603531 0.0181882 -0.007 -0.00580811 0.0184479 -0.007 -0.00441701 0.0163992 -0.007 -0.00623428 0.0175981 -0.007 -0.0048594 0.0162729 -0.007 -0.00531826 0.0162963 -0.007 -0.00573585 0.0165039 -0.007 -0.00606226 0.0168533 -0.007 -0.00620584 0.0171811 0.0017946 -0.00488658 0.0174868 0.0015 -0.00609197 0.0180786 0.0015 -0.00578785 0.0184623 0.0015 -0.00540066 0.0186768 0.0015 -0.00488877 0.0187387 0.0015 -0.00447541 0.0186218 0.000469468 -0.00400182 0.0182349 0.0015 -0.00422345 0.0165315 0.0015 -0.00463195 0.016325 0.0015 -0.0051976 0.0162685 0.0015 -0.00561211 0.0164234 0.0015 -0.00599574 0.0167641 0.0015 -0.00623157 0.0173585 0.00116959 0.00384888 0.0174552 0.0015 0.00452989 0.0186514 0.0015 0.0048024 0.0187315 0.0015 0.00524459 0.018714 0.0015 0.00579927 0.018438 0.00184177 0.00496589 0.0176705 0.0015 0.00616636 0.017923 0.0015 0.00624408 0.017438 0.0015 0.00608999 0.0169154 0.0015 0.00573589 0.0165039 0.0015 0.00514736 0.0162704 0.0015 0.00474194 0.0162814 0.0015 0.00422662 0.0165452 0.0161213 -0.007 0.0148787 0.0161213 0.007 0.0148787 0.0108787 -0.007 0.0201213 0.0108787 0.007 0.0201213 0.0089779 -0.0035 0.0209901 0.00937798 0 0.0209316 0.0100528 0.000875 0.0206959 0.0106215 0.00175 0.0203438 0.0169829 0 0.0130511 0.0168878 0.002625 0.0135565 0.0167211 0.00175 0.0140138 0.0164717 0 0.0144532 0.0162589 -0.0035 0.0147302 0.0105 0.00103888 0.00635981 0.0105 0.00390037 0.00514921 0.0105 0.00535204 0.00364932 0.0105 0.0062977 0.00143741 0.0105 0.00636152 -0.00112171 0.0105 0.00568908 -0.00309777 0.0105 0.00432735 -0.00478035 0.0105 0.00190402 -0.00617268 0.0105 -0.000952009 -0.0063323 0.0105 -0.00365703 -0.00536388 0.0105 -0.00508732 -0.00395545 0.0105 -0.00624928 -0.00175827 0.0105 -0.00640348 0.000722445 0.0105 -0.00583642 0.00281034 0.0105 -0.00406694 0.00497265 0.0105 -0.00159397 0.00625991 0.00313444 0.00502583 0.02 0.00536789 0.00255289 0.02 0.00595587 0.000539384 0.02 0.000342384 0.00592438 0.02 0.00576236 -0.00140831 0.02 -0.00225322 0.00553722 0.02 0.00486406 -0.00349702 0.02 0.00370597 -0.0046766 0.02 -0.0044098 0.00398938 0.02 0.00169883 -0.00569172 0.02 -0.00574628 0.00134979 0.02 -0.000855515 -0.00592563 0.02 -0.00560527 -0.00195293 0.02 -0.00249069 -0.00542904 0.02 -0.00440166 -0.00398309 0.02 0.00875736 -0.00714655 0.020988 0.00678769 -0.00740394 0.0209112 0.00875736 -0.00765104 0.0207547 0.00481802 -0.00785257 0.020511 0.00989437 -0.00788332 0.0200275 0.00963078 -0.00755216 0.0205462 0.0130054 -0.00794817 0.0170054 0.0132145 -0.00779383 0.0172145 0.013435 -0.00737275 0.017435 0.0162687 -0.00754396 0.0143057 0.0164024 -0.00772755 0.0134469 0.016194 -0.00797609 0.00398667 0.016988 -0.00714655 0.00637868 0.016548 -0.00783109 0.00637868 0.0168464 -0.00751082 0.00558134 0.0169802 0.00718249 0.00797335 0.0169029 0.00742704 0.00637868 0.0166797 0.00755809 -0.000661787 0.0166038 0.00722187 -0.00246165 0.0164295 0.00530514 -0.00563572 0.0167996 0.00411893 -0.00622717 0.0163945 0.00155649 -0.00757967 0.016759 -0.0001627 -0.00741798 0.0164341 -0.00328921 -0.00706142 0.0169994 -0.000872885 -0.00652232 0.0164387 -0.00572867 -0.00534092 0.0168644 -0.00521184 -0.00513882 0.0167175 -0.00705088 -0.00266229 0.0169895 -0.00663285 -0.00199097 0.0165829 -0.00763938 -0.000975901 0.0162415 0.0079642 0.00637868 0.0166643 0.00773295 0.00637868 0.0167674 0.00747281 0.0132481 0.0163111 0.00749301 0.0141999 0.0133582 0.00756786 0.0173582 0.01218 0.00714632 0.0188013 0.0129875 0.00794958 0.0169875 0.0100783 0.00738382 0.0205214 0.00481802 0.00798202 0.0201704 0.00973281 0.00791558 0.0200427 0.00875736 0.00765104 0.0207547 0.00087868 0.0074714 0.0208819 0.0090855 0.00723701 0.0209368 0.00875736 0.00738268 0.0209239 0.00087868 0.00721889 0.0209748 -0.007 0.00705745 0.021 -0.0100001 -0.00800003 1.96413e-07 -0.016 -0.00797515 -0.000597655 -0.01 -0.0079429 -0.000894996 -0.016 -0.00784032 -0.00153397 -0.01 -0.00772079 -0.00206883 -0.016 -0.00751754 -0.00273616 -0.01 -0.00744468 -0.00292182 -0.01 -0.00691744 -0.00399379 -0.016 -0.00710792 -0.00364402 -0.016 -0.00624494 -0.00498017 -0.01 -0.00598893 -0.00528526 -0.016 -0.00543969 -0.00586259 -0.016 -0.00449956 -0.00659964 -0.01 -0.00506121 -0.00618666 -0.01 -0.00417018 -0.00682421 -0.016 -0.00319636 -0.00732625 -0.01 -0.00319636 -0.00732625 -0.016 -0.00226067 -0.00766681 -0.01 -0.00206874 -0.00772082 -0.01 -0.000894904 -0.00794291 -0.016 -0.00109274 -0.00791812 -0.016 0.000398148 -0.00797764 -0.01 0.000149212 -0.00798758 -0.01 0.00168132 -0.00781433 -0.016 0.00168132 -0.00781433 -0.016 0.0028272 -0.00747647 -0.01 0.00310265 -0.00736036 -0.016 0.004165 -0.00681572 -0.01 0.0046157 -0.00650543 -0.016 0.0052138 -0.00605862 -0.016 0.00605856 -0.00521388 -0.01 0.00572515 -0.00558416 -0.01 0.00625271 -0.00498637 -0.01 0.00676798 -0.00425266 -0.016 0.00676798 -0.00425266 -0.016 0.00728978 -0.00328927 -0.01 0.00747831 -0.00277493 -0.016 0.00772473 -0.00201814 -0.01 0.00793923 -0.000844286 -0.016 0.00796275 -0.000696604 -0.016 0.008 2.21049e-18 -0.01 0.008 2.21049e-18 -0.011 0.00599627 0.000149538 -0.017 0.00589663 0.000944874 -0.011 0.00588364 0.0010561 -0.017 0.00563816 0.00205212 -0.017 0.00546733 0.00246696 -0.011 0.00555275 0.00225954 -0.017 0.00492939 0.00340616 -0.017 0.00434336 0.00413204 -0.011 0.00476481 0.00360955 -0.017 0.00379591 0.00464 -0.011 0.00407977 0.00439694 -0.011 0.00343849 0.00491073 -0.017 0.00293245 0.00522869 -0.011 0.00266818 0.00536836 -0.017 0.00232988 0.00552714 -0.017 0.00120245 0.00585548 -0.011 0.00172913 0.00573194 -0.011 0.000597221 0.00596833 -0.017 0.000112095 0.00598695 -0.011 -0.00022419 0.00599068 -0.017 -0.000746062 0.00595343 -0.017 -0.00178037 0.00570736 -0.011 -0.00132988 0.00582783 -0.011 -0.00246772 0.00546903 -0.017 -0.00246772 0.00546903 -0.017 -0.00273726 0.00533923 -0.011 -0.00273726 0.00533923 -0.011 -0.00312764 0.00511815 -0.017 -0.00312764 0.00511815 -0.017 -0.0036217 0.00478131 -0.017 -0.00446976 0.0039691 -0.011 -0.00406963 0.00438602 -0.011 -0.00487011 0.00350137 -0.017 -0.00503859 0.00325427 -0.017 -0.00550324 0.00236018 -0.011 -0.00537364 0.0026293 -0.017 -0.00577395 0.00162454 -0.011 -0.00577395 0.00162454 -0.017 -0.00591631 0.000967354 -0.011 -0.00590701 0.00104157 -0.017 -0.00597672 -0.000260855 -0.011 -0.00598323 0.000373472 -0.011 -0.00592655 -0.000855665 -0.017 -0.00576677 -0.00162252 -0.011 -0.00563949 -0.00201302 -0.017 -0.00527867 -0.0028105 -0.011 -0.00524791 -0.00287867 -0.017 -0.00449729 -0.00396888 -0.011 -0.00449729 -0.00396888 -0.017 -0.00418942 -0.0042952 -0.011 -0.00418942 -0.0042952 -0.017 -0.00367899 -0.00473323 -0.011 -0.00346714 -0.00488669 -0.017 -0.00286507 -0.00526114 -0.011 -0.00249665 -0.00544269 -0.017 -0.00205148 -0.0056364 -0.017 -0.00148008 -0.00581266 -0.011 -0.0016955 -0.00575011 -0.011 -0.000819555 -0.00593859 -0.017 -0.000671178 -0.00595718 -0.017 0 -0.00599814 -0.011 0.000298611 -0.00598323 -0.017 0.000597221 -0.00596833 -0.017 0.00118851 -0.00587921 -0.011 0.00126099 -0.00586075 -0.017 0.00183826 -0.00570607 -0.011 0.00242636 -0.00546827 -0.017 0.00286507 -0.00526114 -0.017 0.00379591 -0.00464 -0.011 0.00343849 -0.00491073 -0.011 0.00428853 -0.00418291 -0.017 0.0044917 -0.00396395 -0.011 0.00518163 -0.00299162 -0.017 0.0052359 -0.00289389 -0.011 0.00575013 -0.00169544 -0.017 0.00570605 -0.00183833 -0.011 0.00596557 -0.000559281 -0.017 0.00597209 -0.000372452 -0.0156027 -0.00692003 0.0153973 -0.011 0.005 0.02 -0.0157461 0.00330501 0.0152539 -0.0160953 -0.00383097 0.0149044 -0.015714 -0.00323951 0.015286 -0.0147366 0.00244224 0.0162634 -0.0146574 -0.00241361 0.0163426 -0.0139956 -0.00220183 0.0170044 -0.0140315 0.00220981 0.0169685 -0.0129043 0.00224344 0.0180957 -0.0129344 -0.00223613 0.0180656 -0.0114343 0.00309377 0.0195657 -0.011388 -0.00313943 0.019612 -0.011 -0.005 0.02 -0.017 0.000634736 -0.00599519 -0.016967 0.00630652 -0.00319815 -0.017 0.007 2.04396e-18 -0.0169964 -0.00644667 -0.00240968 -0.017 0.007 0.0127574 -0.017 -0.007 -2.87511e-19 -0.017 -0.007 0.0127574 -0.007 0.00523218 0.0159391 -0.007 0.00605399 0.0163367 -0.007 0.00441706 0.0160279 -0.007 0.008 0.02 -0.007 0.00653551 0.0178646 -0.007 0.00656538 0.0172044 -0.007 0.007 0.021 -0.007 0.00610349 0.0186474 -0.007 0.00557738 0.0189487 -0.007 0.00452382 0.0190219 -0.007 -0.00398003 0.0162793 -0.007 0.00388384 0.0163663 -0.007 -0.00356795 0.0168271 -0.007 0.00354958 0.0168588 -0.007 -0.00437136 0.016031 -0.007 -0.00341198 0.0174071 -0.007 -0.00363813 0.0182576 -0.007 0.00346443 0.0177583 -0.007 -0.00469189 0.0159354 -0.007 -0.00545144 0.0160146 -0.007 0.00382245 0.0185724 -0.007 -0.00404797 0.018785 -0.007 -0.00637058 0.0166849 -0.007 0.0041514 0.0188539 -0.007 -0.00656531 0.0175092 -0.007 -0.008 0.02 -0.007 -0.00630609 0.0183988 -0.007 -0.00539966 0.0189618 -0.007 -0.00460646 0.0190486 -0.007 -0.00430427 0.0189365 -0.00782046 -0.0077443 0.0205278 -0.01 -0.008 0.011 -0.00725716 -0.008 0.0139865 -0.00769258 -0.008 0.0139164 -0.00998646 -0.008 0.0112572 -0.016 -0.008 0.0127574 -0.00994236 -0.008 0.0115853 -0.0107997 -0.008 0.0183958 -0.0160844 -0.00795022 0.0134238 -0.009068 -0.008 0.0131721 -0.00861709 -0.008 0.0135194 -0.00818101 -0.008 0.0137551 -0.00987891 -0.008 0.0118349 -0.00962953 -0.008 0.0124264 -0.00929359 -0.008 0.0129299 -0.00883096 0.0035 0.0209982 -0.00875736 -0.007 0.021 -0.016 0.008 0.0127574 -0.0110049 0.008 0.0183391 -0.01 0.008 0.011 -0.00998646 0.008 0.0112572 -0.00994236 0.008 0.0115853 -0.00985754 0.008 0.0119053 -0.00962953 0.008 0.0124264 -0.00936433 0.008 0.0128451 -0.00914543 0.008 0.0130934 -0.00804441 0.008 0.0138097 -0.00834843 0.008 0.0136789 -0.00867867 0.008 0.0134794 -0.00749376 0.008 0.0139527 -0.0157604 0.00668841 0.0152377 -0.016977 0.00355134 0.0130369 -0.0168528 0 0.0136612 -0.0166524 -0.0035 0.0141543 -0.0163094 -0.00530837 0.0146722 -0.0164491 0.007 0.0144822 -0.0161054 -0.00609695 0.014892 -0.0163194 0.00480765 0.0146601 -0.0163755 -0.00590918 0.0145854 -0.0162522 -0.00432314 0.0147384 -0.0162669 0.00556392 0.014721 -0.0161952 0.00412017 0.0147997 -0.0107206 -0.00175 0.0202619 -0.010393 0 0.0205141 -0.0100381 0.000875 0.0207079 -0.00958264 0 0.0208787 -0.00912448 0 0.0209765 -0.0102482 -0.00725032 0.0204848 -0.00897146 -0.00732503 0.0209017 -0.0161569 -0.00734759 0.0146955 -0.0115637 -0.00709478 0.0194039 -0.0146891 -0.00746093 0.0161137 -0.0111793 -0.00778124 0.0191197 -0.0159639 -0.007769 0.0144917 -0.0137988 -0.0077412 0.0167331 -0.012982 -0.00793442 0.0170454 -0.0161223 -0.00799159 0.00318934 -0.0163468 -0.0079329 0.00637868 -0.0166699 -0.0077303 0.00478401 -0.0169029 -0.00742704 0.00637868 -0.0169802 -0.00718249 0.00478401 -0.0167445 -0.00742963 0.013452 -0.0161466 0.00798799 0.00637868 -0.0166945 0.00771203 0.00637868 -0.0163345 0.00770298 -0.00157992 -0.0168378 0.0074093 -0.000911042 -0.0164232 0.00650387 -0.00430779 -0.0165538 0.00460583 -0.00612712 -0.0169449 0.000678141 -0.00711326 -0.0163812 0.00204294 -0.00755025 -0.0164798 -0.000564711 -0.0077562 -0.0164493 -0.00344143 -0.00696925 -0.0168846 -0.00475573 -0.00558313 -0.0163177 -0.00565506 -0.00552623 -0.0168696 -0.0065271 -0.00340531 -0.0164782 -0.00712885 -0.00303855 -0.0165662 -0.00769513 -0.000736127 -0.0164023 0.00790793 0.00558134 -0.0169112 0.00740394 0.00637868 -0.0169898 0.00713442 0.00318934 -0.01284 0.00790196 0.0172784 -0.0163245 0.00758024 0.0141321 -0.0161076 0.00731053 0.0147706 -0.0162775 0.00783934 0.0134267 -0.0118531 0.00739207 0.0189691 -0.0144364 0.00753767 0.016294 -0.0106692 0.00735295 0.0201913 -0.00746002 0.00783306 0.0204112 -0.00948495 0.00739319 0.0207187 -0.0102282 0.00784605 0.0199499 -0.011 0.00374151 0.0183806 -0.011 0.00428437 0.0189209 -0.011 0.00533135 0.0189953 -0.011 0.00597106 0.0187689 -0.011 0.0061969 0.0185566 -0.011 0.00656255 0.0177038 -0.011 0.00632238 0.0167258 -0.011 0.0054317 0.0159753 -0.011 0.00468678 0.015955 -0.011 0.00389837 0.0163543 -0.011 0.00347767 0.0170686 -0.011 0.0030632 0.0154492 -0.011 0.00240364 0.016345 -0.011 0.0021849 0.0174177 -0.011 0.00425882 0.0147653 -0.011 0.00530809 0.0146859 -0.011 0.0060546 0.0148589 -0.011 0.00681459 0.0153209 -0.011 0.00286199 0.0192171 -0.011 0.00767834 0.0167128 -0.011 0.00774498 0.0181532 -0.011 0.00708764 0.0194113 -0.011 -0.00656385 0.0177209 -0.011 -0.00623914 0.0184916 -0.011 -0.0054037 0.0189605 -0.011 -0.00460646 0.0190486 -0.011 -0.00439375 0.0189799 -0.011 -0.00412186 0.0188311 -0.011 -0.00356865 0.0180626 -0.011 -0.0037236 0.0166212 -0.011 -0.0045683 0.0159753 -0.011 -0.00543358 0.0160117 -0.011 -0.00645229 0.0168719 -0.011 -0.00717658 0.0157047 -0.011 -0.00772183 0.0166758 -0.011 -0.00603837 0.0148743 -0.011 -0.00493004 0.0146751 -0.011 -0.00763063 0.0182347 -0.011 -0.0039612 0.0148508 -0.011 -0.00328664 0.0152358 -0.011 -0.00258982 0.0160249 -0.011 -0.00670623 0.0197724 -0.011 -0.00221313 0.0169603 -0.011 -0.0026594 0.0188586 -0.01 -0.00567763 -0.00405537 -0.01 -0.00686832 -0.000941298 -0.01 -0.00351589 -0.00590501 -0.01 0.000357245 -0.00692465 -0.01 -0.00670745 0.00190945 -0.01 0.00312817 -0.00619673 -0.01 0.00511639 -0.00470431 -0.01 -0.00522124 0.0045047 -0.01 -0.00299147 0.00631191 -0.01 -0.000474835 0.00687443 -0.01025 0.0063137 -0.00232572 -0.01025 0.00668312 -0.00085316 -0.01025 0.00669475 0.000685518 -0.01 0.00313386 0.00616777 -0.01 0.00632503 0.0028412 -0.0105 0.00553967 0.00329218 -0.0105 0.00377079 0.00524484 -0.0105 0.00190965 0.00618992 -0.0105 -0.000482731 0.0064416 -0.0105 -0.00237176 0.00604316 -0.0105 -0.00352217 0.00545338 -0.0105 -0.00494839 0.00415219 -0.0105 -0.0060299 0.00236689 -0.0105 -0.00645966 0.000484387 -0.0105 -0.00608587 -0.0021307 -0.0105 -0.00506436 -0.00403908 -0.0105 -0.00350466 -0.00542628 -0.0105 -0.000718444 -0.00638366 -0.0105 0.00205732 -0.00612329 -0.0105 0.00432317 -0.00477876 0.008 -0.00236853 0.00439206 0.008 -0.00393831 0.00655247 0.008 -0.00154201 0.00475179 0.008 -0.000878401 0.00492066 0.008 -0.00307423 0.00393782 0.008 -0.00353997 0.00352504 0.008 -4.15734e-05 0.00498983 0.008 0.00156329 0.00746313 0.008 -0.00402581 0.00295806 0.008 0.000672416 0.00495027 0.008 -0.00442172 0.00232501 0.008 0.00157993 0.00473563 0.008 -0.00471886 0.00164001 0.008 -0.00721525 0.00259949 0.008 0.00227091 0.0044528 0.008 0.00290559 0.00405955 0.008 0.00560576 0.00511076 0.008 -0.00494405 0.00064032 0.008 -0.00499169 -0.000259731 0.008 0.00348251 0.00358561 0.008 0.00397307 0.00302276 0.008 -0.00489114 -0.000999559 0.008 -0.00756473 -0.0015841 0.008 0.00449325 0.00217558 0.008 -0.00446046 -0.00222904 0.008 0.00478875 0.00142307 0.008 -0.00397307 -0.00302276 0.008 0.00769683 0.000835955 0.008 0.00492219 0.000878674 0.008 -0.00616188 -0.00471902 0.008 -0.00357193 -0.00349876 0.008 -0.00315501 -0.0038734 0.008 0.0049868 -0.000363083 0.008 0.00498549 0.000259408 0.008 -0.00430955 -0.00641034 0.008 0.00494418 -0.000734503 0.008 0.00713508 -0.00288059 0.008 0.00479474 -0.00140276 0.008 -0.00248695 -0.00432868 0.008 0.00461005 -0.0019318 0.008 -0.00148912 -0.00475775 0.008 0.000223158 -0.00769595 0.008 0.00426533 -0.00259409 0.008 -0.000611013 -0.00496096 0.008 -5.1721e-05 -0.00499546 0.008 0.00379354 -0.0032506 0.008 0.00326669 -0.00377969 0.008 0.000968722 -0.00489507 0.008 0.00258451 -0.00426854 0.008 0.00177695 -0.00466902 0.008 0.00399265 -0.00651017 0.0082 -0.00794955 0.00077846 0.0082 -0.00789841 -0.00115743 0.0082 -0.00610794 -0.00514727 0.0082 -0.00496692 -0.00625547 0.009 -0.00380403 -0.00702075 0.0082 0.00125293 -0.00786498 0.009 0.00269581 -0.00750193 0.0082 0.00454834 -0.0065527 0.0082 0.00580287 -0.00549704 0.0082 0.00679451 -0.00419036 0.0082 0.00758218 -0.00247706 0.009 0.00794872 0.000787284 0.009 0.00764508 0.00229789 0.009 0.00705893 0.00374996 0.009 0.00607947 0.005156 0.0082 0.0043194 0.00671894 0.0082 0.00318091 0.00733297 0.0082 0.0016128 0.0078118 0.0082 -0.000859337 0.00791765 0.0082 -0.00306799 0.00736293 0.0082 -0.00506012 0.00615865 0.0082 -0.00637736 0.00480943 0.0082 -0.00736386 0.00305904 0.0098 -0.00786668 0.00131933 0.0098 -0.00799231 -0.000116537 0.0098 -0.00776144 -0.00183996 0.009 -0.00733158 -0.00313561 0.009 -0.00666406 -0.00438357 0.0098 -0.00544953 -0.00582477 0.009 -0.00221716 -0.00766759 0.0094 -0.000132185 -0.00795437 0.0098 0.00396303 -0.00692957 0.0098 0.00529794 -0.00597772 0.0098 0.00637736 -0.00480943 0.0098 0.00740151 -0.0029403 0.009 0.00793617 -0.000902307 0.009 0.00496403 0.00625143 0.0098 0.00326975 0.00728766 0.0098 0.00205246 0.00772516 0.0098 0.000530187 0.00796513 0.0098 -0.00145166 0.00784966 0.0098 -0.00330061 0.00727374 0.0098 -0.00476802 0.00639102 0.0098 -0.00637736 0.00480943 0.0098 -0.00725706 0.00331065 0.01 -0.00740123 0.00196798 0.01 -0.00551654 0.00545904 0.01 -0.00247147 0.00730125 0.01 0.00144428 0.00759471 0.01 0.00549731 0.00516139 0.01 0.00763818 -0.000618899 0.01 0.0067675 -0.00383207 0.01 0.004902 -0.00600525 0.01 0.00175626 -0.00751788 0.01 -0.00266498 -0.00709226 0.01 -0.00670423 -0.00368443 0.01 0.00293353 0.00362927 0.01 0.00425481 -0.00464302 0.01 -0.00384522 -0.00375172 0.01 -0.00519187 0.00345261 0.0105 -0.00573559 0.00171698 0.0103267 -0.00550133 0.00240803 0.0105 -0.00596958 0.000584572 0.0105 -0.00598259 -0.00031129 0.0105 -0.00582448 -0.00141912 0.0105 -0.00554792 -0.00227137 0.0102011 -0.00585703 -0.00154813 0.0105 -0.0052616 -0.00287979 0.0105 -0.00476769 -0.00362731 0.0103498 -0.00385142 -0.00458911 0.0105 -0.00295022 -0.00520972 0.0105 -0.001102 -0.00589272 0.0105 -0.000211424 -0.00599114 0.0103576 -0.00153069 -0.00581868 0.0104239 0.00184425 -0.00572322 0.0105 0.000757498 -0.00594259 0.0103339 0.00357942 -0.00482999 0.0105 0.00394314 -0.00450518 0.0105 0.004603 -0.00384578 0.0105 0.00505697 -0.00320675 0.0103568 0.00537135 -0.00272532 0.0105 0.00575369 -0.00168331 0.0103414 0.00600373 -0.000467961 0.0105 0.00595214 0.000645749 0.0104443 0.00562694 0.00206648 0.0105 0.00514742 0.00307287 0.0105 0.00450181 0.00393992 0.0101471 0.00421661 0.00418324 0.0105 0.00354962 0.00483102 0.0105 0.00298805 0.00520088 0.0105 0.00193003 0.00566745 0.0104179 0.000735041 0.00597338 0.0103626 -0.00182457 0.00574749 0.0105 -0.000386151 0.00598242 0.0105 -0.00127347 0.00585805 0.0105 -0.00290498 0.00522976 0.0101764 -0.00365251 0.00491124 0.0105 -0.00374971 0.00468159 0.0105 -0.00427194 0.00420135 0.0104443 -0.00494223 0.00340067 0.017 -0.0058744 0.00117458 0.017 -0.0059913 0.000286286 0.017 -0.00595963 -0.00060911 0.017 -0.0057465 -0.00170768 0.017 -0.0054278 -0.00254508 0.017 -0.00494257 -0.00338515 0.017 -0.00438829 -0.00408908 0.017 -0.00363509 -0.00475839 0.017 -0.00268687 -0.0053503 0.017 -0.00132067 -0.00584329 0.017 -0.000360792 -0.00598401 0.017 0.000941104 -0.00590792 0.017 0.00230099 -0.0055222 0.017 0.00326494 -0.00503168 0.017 0.0041628 -0.00430303 0.017 0.00478897 -0.00361156 0.017 0.0051604 -0.00305103 0.017 0.0055575 -0.00224783 0.017 0.00583044 -0.00139442 0.017 0.00598191 -0.000248585 0.017 0.00586937 0.00119947 0.017 0.00554792 0.00227137 0.017 0.00496052 0.00335235 0.017 0.00417381 0.00429738 0.017 0.0033044 0.00500194 0.017 0.00234652 0.00550301 0.017 0.000990468 0.00590457 0.017 -0.000386151 0.00598242 0.017 -0.00127347 0.00585805 0.017 -0.00213235 0.00560282 0.017 -0.00316205 0.00507845 0.017 -0.0039784 0.00448887 0.017 -0.00445353 0.00401304 0.017 -0.00500191 0.00330446 0.017 -0.00552519 0.00231528 0.018 0.00429642 0.00252871 0.018 0.00476731 0.00148159 0.01775 0.00471814 0.0032899 0.018 0.00496643 0.000476429 0.018 0.00565427 0.000703414 0.018 0.00365236 0.00340333 0.018 0.0049868 -0.000363083 0.0179375 0.00298425 0.00484858 0.018 0.00537221 -0.00181949 0.018 0.00290559 0.00405955 0.018 0.00486946 -0.00106863 0.018 0.00210166 0.00453214 0.018 0.00461005 -0.0019318 0.018 0.0014027 0.00479476 0.018 0.000795678 0.00493196 0.018 0.000751654 0.00566755 0.018 0.00426533 -0.00259409 0.018 0.000238646 0.0049943 0.018 0.00379354 -0.0032506 0.018 -0.000321793 0.00498535 0.018 -0.00115071 0.00485471 0.018 0.00326669 -0.00377969 0.017875 0.00337589 -0.00459311 0.018 0.00231306 -0.00442065 0.018 0.00160198 -0.00473478 0.018 -0.00228692 0.00443761 0.018 -0.00297505 0.00401327 0.018 0.000877309 -0.00491454 0.018 -0.00353997 0.00352504 0.018 -5.1721e-05 -0.00499546 0.018 -0.000611013 -0.00496096 0.018 -0.00409834 0.00285673 0.018 -0.0045251 0.00347965 0.018 -0.00134191 -0.0048085 0.018 -0.00548071 0.00158453 0.018 -0.00442172 0.00232501 0.018 -0.00210166 -0.00453214 0.018 -0.00465823 0.00181684 0.018 -0.00127965 -0.00552537 0.018 -0.00487705 0.00107027 0.018 -0.00270298 -0.00420456 0.018 -0.00325064 -0.0037935 0.018 -0.00498667 0.000300602 0.018 -0.00499169 -0.000259731 0.018 -0.00383507 -0.00319133 0.018 -0.00567355 -0.000554329 0.018 -0.00489114 -0.000999559 0.018 -0.00406136 -0.00394219 0.01775 -0.00510517 -0.00259088 0.018 -0.00432482 -0.00250917 0.018 -0.00465546 -0.00180495 0.0175 -0.00485587 0.00320676 0.01775 -0.00342052 0.00465072 0.01775 -0.0020195 0.00537337 0.01775 -0.000370267 0.00573185 0.0175 0.00204469 0.00544428 0.0175 0.00552211 0.00186836 0.0175 0.00581423 -0.000423327 0.0175 0.00539184 -0.00225911 0.0175 0.00448641 -0.00374802 0.01775 0.00121347 -0.00564309 0.0175 -0.000349199 -0.00580868 0.0175 -0.00320631 -0.00485186 0.0175 -0.00571038 -0.00101938 0.0175 -0.00566832 0.00143027 -0.014 -0.00427811 0.0162501 -0.014 -0.00355662 0.0175002 -0.014 -0.00315663 0.0159913 -0.014 -0.00572148 0.0162499 -0.014 -0.00540061 0.0149288 -0.014 -0.00741692 0.0170919 -0.014 -0.00427852 0.0187501 -0.014 -0.00257704 0.0184432 -0.014 -0.00644338 0.0174998 -0.014 -0.00572189 0.0187499 -0.014 -0.00564484 0.0196646 -0.011 -0.00399845 0.0167603 -0.011 -0.00435965 0.0164499 -0.011 -0.00377693 0.0173968 -0.011 -0.00396695 0.0152454 -0.011 -0.00509816 0.0162655 -0.011 -0.00637852 0.0153147 -0.011 -0.00566727 0.0164511 -0.011 -0.00391973 0.0181001 -0.011 -0.00601038 0.0167839 -0.011 -0.00282916 0.0184934 -0.011 -0.00429155 0.0185215 -0.011 -0.00622297 0.017291 -0.011 -0.00541882 0.019939 -0.011 -0.00476715 0.0187186 -0.011 -0.0062032 0.0177922 -0.011 -0.00512417 0.0187428 -0.011 -0.00752497 0.0173903 -0.011 -0.00597135 0.0182789 -0.011 -0.00562762 0.0185654 -0.0125 -0.00767097 0.016973 -0.0132 -0.00732955 0.0161017 -0.0125 -0.00645173 0.0151806 -0.0125 -0.00556268 0.0148216 -0.01285 -0.00439508 0.0148849 -0.01215 -0.00290771 0.0157584 -0.0125 -0.00234468 0.0168376 -0.0125 -0.0022688 0.0177053 -0.0125 -0.00257799 0.0186937 -0.0125 -0.00377727 0.0199235 -0.0125 -0.00486401 0.0202338 -0.0125 -0.00600325 0.0200108 -0.0125 -0.00711052 0.0192317 -0.0125 -0.00765181 0.0181019 -0.012 -0.00572189 0.0187499 -0.012 -0.00644338 0.0174998 -0.012 -0.00427852 0.0187501 -0.012 -0.00355662 0.0175002 -0.012 -0.00427811 0.0162501 -0.012 -0.00572148 0.0162499 -0.0031 -0.00624506 0.0174255 -0.0031 -0.00621359 0.017763 -0.0031 -0.00587761 0.0183691 -0.0031 -0.00554349 0.0186172 -0.0031 -0.00501265 0.0187431 -0.0031 -0.00454093 0.0186573 -0.0031 -0.0041938 0.0184463 -0.0031 -0.00383241 0.0178847 -0.0031 -0.00380268 0.0171836 -0.0031 -0.00412859 0.0166286 -0.0031 -0.00465953 0.0163093 -0.0031 -0.005209 0.0162745 -0.0031 -0.00566727 0.0164511 -0.0031 -0.00609902 0.0169388 -0.00302715 -0.0050998 0.0176894 0.000209211 -0.00229991 0.0125 -0.00165015 -0.00564231 0.0125 0.00209638 -0.000968771 0.0125 0.00620973 -0.000965664 0.0125 0.0043596 -0.00449433 0.0125 -0.00188717 -0.00133113 0.0125 -0.00591294 -0.00220516 0.0125 0.00188717 0.00133113 0.0125 -0.00209638 0.000968771 0.0125 -0.00575047 0.00223487 0.0125 -0.000209211 0.00229991 0.0125 0.00471128 0.00384052 0.0125 -0.00161483 0.00585402 0.0125 0.00104567 -0.00320782 0.014 0.00295735 -0.00557371 0.014 0.00147359 -0.0030331 0.014 0.000679586 -0.00330293 0.014 0.00017972 -0.00336732 0.014 0.00190919 -0.00277959 0.014 0.00220959 -0.00254975 0.014 -0.000324161 -0.0033565 0.014 0.0023947 -0.00237824 0.014 -0.000442781 -0.00631619 0.014 0.00256493 -0.00219195 0.014 -0.0008208 -0.0032707 0.014 0.00569713 -0.0025137 0.014 0.00285942 -0.00178297 0.014 -0.0012991 -0.00311183 0.014 0.00309707 -0.00133854 0.014 -0.00164077 -0.00294932 0.014 0.00321496 -0.00102352 0.014 -0.00195901 -0.00274471 0.014 0.00332289 -0.000574086 0.014 -0.00225522 -0.00250949 0.014 -0.00354773 -0.00513867 0.014 0.0033681 -0.000198558 0.014 -0.00249388 -0.00227247 0.014 -0.00273113 -0.0019779 0.014 0.0033618 0.000263614 0.014 0.00331295 0.000638686 0.014 -0.00293793 -0.00166107 0.014 0.00555587 0.00267505 0.014 -0.00301708 -0.00151256 0.014 0.00321886 0.00100504 0.014 -0.00316476 -0.00116423 0.014 -0.00327699 -0.000803029 0.014 0.00297381 0.00158485 0.014 -0.00335418 -0.000347305 0.014 0.00270775 0.00201287 0.014 -0.00615093 -0.00158897 0.014 -0.00336848 0.000156489 0.014 0.00249388 0.00227247 0.014 0.00225522 0.00250949 0.014 -0.00330754 0.000656788 0.014 0.00199415 0.00272157 0.014 -0.00320021 0.00106292 0.014 -0.0061747 0.00135624 0.014 0.0015643 0.00298467 0.014 0.00118287 0.00316092 0.014 0.000943054 0.00323947 0.014 -0.00294474 0.00163822 0.014 -0.00264367 0.00209336 0.014 0.00061582 0.00331727 0.014 -0.0023947 0.00237824 0.014 0.00159039 0.00609681 0.014 -0.00217647 0.00257569 0.014 0.00015645 0.00336848 0.014 -0.000263575 0.0033618 0.014 -0.0034154 0.00504758 0.014 -0.000721082 0.003296 0.014 -0.00176827 0.0028713 0.014 -0.00104567 0.00320782 0.014 -0.00135987 0.00308776 0.014 -0.00619381 0.00184523 0.01325 -0.00647972 -0.000184196 0.01325 -0.00608297 -0.00213527 0.01325 -0.00504752 -0.00407984 0.01325 -0.00411641 -0.00500317 0.01325 -0.00199155 -0.00612558 0.01325 0.00102885 -0.00640387 0.0139 -0.000190267 -0.00647711 0.012925 0.00222285 -0.0060712 0.01325 0.0040269 -0.00506272 0.01325 0.00520542 -0.00386426 0.0134125 0.00589494 -0.00272414 0.01325 0.00628092 -0.00161808 0.013575 0.0064391 -0.000641928 0.01325 0.00639064 0.000985748 0.01325 0.00560234 0.00322574 0.01325 0.00408321 0.00499577 0.0131688 0.00195575 0.00614382 0.0130875 -0.000559228 0.00642548 0.01325 -0.00244666 0.00600727 0.01325 -0.00417789 0.00491259 0.01325 -0.00558316 0.00329081 0.0134125 -0.000209211 0.00229991 0.0175 -0.00209638 0.000968771 0.0175 0.00188717 0.00133113 0.0175 0.00209638 -0.000968771 0.0175 0.000209211 -0.00229991 0.0175 -0.00188717 -0.00133113 0.0175 -0.00307848 0.00137628 0.0339 -0.00286298 0.00178519 0.0339 -0.00259064 0.00215865 0.0339 -0.00233394 0.00243645 0.0339 -0.00194232 0.00275366 0.0339 -0.00147359 0.0030331 0.0339 -0.00104567 0.00320782 0.0339 -0.000721082 0.003296 0.0339 -0.000263575 0.0033618 0.0339 0.000240419 0.00336353 0.0339 0.000739043 0.00329013 0.0339 0.00110336 0.00318844 0.0339 0.0015643 0.00298467 0.0339 0.00199415 0.00272157 0.0339 0.00225522 0.00250949 0.0339 0.00249388 0.00227247 0.0339 0.00270775 0.00201287 0.0339 0.00297381 0.00158485 0.0339 0.00318075 0.00112532 0.0339 0.00330294 0.000679548 0.0339 0.00336733 0.000179681 0.0339 0.0033565 -0.0003242 0.0339 0.00325792 -0.000860927 0.0339 0.00307848 -0.00137628 0.0339 0.0027927 -0.00188998 0.0339 0.00256493 -0.00219195 0.0339 0.00233394 -0.00243645 0.0339 0.00194232 -0.00275366 0.0339 0.00139748 -0.00306891 0.0339 0.00104567 -0.00320782 0.0339 0.000679586 -0.00330293 0.0339 5.36288e-05 -0.00336933 0.0339 -0.000449702 -0.00334385 0.0339 -0.000941881 -0.00323545 0.0339 -0.00141534 -0.00306274 0.0339 -0.00174839 -0.00288345 0.0339 -0.00215862 -0.00259066 0.0339 -0.0024372 -0.00233467 0.0339 -0.00270438 -0.00201037 0.0339 -0.00297751 -0.00158682 0.0339 -0.00312071 -0.00128247 0.0339 -0.00324291 -0.000924514 0.0339 -0.00334067 -0.000472755 0.0339 -0.0033677 -0.000221854 0.0339 -0.00336848 0.000156489 0.0339 -0.0033316 0.000532926 0.0339 -0.00324922 0.000902086 0.0339 -0.000289833 -0.00298025 0.034 0.00281153 -0.000822741 0.034 -0.00299816 -8.23907e-05 0.034 -2.79437e-05 0.0028044 0.034 -0.008 0.00206288 0.00454609 -0.008 0.00367869 0.00679204 -0.008 0.00277131 0.00415658 -0.008 0.00112119 0.0048647 -0.008 0.00322205 0.0038234 -0.008 0.00372786 0.0033171 -0.008 0.000197346 0.00499183 -0.008 -0.000258189 0.00770375 -0.008 0.00542093 0.00556959 -0.008 -0.000610254 0.00495479 -0.008 0.00413587 0.00280697 -0.008 0.00445927 0.00223942 -0.008 -0.00134358 0.00481448 -0.008 -0.00350415 0.00692523 -0.008 0.00681222 0.0037191 -0.008 0.00477949 0.00146319 -0.008 -0.00218501 0.00448964 -0.008 0.00490143 0.000980038 -0.008 0.00498492 0.000207154 -0.008 -0.00285678 0.00409831 -0.008 -0.00334416 0.00371132 -0.008 0.00766086 0.000933487 -0.008 -0.00382221 0.00322105 -0.008 0.00494103 -0.000755453 -0.008 -0.00412393 0.00282447 -0.008 0.00484126 -0.00124367 -0.008 -0.00632297 0.00440274 -0.008 0.00458114 -0.00197624 -0.008 -0.00438467 0.00239982 -0.008 -0.00466904 0.0017769 -0.008 0.00412393 -0.00282447 -0.008 -0.00755032 0.00188965 -0.008 -0.00488172 0.00106117 -0.008 -0.00495987 0.000632231 -0.008 0.00703684 -0.00315183 -0.008 0.00365236 -0.00340333 -0.008 -0.00776671 -0.000274083 -0.008 -0.00499169 0.000259731 -0.008 -0.00499275 -0.000238572 -0.008 0.0030313 -0.00396767 -0.008 -0.00494418 -0.000734503 -0.008 -0.00479474 -0.00140276 -0.008 0.00204359 -0.00455479 -0.008 -0.00450243 -0.00215651 -0.008 -0.00628209 -0.00431049 -0.008 0.00239267 -0.00716316 -0.008 0.00125209 -0.00483357 -0.008 -0.00402581 -0.00295806 -0.008 0.000113883 -0.00499093 -0.008 -0.003469 -0.00358586 -0.008 -0.000816575 -0.00492854 -0.008 -0.00201904 -0.00747593 -0.008 -0.00142301 -0.00478877 -0.008 -0.00266687 -0.00422435 -0.008 -0.00206545 -0.00455175 -0.0082 0.00751163 0.002716 -0.0082 0.00792484 0.00077604 -0.0082 0.00791578 -0.00110952 -0.0082 0.00751794 -0.00264849 -0.0082 0.00640328 -0.00474677 -0.0082 0.00429793 -0.00668555 -0.009 0.0023231 -0.00763094 -0.0082 0.000356051 -0.00795794 -0.0082 -0.00428892 -0.00670034 -0.009 -0.00569931 -0.00557069 -0.0082 -0.00709997 -0.00362138 -0.0082 -0.00788866 -0.00122209 -0.0082 -0.00796405 0.000564053 -0.0082 -0.00773638 0.00198739 -0.0082 -0.00718919 0.00348092 -0.0082 -0.00514447 0.00607965 -0.009 -0.00263788 0.00751547 -0.009 -0.000628133 0.00794307 -0.0082 0.00140369 0.00786327 -0.0082 0.00284313 0.00747043 -0.0082 0.00404886 0.00687977 -0.0082 0.00537578 0.00591538 -0.0082 0.00632136 0.00489194 -0.0082 0.00688053 0.00406803 -0.0098 0.00783253 0.00156611 -0.0098 0.0079744 -0.000365249 -0.0098 0.00768728 -0.00212864 -0.0098 0.00689412 -0.00399939 -0.0098 0.00544953 -0.00582477 -0.0098 0.00419389 -0.00679963 -0.0098 0.000530187 -0.00796513 -0.009 -0.00179136 -0.00777264 -0.0098 -0.00368812 -0.00704891 -0.0098 -0.00634352 -0.00484605 -0.0098 -0.00735622 -0.0030291 -0.0098 -0.00795917 -0.000629227 -0.0098 -0.00793619 0.000860999 -0.0098 -0.00750006 0.00274781 -0.0098 -0.00677669 0.00421912 -0.009 -0.00615871 0.00506005 -0.0098 -0.00426048 0.00671846 -0.0098 0.00174444 0.00778983 -0.0098 0.00330061 0.00727374 -0.0098 0.00458967 0.00652592 -0.0098 0.0061297 0.00512133 -0.0098 0.00688053 0.00406803 -0.0098 0.00740999 0.00299711 -0.01 0.00372915 0.00667466 -0.01 -0.0017427 0.00730344 -0.01 -0.00678393 0.00352421 -0.01 -0.00770518 -0.00077847 -0.01 -0.00611455 -0.00467193 -0.01 -0.00217892 -0.00733495 -0.01 0.00255416 -0.00727119 -0.01 0.00563582 -0.00525154 -0.01 0.00754872 -0.00126292 -0.01 0.0071687 0.00284648 -0.01 -0.00153125 -0.00250487 -0.0100699 -0.00164659 0.00589051 -0.01 0.00523784 0.00227404 -0.0105 0.00564074 0.00203953 -0.0105 0.00583044 0.00139442 -0.0103275 0.00595701 0.000794337 -0.0105 0.00592381 -0.000868071 -0.0105 0.0056601 -0.00195432 -0.0102467 0.00548934 -0.00245306 -0.0105 0.00464586 -0.00376898 -0.0105 0.00390077 -0.0045522 -0.0103341 0.00136575 -0.00584286 -0.0105 0.00305097 -0.00516044 -0.0105 0.00217682 -0.00558119 -0.0104443 3.27045e-05 -0.00599236 -0.0105 -0.000683871 -0.00595574 -0.0105 -0.00226501 -0.00553241 -0.0105 -0.00350732 -0.00485664 -0.010318 -0.001743 -0.00578194 -0.0104475 -0.00426074 -0.00422999 -0.0105 -0.00501193 -0.00326646 -0.0105 -0.00563373 -0.002037 -0.0105 -0.00592565 -0.000880308 -0.010135 -0.00531075 -0.00285128 -0.0105 -0.00596173 0.000496973 -0.0103518 -0.00587617 0.00124513 -0.0105 -0.00539189 0.00261069 -0.0101618 -0.00464963 0.00393444 -0.0105 -0.00490343 0.00344889 -0.0105 -0.00417381 0.00429738 -0.0105 -0.00349104 0.00487752 -0.0105 -0.00278995 0.0053061 -0.0105 -0.00196795 0.00566265 -0.0105 -0.00065707 0.00594751 -0.0104273 0.000769203 0.00595505 -0.0105 0.0022337 0.00555478 -0.0101451 0.00291201 0.00542015 -0.0105 0.00326494 0.00503168 -0.0105 0.00411205 0.00435797 -0.010363 0.00477306 0.00367358 -0.0105 0.0052672 0.00285391 -0.017 0.00570996 0.00182617 -0.017 0.0058927 0.00110206 -0.017 0.00599114 0.000211494 -0.017 0.00587317 -0.00116227 -0.017 0.00546813 -0.00244043 -0.017 0.00491847 -0.00341375 -0.017 0.00395442 -0.00450009 -0.017 0.00317873 -0.00508273 -0.017 0.00238568 -0.00549973 -0.017 0.0012096 -0.00585885 -0.017 -0.000422957 -0.00597211 -0.017 -0.00145448 -0.00581251 -0.017 -0.00284224 -0.00527047 -0.017 -0.00374504 -0.00467578 -0.017 -0.00475764 -0.00363454 -0.017 -0.00537401 -0.00265679 -0.017 -0.00572826 -0.00175365 -0.017 -0.00596216 -0.000583845 -0.017 -0.00595963 0.00060911 -0.017 -0.00578731 0.00156382 -0.017 -0.00539189 0.00261069 -0.017 -0.00476769 0.00362731 -0.017 -0.00395442 0.00450009 -0.017 -0.00317873 0.00508273 -0.017 -0.00235021 0.00551156 -0.017 -0.000916055 0.00591186 -0.017 0.000273912 0.00598546 -0.017 0.00163474 0.00576332 -0.017 0.00277567 0.00530478 -0.017 0.00380568 0.00463199 -0.017 0.00447605 0.00398319 -0.017 0.00531733 0.00275358 -0.018 -0.00462327 0.0018928 -0.018 -0.00428952 0.00256072 -0.018 -0.00479641 0.00303959 -0.018 -0.00567394 0.000633289 -0.018 -0.00484126 0.00124367 -0.018 -0.00393785 0.00307418 -0.018 -0.00494103 0.000755453 -0.018 -0.00499169 0.000259731 -0.018 -0.00343569 0.00362675 -0.018 -0.00499275 -0.000238572 -0.018 -0.00316543 0.00472764 -0.018 -0.00285678 0.00409831 -0.018 -0.00491059 -0.000918388 -0.018 -0.00477949 -0.00146319 -0.018 -0.00541853 -0.00170588 -0.018 -0.00201403 0.00456465 -0.018 -0.00450243 -0.00215651 -0.018 -0.000646226 0.00560595 -0.018 -0.000856471 0.00491821 -0.018 -0.00384856 -0.00317505 -0.01775 -0.0045015 -0.00362169 -0.018 -0.000114025 0.00499715 -0.018 -0.00326669 -0.00377969 -0.018 0.000384097 0.00498367 -0.018 0.0013316 0.00480824 -0.018 -0.00266687 -0.00422435 -0.01775 0.00185107 0.00543274 -0.018 -0.00206545 -0.00455175 -0.018 0.00228692 0.00443761 -0.01775 -0.00119822 -0.00562119 -0.018 -0.00142301 -0.00478877 -0.018 -0.000693391 -0.00494737 -0.01775 0.00343321 0.00462741 -0.018 0.00297505 0.00401327 -0.018 0.00353997 0.00352504 -0.018 0.00399081 0.00300963 -0.018 0.000269508 -0.00498583 -0.018 0.00104053 -0.00488616 -0.018 0.00427064 0.00259732 -0.018 0.00495547 0.00275675 -0.018 0.00458313 0.00198802 -0.018 0.00184178 -0.00463683 -0.018 0.00477949 0.00146319 -0.018 0.00490143 0.000980038 -0.018 0.00568616 0.000538579 -0.018 0.00498492 0.000207154 -0.018 0.00285678 -0.00409831 -0.018 0.00347818 -0.00358115 -0.018 0.00561409 -0.000992624 -0.018 0.00494103 -0.000755453 -0.018 0.00401324 -0.0029751 -0.018 0.00484126 -0.00124367 -0.018 0.00473625 -0.00160247 -0.018 0.00449325 -0.00217558 -0.0175 0.0056862 0.00128517 -0.0175 0.00441552 0.00378472 -0.0175 -0.00106501 0.00569874 -0.0175 -0.00389363 0.00431979 -0.0175 -0.00520507 0.00260193 -0.0175 -0.00580499 -0.000350815 -0.0175 -0.00539184 -0.00225911 -0.01775 -0.00302911 -0.00491994 -0.01775 0.00184871 -0.00543364 -0.01775 0.00420196 -0.00390245 -0.0175 0.00520191 -0.0026002 -0.0175 0.00584141 -0.000450204 -0.014 0.00572189 0.0162501 -0.014 0.00472608 0.0153634 -0.014 0.00644338 0.0175002 -0.014 0.00741967 0.0167091 -0.014 0.00427852 0.0162499 -0.014 0.00572148 0.0187501 -0.014 0.00355662 0.0174998 -0.014 0.00332795 0.018984 -0.014 0.0068077 0.0192404 -0.014 0.00427811 0.0187499 -0.011 0.00543845 0.0150812 -0.011 0.00578062 0.0165272 -0.011 0.00541101 0.016332 -0.011 0.00732123 0.0175736 -0.011 0.00610296 0.0169512 -0.011 0.00486461 0.0162642 -0.011 0.00624114 0.0174013 -0.011 0.00615299 0.0179447 -0.011 0.00433273 0.0164511 -0.011 0.00402013 0.0167372 -0.011 0.00586238 0.0183885 -0.011 0.0029622 0.0162773 -0.011 0.0043475 0.0197292 -0.011 0.00377704 0.017291 -0.011 0.00539208 0.0186697 -0.011 0.00477818 0.0187251 -0.011 0.00380812 0.0178211 -0.011 0.00401162 0.0182608 -0.011 0.0043264 0.0185354 -0.0125 0.00260863 0.016202 -0.0125 0.00354256 0.0152261 -0.0125 0.00502156 0.0147639 -0.01285 0.00619547 0.0150931 -0.0125 0.00723361 0.0159155 -0.0125 0.00757394 0.0166 -0.0125 0.00773114 0.0174531 -0.0125 0.00738969 0.0187797 -0.0125 0.00610028 0.0199818 -0.01285 0.0048021 0.0201963 -0.0125 0.00360457 0.0198322 -0.01215 0.0026076 0.0187623 -0.0125 0.00227315 0.017393 -0.012 0.00427811 0.0187499 -0.012 0.00355662 0.0174998 -0.012 0.00572148 0.0187501 -0.012 0.00644338 0.0175002 -0.012 0.00572189 0.0162501 -0.012 0.00427852 0.0162499 -0.0031 0.00385237 0.0179353 -0.0031 0.00418132 0.018441 -0.0031 0.00453065 0.0186485 -0.0031 0.00518044 0.0187072 -0.0031 0.00590126 0.018349 -0.0031 0.0061674 0.0178915 -0.0031 0.00622938 0.017303 -0.0031 0.00602433 0.0168044 -0.0031 0.00571993 0.0164842 -0.0031 0.00532932 0.0163038 -0.0031 0.004791 0.0162745 -0.0031 0.00440645 0.0164055 -0.0031 0.00402364 0.0167399 -0.0031 0.00377704 0.017291 -0.00302196 0.00498948 0.0174192</float_array>
                    <technique_common>
                        <accessor count="2812" source="#shape0-lib-positions-array" stride="3">
                            <param name="X" type="float"/>
                            <param name="Y" type="float"/>
                            <param name="Z" type="float"/>
                        </accessor>
                    </technique_common>
                </source>
                <source id="shape0-lib-normals" name="normal">
                    <float_array id="shape0-lib-normals-array" count="16896">0.999689 -0.0249323 0 0.999689 -0.0249323 0 0.997204 -0.074727 0 0.997204 -0.074727 0 0.992239 -0.124346 0 0.992239 -0.124346 0 0.984808 -0.173648 0 0.984808 -0.173648 0 0.974928 -0.222521 0 0.974928 -0.222521 0 0.962624 -0.27084 0 0.962624 -0.27084 0 0.947928 -0.318486 0 0.947928 -0.318486 0 0.930873 -0.365343 0 0.930873 -0.365343 0 0.911506 -0.411288 0 0.911506 -0.411288 0 0.889873 -0.456208 0 0.889873 -0.456208 0 0.866024 -0.500002 0 0.866024 -0.500002 0 0.840026 -0.542546 0 0.840026 -0.542546 0 0.811938 -0.583743 0 0.811938 -0.583743 0 0.781832 -0.623489 0 0.781832 -0.623489 0 0.749781 -0.661686 0 0.749781 -0.661686 0 0.715866 -0.698237 0 0.715866 -0.698237 0 0.680173 -0.733052 0 0.680173 -0.733052 0 0.642788 -0.766044 0 0.642788 -0.766044 0 0.603803 -0.797133 0 0.603803 -0.797133 0 0.56332 -0.826239 0 0.56332 -0.826239 0 0.521435 -0.853291 0 0.521435 -0.853291 0 0.478256 -0.878221 0 0.478256 -0.878221 0 0.433884 -0.900969 0 0.433884 -0.900969 0 0.388433 -0.921477 0 0.388433 -0.921477 0 0.342022 -0.939692 0 0.342022 -0.939692 0 0.294754 -0.955573 0 0.294754 -0.955573 0 0.246757 -0.969078 0 0.246757 -0.969078 0 0.198146 -0.980173 0 0.198146 -0.980173 0 0.149043 -0.988831 0 0.149043 -0.988831 0 0.0995705 -0.995031 0 0.0995705 -0.995031 0 0.0498444 -0.998757 0 0.0498444 -0.998757 0 0 -1 0 0 -1 0 -0.0498444 -0.998757 0 -0.0498444 -0.998757 0 -0.0995705 -0.995031 0 -0.0995705 -0.995031 0 -0.149043 -0.988831 0 -0.149043 -0.988831 0 -0.198146 -0.980173 0 -0.198146 -0.980173 0 -0.246757 -0.969078 0 -0.246757 -0.969078 0 -0.294754 -0.955573 0 -0.294754 -0.955573 0 -0.342022 -0.939692 0 -0.342022 -0.939692 0 -0.388433 -0.921477 0 -0.388433 -0.921477 0 -0.433884 -0.900969 0 -0.433884 -0.900969 0 -0.478256 -0.878221 0 -0.478256 -0.878221 0 -0.521435 -0.853291 0 -0.521435 -0.853291 0 -0.56332 -0.826239 0 -0.56332 -0.826239 0 -0.603803 -0.797133 0 -0.603803 -0.797133 0 -0.642788 -0.766044 0 -0.642788 -0.766044 0 -0.680173 -0.733052 0 -0.680173 -0.733052 0 -0.715866 -0.698237 0 -0.715866 -0.698237 0 -0.749781 -0.661686 0 -0.749781 -0.661686 0 -0.781832 -0.623489 0 -0.781832 -0.623489 0 -0.811938 -0.583743 0 -0.811938 -0.583743 0 -0.840026 -0.542546 0 -0.840026 -0.542546 0 -0.866024 -0.500002 0 -0.866024 -0.500002 0 -0.889873 -0.456208 0 -0.889873 -0.456208 0 -0.911506 -0.411288 0 -0.911506 -0.411288 0 -0.930873 -0.365343 0 -0.930873 -0.365343 0 -0.947928 -0.318486 0 -0.947928 -0.318486 0 -0.962624 -0.27084 0 -0.962624 -0.27084 0 -0.974928 -0.222521 0 -0.974928 -0.222521 0 -0.984808 -0.173648 0 -0.984808 -0.173648 0 -0.992239 -0.124346 0 -0.992239 -0.124346 0 -0.997204 -0.074727 0 -0.999689 -0.0249323 0 -0.997204 -0.074727 0 -0.999689 -0.0249323 3.98386e-18 -0.999689 0.0249323 0 -0.999689 0.0249323 0 -0.997204 0.074727 0 -0.997204 0.074727 0 -0.992239 0.124346 0 -0.992239 0.124346 0 -0.984808 0.173648 0 -0.984808 0.173648 0 -0.974928 0.222521 0 -0.974928 0.222521 0 -0.962624 0.27084 0 -0.962624 0.27084 0 -0.947928 0.318486 0 -0.947928 0.318486 0 -0.930873 0.365343 0 -0.930873 0.365343 0 -0.911506 0.411288 0 -0.911506 0.411288 0 -0.889873 0.456208 0 -0.889873 0.456208 0 -0.866024 0.500002 0 -0.866024 0.500002 0 -0.840026 0.542546 0 -0.840026 0.542546 0 -0.811938 0.583743 0 -0.811938 0.583743 0 -0.781832 0.623489 0 -0.781832 0.623489 0 -0.749781 0.661686 0 -0.749781 0.661686 0 -0.715866 0.698237 0 -0.715866 0.698237 0 -0.680173 0.733052 0 -0.680173 0.733052 0 -0.642788 0.766044 0 -0.642788 0.766044 0 -0.603803 0.797133 0 -0.603803 0.797133 0 -0.56332 0.826239 0 -0.56332 0.826239 0 -0.521435 0.853291 0 -0.521435 0.853291 0 -0.478256 0.878221 0 -0.478256 0.878221 0 -0.433884 0.900969 0 -0.433884 0.900969 0 -0.388433 0.921477 0 -0.388433 0.921477 0 -0.342022 0.939692 0 -0.342022 0.939692 0 -0.294754 0.955573 0 -0.294754 0.955573 0 -0.246757 0.969078 0 -0.246757 0.969078 0 -0.198146 0.980173 0 -0.198146 0.980173 0 -0.149043 0.988831 0 -0.149043 0.988831 0 -0.0995705 0.995031 0 -0.0995705 0.995031 0 -0.0498444 0.998757 0 -0.0498444 0.998757 0 0 1 0 0 1 0 0.0498444 0.998757 0 0.0498444 0.998757 0 0.0995705 0.995031 0 0.0995705 0.995031 0 0.149043 0.988831 0 0.149043 0.988831 0 0.198146 0.980173 0 0.198146 0.980173 0 0.246757 0.969078 0 0.246757 0.969078 0 0.294754 0.955573 0 0.294754 0.955573 0 0.342022 0.939692 0 0.342022 0.939692 0 0.388433 0.921477 0 0.388433 0.921477 0 0.433884 0.900969 0 0.478256 0.878221 0 0.433884 0.900969 0 0.478256 0.878221 0 0.521435 0.853291 0 0.521435 0.853291 0 0.56332 0.826239 0 0.56332 0.826239 0 0.603803 0.797133 0 0.603803 0.797133 0 0.642788 0.766044 0 0.642788 0.766044 0 0.680173 0.733052 0 0.680173 0.733052 0 0.715866 0.698237 0 0.715866 0.698237 0 0.749781 0.661686 0 0.749781 0.661686 0 0.781832 0.623489 0 0.781832 0.623489 0 0.811938 0.583743 0 0.811938 0.583743 0 0.840026 0.542546 0 0.840026 0.542546 0 0.866024 0.500002 0 0.866024 0.500002 0 0.889873 0.456208 0 0.889873 0.456208 0 0.911506 0.411288 0 0.911506 0.411288 0 0.930873 0.365343 0 0.930873 0.365343 0 0.947928 0.318486 0 0.962624 0.27084 0 0.947928 0.318486 0 0.962624 0.27084 0 0.974928 0.222521 0 0.974928 0.222521 0 0.984808 0.173648 0 0.984808 0.173648 0 0.992239 0.124346 0 0.992239 0.124346 0 0.997204 0.074727 0 0.997204 0.074727 0 0.999689 0.0249323 2.76804e-18 0.999689 0.0249323 0 0 0 1 0 0 1 0 0 1 0 0 1 0 0 1 0 0 1 0 0 1 0 0 1 0 0 1 0 0 1 0 0 1 0 0 1 0 0 1 0 0 1 0 0 1 0 0 1 0 0 1 0 0 1 0 0 1 0 0 1 0 0 1 0 0 1 0 0 1 0 0 1 0 0 1 0 0 1 0 0 1 0 0 1 0 0 1 0 0 1 0 0 1 0 0 1 0 0 1 0 0 1 0 0 1 0 0 1 0 0 1 0 0 1 0 0 1 0 0 1 0 0 1 0 0 1 0 0 1 0 0 1 0 0 1 0.0138672 0.00897487 0.999864 0 0 1 0.0147347 -0.0031703 0.999886 0 0 1 0 0 1 0 0 1 0.0150762 -0.0011298 0.999886 0 0 1 0 0 1 0 0 1 0.015818 0.000825431 0.999875 0.0171424 0.00302266 0.999849 0.013074 -0.00243897 0.999912 0 0 1 0.00799491 0.00210667 0.999966 0.00736368 0.00279624 0.999969 0 0 1 0 0 1 0 0 1 0.00694113 0.00346198 0.99997 0 0 1 0 0 1 0.00655179 0.00444519 0.999969 0 0 1 0.00637459 0.00550125 0.999965 0 0 1 0.00663303 -0.00321705 0.999973 0 0 -1 0 0 -1 0 0 -1 0 0 -1 0 0 -1 0 0 -1 0 0 -1 0 0 -1 0 0 -1 0 0 -1 0 0 -1 0 0 -1 0 0 -1 0 0 -1 0 0 -1 0 0 -1 0 0 -1 0 0 -1 0 0 -1 0 0 -1 0 0 -1 0 0 -1 0 0 -1 0 0 -1 0 0 -1 0 0 -1 0 0 -1 0 0 -1 0 0 -1 0 0 -1 0 0 -1 0 0 -1 0 0 -1 0 0 -1 0 0 -1 0 0 -1 0 0 -1 0 0 -1 0 0 -1 0 0 -1 0 0 -1 0 0 -1 0 0 -1 0 0 -1 0 0 -1 0 0 -1 0 0 -1 0 0 -1 0 0 -1 0 0 -1 0 0 -1 0 0 -1 0 0 -1 0 0 -1 0 0 -1 0 0 -1 0 0 -1 0 0 -1 0 0 -1 0 0 -1 0 0 -1 0 0 -1 0 0 -1 0 0 -1 0 0 -1 0 0 -1 0 0 -1 0 0 -1 0 0 -1 0 0 -1 0 0 -1 0 0 -1 0 0 -1 0 0 -1 0.484993 0.0120948 -0.874435 0.0656511 -0.0542051 -0.996369 -0.0312571 -0.105374 -0.993941 0.0305996 -0.0952091 -0.994987 0.494786 -0.0288188 -0.868537 0.498577 -0.0769621 -0.863422 0.493139 -0.126761 -0.860666 0.469018 -0.184077 -0.863793 0.439895 -0.225521 -0.869271 0.403069 -0.26033 -0.877362 -0.160218 -0.0313419 -0.986584 0.414851 -0.252526 -0.874145 0.392648 -0.313126 -0.864743 0.369999 -0.349078 -0.860956 0.347455 -0.374467 -0.85968 0.313575 -0.40458 -0.859061 0.276177 -0.424289 -0.862383 0.17818 -0.452971 -0.873538 0.20843 -0.410143 -0.887885 0.179765 -0.440017 -0.879812 0.130727 -0.471051 -0.872366 0.0800746 -0.489736 -0.868186 0.0110949 -0.489444 -0.871964 -0.273565 0.0970987 -0.95694 -0.0520923 -0.468185 -0.882093 -0.100848 -0.437269 -0.893659 -0.101533 -0.436561 -0.893927 -0.161234 -0.442986 -0.881911 -0.223317 -0.438041 -0.870775 -0.289677 -0.413697 -0.8631 -0.339688 -0.374327 -0.862839 -0.380819 -0.321021 -0.867134 -0.4258 -0.201347 -0.88213 -0.362782 -0.227948 -0.903565 -0.413352 -0.192049 -0.890088 -0.454142 -0.147008 -0.878717 -0.477719 -0.103478 -0.872397 -0.492416 -0.0423957 -0.869327 -0.490845 0.00680234 -0.87122 -0.477445 0.0517882 -0.877134 -0.454363 0.0984191 -0.885363 -0.422956 0.136913 -0.895747 -0.417292 0.141656 -0.897664 -0.421252 0.181711 -0.888554 -0.419678 0.215157 -0.881804 -0.413436 0.254668 -0.874194 -0.39916 0.293743 -0.868554 0.195958 0.142128 -0.970258 -0.373738 0.329827 -0.866911 -0.343698 0.362279 -0.866387 -0.301122 0.388521 -0.870848 -0.25837 0.401569 -0.878628 -0.246945 0.414353 -0.875974 0.159714 0.0499538 -0.985899 -0.197934 0.45366 -0.868916 -0.142242 0.479965 -0.86568 -0.0803803 0.495921 -0.86464 -0.0304587 0.499192 -0.865956 0.035689 0.491192 -0.87032 0.090019 0.472166 -0.876901 0.137479 0.445696 -0.884565 0.183828 0.409881 -0.893423 0.150578 0.445543 -0.882506 0.24473 0.427387 -0.870315 0.288637 0.408592 -0.865876 0.323415 0.385432 -0.864202 0.357303 0.348503 -0.866533 0.38172 0.304412 -0.87271 0.393713 0.263662 -0.880609 0.436321 0.229831 -0.869943 0.393894 0.262381 -0.880911 0.468625 0.189938 -0.862737 0.488449 0.146231 -0.860252 0.496706 0.113371 -0.860482 0.499879 0.0881409 -0.861599 0.500061 0.0542415 -0.86429 0.49064 -0.000910677 -0.871362 0.998308 -0.0581466 0 0.997204 -0.0747305 0.000189897 0.988295 -0.152557 -0.000108511 0.984808 -0.173648 9.49497e-05 0.968515 -0.248956 -0.000345123 0.962624 -0.270841 0 0.930873 -0.365342 0 0.930873 -0.365342 0 0.889872 -0.45621 0 0.889872 -0.45621 0 0.840026 -0.542546 0 0.827515 -0.561444 0.000345127 0.781831 -0.62349 -9.49488e-05 0.757062 -0.653342 0.000274212 0.727372 -0.686243 -6.33094e-05 0.680174 -0.733051 0 0.692263 -0.721645 0.000126631 0.612603 -0.79039 -0.00013714 0.620706 -0.784044 0 0.545529 -0.838092 0 0.554126 -0.832433 0.000137151 0.453045 -0.891488 0 0.453045 -0.891488 0 0.378197 -0.925725 0 0.363229 -0.9317 0.000276067 0.267416 -0.963581 -0.000108529 0.246755 -0.969078 9.49471e-05 0.161363 -0.986895 -0.000403213 0.138082 -0.990421 0 0.0226626 -0.999743 -0.000276065 0.0387712 -0.999248 0 -0.110582 -0.993867 -0.000200351 -0.0782734 -0.996932 0.00010852 -0.224731 -0.974421 -0.000224369 -0.185906 -0.982568 0.000379447 -0.30533 -0.952247 0.000253188 -0.342021 -0.939692 -0.000189891 -0.403697 -0.914893 6.33199e-05 -0.454191 -0.890904 -0.000362402 -0.478254 -0.878222 -6.59713e-09 -0.563321 -0.826238 -0.000189667 -0.573581 -0.819149 -0.000403214 -0.651231 -0.75888 0.000158204 -0.672013 -0.740539 -0.000158214 -0.764583 -0.644525 -0.000345133 -0.734593 -0.678508 0.000345106 -0.830885 -0.556444 0.000284684 -0.846727 -0.532027 -0.000213459 -0.906895 -0.421356 0 -0.897337 -0.441345 0.000379423 -0.951396 -0.307971 0 -0.951396 -0.307971 0 -0.977335 -0.211699 0 -0.982565 -0.185918 0.000450606 -0.996314 -0.08578 -0.000126601 -0.997971 -0.0636702 0.000126588 -0.999904 0.0138571 -0.000316393 -0.999137 0.0415403 0 -0.992239 0.124344 0 -0.994169 0.107837 0.000253085 -0.977335 0.211699 -0.000147717 -0.974928 0.222521 -4.94784e-09 -0.947927 0.318488 -0.000189666 -0.951396 0.307971 0 -0.918216 0.39608 0 -0.918216 0.39608 0 -0.889871 0.456212 0 -0.882167 0.470937 0.000126622 -0.851432 0.524464 -0.000108519 -0.840026 0.542546 9.49522e-05 -0.805417 0.592709 -0.000253177 -0.781831 0.62349 0.000189899 -0.749779 0.661688 -3.53198e-09 -0.699859 0.714281 0.000276058 -0.688258 0.725466 0 -0.612595 0.790397 0 -0.593815 0.804601 0.000403224 -0.511953 0.859013 -0.000158196 -0.467264 0.884118 0.000426916 -0.399899 0.916559 -0.000426912 -0.352408 0.935847 0.000158207 -0.284143 0.958782 -0.000253185 -0.262828 0.964843 0 -0.181828 0.98333 0 -0.159995 0.987118 -0.000253167 -0.0885424 0.996072 0.000158211 -0.0609027 0.998144 -0.000158204 0.0271988 0.99963 0.000345112 0.072467 0.997371 -0.000345138 0.171413 0.985199 0.000224359 0.187278 0.982307 -2.10908e-05 0.294755 0.955573 0.000189665 0.284154 0.958779 0 0.409219 0.912436 -0.000198477 0.398616 0.917118 0 0.496917 0.867798 0 0.48796 0.872866 0.000137133 0.576975 0.816762 -0.000126626 0.563322 0.826238 0 0.642787 0.766045 -0.000189904 0.603803 0.797134 -7.29943e-09 0.65543 0.755256 0 0.715867 0.698237 0 0.715867 0.698237 0 0.781831 0.62349 0 0.781831 0.62349 0 0.830893 0.556433 0 0.830893 0.556433 0 0.88476 0.466046 0 0.88476 0.466046 0 0.92677 0.375629 0 0.92677 0.375629 0 0.95799 0.286802 0 0.974928 0.222522 0 0.95799 0.286802 0 0.974928 0.222522 0 0.984808 0.173646 0 0.994169 0.107837 0 0.984808 0.173646 0 0.994169 0.107837 0 0.999689 0.0249303 0 0.999689 0.0249303 0 0.218278 -0.0242938 0.975584 -0.460602 -0.0293919 0.88712 -0.43212 -0.0761944 0.898591 -0.396561 -0.11633 0.910608 -0.452851 -0.197574 0.86942 -0.468172 -0.0564071 0.881835 0.111102 -0.190765 0.975328 -0.428474 -0.263172 0.864379 -0.394921 -0.314939 0.863047 -0.360974 -0.352084 0.863559 -0.312545 -0.3901 0.866105 -0.260242 -0.415456 0.871591 0.113469 0.0211325 0.993317 -0.221784 -0.441608 0.869364 -0.24604 -0.419665 0.873696 -0.194139 -0.460551 0.866143 -0.159264 -0.479667 0.862875 -0.119838 -0.493449 0.86148 -0.0752289 -0.49911 0.863267 -0.0416438 -0.499895 0.865084 0 -0.465178 0.885217 0.0437021 -0.488829 0.871284 0.0480873 -0.480559 0.875643 0.0894681 -0.483846 0.870568 0.141649 -0.477964 0.866883 0.187399 -0.458689 0.868612 0.0791971 0.0855855 0.993178 0.230742 -0.423712 0.875914 0.264915 -0.379461 0.88647 0.285964 -0.333226 0.898435 0.279339 -0.359734 0.890259 0.356104 -0.328068 0.874964 0.391453 -0.305137 0.868134 0.43557 -0.257956 0.862402 0.462112 -0.208513 0.86196 0.0179357 0.127597 0.991664 0.473848 -0.153381 0.867146 0.471732 -0.0936186 0.876758 0.452697 -0.0104953 0.891603 0.421958 -0.0481336 0.905336 0.452502 0.00626647 0.891741 0.46679 0.0532527 0.882763 0.469942 0.112751 0.875466 0.458165 0.167937 0.872858 -0.194433 0.133855 0.97174 0.427765 0.219302 0.876883 0.393897 0.254406 0.883246 0.344176 0.28747 0.893814 0.318191 0.296521 0.900461 0.312121 0.317733 0.895336 0.286989 0.370278 0.883477 0.26143 0.401634 0.877693 0.22081 0.434503 0.873184 0.177768 0.455983 0.872054 0.118129 0.463926 0.877962 0.0584123 0.457698 0.887187 0.0125158 0.439216 0.898295 -0.00155323 0.430838 0.902428 -0.0401462 0.451688 0.891272 -0.0947482 0.468695 0.878264 -0.165311 0.472439 0.865721 -0.22549 0.455255 0.861334 -0.28062 0.42156 0.862288 -0.315529 0.384604 0.86748 -0.298367 0.284639 0.91102 -0.377899 0.268192 0.886152 -0.351568 0.265049 0.897858 -0.401165 0.231613 0.88624 -0.429714 0.202556 0.879953 -0.4594 0.16004 0.873693 -0.476332 0.114285 0.871807 -0.480677 0.0683687 0.874228 -0.476374 0.017166 0.879075 -0.99797 -0.0636823 0 -0.998641 -0.0521125 -0.000198468 -0.984808 -0.173648 0 -0.984808 -0.173648 0 -0.959566 -0.281485 0.000316419 -0.966993 -0.254804 0 -0.934866 -0.355001 -0.000126576 -0.916564 -0.399887 0.000426916 -0.89487 -0.446328 -0.0001582 -0.852106 -0.52337 0.000345123 -0.827515 -0.561444 -0.000345127 -0.781831 -0.62349 9.49488e-05 -0.715867 -0.698237 0.000189883 -0.757062 -0.653342 -0.000274212 -0.625262 -0.780415 0.000276076 -0.692263 -0.721645 -6.33191e-05 -0.612603 -0.79039 0 -0.530853 -0.847464 0.000232024 -0.545529 -0.838092 0 -0.463592 -0.886049 -6.33097e-05 -0.448799 -0.893633 6.33114e-05 -0.388435 -0.921476 0 -0.403697 -0.914893 -0.000126638 -0.315115 -0.949054 0 -0.315115 -0.949054 0 -0.235999 -0.971753 0 -0.220307 -0.97543 -0.000276064 -0.149043 -0.988831 4.94477e-09 -0.0830175 -0.996548 0 -0.0995681 -0.995031 -0.00018989 0 -1 0 0.0226626 -0.999743 -0.00034513 0.0995681 -0.995031 9.49399e-05 0.181828 -0.98333 0.000126623 0.120816 -0.992675 -0.000108521 0.198145 -0.980173 0 0.262828 -0.964843 0 0.284143 -0.958782 0.000253185 0.363229 -0.9317 -0.000224373 0.378207 -0.925721 2.11013e-05 0.478254 -0.878222 -0.000189651 0.468499 -0.883464 0 0.5819 -0.81326 0 0.572436 -0.81995 -0.000242531 0.65124 -0.758872 0.000137145 0.672013 -0.740539 -0.000232025 0.735465 -0.677563 0.000108509 0.74978 -0.661687 -9.49417e-05 0.788695 -0.614785 0.000253188 0.811938 -0.583744 -0.000189892 0.86043 -0.509569 0.000147707 0.87151 -0.490378 -0.00014756 0.911506 -0.411287 0.000189658 0.922355 -0.386343 -0.000224364 0.951399 -0.30796 0.000253183 0.962624 -0.270841 -0.000189894 0.980871 -0.194661 0.000108515 0.98849 -0.151286 -0.000310601 0.993557 -0.113337 0.000126585 0.999922 -0.0124608 -0.000450621 0.999904 0.0138472 0 0.993555 0.113347 0 0.990611 0.136709 -0.00040322 0.972404 0.233305 0.000158207 0.965565 0.260164 -0.000158193 0.938914 0.344152 0.00034513 0.930873 0.365342 0 0.889872 0.456211 0 0.889872 0.456211 0 0.840026 0.542546 0 0.840026 0.542546 0 0.781831 0.62349 0 0.7675 0.641048 0.000345127 0.715867 0.698237 -9.49359e-05 0.700778 0.713379 0.000108518 0.642787 0.766045 -0.000189901 0.612603 0.79039 0.000253161 0.545529 0.838092 0.000108517 0.563321 0.826238 -9.49559e-05 0.453045 0.891488 0.000217024 0.492784 0.870152 -0.000126629 0.418851 0.908055 -3.61146e-09 0.363229 0.9317 0.000345123 0.342021 0.939692 0 0.246755 0.969078 0 0.246755 0.969078 0 0.126595 0.991955 0 0.126595 0.991955 0 0.0284843 0.999594 0 0.0284843 0.999594 0 -0.0664369 0.997791 0 -0.0885313 0.996073 0.000253191 -0.171413 0.985199 -0.000224359 -0.198145 0.980173 0.000189653 -0.284154 0.958779 -0.000147571 -0.330274 0.943885 0.000498136 -0.388436 0.921476 -9.49433e-05 -0.443845 0.896104 0.000253178 -0.487951 0.872871 -0.000316404 -0.554126 0.832433 0.000126583 -0.634264 0.773117 0.000158201 -0.593815 0.804601 -0.000426918 -0.723556 0.690266 0.000316386 -0.688258 0.725466 -0.000253185 -0.774871 0.63212 -0.000126595 -0.7985 0.601995 0.000310602 -0.824231 0.566254 -0.000108515 -0.866026 0.499999 0.000189898 -0.874216 0.485537 0 -0.904545 0.426379 0 -0.904545 0.426379 0 -0.944338 0.328976 0 -0.944338 0.328976 0 -0.972404 0.233305 0 -0.977627 0.210345 -0.000403224 -0.990036 0.140817 5.18167e-09 -0.999351 0.0360113 0.000137147 -0.997204 0.0747299 -0.000379546 0.682211 -0.0170144 0.730958 0.672574 0.0167741 0.73984 0.670939 -0.0502779 0.739806 0.639948 -0.0801972 0.764221 0.653617 -0.11525 0.747999 0.637532 -0.145512 0.756558 0.660818 -0.0689109 0.747376 0.66032 -0.121168 0.741145 0.68078 -0.191542 0.707001 0.670386 -0.225237 0.707001 0.459556 -0.171925 0.87135 0.600372 -0.23563 0.764219 0.613279 -0.276722 0.739807 0.620401 -0.266701 0.737546 0.513476 -0.220736 0.829227 0.607269 -0.311326 0.730959 0.582645 -0.336392 0.739841 0.541723 -0.349881 0.764277 0.488577 -0.351263 0.798691 0.29335 -0.233939 0.92694 0.315195 -0.278162 0.907347 0.346171 -0.326592 0.87949 0.605636 -0.571383 0.553828 0.333332 -0.325123 0.884977 0.345206 -0.372044 0.861636 0.417601 -0.452701 0.787827 0.348429 -0.41524 0.840341 0.341421 -0.450739 0.824782 0.323889 -0.475058 0.818179 0.296937 -0.485917 0.822018 0.262851 -0.482674 0.835425 0.224636 -0.466462 0.855542 0.185447 -0.439935 0.878673 0.147996 -0.406612 0.901534 0.17214 -0.558068 0.811744 0.0896825 -0.46988 0.878163 0.153193 -0.601627 0.783949 0.192952 -0.45406 0.869827 0.365862 -0.860958 0.353407 0.127345 -0.629942 0.766131 0.0964504 -0.639903 0.762379 0.0630952 -0.630524 0.773601 0.0300964 -0.603056 0.797131 0 -0.560928 0.827865 -0.02541 -0.509153 0.860301 -0.0173016 -0.531185 0.847079 -0.059916 -0.598754 0.798689 -0.0961161 -0.637686 0.764276 -0.0246789 -0.75768 0.65216 -0.13331 -0.659445 0.739839 -0.168392 -0.661321 0.730958 -0.118156 -0.44827 0.886055 -0.198316 -0.642929 0.739806 -0.220588 -0.606058 0.764221 -0.160194 -0.380028 0.910998 -0.251887 -0.472715 0.844448 -0.200211 -0.415742 0.887172 -0.408062 -0.765809 0.497013 -0.243426 -0.447003 0.860774 -0.287228 -0.470029 0.834609 -0.328195 -0.481374 0.812752 -0.362675 -0.478799 0.799512 -0.387505 -0.46181 0.797854 -0.400587 -0.431731 0.80817 -0.359499 -0.346317 0.866501 -0.401302 -0.391419 0.828099 -0.390657 -0.344757 0.85354 -0.632613 -0.493711 0.5967 -0.354144 -0.28242 0.891527 -0.411447 -0.29581 0.862095 -0.367199 -0.286574 0.884896 -0.468187 -0.302387 0.830279 -0.51942 -0.299889 0.800169 -0.56003 -0.287108 0.777133 -0.585785 -0.264317 0.766155 -0.594124 -0.233178 0.769834 -0.584482 -0.196375 0.787285 -0.558464 -0.157127 0.814511 -0.519681 -0.118614 0.846086 -0.622364 -0.103972 0.775792 -0.50204 -0.0885232 0.860302 -0.556572 -0.0697487 0.827866 -0.485034 -0.0923738 0.869603 -0.554169 -0.10554 0.825686 -0.602122 -0.0451209 0.797128 -0.633474 -0.0157989 0.773603 -0.646929 0.0161345 0.762379 -0.640887 0.0480258 0.766131 -0.616004 0.0771965 0.783952 -0.575139 0.101413 0.811745 -0.470653 0.136205 0.871742 -0.605822 0.175323 0.776042 -0.406996 0.092894 0.908694 -0.450049 0.126624 0.883981 -0.489187 0.164357 0.856553 -0.520112 0.20413 0.829346 -0.538724 0.243082 0.806652 -0.542148 0.277941 0.792985 -0.529363 0.305629 0.791433 -0.501357 0.32381 0.802364 -0.457892 0.162201 0.874085 -0.460905 0.331368 0.823263 -0.412103 0.32864 0.849804 -0.359563 0.317317 0.87751 -0.307473 0.299901 0.903061 -0.258877 0.279004 0.924737 -0.215485 0.256805 0.942134 -0.329664 0.321761 0.887576 -0.338493 0.454411 0.823974 -0.352629 0.465536 0.811745 -0.349722 0.512949 0.78395 -0.709596 0.692586 0.129607 -0.335118 0.548396 0.766132 -0.309494 0.568323 0.76238 -0.27494 0.570918 0.773603 -0.234539 0.556394 0.797131 -0.19185 0.527101 0.827864 -0.15026 0.487135 0.860303 -0.251644 0.602565 0.757358 -0.291188 0.697255 0.655015 -0.134985 0.545931 0.826885 -0.174509 0.685343 0.707001 -0.140131 0.69319 0.707001 -0.0713865 0.733659 0.675758 -0.0646825 0.66476 0.744252 -0.0896855 0.595021 0.79869 -0.0642117 0.641682 0.764278 -0.0335345 0.671948 0.739839 0 0.682423 0.730957 0.0871144 0.640271 0.763194 0.0335363 0.671984 0.739806 0.0642184 0.641749 0.764221 0.123671 0.528072 0.840146 0.195861 0.836322 0.512059 0.0641048 0.425305 0.902777 0.0954526 0.472177 0.876321 0.169282 0.548804 0.818632 0.13111 0.514902 0.847163 0.207283 0.569501 0.795426 0.24195 0.573974 0.782313 0.27026 0.5612 0.782313 0.289846 0.532245 0.795427 0.262457 0.540923 0.799074 0.299471 0.490063 0.818631 0.29931 0.439008 0.847163 0.29087 0.384002 0.87632 0.276468 0.329481 0.902778 0.293851 0.316697 0.901862 0.33759 0.329277 0.881822 0.501519 0.383184 0.77566 0.268334 0.306212 0.913363 0.655363 0.747875 -0.105744 0.378941 0.334418 0.862884 0.414348 0.330431 0.848016 0.440456 0.316666 0.840072 0.454806 0.293745 0.840753 0.456337 0.263468 0.849906 0.445594 0.228441 0.865599 0.424585 0.19158 0.884887 0.396261 0.155522 0.90487 0.363808 0.122233 0.923419 0.330025 0.0928547 0.939394 0.528349 0.120592 0.84042 0.499539 0.0880822 0.861802 0.679197 0.38353 0.625776 0.59707 0.0748237 0.798692 0.643087 0.0481907 0.764275 0.451732 0.0774123 0.888789 0.515841 0.103299 0.850434 0.598418 0.0149246 -0.801045 0.584407 -0.0145752 -0.81133 0.595032 0.0445896 -0.802464 0.574606 0.0720086 -0.815257 0.5235 0.0343354 -0.851334 0.539556 0.0951384 -0.836557 0.493908 0.112731 -0.862176 0.511684 0.108484 -0.852297 0.81042 0.17182 -0.560087 0.56219 0.158176 -0.811741 0.588501 0.197725 -0.783946 0.598263 0.234802 -0.766127 0.589868 0.266159 -0.762374 0.563894 0.289089 -0.773596 0.522916 0.301907 -0.797127 0.547874 0.338489 -0.765022 0.4712 0.304333 -0.82786 0.413919 0.297587 -0.860298 0.392636 0.292678 -0.871881 0.710773 0.529824 -0.462697 0.40736 0.324858 -0.853537 0.420318 0.370933 -0.828095 0.421613 0.411231 -0.808166 0.410046 0.441925 -0.79785 0.386095 0.46013 -0.799507 0.351785 0.464421 -0.812749 0.310304 0.455133 -0.834605 0.265405 0.434317 -0.860772 0.285192 0.529367 -0.799022 0.22069 0.405252 -0.887168 0.178941 0.371576 -0.910995 0.197253 0.388666 -0.900017 0.19802 0.469762 -0.860298 0.191851 0.527103 -0.827862 0.313885 0.618478 -0.72039 0.177977 0.57699 -0.797124 0.156364 0.614083 -0.773597 0.128228 0.634306 -0.762374 0.0957885 0.635512 -0.766126 0.0618164 0.617746 -0.783944 0.02911 0.58329 -0.811742 -0.0309722 0.679702 -0.732834 -0.0227079 0.498338 -0.866686 0 0.452375 -0.891828 -0.0244706 0.490329 -0.871194 -0.0172365 0.748865 -0.662499 -0.0520017 0.519665 -0.852786 -0.0809177 0.536851 -0.839787 -0.109077 0.539574 -0.834842 -0.134253 0.527245 -0.839041 -0.154577 0.50113 -0.851455 -0.168916 0.46409 -0.869533 -0.177037 0.419984 -0.890096 -0.179539 0.372816 -0.91037 -0.177537 0.326011 -0.928546 -0.172315 0.281981 -0.943819 -0.401265 0.708751 -0.580223 -0.302387 0.577835 -0.758069 -0.184683 0.352913 -0.917248 -0.287175 0.421208 -0.860299 -0.338693 0.447138 -0.827862 -0.388125 0.462548 -0.797125 -0.43101 0.464518 -0.773598 -0.463262 0.451854 -0.762375 -0.481876 0.425258 -0.766127 -0.485383 0.38708 -0.783947 -0.474186 0.340916 -0.811742 -0.600367 0.377094 -0.705237 -0.444971 0.279489 -0.850815 -0.466055 0.247087 -0.849553 -0.428238 0.276585 -0.860298 -0.48578 0.280467 -0.827862 -0.53732 0.275466 -0.797123 -0.577601 0.260624 -0.773597 -0.602402 0.236427 -0.762374 -0.609223 0.204687 -0.766127 -0.597626 0.168146 -0.783945 -0.569376 0.129956 -0.811741 -0.862195 0.13493 -0.488277 -0.513609 0.0803777 -0.854252 -0.486767 0.0858302 -0.869305 -0.545688 0.0683846 -0.835194 -0.598012 0.0448129 -0.800234 -0.637932 0.0159101 -0.769928 -0.485243 -0.0217832 -0.874108 -0.660774 -0.0164797 -0.750404 -0.663864 -0.0497477 -0.746196 -0.646807 -0.0810567 -0.758334 -0.61146 -0.107817 -0.783895 -0.662473 -0.124195 -0.738719 -0.600288 -0.112537 -0.791827 -0.628791 -0.143517 -0.764215 -0.647678 -0.182228 -0.739801 -0.646893 -0.217344 -0.730952 -0.626281 -0.245799 -0.739834 -0.587825 -0.265237 -0.764272 -0.535482 -0.274524 -0.798684 -0.586815 -0.3388 -0.735434 -0.585653 -0.378254 -0.716892 -0.491023 -0.258458 -0.831923 -0.55151 -0.268694 -0.789709 -0.562915 -0.274251 -0.779688 -0.56607 -0.406976 -0.716893 -0.529765 -0.422473 -0.735436 -0.434556 -0.383499 -0.814917 -0.439333 -0.428514 -0.789533 -0.576395 -0.546266 -0.607751 -0.447108 -0.423737 -0.787744 -0.430465 -0.463931 -0.774253 -0.408104 -0.486358 -0.772597 -0.394259 -0.50397 -0.768488 -0.37408 -0.493856 -0.784965 -0.331544 -0.486286 -0.808458 -0.284432 -0.465452 -0.838125 -0.236754 -0.434751 -0.868872 -0.191799 -0.398275 -0.896989 -0.15167 -0.359806 -0.920617 -0.231752 -0.636729 -0.735436 -0.205498 -0.66621 -0.716892 -0.446 -0.789189 -0.422215 -0.279126 -0.493907 -0.823496 -0.246569 -0.613996 -0.749808 -0.172035 -0.675625 -0.716892 -0.134263 -0.66416 -0.735435 -0.105406 -0.69932 -0.706995 -0.0704182 -0.703704 -0.706995 -0.0571878 -0.624003 -0.779327 -0.148035 -0.702228 -0.696391 -0.141119 -0.669419 -0.729359 -0.0168997 -0.338627 -0.940769 0 -0.383496 -0.923542 0.0797179 -0.62339 -0.777837 0.109736 -0.858128 -0.501573 0.0214684 -0.430173 -0.902491 0.0476076 -0.475754 -0.878289 0.0778142 -0.516262 -0.852889 0.110633 -0.547271 -0.829611 0.143829 -0.564852 -0.812561 0.152461 -0.378051 -0.913145 0.174739 -0.566494 -0.805327 0.200775 -0.551623 -0.809569 0.219912 -0.521694 -0.824302 0.231111 -0.479906 -0.846332 0.234497 -0.430607 -0.871544 0.231217 -0.378371 -0.896311 0.222995 -0.327074 -0.918312 0.352631 -0.465539 -0.811742 0.399062 -0.475583 -0.783945 0.342197 -0.585147 -0.735189 0.242962 -0.415458 -0.876564 0.437139 -0.471124 -0.766127 0.463263 -0.451854 -0.762375 0.475119 -0.419296 -0.773597 0.47208 -0.376471 -0.797126 0.455443 -0.327441 -0.827861 0.428237 -0.276584 -0.860299 0.30756 -0.200378 -0.930191 0.463132 -0.328759 -0.823059 0.347178 -0.246448 -0.904838 0.55855 -0.322481 -0.764218 0.598729 -0.306948 -0.739801 0.622037 -0.280674 -0.730953 0.626281 -0.245799 -0.739834 0.611311 -0.205389 -0.764274 0.579256 -0.162977 -0.798687 0.411912 -0.0940159 -0.906361 0.463847 -0.0817889 -0.882132 0.904431 -0.151307 -0.398888 0.488425 -0.0817114 -0.868772 0.513017 -0.0642904 -0.855967 0.554755 -0.0415714 -0.830975 0.938379 0.335482 -0.0830434 0.513779 0.857388 0.0302659 -0.859302 0.508026 0.059242 -0.963095 0.263341 -0.0556676 -0.861245 -0.506107 -0.0459742 -0.816671 -0.576898 0.0154059 -0.132697 -0.987794 -0.0815775 -0.257856 -0.966183 0.000482393 0.873281 -0.411602 -0.260699 0.996786 -0.0799148 -0.00565625 -0.199202 -0.641152 0.741109 -0.378717 -0.784714 0.490712 -0.757689 -0.0590952 0.649935 -0.811027 -0.0463541 0.58317 0.352168 0.603681 0.715225 0.233001 -0.637512 0.734363 0.130736 -0.494558 0.859256 0.215512 -0.593759 0.775245 -0.0172955 -0.650421 0.759377 -0.000775949 -0.726643 0.687015 -0.469516 -0.443664 0.763359 -0.412979 -0.319395 0.852898 -0.700127 -0.48597 0.52312 -0.590214 -0.334996 0.734456 -0.614461 0.258459 0.745411 -0.42908 0.290001 0.855447 -0.533469 0.659007 0.530208 -0.175958 0.586669 0.79048 -0.123099 0.510239 0.851177 0.276015 0.931429 0.237182 -0.280707 0.918091 0.279845 0.261047 0.829414 0.493889 0.473781 0.700362 0.533878 0.726494 0.185435 0.66168 0.55342 0.110971 0.825477 0.698258 -0.117493 0.706138 0.774925 -0.162436 0.610824 0.403622 -0.241059 0.882598 0.557644 -0.435236 0.706826 0.454474 -0.347427 0.820212 -0.681364 0.262455 -0.683272 -0.772514 -0.0490336 -0.633102 -0.315073 -0.6451 -0.696115 -0.124186 -0.458452 -0.88 0.33765 -0.515797 -0.787366 0.684379 0.144944 -0.714574 -0.296889 0.599011 -0.743668 -0.607311 0.142586 -0.781564 -0.424296 -0.163359 -0.890666 -0.401513 -0.160981 -0.901594 -0.795641 -0.477744 -0.372445 -0.466496 -0.451463 -0.760633 -0.0556061 -0.586179 -0.808271 -0.035439 -0.740521 -0.671098 0.36662 -0.669218 -0.646326 0.288778 -0.500739 -0.816007 0.840744 -0.363643 -0.401139 0.767745 -0.356643 -0.532328 0.461012 0.0385277 -0.886557 0.552357 0.331979 -0.764651 0.428557 0.507844 -0.747284 0.370489 0.474265 -0.798631 0.173041 0.873422 -0.455183 0.169967 0.966492 -0.192367 -0.184263 0.91129 -0.368236 -0.522816 0.707809 -0.475047 -0.534192 0.3013 -0.789847 -0.443635 0.194001 -0.874958 -0.0652269 0.103446 -0.992494 0 0 -1 0 0 -1 -0.0335403 0.116601 -0.992612 0.0545734 0.0240599 -0.99822 0.0279166 0.0849821 -0.995991 0.0517146 0.0315165 -0.998164 0 0 -1 0 0 -1 0.12607 0.00290519 -0.992017 0.160367 0.0277866 -0.986666 0 0 -1 0 0 -1 0.120086 -0.0336431 -0.992193 0.0807698 0.0810942 -0.993428 0 0 -1 0 0 -1 0 0 -1 0 0 -1 0 0 -1 0 0 -1 0 0 -1 0 0 -1 0 0 -1 0 0 1 0 0 1 0.0881314 0.0430948 0.995176 0.0843454 0.10459 0.990932 0 0 1 0.115358 0.0654967 0.991162 0 0 1 0.0944054 0.0709445 0.993003 -0.061637 0.000512299 0.998099 0 0 1 -0.0832563 0.0465949 0.995438 -0.085118 0.0115099 0.996304 0 0 1 -0.0619914 0.037977 0.997354 0 0 1 0 0 1 0 0 1 0 0 1 0 0 1 0 0 1 0 0 1 0 0 1 0 0 1 0 0 1 0 0 1 0.996446 0.0842317 -0.000863152 0.994866 0.0987312 -0.0222008 0.570007 -0.821637 0.00205016 0.570225 -0.821486 0.00214535 0.572167 -0.820137 0.000302513 -0.426045 -0.904702 -0.000435644 -0.426443 -0.904514 -0.000905059 -0.996541 -0.0830387 0.00331542 -0.996464 -0.0839922 0.00211677 -0.602203 0.796231 0.0580333 -0.569156 0.822166 0.0102889 -0.481119 0.87637 0.0223602 0.4227 0.90627 -0.000155189 0.505301 0.862715 0.019841 -0.47442 0.880126 0.0174192 -0.237218 0.971295 -0.0176883 -0.10161 0.99478 0.00940588 0.139704 0.990045 -0.0171548 0.341183 0.939145 0.0400244 0.577517 0.816324 -0.00943512 0.731692 0.681414 0.0173638 0.813464 0.581454 -0.0136894 0.966835 0.254492 0.0215604 0.984672 0.174379 -0.00367033 0.996789 -0.0800403 0.00233959 0.990936 -0.133998 -0.00954829 0.895698 -0.444598 0.00763739 0.872624 -0.48837 -0.00469767 0.652194 -0.758044 -0.00347368 0.686357 -0.727201 0.0096376 0.276437 -0.961016 0.00549328 0.254667 -0.967022 -0.00376731 -0.199282 -0.979927 -0.00552972 -0.178113 -0.984006 0.00296131 -0.600683 -0.799479 0.00375879 -0.627733 -0.778404 -0.00622776 -0.85391 -0.5204 0.00461358 -0.869602 -0.493732 -0.00461362 -0.990586 -0.13684 -0.00375882 -0.9853 -0.170722 0.00622773 -0.95921 0.282696 1.97013e-05 -0.962913 0.269768 0.00484775 -0.810394 0.585883 0.00182354 -0.797392 0.603412 0.0077909 -0.566974 0.823716 -0.00567609 -0.138324 0.183413 -0.973255 0.0671386 0.492793 -0.867553 -0.0597049 0.12314 -0.990592 0.206776 -0.00223432 -0.978386 0 0 -1 -0.0348809 -0.0605342 -0.997557 0.0536273 0.911058 0.408776 0.0960694 0.991171 0.0913858 0.243954 0.92449 -0.292926 -1.79821e-05 1 -1.58467e-06 0 1 0 -1.81053e-05 1 1.09053e-05 -9.19173e-05 1 -8.9614e-05 0 1 0 0 1 0 -7.32318e-05 1 0.000159745 2.13084e-05 1 -2.97204e-06 0 1 0 0 1 0 -1.86901e-06 1 -7.31992e-05 0 1 0 0 1 0 -3.86744e-05 1 -1.16657e-05 5.71674e-06 1 0.000204769 0 1 0 8.66612e-05 1 -0.000184465 8.90878e-05 1 7.85848e-05 0 1 0 2.05307e-05 1 -1.21881e-06 -8.9479e-05 1 2.73608e-05 1.84558e-05 1 5.13713e-06 3.82157e-05 1 6.93964e-05 -9.3079e-05 1 2.79591e-05 5.01079e-05 1 -1.12497e-05 9.83984e-06 1 7.56018e-05 8.2704e-05 1 1.32589e-05 4.69288e-06 1 7.12584e-05 1.01783e-06 1 -4.00831e-06 2.2525e-05 1 -5.9912e-06 -4.26583e-05 1 -5.68284e-05 -2.62088e-05 1 7.40625e-06 2.25355e-05 1 -6.11003e-06 2.03177e-05 1 4.14311e-05 1.08435e-05 1 -1.2892e-05 -0.0483791 -0.882743 0.467359 -0.118687 -0.992578 -0.0264864 8.91826e-06 -1 -1.5975e-07 0 -1 0 3.90972e-05 -1 -1.42515e-05 8.25634e-06 -1 3.35658e-06 0 -1 0 0 -1 0 0 -1 0 0 -1 0 2.37208e-05 -1 2.94696e-05 0 -1 0 2.67168e-06 -1 -3.3961e-07 1.09515e-05 -1 -2.73467e-05 4.65141e-05 -1 5.93588e-06 5.6403e-05 -1 0.000103339 -6.26824e-05 -1 4.22636e-05 -0.000145385 -1 -0.00022366 4.4736e-05 -1 -6.15267e-05 0.000246296 -1 2.27573e-05 -1.95851e-05 -1 3.40722e-05 7.31794e-05 -1 -3.71931e-05 -0.000112394 -1 -8.5478e-05 7.87485e-06 -1 -4.56343e-07 -4.38517e-05 -1 8.39501e-05 4.57951e-05 -1 7.99058e-05 -8.14771e-06 -1 8.88889e-05 -0.000162884 -1 -8.62072e-06 -7.83792e-06 -1 -5.53094e-05 -1.13385e-05 -1 1.58992e-06 -1.41833e-06 -1 -4.79437e-06 -3.67286e-05 -1 -1.61816e-05 -4.45399e-06 -1 0.000124772 -6.33308e-05 -1 -6.31306e-06 -3.25329e-05 -1 -3.8988e-05 0.000115395 -1 -5.82299e-05 -0.890576 -0.314119 -0.328944 -0.877906 -0.340545 -0.336617 -0.916699 -0.182614 -0.35541 -0.893964 -0.156539 -0.419909 -0.924674 -0.306657 -0.225699 -0.955177 -0.218094 -0.200179 -0.884425 -0.456361 -0.0976041 -0.955973 -0.0791443 -0.282581 -0.903168 0.0535433 -0.425935 -0.959549 -0.281135 0.0151081 -0.960548 -0.0841959 -0.265062 -0.986273 -0.165036 0.00537847 -0.927033 0.110476 -0.358336 -0.939597 0.0877756 -0.330836 -0.92428 -0.324236 0.201442 -0.921741 0.180597 -0.34319 -0.892497 0.23337 -0.38599 -0.989121 -0.146312 0.0152435 -0.980171 -0.0441459 -0.193174 -0.927446 -0.306264 0.214584 -0.867883 0.337106 -0.36488 -0.863897 0.377974 -0.332894 -0.991424 -0.130367 0.00914427 -0.985403 0.0696498 -0.155337 -0.977359 -0.147062 0.152126 -0.998593 0.0363821 0.0385896 -0.975267 0.122563 -0.183934 -0.864387 -0.307797 0.397614 -0.997578 0.0694944 0.00299773 -0.96002 -0.190027 0.205552 -0.83863 -0.338319 0.426896 -0.954589 0.266974 -0.132228 -0.833914 -0.326561 0.44491 -0.954921 0.249243 -0.161255 -0.928407 0.334408 -0.161963 -0.977454 0.211125 0.00331538 -0.92269 0.370498 -0.106647 -0.990493 0.0685508 0.119264 -0.912987 -0.132681 0.385811 -0.922391 -0.11861 0.367596 -0.975234 0.0279219 0.219407 -0.977242 0.0466125 0.206942 -0.939197 -0.0183639 0.342888 -0.721754 -0.323367 0.611968 -0.687783 -0.362292 0.629046 -0.96973 0.234577 0.067801 -0.961029 0.215883 0.172677 -0.945569 0.188358 0.265369 -0.832674 -0.149148 0.5333 -0.929448 0.340523 0.142024 -0.941942 0.304391 0.141743 -0.849661 -0.122267 0.51296 -0.895278 0.093329 0.435624 -0.757339 -0.168894 0.630803 -0.625377 -0.292399 0.723469 -0.890717 0.194741 0.410731 -0.747906 -0.158093 0.644704 -0.484888 -0.394314 0.780641 -0.629584 -0.178657 0.756112 -0.842414 0.0426773 0.537139 -0.897211 0.179246 0.403587 -0.733341 0.00141761 0.67986 -0.446213 -0.306212 0.840909 -0.849975 0.362437 0.382339 -0.601164 -0.146563 0.785571 -0.788094 0.0871136 0.60936 -0.445798 -0.311633 0.839136 -0.752742 0.504628 0.422765 -0.529656 -0.153182 0.834266 -0.632826 0.010904 0.774217 -0.765443 0.216645 0.605939 -0.261559 -0.413626 0.872067 -0.749418 0.287592 0.596375 -0.761786 0.193045 0.618397 -0.464289 -0.0835085 0.881738 -0.283625 -0.379256 0.880751 -0.581901 0.0874061 0.808549 -0.619877 0.183724 0.762888 -0.124367 -0.294766 0.947442 -0.332854 -0.21082 0.91911 -0.37516 -0.107381 0.92072 -0.0314008 -0.402303 0.914968 -0.299105 -0.235467 0.924711 -0.503299 0.0778951 0.860594 -0.120784 -0.277315 0.953157 -0.584197 0.410232 0.700302 -0.176856 -0.189687 0.965785 -0.301069 -0.0278711 0.953195 -0.154567 -0.131059 0.979251 -0.441236 0.126811 0.888386 0.0289621 -0.319249 0.947228 -0.570216 0.321736 0.75587 -0.204985 -0.0475346 0.97761 0.00811257 -0.236734 0.971541 0.0176544 -0.213277 0.976832 -0.330403 0.140753 0.933286 -0.032204 -0.111066 0.993291 -0.313848 0.126697 0.940982 0.16998 -0.324031 0.930651 0.211039 -0.37348 0.903314 -0.461177 0.282664 0.841081 -0.257132 0.432525 0.864179 -0.00528691 -0.0579142 0.998308 0.154226 -0.180589 0.971392 0.0732847 -0.0296579 0.99687 -0.123217 0.059452 0.990597 -0.109265 0.128823 0.98563 -0.129289 0.14951 0.980271 0.332162 -0.282123 0.900042 -0.245333 0.397955 0.883993 0.167565 -0.152886 0.973934 0.419226 -0.341825 0.841074 0.129332 -0.0389289 0.990837 0.328061 -0.157549 0.931426 0.042547 0.150709 0.987662 0.445662 -0.316623 0.837339 0.184954 0.0272858 0.982368 0.584108 -0.259951 0.768924 -0.116538 0.301506 0.946316 0.381915 -0.097224 0.91907 0.331069 0.0414405 0.942696 0.0995269 0.18378 0.977916 0.140213 0.170412 0.975346 0.631642 -0.29731 0.715985 0.641458 -0.442136 0.626935 0.034759 0.377744 0.925258 0.0714978 0.474277 0.877467 0.438773 -0.108503 0.892023 0.537613 -0.0632043 0.84082 0.258859 0.215179 0.941642 0.370097 0.131001 0.91971 0.595371 -0.115817 0.795059 0.368626 0.136536 0.919496 0.260914 0.309158 0.914519 0.541806 0.0669974 0.837829 0.771854 -0.315097 0.552228 0.73529 -0.171601 0.655669 0.336819 0.378556 0.862118 0.793869 -0.199194 0.574538 0.704367 -0.0726643 0.706107 0.577197 0.109182 0.809273 0.815622 -0.41434 0.403836 0.807959 -0.445027 0.386204 0.432576 0.244745 0.867743 0.428553 0.278039 0.859672 0.83945 -0.151736 0.521824 0.672167 0.0994243 0.733694 0.563587 0.166194 0.809166 0.898949 -0.190054 0.394677 0.731027 0.0372393 0.681332 0.565403 0.384271 0.729833 0.895567 -0.171898 0.410378 0.729038 0.044776 0.683007 0.613999 0.314713 0.723852 0.845429 -0.00900481 0.534013 0.937275 -0.2762 0.212672 0.913203 -0.396833 0.0926502 0.666803 0.288454 0.687145 0.951392 -0.202619 0.231944 0.708969 0.301045 0.637758 0.958447 -0.181337 0.220219 0.878448 0.0452015 0.475695 0.781094 0.195474 0.593027 0.93238 -0.0314472 0.360109 0.935241 -0.350585 0.0491371 0.714131 0.435364 0.548156 0.903056 0.0414016 0.427522 0.823105 0.193943 0.533745 0.914056 -0.364199 -0.178494 0.985987 -0.145593 0.0814376 0.959768 -0.0364773 0.278415 0.91936 0.136595 0.368944 0.994287 -0.0802751 0.0703519 0.981961 -0.184331 0.0421361 0.931371 -0.33556 -0.141234 0.897178 -0.407736 -0.169775 0.888332 0.242198 0.390137 0.848731 0.271287 0.453937 0.844687 0.28505 0.453047 0.979898 0.0443278 0.194512 0.953828 0.152453 0.258788 0.8296 0.467233 0.305707 0.986921 0.0457606 0.154575 0.949162 0.194565 0.24746 0.979879 -0.168267 -0.107343 0.915512 0.272821 0.295647 0.999236 -0.0225573 -0.031909 0.990566 0.112087 0.0788327 0.81373 -0.352926 -0.461829 0.884045 -0.289812 -0.366707 0.896621 0.354073 0.265901 0.949874 -0.13876 -0.280153 0.98294 -0.100596 -0.153979 0.979004 0.185218 0.0851241 0.995868 0.0850675 -0.0318014 0.81022 -0.412816 -0.416085 0.958832 0.239874 0.151993 0.932601 0.329241 0.147835 0.917277 -0.185973 -0.352161 0.9728 -0.0781161 -0.218078 0.90735 0.417451 0.0495001 0.959331 -0.101219 -0.263511 0.973448 0.108752 -0.201427 0.975587 0.156849 -0.153718 0.959809 0.280534 -0.00826255 0.939202 0.343361 -0.00146087 0.97407 0.166225 -0.153482 0.917205 0.00274518 -0.398407 0.915931 0.0208235 -0.400795 0.920748 0.128074 -0.368538 0.953935 0.233992 -0.187763 0.920339 0.351932 -0.170645 0.911961 0.370631 -0.175958 0.907112 0.172332 -0.383992 0.855717 0.345895 -0.384845 0.872604 0.320618 -0.368466 0.908917 0.210326 -0.360045 -0.0074388 0.894852 -0.446302 -0.14285 0.86618 -0.47888 -0.0662716 0.884316 -0.462162 -0.0143987 0.896428 -0.442956 -0.0273039 0.925674 -0.377336 -0.299172 0.843724 -0.445674 -0.214369 0.854577 -0.473016 -0.381059 0.82016 -0.426768 -0.362267 0.836142 -0.411861 -0.470214 0.748353 -0.467832 -0.360842 0.815159 -0.45311 -0.575687 0.668969 -0.470175 -0.361825 0.815985 -0.450834 -0.661623 0.58122 -0.47375 -0.621912 0.638594 -0.453237 -0.767024 0.428791 -0.477298 -0.715702 0.505585 -0.481824 -0.826304 0.285289 -0.485625 -0.795632 0.362411 -0.485415 -0.768093 0.427298 -0.476917 -0.828202 0.280515 -0.485173 -0.849113 0.206226 -0.48629 -0.625873 0.599922 -0.498374 -0.857387 0.174319 -0.484253 -0.87022 0.0795727 -0.486195 -0.870024 0.107023 -0.481252 -0.8743 0 -0.485386 -0.875252 -0.0618668 -0.479695 -0.869822 -0.0967788 -0.483781 -0.705842 0.473942 -0.526465 -0.658778 0.594364 -0.46124 -0.854915 -0.182712 -0.485528 -0.841361 -0.248568 -0.479922 -0.832252 -0.271945 -0.483118 -0.805663 -0.339614 -0.485355 -0.766583 0.41251 -0.492124 -0.769996 -0.419317 -0.480915 -0.777732 -0.408501 -0.477766 -0.699696 -0.530001 -0.479088 -0.730702 -0.480592 -0.484877 -0.681949 -0.558487 -0.47227 -0.663702 -0.575978 -0.47723 -0.755651 0.454867 -0.471261 -0.611508 -0.626947 -0.482697 -0.78758 0.378807 -0.486027 -0.548841 -0.688226 -0.474468 -0.763154 0.430094 -0.482301 -0.418081 -0.774265 -0.475102 -0.495295 -0.739602 -0.45571 -0.496529 -0.739079 -0.455216 -0.477153 -0.61309 -0.629639 -0.814012 0.329877 -0.478085 -0.556237 -0.667486 -0.495038 -0.339068 -0.809492 -0.479328 -0.823489 0.298641 -0.482368 -0.851894 0.214685 -0.477689 -0.817835 0.30845 -0.485802 -0.646147 -0.592499 -0.48108 -0.215343 -0.867264 -0.448867 -0.24458 -0.869285 -0.429563 -0.752462 -0.413801 -0.512417 -0.684516 -0.558212 -0.468867 -0.779597 -0.394258 -0.48661 -0.857739 0.174483 -0.483569 -0.153574 -0.870963 -0.466732 -0.872464 0.0900103 -0.480317 -0.065691 -0.87657 -0.476771 -0.111095 -0.976119 -0.18668 -0.872402 -0.0691353 -0.483874 -0.87199 0.0698858 -0.48451 0.1026 -0.899429 -0.424854 0.00736404 -0.885855 -0.463905 -0.871524 -0.0509432 -0.487699 -0.890788 -0.0515008 -0.451491 0.0955658 -0.897811 -0.429886 -0.849446 -0.214815 -0.481972 0.187245 -0.86439 -0.466657 0.0966754 -0.873308 -0.47748 -0.841806 -0.236589 -0.485168 0.280515 -0.83491 -0.473536 -0.813018 -0.308242 -0.493951 -0.801464 -0.35584 -0.480659 -0.748441 -0.457106 -0.480511 0.366164 -0.811501 -0.455402 0.496593 -0.722836 -0.480524 0.429834 -0.77392 -0.46507 0.387686 -0.807072 -0.445347 0.392999 -0.878637 -0.271198 0.326464 -0.836392 -0.440306 0.633761 -0.628515 -0.450907 0.555056 -0.680407 -0.478496 0.660947 -0.573588 -0.483887 0.594481 -0.651495 -0.471325 0.706107 -0.516615 -0.484274 0.774628 -0.405294 -0.485477 0.739007 -0.468642 -0.483987 0.725497 -0.49193 -0.481309 0.808176 -0.340674 -0.480409 0.814907 -0.327754 -0.478021 0.835473 -0.25771 -0.485357 0.606579 -0.625376 -0.490884 0.804756 -0.335294 -0.489842 0.855177 -0.187722 -0.48315 0.867894 -0.116096 -0.482992 0.86506 -0.15135 -0.478294 0.873203 -0.0435807 -0.485404 0.87763 0.0236946 -0.478753 0.875451 0.0436929 -0.481329 0.627561 -0.640007 -0.443348 0.860688 0.149749 -0.486612 0.859868 0.0906432 -0.502405 0.838082 0.248384 -0.48572 0.849778 0.211055 -0.483046 0.724327 -0.496728 -0.478134 0.812303 0.326622 -0.483199 0.780846 0.392155 -0.486306 0.811694 0.328402 -0.483016 0.747093 0.456538 -0.483141 0.74307 0.46213 -0.484028 0.684903 0.543655 -0.485126 0.780404 -0.398888 -0.481516 0.635798 0.615743 -0.465426 0.62474 0.623475 -0.470085 0.553728 0.678779 -0.482334 0.49799 0.72487 -0.475993 0.399178 0.778627 -0.484146 0.43828 0.759122 -0.481294 0.486863 0.735014 -0.471931 0.463373 0.718664 -0.518467 0.543177 0.68649 -0.483415 0.308063 0.824996 -0.473793 0.360261 0.798417 -0.482434 0.645454 0.578353 -0.498896 0.240366 0.854309 -0.460848 0.254439 0.853117 -0.45547 0.842935 -0.241753 -0.480641 0.839264 -0.235894 -0.489888 0.152771 0.866411 -0.475388 0.652872 0.580929 -0.486087 0.883897 -0.149949 -0.442992 0.859635 -0.151261 -0.488004 0.0659987 0.880676 -0.469099 0.872045 -0.0811283 -0.482655 0.884049 -0.0908686 -0.458476 0.872967 0.00813423 -0.487711 0.742883 0.462588 -0.483878 0.874334 0.0509421 -0.482644 0.854493 0.204764 -0.477402 0.867376 0.108501 -0.485682 0.850146 0.216918 -0.47979 0.74877 0.460418 -0.476821 0.810521 0.329473 -0.484256 0.823305 0.301662 -0.4808 0.0747313 0.997204 0 0.0747313 0.997204 0 0.173647 0.984808 0 0.173647 0.984808 0 0.270841 0.962624 0 0.270841 0.962624 0 0.349819 0.936817 0 0.365341 0.930874 -0.000205134 0.411289 0.911505 0 0.45621 0.889872 0 0.500001 0.866025 0 0.441358 0.897331 -0.00013678 0.514325 0.857596 -0.000136784 0.566252 0.824232 0.000117212 0.583742 0.811939 -0.000102565 0.632118 0.774872 0.000273488 0.661687 0.74978 -0.00020514 0.718345 0.695687 0.000117203 0.733051 0.680173 -0.000102557 0.783244 0.621715 0.000372806 0.797132 0.603805 0 0.853291 0.521435 0 0.853291 0.521435 0 0.893633 0.448799 0 0.905719 0.423879 -0.000341789 0.927805 0.373065 -8.57821e-10 0.958778 0.284155 0.000341782 0.943426 0.331582 -0.000273472 0.977916 0.209 -0.000136734 0.985199 0.171412 0.000335528 0.998757 0.049847 0.000205126 0.993867 0.110581 -0.000296185 0.998757 -0.049847 0.000205129 0.999862 0.0166204 -6.83958e-05 0.996073 -0.0885322 -0.000273473 0.991171 -0.132587 0 0.976744 -0.214408 0.000136796 0.985419 -0.170144 -0.000234429 0.964842 -0.262831 -6.84004e-05 0.955572 -0.294756 0.000205109 0.945247 -0.326355 -6.83955e-05 0.921476 -0.388434 0.000205121 0.914894 -0.403695 0 0.886049 -0.463591 0 0.886049 -0.463591 0 0.844507 -0.535545 0 0.832432 -0.554127 -0.000273486 0.807057 -0.590474 0 0.784043 -0.620707 -0.000234429 0.755255 -0.655431 0.000136796 0.721646 -0.692262 -6.83855e-05 0.710039 -0.704162 6.83811e-05 0.653342 -0.757063 -0.000250647 0.632118 -0.774872 0.000148143 0.574706 -0.81836 -0.000148151 0.566252 -0.824232 0 0.485538 -0.874215 0 0.485538 -0.874215 0 0.42638 -0.904544 0 0.411288 -0.911506 0.000205128 0.349819 -0.936817 -6.8395e-05 0.318487 -0.947927 0.000205114 0.270841 -0.962624 -0.000205129 0.21171 -0.977332 0.000296205 0.173647 -0.984808 -0.000102568 0.113337 -0.993557 0.000273468 0.0747313 -0.997204 -0.000205129 0.00831256 -0.999965 6.83938e-05 -0.0360015 -0.999352 -0.000296212 -0.0747313 -0.997204 0.000102555 -0.135334 -0.9908 -0.000273474 -0.173647 -0.984808 0.000205136 -0.260154 -0.965567 -0.000159545 -0.270841 -0.962624 3.03405e-09 -0.365341 -0.930874 -0.000204865 -0.386343 -0.922355 0.000214389 -0.556431 -0.830894 0 -0.466048 -0.88476 -0.000148142 -0.475129 -0.879916 0 -0.556431 -0.830894 0 -0.623489 -0.781832 -0.00020488 -0.63211 -0.774879 0 -0.698238 -0.715866 -7.35527e-09 -0.755255 -0.655431 6.84048e-05 -0.717449 -0.696611 -0.000391458 -0.797132 -0.603806 0 -0.786987 -0.616969 -0.000136776 -0.835487 -0.549511 0 -0.835487 -0.549511 0 -0.878222 -0.478254 0 -0.888834 -0.458228 -0.000372803 -0.921476 -0.388434 0.000102561 -0.935847 -0.352405 -0.000296203 -0.950542 -0.310597 6.83832e-05 -0.97175 -0.236011 -0.000250639 -0.977916 -0.209 0.000148142 -0.993867 -0.110581 0 -0.992519 -0.122091 -0.00021439 -1 0 0 -1 0 0 -0.992519 0.122091 0 -0.992519 0.122091 0 -0.97175 0.236011 0 -0.97175 0.236011 0 -0.945247 0.326355 0 -0.939693 0.342019 -0.000205112 -0.910038 0.414524 0.00011723 -0.900969 0.433884 -0.000102566 -0.872866 0.48796 0.000273474 -0.847464 0.530853 -0.000341787 -0.816762 0.576975 -3.92146e-09 -0.751281 0.659982 0.000214377 -0.774002 0.633183 -0.000435557 -0.661686 0.749781 -0.00030744 -0.652283 0.757976 0 -0.551815 0.833967 0 -0.532026 0.846728 0.000435556 -0.456211 0.889872 -0.000102555 -0.421358 0.906895 0.000296205 -0.365341 0.930874 -0.000205132 -0.334197 0.942503 6.8384e-05 -0.286802 0.95799 -0.000136795 -0.24331 0.969949 0.000234436 -0.206287 0.978492 0 -0.162721 0.986672 0.000273476 -0.124345 0.992239 -0.000205122 -0.0747316 0.997204 0 -0.00831256 0.999965 0 -0.0249311 0.999689 -0.000205129 -0.0164717 0.660485 -0.750658 -0.0827603 0.660406 -0.746334 -0.134717 0.639012 -0.757307 -0.180543 0.603056 -0.776999 -0.217997 0.555446 -0.802469 -0.202968 0.395903 -0.895581 -0.270133 0.432713 -0.860109 -0.282726 0.427288 -0.858773 -0.391949 0.444133 -0.805681 -0.495397 0.405267 -0.768336 -0.538212 0.337138 -0.772441 -0.543734 0.261849 -0.797364 -0.524261 0.190815 -0.829904 -0.454125 0.0854623 -0.88683 -0.482121 0.117094 -0.868244 -0.454498 0.0855112 -0.886634 -0.496339 0.0610555 -0.865979 -0.559487 0 -0.828839 -0.60497 -0.0744183 -0.792763 -0.612808 -0.148834 -0.776089 -0.58694 -0.22102 -0.778878 -0.123325 -0.0873426 -0.988515 -0.533388 -0.274982 -0.799927 -0.401987 -0.315144 -0.859704 -0.46143 -0.303488 -0.833653 -0.383134 -0.372006 -0.84547 -0.375923 -0.316505 -0.870923 -0.373313 -0.45763 -0.806978 -0.304465 -0.578006 -0.757106 -0.34776 -0.519295 -0.780638 -0.24146 -0.615229 -0.750461 -0.167133 -0.620317 -0.766338 -0.0809897 -0.592937 -0.801166 0.0115434 -0.164939 -0.986236 -0.019835 -0.550594 -0.834538 0.0366378 -0.488889 -0.871576 0.10911 -0.618797 -0.777937 -0.00578546 -0.549951 -0.835177 0.17835 -0.633893 -0.752577 0.233378 -0.624988 -0.744933 0.282705 -0.599745 -0.748588 0.353099 -0.502799 -0.788996 0.315389 -0.56786 -0.760306 0.168127 -0.213236 -0.962426 0.368815 -0.427366 -0.825429 0.537748 -0.425721 -0.727729 0.474247 -0.454937 -0.753739 0.368915 -0.472023 -0.800684 0.603436 -0.315725 -0.732245 0.579049 -0.385457 -0.718419 0.191919 -0.0614407 -0.979486 0.605337 -0.267104 -0.749815 0.569935 -0.196775 -0.797781 0.587876 -0.188202 -0.786754 0.660559 -0.114053 -0.742061 0.612859 -0.166948 -0.772355 0.68113 0.0113222 -0.732075 0.684055 -0.0607997 -0.726892 0.109385 0.0297824 -0.993553 0.658001 0.0732111 -0.749449 0.564198 0.171567 -0.807617 0.557805 0.196049 -0.806485 0.522531 0.111675 -0.845275 0.562876 0.263428 -0.783439 0.540121 0.330061 -0.774163 0.497976 0.377202 -0.780858 0.438837 0.407182 -0.801015 0.369346 0.418518 -0.829714 0.671286 0.703336 -0.233867 0.296789 0.412811 -0.861106 0.393552 0.435596 -0.809551 0.305334 0.620779 -0.722083 0.342909 0.571773 -0.745311 0.256612 0.653838 -0.711791 0.186866 0.66416 -0.72386 0.0708864 0.630833 -0.772674 0.103651 0.587836 -0.802313 0.0475914 0.635052 -0.771002 -0.858712 -0.345663 -0.378325 -0.535873 -0.763897 -0.359586 -0.498258 -0.628638 -0.597122 -0.393414 -0.7481 -0.534389 -0.244802 -0.505287 -0.8275 -0.0269721 -0.757067 -0.65278 0.0780866 -0.517851 -0.851899 0.160417 -0.819568 -0.550068 0.407344 -0.576089 -0.708655 0.394593 -0.804251 -0.444384 0.75499 -0.413347 -0.509052 0.517342 -0.8337 -0.193135 0.903243 -0.413485 -0.114816 0.628293 -0.776225 0.0521797 0.701501 -0.653117 0.285192 0.82244 -0.413804 0.390331 0.538016 -0.626342 0.564123 0.512766 -0.697027 0.501223 0.272337 -0.766701 0.581379 0.269407 -0.646808 0.713484 -0.128139 0.0142903 0.991653 0.166989 -0.718095 0.675614 -0.342542 -0.411501 0.84459 -0.577721 -0.186866 0.794557 -0.52013 -0.635684 0.570412 -0.654843 -0.678535 0.332821 -0.589399 -0.738628 0.327165 -0.730195 -0.681928 0.0423143 -0.702142 -0.710329 0.0492903 -0.966642 -0.185747 -0.176357 -0.898122 -0.0406958 -0.437859 -0.998482 -0.0550181 -0.00243 -0.808857 -0.243596 -0.535174 -0.918772 -0.332297 -0.213158 -0.6552 -0.149522 -0.740511 -0.800699 -0.310118 -0.512551 -0.651182 -0.140513 -0.7458 -0.876407 -0.457078 -0.151623 -0.686526 -0.478882 -0.547132 -0.967384 -0.225409 0.115583 -0.369244 -0.0332592 -0.928737 -0.571627 -0.312843 -0.758533 -0.308336 -0.00516601 -0.951263 -0.433866 -0.169915 -0.88481 -0.40441 -0.146755 -0.902727 -0.473184 -0.306677 -0.825861 -0.883884 -0.303925 0.355497 -0.90752 -0.250772 0.336928 -0.907231 -0.264403 0.327144 -0.466303 -0.313816 -0.827092 -0.180616 -0.286268 -0.940972 -0.18041 -0.284341 -0.941596 -0.962221 -0.0446148 0.268591 -0.998077 -0.0617726 -0.00513719 -0.0943527 -0.0506401 -0.99425 -0.913543 0.0920807 0.396182 -0.100842 -0.0557679 -0.993338 -0.803258 -0.211601 0.556777 -0.0886766 -0.433264 -0.896894 -0.696563 -0.350651 0.625974 -0.730356 -0.225504 0.64477 -0.110594 -0.229726 -0.966951 -0.914643 0.267579 0.303034 -0.867264 0.0887486 0.489875 -0.802295 -0.0753562 0.592152 0.0834226 -0.0389534 -0.995753 -0.993839 0.0963261 -0.0548174 -0.723218 -0.238654 0.648074 -0.759209 0.265105 0.594409 0.0831371 -0.339257 -0.937013 0.0831686 -0.349391 -0.933279 -0.967616 0.250466 0.0314061 0.156798 -0.474135 -0.866378 0.19585 -0.25115 -0.947928 -0.671952 -0.0408359 0.739468 -0.557971 -0.193207 0.807056 -0.558714 -0.157567 0.814255 -0.949912 0.161455 0.267583 -0.924251 0.381785 0.00113933 -0.635161 0.179702 0.751184 -0.831202 0.297675 0.469567 0.369918 -0.226141 -0.901122 0.408909 -0.174491 -0.895738 -0.769299 0.196506 0.607918 -0.917668 0.397306 0.00583443 -0.415944 -0.267766 0.869075 -0.436984 -0.352905 0.827347 -0.402603 -0.0459978 0.914218 0.376321 -0.286152 -0.881192 -0.590808 0.336835 0.733136 -0.386302 0.0256732 0.922015 0.53024 -0.180156 -0.828486 -0.513088 0.248777 0.821493 -0.258904 -0.249425 0.933143 -0.948573 0.162852 -0.271455 -0.52491 0.212644 0.824167 -0.233966 -0.200116 0.951427 0.563035 -0.415646 -0.714304 -0.923014 0.243502 -0.297912 -0.232713 -0.234333 0.943892 0.706906 -0.00684761 -0.707274 -0.0725963 -0.438547 0.895771 0.70859 0.00694812 -0.705586 -0.281389 0.308065 0.9088 0.579655 -0.394163 -0.713187 -0.109215 0.126982 0.985874 0.0693727 -0.196611 0.978024 -0.0989812 -0.0673941 0.992805 -0.135069 0.203664 0.969679 -0.154285 0.155961 0.97564 -0.833177 0.294082 -0.468328 -0.793015 0.379812 -0.476309 0.0840828 -0.359355 0.929405 0.772331 -0.261714 -0.578801 -0.896193 0.00624657 -0.443621 0.0489582 0.379991 0.923694 0.851659 -0.286291 -0.438992 -0.788984 0.240738 -0.565287 0.0757647 -0.117304 0.990202 -0.826685 0.108875 -0.552031 0.147905 -0.224025 0.963295 0.154312 0.190538 0.969476 -0.634299 0.274238 -0.722813 -0.664783 -0.0245521 -0.746633 0.16584 0.180452 0.969502 0.35602 -0.376756 0.855163 0.836931 -0.402537 -0.370825 0.378338 -0.193951 0.905121 -0.6219 0.30251 -0.722307 0.170237 0.179517 0.968913 0.914942 -0.18206 -0.360188 0.435223 -0.0612815 0.898235 0.417529 -0.278386 0.864969 -0.542863 0.119886 -0.83122 0.978405 -0.178003 -0.105069 -0.478912 0.419296 -0.771255 -0.534165 0.120006 -0.836819 0.151364 0.260922 0.95342 0.647862 -0.217622 0.730011 0.99672 -0.0428435 -0.0686633 0.512953 -0.0138189 0.858305 0.961631 -0.25574 0.0993117 -0.39728 0.293335 -0.869553 0.720964 -0.307078 0.62122 0.43226 0.285324 0.855419 0.415722 0.325824 0.849126 0.406118 0.288833 0.866973 0.806945 -0.240473 0.539456 0.53943 0.205379 0.816599 0.924608 -0.175449 0.338109 0.976741 -0.202397 -0.0707969 -0.286737 0.269799 -0.919234 -0.25622 0.239202 -0.936554 0.913736 -0.298913 0.275204 0.678663 -0.108864 0.726337 0.606519 0.230371 0.760962 0.60536 0.223667 0.76388 -0.0651795 0.502626 -0.862044 0.749729 -0.0551065 0.659446 -0.0711295 0.230285 -0.97052 -0.0627469 0.236367 -0.969636 -0.152163 0.29358 -0.943746 0.678005 0.317935 0.662742 0.711799 0.165922 0.682504 0.976626 -0.116477 0.180651 0.854429 -0.117259 0.506163 0.948096 -0.171666 0.267667 0.844743 -0.0895338 0.527629 0.789025 0.278588 0.547567 0.104678 0.243565 -0.964219 0.179936 0.151038 -0.972014 0.196548 0.330532 -0.923102 0.824637 0.193975 0.531364 0.304752 0.344611 -0.887902 0.858025 0.312994 0.40722 0.188412 0.0491072 -0.980862 0.905 0.195495 0.377832 0.906045 0.196231 0.374935 0.904337 0.220184 0.365643 0.369514 0.0370371 -0.928487 0.45691 0.232292 -0.858647 0.610914 0.32823 -0.720451 0.445316 0.160526 -0.880866 0.943217 0.322808 0.0783342 0.450529 0.163219 -0.877715 0.595378 0.344608 -0.725789 0.966898 0.253792 0.0264313 0.981176 0.0821738 0.174759 0.828498 0.179006 -0.530611 0.869944 0.386758 -0.305966 0.984964 0.171069 0.0241222 0.918634 0.288996 -0.269431 0.671844 0.0805763 -0.736297 0.676897 0.096095 -0.729778 0.801738 0.281324 -0.527325 0.928094 0.250354 -0.275615 0.902568 0.196914 -0.382878 0.894714 0.00539829 -0.446607 0.987374 0.140157 -0.0738132 0.124832 0.632864 0.764133 0.367249 0.659199 0.65619 0.19844 0.828011 0.524423 0.578204 0.637525 0.509158 0.539399 0.719531 0.437405 0.871129 0.427011 0.242477 0.698899 0.667999 0.255572 0.725534 0.687082 0.0389639 0.954681 0.155261 -0.253926 0.641587 0.729081 -0.238343 0.553596 0.510229 -0.658177 0.474923 0.637181 -0.607 0.201936 0.662692 -0.721153 0.200989 0.577153 -0.791516 0.138519 0.793555 -0.592523 -0.0263619 0.612032 -0.790394 -0.0208189 0.780987 -0.6242 -0.103436 0.598091 -0.794725 -0.116287 0.864182 -0.489557 -0.359496 0.666782 -0.652812 -0.20679 0.746862 -0.632009 -0.367046 0.571131 -0.734225 -0.484305 0.745047 -0.458643 -0.541896 0.691271 -0.478009 -0.823059 0.510821 -0.248266 -0.598566 0.800555 -0.0288063 -0.883841 0.451252 0.123276 -0.571767 0.787527 0.229964 -0.662695 0.633645 0.399161 -0.468117 0.777755 0.419479 -0.499577 0.600498 0.62436 -0.389557 0.707588 0.589545 -0.325488 0.785954 0.525674 -0.230547 0.361924 0.903249 -0.330402 0.683587 0.650802 0.0175606 0.761375 0.648074 0.0249022 0.999205 0.03114 -0.0387915 0.998328 0.042847 -0.0941195 0.988579 -0.117696 0.0102958 0.999882 -0.0113722 -0.152351 0.988199 0.0158521 0.188124 0.977865 0.0915904 0.0166385 0.99986 -0.00173123 0.0170723 0.992621 0.120053 0.0168383 0.999222 0.0356521 -0.0246326 0.999692 0.00299655 0.143813 0.980724 -0.132282 0.0535635 0.979951 -0.191903 -0.0279144 0.999608 0.0020245 0.103976 -0.99342 -0.0480248 0.0183884 -0.992309 0.122416 -0.202791 -0.974381 0.097249 0.0718967 -0.993451 0.0888035 0 -1 0 -0.00280635 -0.999714 0.0237495 0 -1 0 0 -1 0 0 -1 0 -0.175091 0.163174 -0.970936 -0.332693 0.312765 -0.889659 -0.840197 0.370496 0.395982 -0.396413 0.415329 -0.818754 -0.933929 0.0734656 0.349828 -0.564828 0.669845 -0.481952 -0.662696 0.732509 0.155769 -0.49175 0.850205 -0.187971 -0.798708 0.600807 0.0331206 -0.90405 0.382963 0.189825 -0.964182 0.0239143 0.264161 -0.705305 0.685046 -0.182366 -0.806723 0.590407 -0.0248364 -0.500454 0.0623764 -0.863513 -0.602643 0.393173 -0.694432 -0.59888 0.389975 -0.699473 -0.675263 0.57017 -0.467895 -0.762129 0.54286 -0.352793 -0.643972 0.391665 -0.65719 -0.595499 0.120896 -0.794207 -0.900322 0.419094 -0.117387 -0.805513 0.259704 -0.532637 -0.872001 0.382996 -0.304843 -0.897065 0.360115 -0.256108 -0.98649 0.135176 0.0925423 -0.946707 0.305611 0.101723 -0.745411 0.0218338 -0.666247 -0.835025 0.128818 -0.534921 -0.946485 0.200822 -0.252658 -0.99484 0.0782731 -0.0645458 0.998233 0.0454227 0.0383055 0.945853 -0.113254 -0.304196 0.839848 -0.152285 -0.521023 0.932751 -0.322063 -0.162025 0.983361 -0.181456 0.00868719 0.812075 -0.200633 -0.547978 0.960653 -0.240519 -0.138911 0.795213 -0.382453 -0.470496 0.658978 -0.0378568 -0.751209 0.705821 -0.157631 -0.690629 0.875305 -0.480447 -0.0548915 0.660467 -0.0384287 -0.749871 0.793256 -0.379562 -0.476107 0.759794 -0.558861 -0.332247 0.585735 -0.338921 -0.736239 0.813265 -0.567347 -0.129298 0.433316 -0.160689 -0.886801 0.339114 0.0484597 -0.939496 0.868219 -0.487898 0.0902889 0.49387 -0.334079 -0.802798 0.906015 -0.320796 0.276093 0.919591 -0.274429 0.281142 0.437319 -0.141036 -0.888178 0.642308 -0.464802 -0.609425 0.46288 -0.857013 -0.22643 0.583024 -0.708642 -0.397379 0.569366 -0.570885 -0.591534 0.422566 -0.400511 -0.813037 0.733678 -0.675372 -0.0747598 0.910881 -0.251412 0.327244 0.568049 -0.690056 -0.44849 0.289165 -0.408852 -0.865577 0.997271 0.053973 0.0503758 0.721129 -0.663684 0.198737 0.964075 0.0290028 0.264042 0.408963 -0.587538 -0.698247 0.662901 -0.733951 0.147909 0.187338 -0.262806 -0.946487 0.168689 -0.0102708 -0.985616 0.709188 -0.541156 0.451888 0.806451 -0.148782 0.572276 0.166674 -0.255917 -0.952222 0.706203 -0.547471 0.448946 0.304358 -0.64813 -0.698064 0.162417 -0.54438 -0.822965 0.173726 -0.843441 -0.508356 0.810679 -0.171484 0.559815 0.935237 0.0937115 0.341394 0.863014 0.0699846 0.500309 0.0225211 -0.315745 -0.948577 -0.0517386 -0.099459 -0.993696 0.213586 -0.814406 -0.539559 0.664087 -0.413325 0.623018 0.0114021 -0.312757 -0.949765 0.0836326 -0.545384 -0.834004 0.44531 -0.711366 0.543743 0.805318 0.15895 0.571137 0.693174 -0.102822 0.713398 0.89874 0.386146 0.207747 0.00732044 -0.595399 -0.803397 0.0155466 -0.664749 -0.746905 -0.183773 -0.371546 -0.910045 0.896165 0.327723 0.299142 0.9496 0.303757 0.0774057 -0.304179 -0.0169453 -0.952464 -0.256893 -0.0970455 -0.961555 0.565247 -0.410351 0.715617 0.421547 -0.675685 0.604771 0.678875 0.156093 0.71747 0.843006 0.503639 0.188912 0.65243 0.0520462 0.75606 -0.265731 -0.298571 -0.916647 0.794573 0.357811 0.490536 0.583418 -0.233537 0.777871 -0.222226 -0.834649 -0.50396 -0.194228 -0.522834 -0.830012 0.697464 0.46714 0.543438 0.472743 -0.47964 0.739229 0.317419 -0.432157 0.844088 -0.30137 -0.573306 -0.761903 0.581048 0.325983 0.745733 -0.490794 0.0366777 -0.870503 0.981682 0.098976 -0.1628 0.701125 0.636017 0.322346 0.631026 0.479812 0.609579 -0.242045 -0.818285 -0.521368 0.431783 0.0343151 0.901324 -0.558891 -0.144162 -0.816614 -0.459172 -0.314312 -0.830885 0.904614 0.404868 -0.133246 0.42794 -0.131074 0.894252 0.313276 -0.233787 0.920436 0.368034 0.113993 0.922798 0.192942 -0.695214 0.692424 0.811974 0.583315 0.0210336 0.269071 -0.453391 0.849728 0.467063 0.323148 0.82306 0.92035 0.31671 -0.229456 0.153968 -0.627721 0.763059 0.697514 0.640214 0.321871 -0.50287 -0.48194 -0.717534 0.853711 0.505748 -0.124086 0.54726 0.587283 0.596327 0.562183 0.728948 0.39062 0.157818 -0.175862 0.971682 0.962886 0.0288744 -0.268359 -0.565411 -0.493088 -0.661192 0.833939 0.304907 -0.459976 0.677905 0.734234 0.0366645 0.515024 0.854883 -0.0626526 -0.480041 -0.725359 -0.493372 -0.0102146 -0.596932 0.802227 0.0833971 -0.367216 0.92639 0.759439 0.592296 -0.269144 0.326021 0.445733 0.833686 0.323554 0.118695 0.938735 -0.708515 -0.167202 -0.685602 0.614628 0.758941 -0.215037 0.142825 -0.0486793 0.98855 -0.202761 -0.775397 0.598036 -0.573053 -0.489527 -0.657248 0.844364 0.340761 -0.413438 -0.205405 -0.743102 0.636873 -0.717052 -0.160349 -0.678325 0.352509 0.630005 0.691976 -0.0663494 -0.506674 0.859581 0.737418 0.529495 -0.419345 0.0648377 -0.25226 0.965485 0.880995 0.128275 -0.455404 0.332969 0.646761 0.686172 0.852342 0.06125 -0.519385 0.148341 0.32135 0.93527 -0.546883 -0.781568 -0.300118 0.179085 0.418927 0.890185 -0.506631 -0.824495 -0.252057 0.775416 0.350423 -0.525294 -0.0487988 0.0175342 0.998655 -0.0189661 0.248113 0.968545 -0.0917999 -0.190251 0.977434 -0.767215 -0.488882 -0.415182 -0.762806 -0.494453 -0.416707 -0.807032 -0.228325 -0.54458 -0.185339 -0.474388 0.860584 -0.719701 -0.611725 -0.328363 -0.902059 0.0740576 -0.425212 0.446476 0.762796 -0.467763 -0.208565 -0.348708 0.913731 0.0844191 0.658259 0.748043 -0.3159 -0.561622 0.764715 0.617077 0.567419 -0.545208 0.0579334 0.557995 0.82782 0.736466 0.107983 -0.667801 0.70145 0.244011 -0.669647 -0.323081 -0.558855 0.763741 0.617367 0.57083 -0.541305 -0.15162 -0.0326226 0.9879 -0.551395 -0.645439 0.528556 -0.788337 -0.615225 0.00484568 -0.741877 -0.653132 0.151781 0.448242 0.761759 -0.467764 -0.921272 -0.115706 -0.371307 -0.0671856 0.804096 0.59069 -0.228973 0.00224877 0.97343 -0.45749 -0.860786 0.223047 0.580143 0.28881 -0.761592 0.46481 0.462735 -0.75487 -0.874295 -0.394789 -0.282401 -0.175221 0.285009 0.942373 -0.585695 -0.586191 0.559769 -0.940847 -0.164728 -0.296093 -0.394776 -0.253896 0.883 -0.47561 -0.359577 0.802808 -0.590486 -0.603312 0.536042 -0.396403 -0.057804 0.916255 -0.158313 0.510563 0.845141 -0.241655 0.228531 0.943068 -0.643888 -0.329222 0.690667 0.52371 0.147797 -0.838978 -0.811932 -0.582997 -0.0296954 -0.639318 -0.327279 0.695817 -0.89391 -0.446113 -0.0436836 0.435725 0.470965 -0.767031 -0.52316 0.0119143 0.852151 -0.983408 -0.120853 -0.135293 0.359998 0.548858 -0.754425 -0.576893 -0.013595 0.816706 -0.284247 0.600053 0.747756 -0.80772 -0.519269 0.279192 -0.442449 0.253127 0.860329 0.298976 0.246256 -0.921939 0.114733 0.770979 -0.626441 -0.28086 0.614759 0.737014 -0.429459 0.508503 0.746317 -0.793375 -0.486567 0.365798 0.365572 0.12747 -0.922013 0.230762 0.589192 -0.77434 -0.508251 0.19686 0.838407 -0.558403 0.50803 0.655814 -0.941359 -0.331958 0.0603914 0.149906 0.27454 -0.949819 0.0928881 0.512145 -0.853861 -0.779458 -0.216628 0.587808 -0.0722172 0.683501 -0.726368 -0.696378 0.272066 0.664106 -0.762551 0.0146088 0.646763 -0.941399 -0.33313 0.0528499 -0.0896024 0.647031 -0.75718 -0.787003 -0.0202482 0.616617 -0.838073 -0.288892 0.46279 -0.473174 0.765994 0.435154 -0.483897 0.744893 0.459324 -0.592416 0.610172 0.526055 0.0502618 0.406196 -0.912403 -0.71288 0.261278 0.650796 -0.12078 0.381966 -0.91625 -0.23883 0.564091 -0.790419 0.0516498 0.0533589 -0.997239 -0.214936 0.864116 -0.455088 0.0421448 0.0785845 -0.996016 -0.396429 0.683595 -0.612814 -0.301782 0.557572 -0.773332 -0.839291 0.380266 0.388573 -0.735634 0.660985 0.148129 -0.222596 0.291795 -0.930218 -0.957191 -0.129781 0.258733 -0.464099 0.658709 -0.592212 -0.755463 0.506037 0.416176 -0.253793 -0.0204029 0.967043 -0.252361 -0.020556 0.967415 -0.381292 -0.016038 0.924316 -0.46812 -0.0231454 0.883362 -0.588563 -0.0800757 0.804476 -0.712026 -0.00949683 0.702089 -0.0789537 -0.996454 0.0290844 -0.93217 -0.00854976 0.36192 -0.981516 -0.0271294 0.18945 -0.974143 -0.0365772 0.222954 -0.120504 -0.992373 0.0259624 -0.942808 -0.0329924 -0.3317 -0.618191 -0.742196 -0.258814 -0.218532 -0.044319 -0.974823 -0.735527 -0.0422162 -0.676179 -0.778174 -0.033712 -0.627143 -0.179891 -0.924771 -0.335318 0.0207615 -0.992873 -0.117357 -0.0652164 -0.997867 0.00292921 -0.0943601 -0.0146829 -0.99543 0.0856522 -0.0482492 -0.995156 0.0534618 -0.0587877 -0.996838 0.215977 -0.0231899 -0.976123 0.365334 -0.00824855 -0.93084 0.510006 -0.0047801 -0.860157 0.663256 -0.0243492 -0.747996 0.746437 -0.0542788 -0.663239 0.796725 -0.0330184 -0.603439 0.195306 -0.972901 -0.123771 0.879372 -0.00737559 -0.476079 0.982116 -0.00509632 -0.188209 -0.981366 -0.0228414 0.190785 0.997897 -0.0137544 -0.0633462 0.304927 -0.952366 0.00425569 0.918363 -0.0133162 0.395515 0.187299 -0.97984 0.0695193 0.824472 -0.100158 0.556969 0.745653 -0.0247215 0.665876 0.6759 -0.00927298 0.736935 0.552594 -0.0019583 0.833449 0.00842899 -0.999578 0.027788 -0.564038 -0.026085 -0.825337 0.224517 -0.0466982 0.973351 0.0971977 -0.0826251 0.991829 0.263304 -0.0405629 -0.96386 -0.999994 -0.00151052 -0.00312451 -0.993555 0.000414721 -0.113348 -0.971455 -0.00229507 -0.237213 -0.907983 -0.00437824 -0.418984 -0.832077 0.00122833 -0.554658 -0.612021 -0.00144036 -0.79084 -0.489152 0.000490363 -0.872198 -0.419815 -0.00256813 -0.907606 -0.363197 0.000164531 -0.931713 -0.226891 -0.000339903 -0.97392 0.951441 0.0038016 -0.307809 0.989801 -3.52244e-05 -0.142458 0.999159 -0.00240322 0.0409416 0.987569 0.00255247 0.157167 0.950604 -0.00153956 0.310401 0.794454 -0.00280484 0.607318 0.53585 0.000392404 0.844313 0.37878 -0.00228035 0.925484 0.0676368 -0.000946108 0.99771 -0.108068 -0.00172722 0.994142 -0.688833 -0.00126932 0.724919 -0.783516 0.00146321 0.621369 -0.879687 0.00133088 0.475551 0.0061469 0.998265 0.058561 -0.252384 0.0154065 0.967505 -0.320114 0.0287779 0.946942 -0.381303 0.0141439 0.924342 -0.526371 -0.00447471 0.850243 0.0026137 0.998417 0.0561767 -0.810382 0.025993 0.585325 0.924381 0.0275437 -0.380474 -0.920929 0.00881054 0.389632 -0.93218 0.00720192 0.361923 -0.981722 0.0177678 0.18949 -0.981776 0.0178257 0.189206 -0.0417458 0.998586 -0.032904 -0.381984 0.923469 -0.0359493 -0.426983 0.902947 -0.0487114 -0.954923 0.00256576 -0.296844 -0.736001 0.0222488 -0.676614 -0.0521238 0.998627 -0.00518789 -0.683534 0.0406448 -0.728786 0.450378 0.02298 0.892542 -0.485125 0.12806 -0.865017 -0.362278 0.0710684 -0.929357 0.397806 0.018351 0.917286 -0.0943073 0.0365479 -0.994872 0.0957042 0.0833654 -0.991913 0.0532893 0.0993665 -0.993623 0.00576597 0.999358 -0.0353537 0.215706 0.0552463 -0.974894 0.365168 0.0312546 -0.930417 0.509931 0.0178752 -0.86003 0.663238 0.0254447 -0.747976 0.795608 0.0623597 -0.602593 0.874547 0.104863 -0.473467 0.0544281 0.998515 -0.00235176 0.951207 0.0224885 -0.307733 0.848964 0.0839667 -0.521738 0.0517797 0.998114 0.0329703 0.955118 0.0187426 0.295633 -0.901469 0.0335597 -0.431541 0.902558 0.00862225 0.430482 0.886471 0.00292293 0.462775 0.0408017 0.998111 0.0459298 0.675867 0.0135049 0.7369 0.648532 0.0209361 0.7609 0.00988778 0.998225 0.0587356 0.224739 0.0145425 0.974311 0.207582 0.0180262 0.978052 -0.992608 0.121336 -0.00281276 -0.997693 0.0678548 0.00230934 -0.959813 0.280612 0.00393339 -0.937878 0.346937 -0.00444643 -0.875046 0.484021 0.00430567 -0.84575 0.533577 -0.00141788 -0.774872 0.632118 0.000598327 -0.757062 0.653342 -0.00101232 -0.704162 0.710039 0.00027618 -0.65544 0.755245 -0.00193175 -0.608218 0.793767 0.00211502 -0.535554 0.844499 -0.00192929 -0.46501 0.885298 0.0034751 -0.346325 0.938111 -0.00257407 -0.212574 0.975411 -0.0581902 -0.424061 0.89498 -0.138507 -0.220408 0.975133 0.0231576 -0.0408237 0.999047 -0.0154312 0.1515 0.988451 0.00365958 0.103545 0.99444 0.0191616 0.201183 0.979553 -0.000757975 0.134462 0.990796 -0.0155711 0.311117 0.950363 0.00395467 0.346555 0.938003 0.0071173 0.394121 0.919058 0.000494693 0.49456 0.869126 -0.0055477 0.521434 0.853289 -0.00206191 0.695354 0.718661 -0.0029564 0.713819 0.700291 -0.00741811 0.84116 0.540784 0.00142689 0.894242 0.44747 -0.0101129 0.939155 0.34349 0.00159406 0.979623 0.200828 -0.0027078 0.983903 0.178704 0 0.999904 0.0138581 0 0.997278 -0.0734445 -0.00651939 0.983413 -0.181345 0.0036211 0.958478 -0.285101 -0.00608485 0.924771 -0.38052 0.00166491 0.845154 -0.534517 -0.00246683 0.834194 -0.551444 -0.00555155 0.680203 -0.733018 0.00288584 0.682865 -0.730542 0.00219561 0.494287 -0.869299 -0.000223605 0.501577 -0.865112 -0.00145799 0.381472 -0.92438 -0.000351628 0.30634 -0.951913 -0.00432221 0.336546 -0.941665 0.00204121 0.232068 -0.972533 -0.0180042 0.300049 -0.953909 0.00529299 0.195269 -0.980716 -0.00808646 0.10643 -0.993973 0.0262928 0.0567876 -0.998257 0.0160692 -0.0399841 -0.997894 -0.0510871 -0.062116 -0.997936 -0.0162789 -0.263148 -0.964296 -0.0297916 -0.206313 -0.978298 0.0191983 -0.310109 -0.949861 -0.03995 -0.423057 -0.906103 -5.89932e-05 -0.486545 -0.873632 0.00643583 -0.593342 -0.80494 -0.00408027 -0.705303 -0.708844 0.00935037 -0.769413 -0.638751 -0.00104635 -0.891929 -0.452148 0.00495444 -0.883381 -0.468653 0.0010817 -0.96955 -0.244894 9.5594e-05 -0.969762 -0.244053 0.000185563 -0.997202 -0.0747432 -0.00124045 -0.997203 -0.07473 -0.00124165 0.269199 -0.939022 0.213937 0 -1 0 -2.595e-06 -1 -1.41545e-06 0 -1 0 0 -1 0 0 -1 0 0 -1 0 0 -1 0 0 -1 0 0 -1 0 0 -1 0 0 -1 0 4.46233e-08 -1 7.10556e-07 1.58419e-07 -1 9.7603e-07 -1.44631e-07 -1 2.59115e-07 0.00713721 -0.999074 0.0424349 0 -1 6.0851e-07 -7.37277e-06 5.39421e-06 1 -4.94703e-06 8.43279e-06 1 -1.47343e-05 3.29083e-06 1 -2.48144e-06 1.82372e-05 1 0 0 1 0 0 1 0 0 1 -2.29329e-06 1.94391e-05 1 0 0 1 0 0 1 0 0 1 0 0 1 0 0 1 0 0 1 0 0 1 0 0 1 0 0 1 0 0 1 0 0 1 0 0 1 0 0 1 -1.89283e-05 2.65005e-06 1 0 1 0 0 1 0 0 1 0 0 1 0 0 1 0 0 1 0 0 1 0 0 1 0 0 1 0 0 1 0 0.00499173 0.99978 0.0203932 0 1 0 0 1 0 0 1 0 0 1 0 0 1 0 0 0 -1 0 0 -1 0 0 -1 0 0 -1 0 0 -1 0 0 -1 0 0 -1 0 0 -1 0 0 -1 0 0 -1 0 0 -1 0 0 -1 0 0 -1 0 0 -1 0 0 -1 0 0 -1 0 0 -1 0 0 -1 0 0 -1 0 0 -1 0 0 -1 0 0 -1 0 0 -1 0 0 -1 0 0 -1 0 0 -1 0 0 -1 0 0 -1 0 0 -1 0 0 -1 0 0 -1 0 0 -1 0 0 -1 -0.000297954 -0.995776 -0.0918183 -0.00526792 -0.977614 -0.210341 -0.00318344 -0.97941 -0.201855 0.00206984 -0.935356 -0.353702 -0.00206974 -0.926243 -0.376922 0.00222053 -0.869961 -0.493115 -0.000933559 -0.859722 -0.510762 -0.00206981 -0.773993 -0.633191 0.00396171 -0.796487 -0.604643 -0.00309935 -0.636399 -0.771354 0.00359766 -0.655101 -0.755533 0.000920799 -0.503975 -0.863717 -0.00283574 -0.487569 -0.87308 0.00206984 -0.353713 -0.935352 -0.00206979 -0.330273 -0.943883 0.00206988 -0.210355 -0.977623 -0.00206972 -0.185906 -0.982565 0.00206994 -0.0622986 -0.998055 -0.00206977 -0.0373851 -0.999299 0.0020699 0.0871505 -0.996193 -0.00206971 0.11197 -0.993709 -0.00206976 0.258823 -0.965922 0.00206991 0.23465 -0.972078 -0.00206982 0.399897 -0.916558 0.00206991 0.376911 -0.926247 0.00206984 0.510751 -0.859726 -0.00206987 0.532036 -0.846719 -0.00206978 0.65229 -0.757967 0.0020698 0.633182 -0.774 -0.00776957 0.779915 -0.625837 0.00206991 0.741469 -0.670984 0.00196552 0.833192 -0.55298 -0.00680166 0.882412 -0.470428 0.00206836 0.906304 -0.422622 -0.00206818 0.951824 -0.306639 0.000376684 0.956239 -0.292587 -0.00206983 0.986895 -0.161351 -0.0018379 0.986669 -0.16273 0 0.998573 -0.0533976 0.00119662 0.99797 -0.0636721 -5.67128e-05 -0.999821 -0.0189277 -0.000211471 -0.999804 -0.0197954 0.000147688 -0.979159 -0.203096 -0.00193108 -0.976146 -0.217107 0.000975689 -0.940905 -0.33867 -0.00240624 -0.932205 -0.361922 0.0009841 -0.888264 -0.459332 0.000500472 -0.823819 -0.566852 -0.000421034 -0.879916 -0.475129 -0.000473292 -0.818359 -0.574707 0.00090122 -0.734667 -0.678428 -0.00107773 -0.726586 -0.687075 0.00113866 -0.6006 -0.799549 0.00254136 -0.606723 -0.794909 0.00192406 -0.474468 -0.88027 0.000430168 -0.487951 -0.872871 0.00290316 -0.308875 -0.951098 -0.00222602 -0.354803 -0.934938 0.00773269 -0.131682 -0.991262 -0.00409548 -0.215348 -0.976529 -0.00255364 -0.00554983 -0.999981 0.00659357 0.0999692 -0.994969 -0.00442762 0.170785 -0.985298 0.00362591 0.307453 -0.951556 -0.0063446 0.380312 -0.924837 0.00181802 0.469282 -0.883047 -0.00332065 0.544043 -0.839051 0.00359236 0.593532 -0.804802 -0.00640217 0.710537 -0.703631 0.0054092 0.759848 -0.650078 -0.00309949 0.821034 -0.570871 0.0054493 0.870333 -0.492434 -0.00103123 0.906891 -0.421365 0.00109047 0.933582 -0.358361 -0.00142948 0.944341 -0.328965 0.00195927 0.974127 -0.225994 -0.00275293 0.983825 -0.17911 0.00536212 0.997976 -0.0633622 -0.00409769 0.99999 -0.00156462 0.00254958 0.98971 0.143066 -0.00311618 0.983951 0.178411 0.00326954 0.934305 0.35646 -3.28226e-05 0.927188 0.374596 0.00130919 0.856579 0.516014 0.00278365 0.852284 0.523072 0.00394353 0.745288 0.666732 -0.000560838 0.774872 0.632118 -0.000510296 0.689873 0.72393 0.00242922 0.630938 0.77583 -0.00296231 0.601052 0.799204 0.00306635 0.468687 0.883359 0.000187917 0.448811 0.893627 0.00313315 0.316662 0.948533 0.00911253 0.285324 0.958388 -0.00295678 0.133147 0.991092 0.00471925 0.0668034 0.997755 0.00128066 -0.167532 0.985866 -0.0109122 -0.108951 0.993987 0.000514293 -0.353801 0.935321 -0.00309795 -0.33387 0.942614 -0.00732892 -0.497609 0.86737 -0.000621407 -0.526567 0.850133 0.000823999 -0.629916 0.776663 -0.00853303 -0.717358 0.696652 0.00729568 -0.770116 0.637862 -0.00475204 -0.859734 0.510721 0.00653716 -0.896569 0.442855 -0.00280122 -0.943878 0.330283 0.00104676 -0.959987 0.280043 -3.29705e-05 -0.9923 0.123857 -0.00414978 -0.988929 0.14833 0.999973 0.00530896 -0.00515572 0.999648 0.0139734 -0.0225598 -0.999953 0.00315552 -0.00920341 0.999978 0.00570601 -0.00338963 -0.999981 0.00203737 -0.00575209 0.999958 0.00861749 -0.00301545 0.999628 0.026971 -0.0040454 0.999999 0.000139582 -0.00127344 0.999998 0.000547932 -0.00167713 1 0 0 1 -0.000130113 -0.000968512 1 0 0 0.999999 -0.000389995 -0.00116819 1 0 0 0.999997 -0.00111536 -0.00222079 -0.999997 -0.00155673 -0.00206994 -1 -0.000626278 -0.000657196 -0.999703 -0.0139932 -0.0199603 0.999676 -0.0197344 -0.0160987 0.999895 -0.0123474 -0.00757796 0.999937 -0.0104304 -0.00421401 0.999936 -0.0111635 -0.00202418 1 0 0 1 0 0 1 0 0 1 0 0 1 0 0 1 0 0 1 0 0 1 0 0 1 0 0 0.999978 -0.00311667 -0.00582492 1 0 0 1 0 0 1 0 0 1 0 0 1 0 0 1 0 0 1 0 0 1 0 0 1 0 0 1 0 0 1 0 0 -1 0 0 -1 0 0 -1 0 0 -1 0 0 -1 0 0 -1 0 0 -1 0 0 -1 0 0 -1 0 0 -1 0 0 -1 0 0 -1 0 0 -1 0 0 -1 0 0 -1 0 0 -1 0 0 -1 0 0 -1 0 0 -1 0 0 -1 0 0 -1 0 0 -1 0 0 -1 0 0 -1 0 0 -1 0 0 -1 0 0 -1 0 0 -1 0 0 -1 0 0 -1 0 0 -1 0 0 -1 0 0 -1 0 0 -1 0 0 -1 0 0 -1 0 0 -1 0 0 -0.00380435 0.85462 0.51924 -0.00287008 0.534127 0.845399 -1 -4.00349e-06 -2.43239e-06 -1 -5.64479e-07 -8.9344e-07 -0.000325694 0.991869 0.127259 -0.00115695 0.208722 0.977974 -1 -1.24414e-07 -5.82949e-07 -1 3.1298e-07 -1.70667e-07 -1 1.29678e-07 1.12085e-07 -1 0 0 -1 2.19107e-07 2.85229e-08 -1 0 0 -1 0 0 -1 1.44706e-07 7.76103e-08 -1 0 0 -1 0 0 -1 0 0 -1 0 0 -1 0 0 -1 0 0 -1 0 0 -1 0 0 -1 0 0 -1 0 0 -1 0 0 -1 0 0 -1 0 0 -1 0 0 -8.7284e-05 -0.290282 0.956941 -1 0 0 -1 0 0 -1 0 0 -1 0 0 -1 0 0 -1 0 0 -1 0 0 -0.000945644 -0.829584 0.558382 -1 0 0 -1 0 0 -1 0 0 -1 0 0 -1 0 0 -1 0 0 -1 0 0 -1 0 0 -1 0 0 -1 0 0 -1 0 0 -1 0 0 -1 0 0 -1 0 0 -1 0 0 -1 0 0 -1 0 0 -0.975124 0.217609 -0.042184 -0.975714 0.171661 -0.136067 -0.974904 0.107906 -0.194728 -0.973049 0.0276591 -0.228934 -0.971349 -0.0646444 -0.228696 -0.468195 -0.862733 0.19101 -0.746865 -0.631577 -0.208094 -0.968809 -0.111808 0.221153 -0.970287 -0.0240553 0.24076 -0.973338 0.0803223 0.214852 -0.974402 0.149271 0.168103 -0.97518 0.205805 0.0816557 -0.00567956 0.981708 -0.190306 0.00219678 0.94757 -0.319541 -0.00278413 0.783669 -0.621172 -0.000682339 0.752687 -0.658379 0.000321612 0.484695 -0.874683 0 0.489803 -0.871833 0.000972098 0.119944 -0.99278 0 0.104714 -0.994502 -0.000165747 -0.272007 -0.962295 -0.000266782 -0.269965 -0.96287 -0.00157507 -0.670642 -0.741779 0.00267404 -0.629186 -0.77725 -0.656547 -0.527168 -0.539481 -0.00108226 -0.93588 -0.352318 0.00219638 -0.946072 -0.32395 -0.00209688 -0.994033 0.109064 -0.000569276 -0.991544 0.129773 0.00317121 -0.913648 0.406494 -0.00112214 -0.888283 0.459295 -0.0908885 -0.960911 0.261514 -0.000814277 -0.729069 0.68444 0.00305045 -0.652064 0.758158 -0.00361341 -0.451182 0.892425 0.0014567 -0.274558 0.961569 -0.00343494 -0.0994185 0.99504 0.00254791 0.0509024 0.9987 -0.00190357 0.350178 0.936681 0.00199689 0.445163 0.895447 -0.00258662 0.663978 0.747747 0.001445 0.730705 0.682692 -0.00295931 0.916014 0.401136 -0.00487964 0.929499 0.368791 0.00160034 0.997681 0.0680412 -0.612963 0.488557 -0.620958 -0.507225 0.839166 0.196277 -0.952092 0.0863042 -0.293381 -0.951218 -0.0122065 -0.308279 -0.951617 -0.136903 -0.275105 -0.956757 -0.236875 -0.168838 -0.963232 -0.265286 -0.0425103 -0.966736 -0.245331 0.0723407 -0.969181 -0.186735 0.160683 -0.970195 -0.0893851 0.225237 -0.971263 0.00647098 0.237922 -0.968917 0.112723 0.220214 -0.845797 0.526074 -0.0887265 0.00487643 0.908923 -0.416936 0.00154856 0.886964 -0.461836 0.00224003 0.651322 -0.758798 -0.00205019 0.608386 -0.793639 0.000910334 0.308242 -0.951308 0 0.282213 -0.959352 0 -0.0395648 -0.999217 -0.0035937 0.0295017 -0.999558 0.00286532 -0.368135 -0.929768 -0.0021043 -0.445522 -0.895269 -0.00246632 -0.814314 -0.580419 0.00356826 -0.756557 -0.653918 0.0021862 -0.987401 -0.158224 0.00417949 -0.991624 -0.129087 -0.00211574 -0.959168 0.282829 -0.000626134 -0.950129 0.311858 -0.00145709 -0.758496 0.651676 -0.00150233 -0.758003 0.65225 0.000275682 -0.432547 0.901611 -0.00326511 -0.368863 0.929478 0.00424162 -0.0617816 0.998081 0 0.0271879 0.99963 0 0.455653 0.890158 0 0.455653 0.890158 0 0.707263 0.706951 -0.0794109 0.930557 0.357433 0.0053401 0.769718 0.638362 -0.00286554 0.923249 0.384192 0.00191249 0.957025 0.289999 0.00414903 0.998781 -0.0491949 -0.00109513 0.99274 0.120275 -0.00178069 0.982531 -0.186092 0.707107 0 0.707107 0.707107 0 0.707107 0.0449629 0 0.998989 0.654187 0 0.756333 0.998302 0 0.058256 0.733411 0 0.679785 -0.701835 -0.0938051 -0.706137 -0.51295 -0.331485 -0.791833 -0.627964 -0.24038 -0.740188 -0.467811 -0.344368 -0.81398 -0.627484 -0.369436 -0.685406 -0.530001 -0.330407 -0.780981 -0.707157 -0.424658 -0.565327 -0.704451 -0.510002 -0.493606 -0.66053 -0.551588 -0.509363 -0.63026 -0.557881 -0.539946 -0.457777 -0.717167 -0.525463 -0.699589 -0.588656 -0.405042 -0.662375 -0.665464 -0.344119 -0.764818 -0.592378 -0.253262 -0.65932 -0.707431 -0.254633 -0.587134 -0.744318 -0.318221 -0.692718 -0.706178 -0.146475 -0.557359 -0.819846 -0.131161 -0.582017 -0.813031 -0.0153916 -0.760088 -0.649618 -0.0162005 -0.593241 -0.804775 -0.0200699 -0.69456 -0.713895 0.0891072 -0.655482 -0.724993 0.211491 -0.569485 -0.791949 0.220237 -0.72331 -0.619116 0.305809 -0.684519 -0.690131 0.234847 -0.614003 -0.747225 0.254276 -0.674617 -0.56849 0.470862 -0.68064 -0.569484 0.460888 -0.658441 -0.585041 0.473479 -0.607552 -0.598946 0.521675 -0.675971 -0.464203 0.572345 -0.541628 -0.418311 0.729147 -0.542972 -0.418345 0.728127 -0.766582 -0.319903 0.556789 -0.694198 -0.25466 0.673229 -0.420125 -0.320528 0.848974 -0.672777 -0.123948 0.729389 -0.481517 -0.0489073 0.875071 -0.775009 -0.0352644 0.630965 -0.6473 0.0509205 0.760533 -0.632923 0.220911 0.742029 -0.4304 0.143721 0.891123 -0.695205 0.336899 0.634971 -0.535712 0.284613 0.794989 -0.780568 0.210686 0.588494 -0.705809 0.446959 0.549601 -0.589241 0.477943 0.651433 -0.757375 0.458157 0.46527 -0.621239 0.549819 0.558356 -0.671778 0.552078 0.493887 -0.670899 0.618285 0.409413 -0.658923 0.644329 0.388152 -0.77015 0.563868 0.298197 -0.591045 0.713065 0.377099 -0.712957 0.655145 0.249954 -0.543601 0.819403 0.181868 -0.690215 0.716161 0.103524 -0.762297 0.645981 0.0401526 -0.584037 0.810163 0.0503577 -0.696977 0.715652 -0.0454372 -0.558912 0.809651 -0.179115 -0.644201 0.745068 -0.172853 -0.666225 0.719681 -0.195458 -0.600801 0.771453 -0.209519 -0.683953 0.681073 -0.261434 -0.70506 0.617204 -0.349214 -0.705052 0.55406 -0.442629 -0.679918 0.567493 -0.464396 -0.56185 0.640202 -0.523896 -0.604826 0.60512 -0.517702 -0.667892 0.441744 -0.598984 -0.543235 0.394001 -0.74139 -0.767534 0.312537 -0.559653 -0.525354 0.392874 -0.754754 -0.717589 0.321576 -0.617783 -0.692429 0.221824 -0.686539 -0.660525 0.0566484 -0.748664 -0.55996 0.0314137 -0.827924 -0.723186 0.0261864 -0.690157 -0.662688 0.0748682 -0.745144 -0.0525626 0 -0.998618 -0.0626771 0.00016306 -0.998034 -0.160213 -0.00025044 -0.987083 -0.158854 -0.000282067 -0.987302 -0.308489 0.000100352 -0.951228 -0.313681 -5.64342e-05 -0.949529 -0.43431 0 -0.900764 -0.449614 0.000450365 -0.893223 -0.565729 0 -0.824591 -0.57581 -0.000338425 -0.817583 -0.706607 0.000766399 -0.707606 -0.698376 0.000394644 -0.715731 -0.835981 0.00103266 -0.548757 -0.781594 -0.000137962 -0.623787 -0.86738 -0.000275728 -0.497646 -0.91613 0.000719639 -0.40088 -0.931688 -0.000355009 -0.36326 -0.976487 0.000354925 -0.215575 -0.979297 0 -0.202427 -0.99645 0 -0.0841927 -0.99645 0 -0.0841927 0 0 1 0 0 1 0 0 1 0 0 1 0 0 1 0 0 1 0 0 1 0 0 1 0 0 1 0 0 1 0 0 1 0 0 1 0 0 1 0 0 1 0 0 1 0 0 1 0 0 1 0 0 1 0 0 1 0 0 1 0 0 1 0 0 1 0 0 1 0 0 1 0 0 1 0 0 1 0 0 1 0 0 1 0 0 1 0 0 1 0 0 1 0 0 1 0 0 1 0 0 1 0 0 1 0 0 1 0 0 1 0 0 1 0 0 1 0 0 1 0.980795 0.0418743 0.190491 0.949547 0.0853034 0.301801 0.871086 0.474118 -0.128145 0.859422 0.509521 -0.0422282 0.603013 0.79694 -0.0355225 0.522669 0.822744 -0.223405 0.2904 0.956237 0.0357528 0.187934 0.981336 -0.0407579 -0.0899943 0.982727 0.161704 0.0165931 0.99831 0.0557027 -0.201514 0.979411 -0.0120837 -0.450828 0.891403 0.0464197 -0.487049 0.872611 -0.0365169 -0.713412 0.700415 0.021491 -0.726842 0.686776 -0.00626508 -0.915407 0.393695 0.0838685 -0.901709 0.432016 0.0167863 -0.982009 0.180642 -0.0550081 -0.992514 0.0986055 0.0720679 -0.991207 -0.129821 -0.0255836 -0.953659 -0.278484 0.113934 -0.890581 -0.44411 -0.0981466 -0.725227 -0.654992 0.212206 -0.628618 -0.769338 -0.113837 -0.30314 -0.941945 0.144379 -0.225526 -0.973316 -0.0423536 0.134297 -0.987003 0.0882564 0.146559 -0.982551 0.114513 0.503624 -0.858485 -0.0967797 0.581489 -0.810179 0.0740309 0.794865 -0.581554 -0.173158 0.876915 -0.444 0.184076 0.975955 -0.217974 0.000186682 0 -0.0817161 0.996656 0 -0.0817161 0.996656 0 -0.285991 0.958232 0.000347156 -0.514099 0.857731 0.000667383 -0.531224 0.847231 -4.50408e-08 -0.646954 0.762529 0.000867389 -0.777435 0.628962 -1 0 0 0.00200656 -0.953782 0.300493 0.00883357 -0.840807 0.541263 0.0349629 -0.455838 -0.889376 0.062487 -0.977424 -0.201838 0.134477 0.549868 0.824355 0.0593659 -0.674052 0.736294 0.422482 -0.0740651 0.90334 0.448026 -0.025696 0.893651 0.416401 -0.0324292 0.908603 0.107984 -0.985309 0.132307 0.369702 -0.0350073 0.928491 0.313016 -0.886324 0.341248 0.529186 -0.594234 0.605679 0.541718 -0.556114 0.630301 0.573242 -0.0432431 0.818244 0.487253 -0.672567 0.55699 0.327994 -0.0143746 0.94457 0.686527 -0.239501 0.686527 0.154033 -0.984315 0.086015 0.35606 -0.885747 0.297779 0.316301 -0.916443 0.245124 0.579266 -0.595032 0.557124 0.643032 -0.465922 0.607805 0.961824 -0.0262586 0.272407 0.945318 -0.0317772 0.324599 0.548993 -0.835769 0.00986728 0.919102 -0.0324024 0.392686 0.263024 -0.964591 0.0195494 0.960034 -0.0380193 0.27729 0.761919 -0.647183 0.0251799 0.985366 -0.0479399 0.163572 0.908627 -0.0470036 0.414956 0.899755 -0.434665 0.0388169 0.778648 -0.627328 0.0129463 0.768323 -0.0249607 0.639576 0.122293 -0.992494 0 0.996656 -0.0817161 0 -0.999021 -0.0441492 -0.00289626 0.919466 0.369963 -0.133075 0.871843 0.489703 -0.00904526 0.991913 0.123526 -0.0291521 0.788448 0.614952 -0.0135534 0.942621 0.318759 -0.0992889 0.479769 0.87715 -0.0207386 0.506148 0.860697 -0.0549138 0.53439 0.845096 -0.0154905 0.53024 0.829116 -0.177237 0.603075 0.787052 -0.129808 0.50195 0.827048 -0.253057 0.811628 0.479279 -0.333994 0.537889 0.76403 -0.356278 0.700321 0.594757 -0.394734 0.840244 0.428106 -0.332738 0.706826 0.587698 -0.39371 0.511604 0.637087 -0.576525 0.502521 0.547428 -0.669175 0.993236 0.0460509 -0.106592 0.0550955 0.459251 -0.886596 0.695765 0.366858 -0.617517 0.799416 0.270685 -0.536343 0.974074 0.0519996 -0.220172 0.677568 0.277203 -0.681219 0.851707 0.1329 -0.506885 0.515785 0.20103 -0.832798 0.584653 0.0707039 -0.808197 0.786726 -0.0384572 -0.616104 0.523309 0.0308559 -0.851584 0.669749 -0.156207 -0.725972 0.924271 -0.136694 -0.356425 0.662019 -0.152481 -0.733812 0.422621 -0.320573 -0.847717 0.927403 -0.139513 -0.347074 0.423065 -0.456652 -0.782614 0.735781 -0.389396 -0.554073 0.586773 -0.465968 -0.662247 0.996735 -0.0509708 -0.0626243 0.31697 -0.621325 -0.716579 0.36143 -0.736036 -0.57238 0.931226 -0.316861 -0.18005 0.78714 -0.516612 -0.336931 0.630701 -0.667808 -0.395282 0.578225 -0.719147 -0.385337 0.480217 -0.839389 -0.254592 0.635739 -0.722007 -0.273025 0.891544 -0.445049 -0.084148 0.945723 -0.324375 -0.0197325 0.454069 -0.871033 -0.187409 0.916306 -0.399428 -0.0289906 0.712808 -0.701201 -0.0148967 0.493514 -0.8695 -0.0203239 0.502485 -0.864371 -0.0192729 0.127754 -0.598415 0.790936 0.0105387 -0.939985 -0.341054 0.0385373 0.999249 0.00414951 0.994178 0.107748 0 0.272578 0.960535 0.0554411 0.47971 0.877041 0.0260124 0.164296 0.984713 0.0578616 0.788469 0.614968 0.0114531 0.919802 0.392076 0.0155283 0.902397 0.430719 0.0126992 0.909148 0.0152407 0.416195 0.998638 0.0276233 0.0442649 0.31134 0.924535 0.219779 0.904169 0.0494561 0.424303 0.439868 0.807936 0.392116 0.901009 0.0503598 0.430866 0.797663 0.0374396 0.601941 0.482635 0.0399158 0.874911 0.707364 0.265549 0.655073 0.593251 0.563346 0.57506 0.961358 0.00870775 0.275165 0.704248 0.0898308 0.704248 -0.7124 0.0051648 -0.701755 0.00556349 0.95857 -0.284803 0.0269346 0.998844 0.0398062 0.398593 0.80815 0.43361 0.443803 0.741432 0.503307 0.5698 0.537004 0.622057 0.635422 0.0369405 0.771281 0.502579 0.0212015 0.864271 0.0230332 0.910387 0.413115 0.0598948 0.807855 -0.58633 0.0510127 0.686271 0.725555 0.301343 0.0243738 0.953204 0.00549571 0.406195 0.91377 0.251853 0.549827 0.796405 0.384004 0.0148673 0.923212 0.00443007 -0.0781156 -0.996934 0.00440102 0.0978536 0.995191 0.11176 0.00381488 0.993728 0.00479923 -0.0790131 0.996862 0.000933319 0.256625 0.966511 0.187168 0.00300255 0.982323 0.00116754 0.932771 0.360467 6.30203e-06 0.764284 0.64488 -0.000535916 0.593541 0.804804 -0.000244482 0.409755 0.912196 0.000152662 0.290305 0.956934 0.00220808 -0.997967 -0.063693 -0.00174295 -0.989789 -0.142533 0.00300075 -0.982561 -0.185916 -0.00387549 -0.965788 -0.259306 0.00202451 -0.951394 -0.307969 -0.00165647 -0.91151 -0.411275 0.00275845 -0.897334 -0.441344 -0.00496042 -0.840015 -0.54254 0.00496037 -0.811928 -0.583737 -0.00275838 -0.738669 -0.674063 -0.00358705 -0.616975 -0.786974 0.00522023 -0.69685 -0.717198 0.00150564 -0.581899 -0.81326 -0.00595637 -0.48697 -0.873398 0 -0.458229 -0.888834 0 -0.34202 -0.939693 0.00206979 -0.330273 -0.943883 -0.00206988 -0.210355 -0.977623 0.00206972 -0.185906 -0.982565 -0.0028134 -0.0398943 -0.9992 -0.00342767 -0.0427414 -0.99908 0.00301627 0.112359 -0.993663 0 0.126251 -0.991998 0 0.282814 -0.959175 0.00446637 0.304256 -0.95258 -0.00297888 0.442835 -0.896598 0.00807178 0.49192 -0.870603 -0.00203467 0.585302 -0.810813 -0.00434636 0.707096 -0.707104 0.00639132 0.638831 -0.76932 0.000828514 0.749781 -0.661686 -0.00351826 0.80459 -0.593821 0 0.818353 -0.574716 0 0.879305 -0.476259 0.00881885 0.901246 -0.433219 -0.00197673 0.946143 -0.323743 -0.000505777 0.984164 -0.17726 0.0106563 0.972609 -0.232202 0.0025994 0.99857 -0.0533974 0 0.99742 -0.0717876 0.00899796 -0.998323 -0.0571873 0.000136043 -0.99237 -0.123296 0.00210475 -0.973816 -0.227328 0 -0.924672 -0.380763 -0.00456076 -0.964207 -0.265113 -0.00482906 -0.867733 -0.497008 -0.00660298 -0.86364 -0.504066 -4.88372e-05 -0.778074 -0.628173 -0.00416435 -0.754433 -0.656364 0.00248381 -0.680171 -0.73305 -0.00203261 -0.625261 -0.780413 0.00372497 -0.563316 -0.826233 -0.0024832 -0.510751 -0.859725 0.00131106 -0.443835 -0.896107 -0.00432028 -0.361054 -0.932535 0.00477555 -0.279608 -0.960102 -0.00221006 -0.204431 -0.978878 0.00659765 -0.119709 -0.992787 -0.000903354 -0.0271996 -0.99963 0.0028082 0.0390264 -0.999234 -0.00653208 0.145704 -0.989307 0.00215606 0.231452 -0.972844 -0.00343014 0.300734 -0.953702 0 0.433884 -0.900969 0 0.327596 -0.944818 0 0.433884 -0.900969 0 0.492785 -0.870151 0 0.492785 -0.870151 0 0.563319 -0.82624 -0.00620441 0.613653 -0.789551 0.0040571 0.691671 -0.722201 -0.00282693 0.741496 -0.670951 0.00367247 0.782484 -0.62266 -0.00372338 0.866003 -0.500024 0.00151729 0.887325 -0.461142 0 0.938476 -0.345346 -0.00346535 0.928979 -0.370115 0 0.977332 -0.21171 0.0012411 0.974927 -0.222521 0.00627667 0.998773 -0.0491272 -0.000138088 0.993555 -0.113348 -0.00378683 0.998931 0.0460635 0.00684199 0.988298 0.152382 -0.00492145 0.97058 0.24073 0.0051128 0.924958 0.380034 1.18412e-05 0.911116 0.41215 0 0.829023 0.559214 0.00222076 0.823651 0.567093 0 0.727372 0.686243 0 0.727372 0.686243 -0.00358552 0.651236 0.758867 0 0.633579 0.773678 0.00224438 0.544158 0.83898 -0.00426904 0.4971 0.867683 0.00175825 0.418837 0.90806 0.000621399 0.294755 0.955573 -0.00356196 0.358252 0.933618 -0.00263866 0.210355 0.977622 0.00129882 0.175882 0.98441 -0.00210993 0.0398945 0.999202 -0.00551024 0.0609032 0.998129 0 -0.0498458 0.998757 -0.00124115 -0.149043 0.98883 -0.00381933 -0.12625 0.991991 0.000138035 -0.257474 0.966285 -0.0062767 -0.319161 0.94768 0.0026048 -0.397594 0.917558 0.00446825 -0.555056 0.831801 -0.00504131 -0.482492 0.875886 -0.00446827 -0.65038 0.759596 0.00257703 -0.696857 0.717205 -0.00520264 -0.800108 0.599833 0.00187408 -0.820971 0.570967 -0.00174123 -0.915787 0.40166 -0.00297933 -0.913482 0.406869 0.00297522 -0.983923 0.178571 0.00473268 -0.982482 0.186299 0.000261067 -0.999063 0.0432731 -0.761733 -0.0698671 0.644113 0.779391 0.00795751 -0.626487 -0.710734 0.00032579 0.703461 -0.707388 -2.75277e-06 0.706826 -0.707107 2.75451e-07 0.707107 -0.707107 0 0.707106 -0.707107 2.72937e-07 0.707107 -0.707106 1.5703e-07 0.707107 -0.707108 -1.35355e-07 0.707106 -0.707107 1.37417e-07 0.707107 -0.707106 -1.5971e-07 0.707108 -0.707107 2.15161e-07 0.707107 -0.707108 0 0.707106 -0.707105 2.32654e-07 0.707108 0.744046 -0.0101396 -0.668051 -0.683828 0 0.729643 1 0 0 1 0 0 1 0 0 -0.999246 0.0216961 -0.0321889 1 0 0 -0.999551 0.0273867 -0.0121982 1 0 0 -0.999215 0.038974 -0.00707333 -1 0 0 -0.999929 0.00406309 -0.0112135 -1 0 0 -1 0 0 1 0 0 1 0 0 1 0 0 -1 0 0 -1 0 0 1 0 0 1 0 0 1 0 0 -0.999946 -0.00753824 -0.00711199 0.999994 -0.00116573 -0.00330805 -0.999988 -0.00401729 -0.00270985 -0.999992 -0.00359414 -0.00147671 -0.99999 -0.00450042 -0.000693904 -1 0 0 -1 0 0 -1 0 0 -1 0 0 -1 0 0 -1 0 0 -1 0 0 -1 0 0 -0.999999 -0.000405208 -0.00158954 -1 0 0 -1 0 0 -1 0 0 -1 0 0 -1 0 0 -1 0 0 -1 0 0 -1 0 0 -1 0 0 -1 0 0 -1 0 0 -1 0 0 -1 0 0 -1 0 0 1 0 0 1 0 0 1 0 0 1 0 0 1 0 0 1 0 0 0.351457 0.661996 0.661996 1 0 0 1 0 0 1 0 0 1 0 0 1 0 0 1 0 0 1 0 0 1 0 0 1 0 0 1 0 0 1 0 0 1 0 0 1 0 0 1 0 0 1 0 0 1 0 0 1 0 0 1 0 0 1 0 0 1 0 0 1 0 0 1 0 0 1 0 0 1 0 0 1 0 0 1 0 0 1 0 0 1 0 0 1 0 0 0.228289 -0.688434 0.688434 0 -1 0 0 -1 0 0 -1 0 0 -1 0 0 -1 0 8.43146e-07 -1 2.87868e-06 0 -1 0 0 -1 0 0 -1 0 0 -1 0 0 -1 0 0 -1 0 0 -1 0 0 -1 0 -0.070878 -0.995341 0.0653704 -0.00129698 0.000162804 0.999999 0 0 1 -0.178005 0.971051 0.159295 0 1 0 0 1 0 0 1 0 0 1 0 0 1 0 0 1 0 0 1 0 0 1 0 0 1 0 0 1 0 0 1 0 0 1 0 0 1 0 0 1 0 0 1 0 -0.996643 0 0.0818667 -0.842606 -0.000497966 0.53853 -0.754031 -0.011881 0.656731 -0.769086 -0.06821 0.635495 -0.80746 0.000113184 0.589923 -0.782706 0.00421138 0.622377 -0.77711 -0.000320754 0.629365 -0.746837 0.000207846 0.665008 -0.726576 -8.90434e-05 0.687087 -0.665465 0.0395398 0.745381 -0.767264 0.0518404 0.639233 0 -0.535731 0.844389 0.157898 -0.379602 0.911576 -0.117703 -0.95311 0.278796 -0.158155 -0.965103 0.208719 -0.560089 -0.0145349 0.828305 -0.0915706 -0.965502 0.243764 -0.204586 -0.857046 0.472881 -0.17615 -0.87892 0.44325 -0.454936 -0.0126868 0.890434 -0.37744 -0.0156652 0.925902 -0.311586 -0.0230167 0.949939 -0.208723 -0.0143464 0.97787 0.0383927 -0.00940207 0.999219 -0.413687 -0.00274328 0.910415 -0.68362 -0.243317 0.688085 -0.636293 -0.0233982 0.771092 -0.600204 -0.553998 0.576923 -0.57871 -0.586879 0.566276 -0.336594 -0.879649 0.336039 -0.562646 -0.564973 0.603518 -0.476461 -0.87918 0.00531643 -0.190272 -0.98172 0.00467211 -0.601557 -0.798568 0.0204373 -0.618512 -0.78547 0.0219197 -0.748991 -0.662374 0.0165262 -0.98552 -0.168127 0.0220023 -0.939912 -0.00699696 0.341345 -0.866025 -0.499914 0.00929339 -0.99488 -0.0173001 0.0995765 -0.0693845 -0.995549 0.0637809 -0.601577 -0.773579 0.199199 -0.213195 -0.958983 0.186816 -0.969366 -0.0210155 0.244719 -0.751043 -0.532727 0.390046 -0.901313 -0.0556481 0.429579 -0.927462 -0.166533 -0.334785 -0.00182555 -0.999998 -0.000856106 -0.994178 -0.107748 0 -0.00370252 -0.999983 -0.00445935 -0.535801 0.84314 -0.0450859 -0.628976 0.777316 -0.012987 -0.212284 0.976748 -0.0299668 -0.532472 0.845942 -0.0292588 -0.596728 0.802153 -0.0215861 -0.817992 0.575177 -0.00781224 -0.28405 0.943626 -0.169959 -0.926095 0.377182 -0.00904598 -0.967812 0.243702 -0.0628442 -0.938144 0.346052 -0.0115796 -0.436899 0.851067 -0.29121 -0.724378 0.636104 -0.265798 -0.625588 0.721488 -0.296807 -0.437665 0.790617 -0.428223 -0.738886 0.625386 -0.250879 -0.390996 0.740543 -0.546552 -0.592319 0.578412 -0.56089 -0.567238 0.582337 -0.582344 -0.47667 0.51453 -0.712773 -0.851753 0.391935 -0.347712 -0.974918 0.102981 -0.197305 -0.604009 0.355427 -0.713334 -0.593518 0.356404 -0.721604 -0.992919 0.110075 -0.0446744 -0.368309 0.262933 -0.891748 -0.858334 0.203696 -0.470925 -0.493495 0.109806 -0.862789 -0.555041 0.0863269 -0.827331 -0.3561 -0.0372793 -0.933704 -0.726245 0.0813697 -0.682603 -0.489518 -0.183428 -0.852482 -0.901697 -0.122964 -0.414514 -0.615298 -0.214071 -0.758671 -0.488668 -0.298402 -0.819853 -0.991193 -0.121111 -0.0535644 -0.393762 -0.447637 -0.802853 -0.561424 -0.475071 -0.677577 -0.939749 -0.0460103 -0.338756 -0.383253 -0.569869 -0.726888 -0.642922 -0.444726 -0.623595 -0.208238 -0.722479 -0.659288 -0.536259 -0.710558 -0.455558 -0.998507 -0.0250825 -0.0485339 -0.545071 -0.704269 -0.454866 -0.613002 -0.661773 -0.431607 -0.761298 -0.505578 -0.405976 -0.982564 -0.147494 -0.113198 -0.433325 -0.821488 -0.370657 -0.52757 -0.820454 -0.220285 -0.524028 -0.822196 -0.222234 -0.413911 -0.901023 -0.12975 -0.439705 -0.89796 -0.0180958 -0.45565 -0.890021 -0.0156934 -0.4785 -0.877966 -0.0145859 -0.850537 -0.502242 -0.156011 -0.820181 -0.569109 -0.058464 -0.839132 -0.543588 -0.0192337 -0.893577 -0.44819 -0.0254054 -0.929203 -0.367858 -0.0355379 0.999554 -0.0293921 -0.00525342 -0.0817088 0.996656 0 -0.997124 0.0757873 0 -0.0903657 0.993819 0.0644869 0.999977 0.00675142 0.00116261 -0.354034 0.885281 0.301558 -0.483886 0.87508 0.00946931 -0.778284 0.438351 0.44958 -0.337012 0.941402 0.0135958 -0.955353 0.0276921 -0.294167 -0.847587 0.0261474 0.530011 -0.526686 0.849913 0.0158155 -0.986838 0.161586 -0.00640906 -0.817426 0.574779 0.0379905 -0.984978 0.15351 0.0790799 -0.914633 0.0387474 0.402425 -0.998442 0.0520115 0.0202167 -0.718103 0.00944677 0.695872 -0.676732 0.161688 0.718256 -0.502525 0.698761 0.509118 -0.500993 0.703168 0.50454 -0.529671 0.701776 0.476403 -0.425771 0.817448 0.387941 -0.0121511 0.994818 0.100939 -0.0910297 0.817102 0.569261 -0.295679 0.0188872 0.955101 -0.208685 0.0239165 0.97769 -0.146956 0.975437 0.164094 -0.30925 0.0246603 0.950661 -0.331512 0.637201 0.695755 -0.407554 0.0330651 0.912583 -0.513656 0.0183591 0.8578 -0.641603 0.00956571 0.766977 -0.110156 0.957763 0.265623 -0.00120258 0.576757 0.816915 -0.103888 0.0538349 0.993131 0.0372096 0.979694 -0.197013 0.000778698 0.9154 -0.402545 0.00889245 0.650144 -0.759759 0.0197102 0.705274 -0.708661 -0.00159505 0.411134 -0.911573 0.0209377 0.0708689 -0.997266 -0.00736525 -0.0693365 -0.997566 -0.00992345 -0.496917 -0.867742 0.00952431 -0.333531 -0.942691 0.000532703 -0.684971 -0.72857 -0.00948177 -0.875457 -0.483204 0.0096307 -0.919039 -0.39405 -0.00493474 -0.998966 -0.0451922 0.0304491 -0.970698 0.238365 -0.0084165 -0.861481 0.507721 0.0311328 -0.644064 0.764338 -0.0135817 -0.435492 0.90009 0.00768478 -0.0271792 0.999601 -0.0108115 0.108311 0.994058 0.0142087 0.451787 0.892013 -0.000588164 0.53587 0.844301 0.00131887 0.82741 0.561596 0.0111275 0.861601 0.507463 -0.0129538 0.995466 0.094232 -1 0 0 -1 0 0 -1 0 0 -1 0 0 -1 0 0 -1 0 0 -1 0 0 -1 0 0 -1 0 0 -1 0 0 -1 0 0 -1 0 0 -1 0 0 -1 0 0 -1 0 0 -1 0 0 -1 0 0 -1 0 0 -1 0 0 -1 0 0 -1 0 0 -1 0 0 -1 0 0 0.373036 -0.251825 -0.892989 -0.0759995 -0.883745 -0.461757 0.0756833 -0.941584 -0.328164 -0.106584 -0.993241 0.0459539 -0.00485654 -0.935246 0.353966 -0.0294697 -0.849317 0.527059 0.00999537 -0.785386 0.618925 -0.00117114 -0.519491 0.854475 0.0157215 -0.423317 0.905845 -0.00447215 -0.225763 0.974172 0.00273692 -0.0804471 0.996755 -0.0119321 0.0754603 0.997077 0.0011773 0.199237 0.979951 -0.0104169 0.496482 0.867984 -0.00710949 0.483719 0.875195 0.0126164 0.766324 0.64233 -0.0046322 0.805278 0.59288 0.00304199 0.950627 0.310321 -0.0215501 0.979608 0.199761 0.0148225 0.998894 -0.0446294 -0.0961624 0.931591 -0.350558 0.0327447 0.8506 -0.524793 -0.495275 0.298726 -0.81576 -0.0144518 0.959968 -0.279736 0.00641204 0.921539 -0.388232 -0.0108861 0.527636 -0.849401 -0.000199069 0.489405 -0.872057 0.000226196 0.109933 -0.993939 0 0.108806 -0.994063 -0.00237502 -0.347869 -0.93754 0 -0.307715 -0.951479 0.00123534 -0.480056 -0.877237 -0.000517092 -0.508972 -0.860783 0.00751596 -0.789597 -0.61358 0.0143747 -0.811481 -0.584201 -0.00426238 -0.966403 -0.256998 0.0563696 -0.99269 0.106715 0.0242068 -0.965415 0.25959 0.000155209 -0.799129 0.60116 0.0289444 -0.607194 0.794026 0.0146141 -0.535722 0.844268 0.000717566 -0.28574 0.958307 0.0112532 0.0421152 0.999049 -0.000248126 0.103686 0.99461 0.00233362 0.645164 0.764041 0.0257366 0.589031 0.8077 -0.00912914 0.973171 0.229901 0.00725632 0.991449 0.130294 -1 0 0 -1 0 0 -1 0 0 -1 0 0 -1 0 0 -1 0 0 -1 0 0 -1 0 0 -1 0 0 -1 0 0 -1 0 0 -1 0 0 -1 0 0 -1 0 0 -1 0 0 -1 0 0 -1 0 0 -1 0 0 -1 0 0 -1 0 0 -1 0 0 -1 0 0 -1 0 0 -0.768992 -0.280192 -0.574581 0.0297635 -0.849854 -0.526177 -0.11834 -0.966622 -0.22724 -0.00418597 -0.999596 -0.0281298 0.000883952 -0.952688 0.303949 -0.0122465 -0.927538 0.373527 0.0144121 -0.79472 0.606805 -0.000446785 -0.749582 0.661911 -0.00352625 -0.495684 0.868496 0.00350109 -0.543682 0.839284 -0.00875428 -0.178417 0.983916 0.00179156 -0.320105 0.94738 0.000891965 -0.0961314 0.995368 -0.00971095 0.144012 -0.989528 -0.0131505 0.176856 0.984149 0.000262615 0.268624 0.963245 -0.021088 0.589242 0.807682 -0.0030257 0.521851 0.853031 0.00465801 0.800895 0.598787 -0.0129299 0.871897 0.489518 0.00207158 0.912187 0.409769 0.00466095 0.85582 0.517252 -0.117156 0.991418 -0.058004 -0.220413 0.967988 0.120071 -0.885524 -0.393842 -0.246448 -0.246156 0.830689 -0.499363 0.486437 0.115525 -0.866045 1 0 0 1 0 0 1 0 0 1 0 0 1 0 0 1 0 0 1 0 0 1 0 0 1 0 0 1 0 0 1 0 0 1 0 0 1 4.45018e-06 0.00010328 1 0 0 1 0 0 1 -7.78173e-05 4.39131e-06 1 0 0 1 0 0 1 0 0 1 0 0 1 0 0 1 0 0 1 0 0 1 0 0 1 -5.89502e-05 -8.38188e-06 1 0 0 0.992111 -0.0330677 0.120921 0.980406 -0.177542 0.0853423 1 0 0 0.980242 -0.191859 0.048131 0.979634 -0.195303 0.046627 0.980648 -0.195275 0.0140546 0.982283 -0.187397 0.00141583 0.951855 -0.264075 -0.15568 1 0 0 1 0 0 1 0 0 1 0 0 0.0525626 0 -0.998618 0.0952851 -0.000689344 -0.99545 0.158854 0.000267827 -0.987302 0.251446 -0.000926915 -0.967871 0.313681 0.000563897 -0.949528 0.395252 -0.000238243 -0.918573 0.475385 0.000784956 -0.879778 0.517086 -0.00015288 -0.855933 0.610241 0.000365249 -0.792216 0.637271 -0.00070681 -0.77064 0.731715 0.000188153 -0.68161 0.750042 -0.000188152 -0.66139 0.831863 0.000737355 -0.55498 0.844837 0 -0.535024 0.916131 0 -0.40088 0.921456 0.000479696 -0.388481 0.966629 -0.000163019 -0.25618 0.991085 0 -0.133233 0.969174 0 -0.246376 0.991085 0 -0.133233 0.998618 0 -0.052563 0.998618 0 -0.052563 0.668761 -0.742781 0.0321726 0.711418 -0.697407 -0.0866484 0.648937 -0.716712 -0.255354 0.773617 -0.603476 -0.193218 0.462976 -0.854653 -0.234991 0.713551 -0.605083 -0.353158 0.453687 -0.643097 -0.616923 0.585581 -0.600764 -0.544222 0.543129 -0.633465 -0.55112 0.283093 -0.710804 -0.643906 0.683761 -0.456258 -0.569474 0.674627 -0.377016 -0.634616 0.701572 -0.257289 -0.66453 0.614136 -0.357322 -0.703674 0.730302 -0.309295 -0.609094 0.392735 -0.176731 -0.90251 0.696413 -0.146708 -0.702486 0.663758 -0.0203439 -0.747671 0.653155 -0.0792237 -0.753069 0.581819 -0.0850924 -0.808854 0.695352 0.104715 -0.711 0.648279 0.15714 -0.745011 0.644879 0.157734 -0.747831 0.622265 0.170761 -0.763955 0.719957 0.208716 -0.661891 0.689231 0.314367 -0.65279 0.676785 0.335853 -0.655106 0.722073 0.315614 -0.615628 0.697082 0.353323 -0.623891 0.554102 0.524153 -0.646711 0.711861 0.430989 -0.554528 0.642766 0.516314 -0.565925 0.664253 0.503808 -0.552218 0.703334 0.527101 -0.476954 0.618166 0.680725 -0.393046 0.639593 0.657482 -0.398293 0.584994 0.703802 -0.403045 0.647942 0.651474 -0.394654 0.715801 0.648714 -0.258454 0.638414 0.750396 -0.171273 0.745197 0.650118 -0.148418 0.548146 0.835054 -0.0471229 0.638469 0.750343 -0.171298 0.696948 0.7125 -0.0812841 0.685542 0.72726 0.033536 0.560196 0.820026 0.11721 0.771487 0.629844 0.0900266 0.678315 0.713163 0.176884 0.522081 0.796648 0.304604 0.673207 0.673729 0.304766 0.610883 0.698012 0.373632 0.738952 0.594012 0.317963 0.711918 0.578421 0.398249 0.677566 0.534955 0.504705 0.635086 0.502183 0.586923 0.661679 0.47505 0.580094 0.615115 0.523981 0.589133 0.589792 0.536686 0.603418 0.697623 0.356158 0.62167 0.434865 0.322606 0.840724 0.529447 0.275679 0.802301 0.674165 0.240011 0.698496 0.637612 0.162049 0.753121 0.446234 0.227834 0.865429 0.661203 0.0299292 0.74961 0.519127 -0.0798207 0.850961 0.585344 -0.102362 0.804297 0.7876 -0.0575461 0.613493 0.709197 -0.225017 0.668137 0.565817 -0.209496 0.797472 0.528495 -0.40961 0.743581 0.7732 -0.323617 0.545375 0.59998 -0.408252 0.688007 0.640161 -0.461193 0.614406 0.688859 -0.471462 0.550633 0.61023 -0.633874 0.475209 0.575089 -0.66295 0.479344 0.778949 -0.523424 0.345349 0.716021 -0.639292 0.280391 0.711654 -0.690231 0.130883 0.682319 -0.709082 0.177885 0.692407 -0.721486 0.00545104 -1 0 0 -1 0 0 -1 0 0 -1 0 0 -1 0 0 -1 0 0 -1 0 0 -1 0 0 -1 0 0 -1 0 0 -1 0 0 -1 0 0 -1 0 0 -1 0 0 -1 0 0 -1 0 0 -1 0 0 -1 0 0 -1 0 0 -1 0 0 -1 0 0 -1 0 0 -1 0 0 -1 0 0 -1 0 0 -1 0 0 -1 0 0 -1 0 0 -1 0 0 -1 0 0 -1 0 0 -1 0 0 -1 0 0 -1 0 0 -1 0 0 -1 0 0 -1 0 0 -1 0 0 -1 0 0 -1 0 0 -1 0 0 -1 0 0 -1 0 0 -1 0 0 -1 0 0 -1 0 0 -1 0 0 -1 0 0 -1 0 0 -1 0 0 -1 0 0 -0.790632 -0.593047 0.152304 -0.945401 -0.324779 0.0271311 -0.849693 -0.527093 -0.0139241 -0.450282 -0.793467 -0.409459 -0.387949 -0.841288 -0.376469 -0.273723 -0.848105 -0.453644 -0.354909 -0.892558 -0.278173 -0.813613 -0.392032 -0.429354 -0.866339 -0.34798 -0.358282 -0.371394 -0.318454 -0.872155 -0.350668 -0.353494 -0.867222 -0.538216 -0.229974 -0.810824 -0.20394 -0.0948936 -0.974374 -0.209284 -0.118674 -0.970627 -0.92023 0.117443 -0.373342 -0.331062 0.398744 -0.85522 -0.589932 0.151616 -0.793091 -0.889976 0.293605 -0.348911 -0.972143 0.186709 -0.141695 -0.948657 0.239135 -0.207039 -0.765141 0.585 -0.268948 -0.890345 -0.0124873 0.455116 -0.444658 0.885641 -0.133865 -0.24458 0.969602 -0.0072018 -0.23094 0.953889 0.191736 -0.511903 0.771668 0.377471 -0.642359 0.710686 0.286881 -0.382959 0.757985 0.528016 -0.342213 0.658372 0.6704 -0.234872 0.74461 0.624813 -0.965627 0.130734 0.224662 -0.956199 0.138953 0.257633 -0.866969 0.145543 0.476636 -0.868528 0.0212031 0.495187 -0.973056 -0.037653 0.227474 -0.944327 -0.0801436 0.319097 -0.772536 -0.328493 0.543397 -0.935068 -0.253636 0.247623 -0.96751 -0.194649 0.16136 -0.871306 -0.427518 0.240944 0.0177876 -0.956044 0.292683 -0.0339044 -0.968012 0.248601 0.0221233 -0.99595 0.0871404 -0.0414556 -0.998792 -0.0263848 0.0281972 -0.990752 -0.132726 -0.0423047 -0.955793 -0.290981 0.055634 -0.7785 -0.625174 -0.017046 -0.696617 -0.717241 0.0479438 -0.5719 -0.818921 0.128546 0.174369 -0.976254 -0.0512715 0.437788 -0.897615 0.0206004 0.580444 -0.814039 -0.026672 0.643631 -0.764871 0.0279033 0.734206 -0.678353 -0.0262102 0.796308 -0.604323 0.0426842 0.876183 -0.480085 -0.0183357 0.908427 -0.417641 0.0404649 0.97026 -0.238661 0.0556989 0.539955 0.839849 -0.00143407 0.474701 0.880146 0.00786857 0.338209 0.941038 -0.0284477 0.291924 0.956019 0.0106999 0.155712 0.987745 -0.066652 0.042684 0.996863 0.0208853 -0.0581547 0.998089 -0.0489045 -0.243301 0.968717 0.00998619 -0.297378 0.954708 -0.0271638 -0.515281 0.856591 -0.0298244 -0.517105 0.855402 0 -0.715538 0.698573 0.0243759 -0.700724 0.713016 0 -0.87117 0.490981 -0.022033 -0.86221 0.506071 0.940841 -0.292228 0.171522 0.913436 -0.358126 0.193339 0.573613 -0.574152 0.584224 0.89875 -0.226959 0.37515 0.896117 -0.228775 0.380311 0.740414 -0.199893 0.64174 0.925348 -0.0220523 0.378476 0.909548 -0.0310584 0.414436 0.745299 0.103824 0.658598 0.854124 0.175898 0.489421 0.958956 0.145954 0.243107 0.413119 0.609114 0.676988 0.374638 0.649648 0.661516 0.428768 0.741287 0.516383 0.67696 0.682511 0.275508 0.71391 0.656646 0.243204 0.502728 0.847494 0.17035 0.287428 0.957776 -0.00711396 0.315293 0.940977 -0.123097 0.884263 0.450736 -0.122136 0.537543 0.739503 -0.405195 0.862305 0.384237 -0.329837 0.805787 0.43497 -0.401881 0.719919 0.402948 -0.565111 0.905245 0.184128 -0.382921 0.239078 0.2703 -0.93262 0.150707 0.176922 -0.972618 0.716028 -0.0668915 -0.694859 0.418819 -0.202116 -0.885291 0.34182 -0.354727 -0.870246 0.400522 -0.403282 -0.822767 0.971969 -0.151608 -0.179698 0.318221 -0.804577 -0.501389 0.282357 -0.845902 -0.452466 0.281166 -0.845426 -0.454092 0.971754 -0.234223 -0.0288821 0.97416 -0.223857 -0.029989 0.897556 -0.439222 0.0384297 0.787073 -0.589839 0.180573 1 0 0 1 0 0 1 0 0 1 0 0 1 0 0 1 0 0 1 0 0 1 0 0 1 0 0 1 0 0 1 0 0 1 0 0 1 0 0 1 0 0 1 0 0 -0.459201 -0.869954 0.17976 -0.793782 -0.602996 0.0794102 -0.432849 -0.901372 0.013085 -0.835171 -0.540627 -0.101055 0.166433 -0.976162 -0.139313 -0.997559 -0.059223 0.0369877 0.230442 -0.925571 -0.300359 -0.0941634 -0.900798 -0.423906 -0.841758 -0.450417 -0.297605 -0.700828 -0.579261 -0.416288 -0.82287 -0.455041 -0.340326 -0.652216 -0.353171 -0.670734 -0.90527 -0.19651 -0.376656 -0.182883 -0.108 -0.977185 -0.858348 0.0256756 -0.512425 -0.887986 0.0304209 -0.458863 -0.989184 0.0235242 -0.144784 -0.953267 -0.033046 -0.300316 0.427337 0.431222 -0.794626 -0.162433 0.697474 -0.697958 -0.675119 0.565309 -0.473963 -0.155296 0.805339 -0.572113 0.757545 0.492943 -0.427941 -0.832773 0.531596 -0.154583 -0.989913 0.139904 0.0223459 -0.500858 0.832553 -0.236637 -0.702746 0.699005 0.132439 -0.993584 0.113082 0.00194096 -0.940383 0.328791 0.0870453 -0.650564 0.670988 0.355728 -0.230089 0.78055 0.581206 -0.0487381 0.682483 0.729275 -0.442453 0.493278 0.748941 -0.776887 0.254055 0.57611 -0.979591 0.0262794 0.199274 -0.85505 0.182976 0.48519 -0.711714 -0.0464772 0.70093 -0.233443 -0.134973 0.962957 -0.983588 0.00534007 0.180348 0.0855728 -0.421686 0.902695 -0.992427 -0.00267019 0.12281 -0.98103 0.0113986 0.19352 0.39637 -0.499765 0.770147 0.303912 -0.644878 0.701263 -0.0515074 -0.763995 0.643164 0.800964 -0.457598 0.386083 -0.63055 -0.641942 0.436253 0.00400696 -0.956188 0.292727 -0.00402786 -0.979304 0.202355 0.00267475 -0.991448 0.130473 -0.00267476 -0.999891 0.0145152 0.00190968 -0.999373 -0.0353436 -0.00297751 -0.989965 -0.141283 0.00332193 -0.981691 -0.190453 -0.00229222 -0.951168 -0.308666 0.00229226 -0.9346 -0.355694 -0.00121017 -0.904818 -0.425798 0.00361394 -0.865921 -0.500167 -0.00190972 -0.834326 -0.551267 0.00190963 -0.785668 -0.618646 -0.00667048 -0.724541 -0.689199 0.00258052 -0.664252 -0.747504 -0.00252872 -0.566886 -0.823793 0.00310772 -0.529531 -0.848285 -0.00388678 -0.394567 -0.918859 0.00724656 -0.339415 -0.940609 0.00174787 -0.170742 -0.985314 0.00264363 -0.145044 -0.989422 -0.00143291 -0.109852 -0.993947 0.00243683 0.0583387 -0.998294 0.00391347 0.0500429 -0.998739 -0.000360369 0.197851 -0.980232 0.010454 0.272864 -0.961996 -0.00459505 0.457501 -0.889197 -0.00557001 0.453518 -0.89123 0.00869105 0.663841 -0.747823 0.00285339 0.630138 -0.776478 -0.00188928 0.706861 -0.70735 0.00297937 0.741238 -0.671236 -0.00245624 0.815227 -0.579137 -3.16412e-05 0.8336 -0.552369 -0.00364705 0.896423 -0.443186 0.0155449 0.839293 -0.543458 -0.00156154 0.938866 -0.344278 0.00229222 0.952467 -0.304632 -0.00259462 0.979415 -0.201838 0.00756627 0.991348 -0.131042 0.00175762 0.998939 0.0460188 0.00609559 0.996975 0.0774817 -0.00657246 0.974824 0.222877 0.00256879 0.957852 0.287251 -0.00256535 0.902703 0.430257 0.00473589 0.878647 0.477448 -0.00261618 0.802067 0.597228 0.00359663 0.768545 0.639786 -0.00567416 0.683284 0.730131 0.00332199 0.629598 0.776914 -0.00121015 0.550047 0.835133 0.00456091 0.463508 0.886081 -0.00270579 0.403491 0.91498 0.00606402 0.283935 0.958824 0.000503434 0.247976 0.968766 0 0.00806829 0.999967 0.00824494 0.0564586 0.998371 0 -0.138808 0.990319 0 -0.138808 0.990319 0 -0.196704 0.980463 0.00768372 -0.284849 0.958542 -0.000385172 -0.432184 0.901785 0.00279554 -0.453787 0.891106 -0.0020025 -0.544352 0.838855 0.00343693 -0.585486 0.810675 -0.00199101 -0.676894 0.736078 0.00070083 -0.70762 0.706593 -0.0028197 -0.76668 0.642023 0.00178339 -0.790837 0.612024 0.00370034 -0.871479 0.490418 -0.0011835 -0.883934 0.467609 0.00107975 -0.94698 0.32129 0.941252 0.307994 0.138505 0.982709 0.122112 0.139181 1 0 0 0.953502 0.242684 0.178711 0.927086 0.247435 0.281579 0.984834 0.162098 0.0618487 1 0 0 1 0 0 1 0 0 0.996254 0.0438214 0.0745449 1 0 0 0.994735 0.036045 0.0959344 0.998846 0.038495 0.0287151 1 0 0 1 0 0 0.993914 0.0631595 -0.0902526 0.962631 0.219919 -0.158045 1 0 0 0.934448 -0.191 0.300543 1 0 0 0.982078 0.133555 -0.132989 0.948037 -0.0495313 0.31428 0.985883 0.0934015 -0.138964 0.940404 -0.0722299 0.332301 0.952989 -0.10442 0.284446 0.962808 0.0709326 -0.260708 0.937556 0.140556 -0.31817 0.953185 0.0728041 -0.293493 0.943096 -0.152431 0.295524 0.95187 -0.160877 0.260889 0.951543 -0.201081 0.232664 0.949306 0.0272769 -0.313168 0.97594 -0.0100349 0.21781 0.974954 0.0881229 -0.204202 1 0 0 1 0 0 1 0 0 1 0 0 1 0 0 1 0 0 1 0 0 1 0 0 1 0 0 1 0 0 1 0 0 1 0 0 1 0 0 1 0 0 1 0 0 1 0 0 0.986195 -0.0818966 -0.143919 1 0 0 0.933778 -0.34345 -0.100505 0.947539 -0.289337 -0.135846 0.952539 -0.2994 -0.0550436 -0.000844737 0.959628 -0.281273 0.00291221 0.975551 -0.219753 -0.000570433 0.990009 -0.141005 0.0024607 0.998599 -0.0528577 0 0.99996 -0.00895497 0 0.99089 0.134673 0 0.99089 0.134673 0 0.95975 0.280856 0.00438282 0.943762 0.330596 -0.000372651 0.905195 0.424997 0.00309976 0.85216 0.523272 -0.00137907 0.812328 0.583199 0.000310566 0.764673 0.644418 0.000448715 0.668382 0.743818 -0.00252823 0.717593 0.696459 0.00190967 0.563156 0.826349 -0.000649421 0.600301 0.799774 -0.000564624 0.478385 0.87815 0.00347139 0.395026 0.918663 -0.000262765 0.341835 0.93976 0 0.225461 0.974252 0.00196209 0.204199 0.978927 0 0.0615679 0.998103 0 0.0615679 0.998103 0 -0.0867714 0.996228 0.00104307 -0.0979089 0.995195 -0.00031074 -0.240764 0.970584 0.0016202 -0.269347 0.963042 -0.00105531 -0.40409 0.914719 0.00156729 -0.444284 0.895885 -0.00251796 -0.557833 0.829949 0 -0.582484 0.812842 0 -0.708608 0.705603 0 -0.708608 0.705603 0 -0.812053 0.583583 0 -0.812053 0.583583 0 -0.887036 0.461701 0 -0.887036 0.461701 0 -0.944123 0.329592 -0.00246072 -0.957683 0.287814 0 -0.975895 0.21824 -0.00188946 -0.98645 0.164052 0 -0.993482 0.113987 0 -0.999998 -0.00210728 -0.00137907 -0.999705 -0.0242607 0.000310582 -0.994816 -0.101688 -0.000689265 -0.971251 -0.238059 -0.00347667 -0.980933 -0.194314 0.00014343 -0.930802 -0.365525 -0.00346715 -0.912019 -0.410134 0.00170483 -0.852183 -0.523242 -0.00325812 -0.805223 -0.592963 0.000827836 -0.753856 -0.657039 -0.00248076 -0.660094 -0.751179 0 -0.634772 -0.772699 0 -0.526698 -0.850052 -0.00173734 -0.506775 -0.862077 0.000931481 -0.378813 -0.925473 -0.000698436 -0.351719 -0.936105 0.00105499 -0.23016 -0.973152 0.00186016 -0.220455 -0.975395 0.00199701 -0.0553224 -0.998467 -0.000448741 -0.111232 -0.993794 0 0.015966 -0.999873 0.0018624 0.0823761 -0.9966 -0.00227467 0.15568 -0.987805 0.000324692 0.246611 -0.969114 0.000919949 0.399076 -0.916917 -0.00382276 0.344611 -0.938738 -0.000406214 0.524879 -0.851177 0.000976851 0.541243 -0.840866 -0.000776189 0.653888 -0.756591 0 0.663274 -0.748377 0 0.759349 -0.650684 -0.000931238 0.767405 -0.641162 0.000931263 0.854394 -0.519625 0 0.847847 -0.530241 0 0.917405 -0.397954 0.00196413 0.906618 -0.421948 0.32997 -0.834427 0.44142 0.326097 -0.844096 0.425632 0.208256 -0.889468 0.406788 0.429668 -0.821183 0.375558 0.330834 -0.746305 0.577561 0.495227 -0.614755 0.613862 0.0938582 -0.714166 0.693655 0.252148 -0.566572 0.784486 0.378526 -0.688386 0.618743 0.322671 -0.429516 0.843445 0.329409 -0.432827 0.839137 0.318609 -0.270012 0.908615 0.448585 -0.124058 0.885088 0.315405 0.0535786 0.947443 0.314212 -0.201646 0.927691 -0.185075 0.0972871 0.977897 0.476 0.152414 0.866138 0.451243 0.318436 0.833654 0.273219 0.273137 0.92236 0.358383 0.432723 0.827231 0.283392 0.415912 0.864122 0.323684 0.595708 0.735093 0.418079 0.631891 0.652628 0.288798 0.735802 0.612529 0.395171 0.807141 0.438592 0.310136 0.849853 0.426105 0.565358 0.756615 0.328488 0.270496 0.922147 0.276544 0.461206 0.880171 0.112195 0.0323934 0.991453 0.12638 0.33991 0.937631 0.0728697 0.275568 0.952992 -0.125972 0.494102 0.864021 -0.0965977 0.294951 0.910097 -0.29108 0.423204 0.882964 -0.203156 0.229157 0.948604 -0.218259 0.275855 0.861646 -0.425992 0.440303 0.767139 -0.46651 0.393038 0.785657 -0.477771 0.333435 0.785895 -0.520759 0.69301 0.569957 -0.44146 0.25647 0.716448 -0.648787 0.347579 0.639324 -0.685897 0.295479 0.602004 -0.741811 0.362703 0.422642 -0.830554 0.414639 0.377965 -0.827778 0.233942 0.265307 -0.935352 0.507226 0.010173 -0.861753 0.31644 0.0497615 -0.947306 0.329253 0.055086 -0.942634 0.330603 -0.136889 -0.93379 0.563797 -0.262276 -0.783163 -0.0535657 -0.317102 -0.946877 0.505003 -0.292963 -0.811877 0.592392 -0.398503 -0.70019 0.283415 -0.507822 -0.813507 0.394952 -0.610251 -0.686736 -0.174096 -0.763466 -0.621941 0.436259 -0.706962 -0.556672 0.559057 -0.603439 -0.568609 0.323563 -0.819346 -0.473265 0.364263 -0.887044 -0.283664 0.486728 -0.816425 -0.310719 0.316037 -0.931381 -0.180692 0.336829 -0.89539 -0.291243 0.424765 -0.904738 -0.0319967 0.668038 -0.737766 0.0970887 0.0575773 -0.998194 0.0171367 0.326991 -0.94121 0.0848625 0.37404 -0.927276 0.0159192 0.237418 -0.928855 0.284359 -1 0 0 -1 0 0 -1 0 0 -1 0 0 -1 0 0 -1 0 0 -1 0 0 -1 0 0 -1 0 0 -1 0 0 -1 0 0 1 0 0 1 0 0 1 0 0 1 0 0 1 0 0 1 0 0 1 0 0 1 0 0 1 0 0 1 0 0 1 0 0 1 0 0 1 0 0 1 0 0 1 0 0 1 0 0 1 0 0 1 0 0 1 0 0 0 0.866107 -0.499858 0 0.866107 -0.499858 0 0.000166472 -1 0 0.000166472 -1 0 -0.865943 -0.500143 0 -0.865943 -0.500143 0 -0.866107 0.499858 0 -0.866107 0.499858 0 -0.000166472 1 0 -0.000166472 1 0 0.865943 0.500143 0 0.865943 0.500143 -1 0 0 -1 0 0 -1 0 0 -1 0 0 -0.00096664 -0.995683 0.0928154 -0.00346467 -0.999217 0.0394087 0.000642206 -0.874606 0.484833 0.00580131 -0.902773 0.430078 -0.00117408 -0.640219 0.768192 0.00108061 -0.59618 0.80285 0.00322424 -0.230764 0.973005 -0.00264825 -0.332448 0.943118 -0.000987868 0.0675648 0.997714 0.00251325 0.17885 0.983873 -0.00379466 0.382851 0.923802 0.00171033 0.51949 0.854475 -0.00297672 0.749833 0.661621 0.00546122 0.840904 0.541157 -0.0054068 0.979992 0.198964 0.00439972 0.999093 0.0423592 0.00576085 0.862296 -0.506372 -0.00579252 0.944412 -0.328713 -0.00190935 0.651783 -0.758403 0.00430894 0.515384 -0.856948 -0.0080722 0.242316 -0.970164 0.00203061 0.0631397 -0.998003 -0.00325997 -0.310088 -0.950702 0 -0.359517 -0.933138 0 -0.696229 -0.71782 0.00459436 -0.748719 -0.662872 -0.00276891 -0.922247 -0.386592 0.00221251 -0.957811 -0.287391 0.270723 -0.868164 0.415932 0.494548 -0.66999 0.553657 0.254663 -0.556468 0.790879 0.120933 -0.190718 0.974167 0.279009 0.263642 0.923389 0.464437 0.431667 0.77328 0.208427 0.700232 0.682812 0.19581 0.935918 0.292773 0.385607 0.919155 -0.0803856 0.534707 0.807815 -0.248039 0.585259 0.765251 -0.268073 0.0577125 0.485235 -0.872477 0.167162 0.103259 -0.980507 0.298684 -0.0274231 -0.953958 0.100685 -0.372482 -0.922561 0.0948356 -0.755656 -0.648067 0.201245 -0.85744 -0.473601 0.221675 -0.834194 -0.504956 0.092206 -0.995597 0.0169026 -0.180211 -0.956369 -0.229964 -0.775294 -0.0429793 -0.630137 -0.369914 -0.679605 -0.633483 -0.106123 -0.372271 -0.922037 -0.0676175 0.0337828 -0.997139 -0.378312 0.39613 -0.836637 -0.17718 0.559071 -0.809967 -0.176991 0.847888 -0.49976 -0.440076 0.894546 -0.0782335 -0.298847 0.928708 -0.219528 -0.0491839 0.953238 0.298191 -0.527506 0.314234 0.7893 -0.115335 0.711178 0.693486 -0.452793 0.244789 0.857355 -0.26284 -0.185373 0.946864 -0.310171 -0.54706 0.777508 -0.603323 -0.719216 0.344572 -0.454961 -0.733367 0.505157 -0.165677 -0.986038 0.0167403 0.997875 -0.0648696 0.006047 0.997408 -0.0629323 0.0348862 0.997406 -0.0429152 0.057792 0.997384 -0.0166812 0.0703356 0.997612 0.0123521 0.0679504 0.997882 0.0337965 0.0555896 0.998072 0.0521932 0.0335885 0.99837 0.0570153 0.00241731 0.998599 0.0456363 -0.0267993 0.998667 0.0266018 -0.0442318 0.998659 0.00326927 -0.0516749 0.998567 -0.0192381 -0.049933 0.998294 -0.0437126 -0.0387006 0.998076 -0.0593834 -0.017818 0 0 -1 0 0 -1 0 0 -1 0 0 -1 0 0 -1 0 0 -1 0 0 -1 0 0 -1 0 0 -1 0 0 -1 0 0 -1 0 0 -1 0 0 -1 0 0 1 0 0 1 0 0 1 0 0 1 0 0 1 0 0 1 0 0 1 0 0 1 0 0 1 0 0 1 0 0 1 0 0 1 0 0 1 0 0 1 0 0 1 0 0 1 0 0 1 0 0 1 0 0 1 0 0 1 0 0 1 0 0 1 0 0 1 0 0 1 0 0 1 0 0 1 0 0 1 0 0 1 0 0 1 0 0 1 0 0 1 0 0 1 0 0 1 0 0 1 0 0 1 0 0 1 0 0 1 0 0 1 0 0 1 0 0 1 0 0 1 0 0 1 0 0 1 0 0 1 0 0 1 0 0 1 0 0 1 0 0 1 0 0 1 0 0 1 0 0 1 0 0 1 0 0 1 0 0 1 0 0 1 0 0 1 0 0 1 0 0 1 0 0 1 0 0 1 0.184424 -0.970107 -0.157734 0.576398 -0.817169 0 0.576398 -0.817169 0 -0.41949 -0.90776 0 -0.41949 -0.90776 0 -0.995888 -0.0905911 0 -0.995888 -0.0905911 0 -0.576398 0.817169 0 -0.576398 0.817169 0 0.41949 0.90776 0 0.41949 0.90776 0 0.995888 0.0905911 0 0.995888 0.0905911 0 -0.884666 0.466225 0.000191522 -0.807979 0.589211 0.000220271 -0.83404 0.551704 -0.000647763 -0.73445 0.678663 0.000257537 -0.752969 0.658056 -0.000152204 -0.629426 0.77706 0.000456266 -0.670901 0.741547 -0.000120426 -0.586545 0.809917 -0.00034213 -0.512069 0.858944 0.000599089 -0.468312 0.883563 -0.000249032 -0.37801 0.925802 0.000383037 -0.356932 0.93413 0 -0.262149 0.965028 0 -0.262149 0.965028 0 -0.142366 0.989814 0 -0.142366 0.989814 0 -0.00344259 0.999994 0.000263279 -0.0159143 0.999873 0 0.145637 0.989338 0.000447519 0.110792 0.993844 -0.000220272 0.231304 0.972882 -0.000105383 0.26886 0.963179 0.000304341 0.404332 0.914612 0.000350936 0.311272 0.950321 -7.02781e-05 0.419477 0.907766 0 0.522049 0.852916 0 0.522049 0.852916 0 0.630514 0.776178 0 0.630514 0.776178 0 0.704665 0.709541 0 0.704665 0.709541 0 0.771809 0.635855 0 0.771809 0.635855 0 0.849295 0.527918 0 0.849295 0.527918 0 0.911801 0.410632 0 0.921109 0.389304 -0.000589285 0.96443 0.264338 0.000249023 0.968568 0.24875 -2.34151e-05 0.991805 0.12776 0.000263281 0.991626 0.129146 0.000233776 0.999769 -0.0214889 0.00044752 0.999907 0.0136455 -0.000220273 0.99283 -0.119539 -0.00017558 0.983551 -0.180632 0.000607237 0.972354 -0.233511 -0.000191519 0.944386 -0.328838 0.000647756 0.93657 -0.350481 0.000210496 0.881839 -0.471551 -7.02402e-05 0.873873 -0.486154 0.000315883 0.811517 -0.584328 -0.000421111 0.798372 -0.602164 0 0.738204 -0.674577 0 0.726889 -0.686755 0.000210786 0.679654 -0.733533 -7.02579e-05 0.629426 -0.77706 0.00049144 0.607656 -0.794201 2.34088e-05 0.502989 -0.864293 0.000288988 0.500817 -0.865553 0.000357849 0.37801 -0.925802 -0.00022027 0.367255 -0.93012 0 0.251445 -0.967872 0 0.251445 -0.967872 0 0.105491 -0.99442 0.000568133 0.127771 -0.991804 0 -0.0214778 -0.999769 -0.000236908 -0.0505641 -0.998721 0.000315955 -0.170245 -0.985402 -0.000447527 -0.215089 -0.976594 0.000421111 -0.31521 -0.949022 -0.000236912 -0.342695 -0.939447 0.000315953 -0.429526 -0.903054 -0.000280999 -0.473997 -0.880526 0.000351174 -0.540808 -0.841146 -0.000140489 -0.580935 -0.81395 0.000473824 -0.62188 -0.783112 -0.000175584 -0.676625 -0.736328 0.000280998 -0.704665 -0.709541 -0.000210751 -0.771801 -0.635864 0.000210707 -0.778803 -0.627268 2.34267e-05 -0.840416 -0.541942 0.000350942 -0.837397 -0.546595 0.000233823 -0.904845 -0.425742 0.000210763 -0.882498 -0.470317 -1.3261e-09 -0.920671 -0.39034 -0.00028099 -0.946374 -0.323072 0.000175585 -0.954965 -0.29672 -0.000175586 -0.977377 -0.211504 0.000383032 -0.985957 -0.166998 -0.000383068 -0.994245 -0.107126 -5.88071e-09 -0.999998 -0.00206957 0 -0.999597 -0.0283732 -0.000500106 -0.995233 0.0975212 -0.000596303 -0.992661 0.120927 0 -0.975994 0.217799 0.000175589 -0.966813 0.255486 -0.000315876 -0.940868 0.338772 0.000421161 -0.913938 0.405853 -0.000799862 0 0 1 0 0 1 -0.521673 0.389954 0.758811 -0.617852 0.587708 0.522358 -0.497709 0.787118 0.364323 -0.155288 0.70084 0.696211 -0.143841 0.686251 0.713 0.117001 0.988309 0.0977541 0.455797 0.860695 0.226832 0.472146 0.54717 0.691146 0.658357 0.586681 0.471562 0.902963 0.317772 0.289273 0.690901 0.0205724 0.722656 0.687045 0.0187047 0.726375 0.26779 0.265012 0.926314 0.853925 -0.396891 0.336584 0.824466 -0.449648 0.343617 0.55105 -0.493382 0.672992 0.615523 -0.663045 0.426032 0.485468 -0.868445 0.100621 0.374871 -0.8984 0.228801 0.0517897 -0.237166 0.970088 -0.049676 -0.989404 0.136429 -0.171964 -0.979362 0.106201 -0.317845 -0.838102 0.44335 -0.458485 -0.86797 0.190838 -0.652499 -0.657996 0.37588 -0.593289 -0.315918 0.740408 -0.759284 -0.556829 0.336793 -0.978392 -0.198956 0.0562618 -0.920878 -0.00743105 0.38978 -0.983605 0.138574 0.11541 -0.901155 0.352271 0.252637 -0.8811 0.124133 -0.456349 -0.760024 0.0278107 -0.6493 -0.960244 -0.195265 -0.199505 -0.872073 -0.464367 -0.154441 -0.397606 -0.493115 -0.773787 -0.355404 -0.358397 -0.863273 -0.367861 -0.696408 -0.616193 -0.256237 -0.755239 -0.603289 0.164295 -0.204013 -0.965084 0.102623 -0.537236 -0.837166 0.445787 -0.797459 -0.406612 0.712426 -0.674146 -0.194877 0.774964 -0.519904 -0.359347 0.719745 -0.377373 -0.582714 0.939116 -0.262614 -0.221573 0.955301 -0.220407 -0.197029 0.952402 0.0283589 -0.303522 0.673468 0.20997 -0.708769 0.719233 0.253114 -0.647022 0.715936 0.597905 -0.360478 0.353812 0.605181 -0.713143 0.120344 0.378102 -0.917908 0.0439457 0.763866 -0.643877 -0.198049 0.893829 -0.4023 -0.424382 0.671153 -0.607827 -0.400378 0.457516 -0.793962 -0.679184 0.538547 -0.498674 -0.864946 0.399518 -0.303731 -0.116751 0.0615286 0.991253 -0.0558006 0.0574133 0.99679 -0.0477233 0.0348018 0.998254 -0.0507441 0.0468898 0.99761 -0.0538064 0.0664269 0.996339 -0.0543585 0.0911808 0.99435 -0.0494288 0.121058 0.991414 -0.0394993 0.145406 0.988583 -0.0239777 0.166707 0.985715 -0.000607064 0.176338 0.984329 0.0242472 0.164716 0.986043 0.0394553 0.141347 0.989174 0.0496224 0.112247 0.992441 0.0527306 0.0861504 0.994886 0.051904 0.0638951 0.996606 0.0502199 0.0505674 0.997457 0.0479023 0.0394643 0.998072 0.0471737 0.0369295 0.998204 0.0601333 0.0373786 0.99749 0.0799147 0.0359897 0.996152 0.110001 0.0301499 0.993474 0.144447 0.018607 0.989338 0.183984 -0.00395453 0.982921 0.21521 -0.0395239 0.975768 0.211989 -0.073815 0.974481 0.170601 -0.0949088 0.980759 0.125624 -0.0947509 0.987543 0.0946969 -0.0894683 0.991478 0.0656641 -0.0810658 0.994543 0.0522348 -0.0750861 0.995808 0.0540157 -0.0933544 0.994167 0.0517835 -0.131148 0.990009 0.0445054 -0.171312 0.984211 0.0242624 -0.228713 0.973191 -0.0131526 -0.259784 0.965577 -0.0534915 -0.242874 0.968582 -0.0723197 -0.198253 0.977479 -0.0771602 -0.143338 0.986661 -0.074959 -0.105025 0.991641 -0.0688546 -0.07493 0.994809 -0.0645145 -0.060295 0.996094 -0.0768598 -0.0633225 0.995029 -0.104505 -0.0673902 0.992238 -0.143674 -0.0676006 0.987314 -0.184295 -0.0629143 0.980855 -0.227758 -0.0492868 0.97247 -0.251575 -0.0271063 0.967458 -0.261025 -0.000540211 0.965332 -0.246097 0.0241147 0.968945 -0.207571 0.0463208 0.977123 -0.16266 0.0585681 0.984942 0 0 -1 0 0 -1 0 0 -1 0 0 -1 1 0 0 1 0 0 1 0 0 1 0 0 1 0 0 1 0 0 1 0 0 1 0 0 1 0 0 1 0 0 1 0 0 1 0 0 1 0 0 1 0 0 1 0 0 1 0 0 1 0 0 1 0 0 1 0 0 1 0 0 1 0 0 1 0 0 1 0 0 1 0 0 1 0 0 1 0 0 1 0 0 1 0 0 1 0 0 1 0 0 1 0 0 1 0 0 1 0 0 1 0 0 1 0 0 1 0 0 1 0 0 1 0 0 1 0 0 1 0 0 1 0 0 1 0 0 1 0 0 1 0 0 1 0 0 1 0 0 1 0 0 1 0 0 1 0 0 1 0 0 1 0 0 1 0 0 1 0 0 1 0 0 1 0 0 0.883249 0.448551 0.136652 0.747976 0.649164 0.138269 0.797895 0.60279 -0.00289396 0.941835 0.332224 -0.050746 0.861807 0.491092 -0.126955 0.686324 0.642294 -0.341201 0.96963 0.159871 -0.185093 0.978075 0.141072 -0.153193 0.393866 0.262187 -0.880981 0.386595 0.302086 -0.871372 0.955622 0.0208332 -0.293858 0.243727 -0.17314 -0.954264 0.197901 -0.332505 -0.922104 0.964505 -0.157423 -0.21201 0.366077 -0.699357 -0.613911 0.428568 -0.641161 -0.636586 0.94208 -0.318616 -0.104735 0.910968 -0.387122 -0.142386 0.629005 -0.776709 -0.0327834 0.813505 -0.578671 0.0578715 0.705626 -0.69969 0.111919 0.721382 -0.650269 0.23824 0.881739 -0.423887 0.207019 0.288946 -0.728145 0.621542 0.251172 -0.777587 0.57643 0.91824 -0.26409 0.295113 0.114004 -0.466162 0.877323 0.348591 -0.218599 0.911427 0.297031 -0.198715 0.933962 0.253965 -0.0620815 0.965219 0.935676 0.0796087 0.343762 0.908372 0.110095 0.40341 0.77034 0.280511 0.572617 0.821916 0.334883 0.460769 0.78933 0.352648 0.502592 0.709729 0.517431 0.478069 0.842252 0.430885 0.323959 0.783867 0.513776 0.348694 0.723311 0.625713 0.292069 -0.01117 0.959004 0.283172 0.0463954 0.977007 0.208098 -0.0213548 0.997086 0.0732401 0.0343819 0.999397 -0.00479805 -0.0385681 0.986268 -0.160589 0.0211453 0.967955 -0.250231 -0.0293699 0.920272 -0.390176 0.0517104 0.881944 -0.468508 -0.0492595 0.783199 -0.619816 0.0914317 0.67457 -0.732527 0.0164383 0.613171 -0.789779 0.0374273 0.419113 -0.907162 0.0232721 0.173149 -0.984621 -0.00468717 -0.0842346 -0.996435 0.0594927 -0.377666 -0.924029 -0.0542744 -0.60529 -0.794152 0.0890603 -0.791188 -0.605053 -0.0402927 -0.872778 -0.486452 0.036523 -0.949357 -0.31207 -0.0474974 -0.968764 -0.243394 0.0283896 -0.998708 -0.0421535 -0.0145462 -0.999775 0.0154123 0.0121207 -0.987375 0.157936 -0.0368483 -0.973648 0.225059 0.0248 -0.938677 0.343905 -0.0277917 -0.897058 0.441038 0.046609 -0.825581 0.562356 -0.0798023 -0.674697 0.733769 0.0880607 -0.473807 0.876215 -0.0345611 0.0528089 0.998006 0.0117898 0.263265 0.964652 -0.0266671 0.314669 0.948827 0.0153888 0.439873 0.897928 -0.02168 0.501684 0.864779 0.0198168 0.587802 0.808762 -0.0490871 0.673056 0.737961 0.00931196 0.73446 0.678588 0 0.827431 0.561568 -0.0143181 0.814207 0.580398 0.0167467 0.906018 0.422909 0 0.896429 0.443188 -0.816704 0.51729 0.255745 -0.921463 0.316324 0.225488 -0.966021 0.192259 0.172741 -0.920148 0.263866 0.289312 -0.834712 0.276336 0.476335 -0.908106 0.131811 0.397454 -0.975204 0.0252651 0.219863 -0.457249 -0.097078 0.884025 -0.366313 -0.193642 0.910119 -0.400222 -0.237442 0.885124 -0.98208 -0.113048 0.150798 -0.447564 -0.687861 0.571432 -0.722385 0.661631 0.20101 -0.832135 -0.497676 0.244682 -0.934005 -0.348081 0.0804592 -0.943444 -0.324184 0.0694109 -0.788326 -0.615184 0.00948352 -0.724084 -0.668922 -0.168061 -0.935189 -0.327844 -0.133937 -0.818339 -0.502024 -0.279808 -0.66529 -0.0134813 -0.746463 -0.348336 -0.641153 -0.683801 -0.950058 -0.174888 -0.258465 -0.319548 -0.217157 -0.922351 -0.330692 -0.190594 -0.924293 -0.957821 0.00387067 -0.28734 -0.264128 0.289353 -0.92006 -0.262011 0.296109 -0.918515 -0.929592 0.202041 -0.308282 -0.86098 0.311925 -0.401767 -0.723564 0.541266 -0.428352 -0.947575 0.288113 -0.138176 -0.918786 0.36344 -0.154091 -0.809633 0.579307 -0.0943256 -0.925928 0.376685 0.0276691 -0.938396 0.344094 0.0318202 -0.807788 0.565343 0.166933 -1 0 0 -0.999917 -0.00970995 -0.00845955 -0.998274 -0.0352303 0.0469948 -1 0 0 -1 0 0 -0.998743 0.00572307 0.0498034 -0.999914 0.0123837 0.00424558 -1 0 0 -1 0 0 -1 0 0 -1 0 0 -1 0 0 -1 0 0 0.267435 0.924434 0.271846 0.691529 0.717202 -0.0860739 0.187249 0.954586 -0.231739 0.930997 0.363856 -0.0292257 0.99811 0.0354415 -0.050201 0.759641 0.471186 -0.448251 0.945223 0.195095 -0.261708 0.996987 0.0355404 -0.0689505 0.931821 0.211227 -0.295116 0.573037 0.355435 -0.73844 0.832027 -0.00654594 -0.554696 0.411056 -0.0783844 -0.908234 0.9953 0.00327557 -0.0967838 0.16383 -0.471385 -0.866577 0.823425 -0.327847 -0.463129 0.995132 -0.0268491 -0.0948209 0.850947 -0.30665 -0.426444 0.0506216 -0.78897 -0.612343 -0.212238 -0.872038 -0.441027 0.297877 -0.925582 -0.233595 0.795327 -0.604767 -0.0413809 0.578575 -0.815349 -0.0213637 0.99808 -0.039981 0.047306 0.46324 -0.818232 0.340449 0.994565 -0.101296 -0.0240661 -0.0742753 -0.861611 0.502105 -0.344571 -0.71179 0.612067 -0.0927729 -0.644717 0.758771 0.999333 -0.0356776 0.00783108 0.509717 -0.448723 0.734055 -0.185415 -0.391044 0.901502 0.320273 -0.523903 0.789272 -0.337916 -0.199854 0.919713 0.107108 -0.0107159 0.99419 0.700362 0.0846795 0.708747 -0.125212 0.255783 0.958591 0.997751 0.022953 0.0629809 -0.465725 0.400327 0.789201 -0.231239 0.605583 0.761445 0.209243 0.682087 0.700696 0.827058 0.433105 0.358323 0.283623 0.88565 0.367671 0.61691 0.715372 0.328124 0.753402 0.604838 0.257984 0.000955637 0.959378 0.282122 -0.00171921 0.969596 0.244704 8.85168e-05 0.978467 0.206402 -0.00451287 0.993937 0.109862 0.00692059 0.999762 -0.0206887 -0.00388871 0.996326 -0.0855565 0.00310777 0.97177 -0.23591 -0.00556237 0.953265 -0.302084 -0.00357813 0.945516 -0.325556 -0.00365422 0.870739 -0.491731 0.00575291 0.84138 -0.540414 -0.0049061 0.747942 -0.663746 0.000454698 0.724519 -0.689254 0.00171923 0.582021 -0.813172 -0.00145267 0.600578 -0.799565 0.00264358 0.433705 -0.901051 -0.00143295 0.465399 -0.8851 -0.00260225 0.292041 -0.956402 -0.00488807 0.306132 -0.951977 -0.000227763 0.111469 -0.993768 -0.00789193 0.0692088 -0.997571 0.00046545 -0.0510809 -0.998694 -0.00364808 -0.152902 -0.988235 -0.00249591 -0.162342 -0.986731 -0.0143098 -0.42718 -0.904053 -0.00522763 -0.363817 -0.931456 0.00703413 -0.477829 -0.878424 -0.00311818 -0.550092 -0.835099 0.00198938 -0.639375 -0.768892 -0.00899038 -0.716869 -0.69715 0.00395201 -0.788744 -0.614709 -0.00289691 -0.845937 -0.533274 0.00737723 -0.892344 -0.451296 -0.00237886 -0.930943 -0.365156 0.0034341 -0.969592 -0.244702 -0.00343421 -0.980584 -0.196067 0.00442083 -0.999647 -0.0261926 -0.000286759 -0.999998 0.00211878 -0.00775638 -0.993318 0.115145 0.00274622 -0.984094 0.177626 0.00344282 -0.942366 0.334567 0 -0.935492 0.353347 0 -0.863998 0.503496 -0.0034342 -0.852179 0.52324 0.00206223 -0.758222 0.651994 -0.00343412 -0.731605 0.68172 0.00190969 -0.647508 0.762056 -0.00361395 -0.600574 0.799561 0.00187625 -0.521562 0.853211 -0.00302467 -0.459662 0.888089 0.00207754 -0.397943 0.917408 0.00310119 -0.212343 0.97719 -0.0065787 -0.268836 0.963164 0.00504487 -0.00554508 0.999972 -0.00301421 -0.0617358 0.998088 -0.00757365 0.161105 0.986908 0.00662224 0.263945 0.964515 -0.00459438 0.372907 0.927857 0.00341836 0.45238 0.891819 -0.00598741 0.546855 0.837206 0.0036559 0.622449 0.782652 -0.00248626 0.695448 0.718572 0.000220889 0.719257 0.694744 -0.0105927 0.825273 0.564635 -0.00136871 0.856313 0.516455 0.000573715 0.908947 0.416912 -0.00299105 0.920869 0.389861 -1 0 0 -1 0 0 -1 0 0 -1 0 0 -1 0 0 -1 0 0 -1 0 0 -1 0 0 -1 0 0 -1 0 0 -1 0 0 -1 0 0 -1 0 0 -1 0 0 -1 0 0 -1 0 0 -1 0 0 -0.982386 -0.0824799 -0.167675 -0.953482 -0.253677 -0.162851 -1 0 0 -1 0 0 -0.952302 -0.219878 -0.2116 -0.941459 -0.222963 -0.252869 -1 0 0 -0.95153 0.11504 0.285229 -0.951653 -0.182931 -0.246763 -0.952749 -0.145233 -0.266789 -0.951137 0.111683 0.287864 -0.939955 -0.122073 -0.318719 -0.942219 -0.115956 -0.314288 -0.950612 -0.06593 -0.3033 -0.927076 0.196764 0.319084 -0.949328 0.142568 0.280089 -0.950439 0.203301 0.235233 -0.940729 -0.0135345 -0.338888 -0.932493 0.271859 0.237802 -0.984926 0.0438624 0.167322 -0.932706 0.0462329 -0.357661 -0.90864 0.0256552 -0.416792 -1 0 0 -1 0 0 -0.950276 0.0925267 -0.297346 -1 0 0 -0.942811 0.156226 -0.29445 -1 0 0 -1 0 0 -1 0 0 -0.915653 0.219227 -0.336926 -0.943229 0.212468 -0.255297 -1 0 0 -1 0 0 -0.949339 0.235581 -0.207984 -1 0 0 -1 0 0 -0.931291 0.312313 -0.187503 -1 0 0 -0.968743 0.180073 -0.170619 -0.00279073 -0.936588 -0.350421 0 -0.924428 -0.381357 0 -0.969598 -0.244704 0 -0.969598 -0.244704 0 -0.994215 -0.107407 0 -0.994215 -0.107407 0 -0.998962 0.0455539 0 -0.998962 0.0455539 0 -0.97975 0.200223 0 -0.97975 0.200223 0 -0.959746 0.280869 -0.00211061 -0.942357 0.334603 0.000310587 -0.920656 0.390375 -0.00172086 -0.880267 0.474476 0.00173725 -0.857352 0.514727 -0.000931527 -0.775294 0.6316 0.00128855 -0.749651 0.661833 -0.00144707 -0.672497 0.740098 0.00112221 -0.639686 0.768635 -0.00231239 -0.510972 0.859594 0.00221133 -0.468685 0.883363 -0.00103391 -0.332211 0.943205 0.00126412 -0.297122 0.954839 -0.00250375 -0.128198 0.991745 -0.00162568 -0.136953 0.990576 0.00113109 0.0399061 0.999203 -0.00105496 0.0669075 0.997759 0.000776212 0.212415 0.977179 0 0.224587 0.974454 0 0.346141 0.938183 0 0.346141 0.938183 0 0.478122 0.878293 0 0.478122 0.878293 0 0.595529 0.803334 -0.0025653 0.622775 0.782396 0.00113735 0.72054 0.693413 -0.00113737 0.748139 0.663541 0 0.859528 0.511089 0.00319359 0.841517 0.540222 0 0.932342 0.361576 -0.000826307 0.928598 0.371087 6.90052e-05 0.972249 0.23395 -0.000734198 0.975895 0.21824 0.00112921 0.992775 0.119988 0 0.995239 0.0974601 0 0.999998 -0.00212036 0 0.999998 -0.00212036 0 0.99637 -0.085129 0.000621301 0.994817 -0.101676 -0.000355102 0.983807 -0.179232 0.000310676 0.97975 -0.200223 -0.00131938 0.958572 -0.284846 0.000649395 0.947975 -0.318345 -0.00064939 0.909692 -0.415284 0.00131934 0.894541 -0.446984 -0.000310701 0.852184 -0.523243 -0.000310671 0.795852 -0.605491 0.00124187 0.825042 -0.565069 -0.000649391 0.715972 -0.698129 0.00131938 0.740054 -0.672546 0.0007762 0.63155 -0.775334 0 0.621831 -0.783151 0 0.50336 -0.864077 0.00171492 0.484177 -0.874969 -0.000840133 0.360156 -0.932892 0.00430849 0.292113 -0.956374 -0.00103434 0.187925 -0.982183 0.00103446 0.105716 -0.994396 -0.00195758 0.0458087 -0.998948 0.000310663 -0.0270498 -0.999634 -0.0017373 -0.136321 -0.990663 0.00172086 -0.182047 -0.983288 -0.00139572 -0.320494 -0.947249 0.00200972 -0.361701 -0.932292 -0.00128855 -0.481799 -0.876281 0.00150372 -0.524878 -0.851176 -0.000586782 -0.594414 -0.804159 0.00178539 -0.653887 -0.75659 -0.00140407 -0.707448 -0.706764 0.000451684 -0.752678 -0.658388 -0.00133043 -0.780944 -0.6246 0.000621348 -0.82743 -0.561568 -0.00133046 -0.868841 -0.495089 0.000451646 -0.889803 -0.456344 -0.422087 0.834822 0.353432 0.0309531 0.890999 0.452949 -0.558463 0.739464 0.375914 -0.308268 0.785126 0.537167 -0.515102 0.629829 0.581366 -0.346528 0.65236 0.674051 -0.266673 0.527061 0.806903 -0.332557 0.661378 0.672298 -0.288596 0.357044 0.888387 -0.377119 0.420131 0.825391 -0.362172 0.150172 0.919935 -0.377008 -0.0571806 0.924443 -0.553541 0.0284684 0.832335 -0.116427 0.0803198 0.989946 -0.313777 -0.255264 0.91454 -0.411089 -0.300107 0.860779 0.0946008 -0.436235 0.894846 -0.572306 -0.376943 0.728272 -0.619832 -0.343871 0.70538 -0.339835 -0.564835 0.75198 -0.433166 -0.64819 0.626272 -0.317461 -0.693764 0.64646 -0.117678 -0.789331 0.602585 -0.311317 -0.809835 0.497241 -0.481316 -0.696727 0.531889 -0.33517 -0.881381 0.332908 -0.423844 -0.850918 0.310315 -0.542264 -0.826847 0.149243 -0.588444 -0.792349 0.160985 0.133828 -0.971163 0.197315 -0.299023 -0.954244 0.00202183 -0.428451 -0.898226 -0.0980778 -0.371092 -0.910572 -0.182069 -0.405561 -0.893371 -0.193413 -0.179024 -0.961568 -0.208178 -0.249113 -0.901597 -0.353645 -0.36655 -0.787062 -0.49616 -0.438171 -0.787191 -0.433977 -0.28996 -0.82466 -0.485653 -0.248711 -0.694371 -0.675272 -0.361019 -0.616758 -0.699482 -0.245483 -0.533262 -0.809549 -0.3281 -0.337873 -0.882152 -0.340316 -0.342106 -0.87587 -0.29115 -0.146279 -0.945428 -0.473998 0.0609421 -0.878415 -0.456808 0.0546529 -0.887885 -0.281501 0.280232 -0.917729 -0.380304 0.43043 -0.818596 -0.498465 0.472797 -0.726633 -0.4019 0.54994 -0.732149 -0.271454 0.719867 -0.638831 -0.396918 0.763222 -0.509851 -0.293033 0.832521 -0.470149 -0.661634 0.650688 -0.372621 -0.38017 0.881704 -0.279407 -0.125483 0.950923 -0.282844 -0.423061 0.868497 -0.258327 -0.182042 0.979685 -0.0841276 -0.373893 0.926446 -0.043603 -0.131931 0.987318 0.0883075 -0.347242 0.932099 0.103027 -0.384221 0.91957 0.0822481 -0.296837 0.925896 0.233675 -0.423315 0.860498 0.283457 -1 0 0 -1 0 0 -1 0 0 -1 0 0 -1 0 0 1 0 0 -1 0 0 -1 0 0 -1 0 0 -1 0 0 1 0 0 1 0 0 1 0 0 1 0 0 1 0 0 1 0 0 1 0 0 1 0 0 1 0 0 1 0 0 1 0 0 1 0 0 1 0 0 1 0 0 1 0 0 1 0 0 1 0 0 1 0 0 1 0 0 0 0.866107 -0.499858 0 0.866107 -0.499858 0 0.000166472 -1 0 0.000166472 -1 0 -0.865943 -0.500143 0 -0.865943 -0.500143 0 -0.866107 0.499858 0 -0.866107 0.499858 0 -0.000166472 1 0 -0.000166472 1 0 0.865943 0.500143 0 0.865943 0.500143 -1 0 0 -1 0 0 -1 0 0 -1 0 0 0.00388416 -0.993226 0.116136 0 -0.998285 0.058542 -0.000989623 -0.907528 0.419991 0.00556901 -0.838238 0.545277 -0.00306825 -0.657352 0.753578 0.000894067 -0.510672 0.859775 -0.00318763 -0.387243 0.921972 0.00684405 -0.0899795 0.99592 -0.00231747 0.0899476 0.995944 0.00228492 0.445007 0.895524 0.0096748 0.513182 0.858225 -0.00137955 0.836578 0.547846 0.00180802 0.864365 0.502862 -0.000722574 0.987098 0.160118 0.00278428 0.994498 0.104721 -0.00222834 0.95595 -0.293521 0.0021365 0.924832 -0.380369 0.00181715 0.724808 -0.688948 -0.00332235 0.796096 -0.605161 -0.00122758 0.466924 -0.884297 0.00109175 0.419226 -0.907881 0.00180813 0.0543023 -0.998523 -0.00227193 0.12314 -0.992387 -0.00185813 -0.331464 -0.943466 -0.00245278 -0.322419 -0.946594 0.00179384 -0.657867 -0.753132 0.000551022 -0.675174 -0.737658 0.000543537 -0.915668 -0.401935 0 -0.912787 -0.408437 0.472144 -0.876558 0.0934159 0.737169 -0.627094 0.251663 0.356205 -0.622635 0.696738 0.182738 -0.236714 0.95424 0.264007 0.0875332 0.960541 0.635062 0.453359 0.625429 0.526475 0.579743 0.62187 0.237609 0.940702 0.24212 0.272577 0.946206 -0.174344 0.402633 0.819623 -0.407561 0.526735 0.678261 -0.51236 0.223159 0.557961 -0.799299 0.116791 0.300343 -0.946654 0.273927 -0.286867 -0.917971 0.419998 -0.394735 -0.817182 0.200853 -0.707757 -0.677302 0.233837 -0.935857 -0.263613 -0.694192 -0.692828 -0.195157 -0.744595 -0.6227 -0.240466 -0.53507 -0.610357 -0.584093 -0.30715 -0.283858 -0.908341 -0.390994 0.138636 -0.909892 -0.385516 0.412361 -0.825431 -0.767766 0.536429 -0.350398 -0.123524 0.888551 -0.441836 -0.113588 0.97708 -0.180033 -0.303383 0.926188 0.223908 -0.286633 0.927802 0.238799 -0.0398757 0.681356 0.730866 -0.336243 0.24108 0.910396 -0.691442 -0.0531013 0.720478 -0.40393 -0.372131 0.835679 -0.216379 -0.748561 0.626767 -0.314629 -0.900443 0.300352 0.997854 -0.0650315 0.00760402 0.998008 -0.0528812 0.0343994 0.998178 -0.0308089 0.0518703 0.998104 -0.00553817 0.0612981 0.99802 0.0279879 0.0563223 0.998074 0.0536172 0.0311929 0.997963 0.0634383 0.00668007 0.99786 0.0604734 -0.0248718 0.997797 0.0480887 -0.0457095 0.997726 0.0282577 -0.0611952 0.997633 0.00373394 -0.0686606 0.997696 -0.0218755 -0.0642245 0.997694 -0.0446559 -0.0511225 0.997741 -0.0613187 -0.0274377</float_array>
                    <technique_common>
                        <accessor count="5632" source="#shape0-lib-normals-array" stride="3">
                            <param name="X" type="float"/>
                            <param name="Y" type="float"/>
                            <param name="Z" type="float"/>
                        </accessor>
                    </technique_common>
                </source>
                <vertices id="shape0-lib-vertices">
                    <input semantic="POSITION" source="#shape0-lib-positions"/>
                </vertices>
                <triangles count="5632">
                    <input offset="0" semantic="VERTEX" source="#shape0-lib-vertices"/>
                    <input offset="1" semantic="NORMAL" source="#shape0-lib-normals"/>
                    <p>0 0 1 0 2 0 0 1 3 1 1 1 4 2 2 2 5 2 4 3 0 3 2 3 6 4 5 4 7 4 6 5 4 5 5 5 8 6 7 6 9 6 8 7 6 7 7 7 10 8 9 8 11 8 10 9 8 9 9 9 12 10 11 10 13 10 12 11 10 11 11 11 14 12 13 12 15 12 14 13 12 13 13 13 16 14 15 14 17 14 16 15 14 15 15 15 18 16 17 16 19 16 18 17 16 17 17 17 20 18 19 18 21 18 20 19 18 19 19 19 22 20 20 20 21 20 22 21 21 21 23 21 24 22 22 22 23 22 24 23 23 23 25 23 26 24 24 24 25 24 26 25 25 25 27 25 28 26 27 26 29 26 28 27 26 27 27 27 30 28 29 28 31 28 30 29 28 29 29 29 32 30 31 30 33 30 32 31 30 31 31 31 34 32 33 32 35 32 34 33 32 33 33 33 36 34 35 34 37 34 36 35 34 35 35 35 38 36 37 36 39 36 38 37 36 37 37 37 40 38 39 38 41 38 40 39 38 39 39 39 42 40 41 40 43 40 42 41 40 41 41 41 44 42 43 42 45 42 44 43 42 43 43 43 46 44 45 44 47 44 46 45 44 45 45 45 48 46 47 46 49 46 48 47 46 47 47 47 50 48 49 48 51 48 50 49 48 49 49 49 52 50 51 50 53 50 52 51 50 51 51 51 54 52 53 52 55 52 54 53 52 53 53 53 56 54 55 54 57 54 56 55 54 55 55 55 58 56 57 56 59 56 58 57 56 57 57 57 60 58 59 58 61 58 60 59 58 59 59 59 62 60 61 60 63 60 62 61 60 61 61 61 64 62 63 62 65 62 64 63 62 63 63 63 66 64 65 64 67 64 66 65 64 65 65 65 68 66 67 66 69 66 68 67 66 67 67 67 70 68 69 68 71 68 70 69 68 69 69 69 72 70 71 70 73 70 72 71 70 71 71 71 74 72 72 72 73 72 74 73 73 73 75 73 76 74 74 74 75 74 76 75 75 75 77 75 78 76 76 76 77 76 78 77 77 77 79 77 80 78 78 78 79 78 80 79 79 79 81 79 82 80 80 80 81 80 82 81 81 81 83 81 84 82 82 82 83 82 84 83 83 83 85 83 86 84 84 84 85 84 86 85 85 85 87 85 88 86 86 86 87 86 88 87 87 87 89 87 90 88 88 88 89 88 90 89 89 89 91 89 92 90 90 90 91 90 92 91 91 91 93 91 94 92 92 92 93 92 94 93 93 93 95 93 96 94 95 94 97 94 96 95 94 95 95 95 98 96 97 96 99 96 98 97 96 97 97 97 100 98 99 98 101 98 100 99 98 99 99 99 102 100 101 100 103 100 102 101 100 101 101 101 104 102 103 102 105 102 104 103 102 103 103 103 106 104 105 104 107 104 106 105 104 105 105 105 108 106 107 106 109 106 108 107 106 107 107 107 110 108 109 108 111 108 110 109 108 109 109 109 112 110 111 110 113 110 112 111 110 111 111 111 114 112 113 112 115 112 114 113 112 113 113 113 116 114 115 114 117 114 116 115 114 115 115 115 118 116 117 116 119 116 118 117 116 117 117 117 120 118 119 118 121 118 120 119 118 119 119 119 122 120 121 120 123 120 122 121 120 121 121 121 124 122 123 122 125 122 124 123 125 123 126 123 124 124 122 124 123 124 127 125 124 125 126 125 128 126 127 126 126 126 128 127 126 127 129 127 128 128 129 128 130 128 131 129 128 129 130 129 132 130 131 130 130 130 132 131 130 131 133 131 132 132 133 132 134 132 135 133 132 133 134 133 136 134 135 134 134 134 136 135 134 135 137 135 136 136 137 136 138 136 139 137 136 137 138 137 140 138 139 138 138 138 140 139 138 139 141 139 142 140 140 140 141 140 142 141 141 141 143 141 144 142 142 142 143 142 144 143 143 143 145 143 144 144 145 144 146 144 147 145 144 145 146 145 148 146 147 146 146 146 148 147 146 147 149 147 150 148 148 148 149 148 150 149 149 149 151 149 152 150 150 150 151 150 152 151 151 151 153 151 154 152 152 152 153 152 154 153 153 153 155 153 156 154 154 154 155 154 156 155 155 155 157 155 156 156 157 156 158 156 159 157 156 157 158 157 160 158 159 158 158 158 160 159 158 159 161 159 160 160 161 160 162 160 163 161 160 161 162 161 164 162 163 162 162 162 164 163 162 163 165 163 164 164 165 164 166 164 167 165 164 165 166 165 168 166 166 166 169 166 168 167 167 167 166 167 170 168 169 168 171 168 170 169 168 169 169 169 172 170 171 170 173 170 172 171 170 171 171 171 174 172 173 172 175 172 174 173 172 173 173 173 176 174 174 174 175 174 176 175 175 175 177 175 178 176 176 176 177 176 178 177 177 177 179 177 180 178 178 178 179 178 180 179 179 179 181 179 182 180 180 180 181 180 182 181 181 181 183 181 184 182 182 182 183 182 184 183 183 183 185 183 184 184 185 184 186 184 187 185 184 185 186 185 188 186 187 186 186 186 188 187 186 187 189 187 190 188 188 188 189 188 190 189 189 189 191 189 192 190 190 190 191 190 192 191 191 191 193 191 194 192 192 192 193 192 194 193 193 193 195 193 196 194 194 194 195 194 196 195 195 195 197 195 198 196 196 196 197 196 198 197 197 197 199 197 200 198 198 198 199 198 200 199 199 199 201 199 202 200 201 200 203 200 202 201 200 201 201 201 204 202 203 202 205 202 204 203 202 203 203 203 206 204 205 204 207 204 206 205 204 205 205 205 208 206 207 206 209 206 208 207 209 207 210 207 208 208 206 208 207 208 211 209 208 209 210 209 212 210 210 210 213 210 212 211 211 211 210 211 214 212 213 212 215 212 214 213 212 213 213 213 216 214 215 214 217 214 216 215 214 215 215 215 218 216 217 216 219 216 218 217 216 217 217 217 220 218 219 218 221 218 220 219 218 219 219 219 222 220 221 220 223 220 222 221 220 221 221 221 224 222 222 222 223 222 224 223 223 223 225 223 224 224 225 224 226 224 227 225 224 225 226 225 228 226 227 226 226 226 228 227 226 227 229 227 230 228 228 228 229 228 230 229 229 229 231 229 232 230 231 230 233 230 232 231 230 231 231 231 232 232 233 232 234 232 235 233 232 233 234 233 236 234 234 234 237 234 236 235 235 235 234 235 238 236 237 236 239 236 238 237 236 237 237 237 240 238 239 238 241 238 240 239 241 239 242 239 240 240 238 240 239 240 243 241 240 241 242 241 244 242 242 242 245 242 244 243 243 243 242 243 246 244 245 244 247 244 246 245 244 245 245 245 248 246 247 246 249 246 248 247 246 247 247 247 250 248 249 248 251 248 250 249 248 249 249 249 3 250 251 250 1 250 3 251 250 251 251 251 253 252 262 252 252 252 253 253 258 253 262 253 254 254 252 254 262 254 255 255 258 255 253 255 256 256 254 256 262 256 257 257 258 257 255 257 259 258 256 258 262 258 260 259 258 259 257 259 261 260 259 260 262 260 263 261 258 261 260 261 264 262 261 262 262 262 264 263 262 263 270 263 267 264 258 264 263 264 267 265 265 265 258 265 266 266 264 266 270 266 268 267 266 267 270 267 269 268 265 268 267 268 271 269 268 269 270 269 272 270 265 270 269 270 273 271 271 271 270 271 274 272 273 272 270 272 275 273 265 273 272 273 274 274 270 274 282 274 276 275 265 275 275 275 277 276 274 276 282 276 279 277 265 277 276 277 278 278 277 278 282 278 279 279 280 279 265 279 281 280 278 280 282 280 283 281 280 281 279 281 284 282 280 282 283 282 285 283 281 283 282 283 286 284 280 284 284 284 287 285 285 285 282 285 289 286 287 286 282 286 280 287 286 287 288 287 289 288 290 288 287 288 296 289 280 289 288 289 296 290 288 290 293 290 289 291 291 291 290 291 289 292 292 292 291 292 296 293 293 293 294 293 289 294 295 294 292 294 289 295 298 295 295 295 296 296 294 296 297 296 302 297 298 297 289 297 296 298 297 298 299 298 302 299 304 299 298 299 303 300 296 300 299 300 303 301 300 301 301 301 303 302 299 302 300 302 302 303 305 303 304 303 303 304 301 304 306 304 312 305 306 305 308 305 312 306 303 306 306 306 302 307 307 307 305 307 302 308 309 308 307 308 319 309 309 309 302 309 312 310 308 310 310 310 319 311 311 311 309 311 319 312 314 312 311 312 312 313 310 313 313 313 312 314 313 314 315 314 312 315 315 315 316 315 319 316 317 316 314 316 323 317 312 317 316 317 323 318 316 318 318 318 319 319 321 319 317 319 323 320 318 320 320 320 319 321 322 321 321 321 323 322 320 322 322 322 323 323 322 323 319 323 324 324 325 324 326 324 326 325 327 325 324 325 324 326 327 326 334 326 324 327 329 327 325 327 327 328 328 328 334 328 328 329 330 329 334 329 341 330 331 330 324 330 324 331 331 331 329 331 330 332 332 332 334 332 341 333 333 333 331 333 332 334 336 334 334 334 341 335 335 335 333 335 334 336 336 336 340 336 336 337 337 337 340 337 341 338 338 338 335 338 341 339 339 339 338 339 341 340 342 340 339 340 340 341 343 341 347 341 337 342 343 342 340 342 341 343 344 343 342 343 357 344 344 344 341 344 343 345 346 345 347 345 357 346 345 346 344 346 357 347 348 347 345 347 346 348 349 348 347 348 357 349 351 349 348 349 349 350 350 350 347 350 347 351 352 351 353 351 350 352 352 352 347 352 357 353 354 353 351 353 352 354 355 354 353 354 357 355 356 355 354 355 357 356 358 356 356 356 355 357 360 357 353 357 359 358 358 358 357 358 359 359 362 359 358 359 360 360 361 360 353 360 359 361 363 361 362 361 361 362 365 362 353 362 363 363 359 363 364 363 359 364 366 364 364 364 367 365 353 365 365 365 369 366 353 366 367 366 359 367 378 367 366 367 366 368 378 368 368 368 368 369 378 369 372 369 369 370 379 370 353 370 370 371 379 371 371 371 371 372 379 372 369 372 372 373 378 373 373 373 374 374 379 374 370 374 373 375 378 375 375 375 376 376 379 376 374 376 375 377 378 377 377 377 380 378 379 378 376 378 377 379 378 379 381 379 382 380 379 380 380 380 378 381 383 381 381 381 385 382 379 382 382 382 381 383 383 383 384 383 384 384 383 384 387 384 385 385 388 385 379 385 386 386 388 386 385 386 390 387 388 387 386 387 387 388 383 388 389 388 389 389 383 389 391 389 392 390 388 390 390 390 391 391 396 391 393 391 383 392 396 392 391 392 393 393 396 393 394 393 392 394 396 394 388 394 395 395 396 395 392 395 394 396 396 396 397 396 397 397 396 397 395 397 467 398 398 398 405 398 405 399 410 399 399 399 410 400 400 400 399 400 400 401 424 401 399 401 401 402 405 402 398 402 402 403 405 403 401 403 403 404 405 404 402 404 404 405 405 405 403 405 406 406 405 406 404 406 407 407 405 407 406 407 424 408 430 408 399 408 407 409 410 409 405 409 408 410 410 410 407 410 409 411 410 411 408 411 411 412 410 412 409 412 412 413 410 413 411 413 413 414 410 414 412 414 413 415 400 415 410 415 414 416 400 416 413 416 415 417 400 417 414 417 416 418 400 418 415 418 417 419 400 419 416 419 418 420 400 420 417 420 430 421 432 421 399 421 419 422 400 422 418 422 420 423 400 423 419 423 420 424 424 424 400 424 421 425 424 425 420 425 422 426 424 426 421 426 423 427 424 427 422 427 425 428 424 428 423 428 426 429 424 429 425 429 426 430 430 430 424 430 427 431 430 431 426 431 428 432 430 432 427 432 429 433 430 433 428 433 431 434 430 434 429 434 433 435 430 435 431 435 434 436 430 436 433 436 435 437 430 437 434 437 436 438 430 438 435 438 437 439 430 439 436 439 437 440 432 440 430 440 438 441 432 441 437 441 439 442 432 442 438 442 440 443 432 443 439 443 441 444 432 444 440 444 449 445 464 445 399 445 442 446 432 446 441 446 443 447 432 447 442 447 444 448 432 448 443 448 444 449 399 449 432 449 445 450 399 450 444 450 399 451 464 451 405 451 446 452 399 452 445 452 447 453 399 453 446 453 448 454 399 454 447 454 450 455 399 455 448 455 451 456 399 456 450 456 453 457 399 457 451 457 452 458 399 458 453 458 454 459 399 459 452 459 454 460 449 460 399 460 455 461 449 461 454 461 456 462 449 462 455 462 457 463 449 463 456 463 458 464 449 464 457 464 459 465 449 465 458 465 460 466 449 466 459 466 461 467 464 467 460 467 460 468 464 468 449 468 462 469 464 469 461 469 463 470 464 470 462 470 465 471 464 471 463 471 466 472 464 472 465 472 467 473 464 473 466 473 405 474 464 474 467 474 398 475 345 475 401 475 345 476 348 476 401 476 401 477 348 477 402 477 348 478 351 478 402 478 402 479 351 479 403 479 351 480 354 480 403 480 403 481 356 481 404 481 354 482 356 482 403 482 404 483 358 483 406 483 356 484 358 484 404 484 406 485 358 485 407 485 358 486 362 486 407 486 407 487 362 487 408 487 362 488 363 488 408 488 408 489 363 489 409 489 409 490 364 490 411 490 363 491 364 491 409 491 411 492 366 492 412 492 364 493 366 493 411 493 412 494 368 494 413 494 366 495 368 495 412 495 413 496 372 496 414 496 368 497 372 497 413 497 414 498 372 498 415 498 372 499 373 499 415 499 415 500 373 500 416 500 373 501 375 501 416 501 416 502 375 502 417 502 375 503 377 503 417 503 417 504 381 504 418 504 377 505 381 505 417 505 418 506 384 506 419 506 381 507 384 507 418 507 419 508 387 508 420 508 384 509 387 509 419 509 387 510 389 510 420 510 420 511 389 511 421 511 389 512 391 512 421 512 421 513 391 513 422 513 391 514 393 514 422 514 393 515 394 515 422 515 422 516 394 516 423 516 394 517 397 517 423 517 423 518 397 518 425 518 425 519 395 519 426 519 397 520 395 520 425 520 395 521 392 521 426 521 426 522 392 522 427 522 427 523 390 523 428 523 392 524 390 524 427 524 428 525 386 525 429 525 390 526 386 526 428 526 429 527 386 527 431 527 386 528 385 528 431 528 431 529 385 529 433 529 385 530 382 530 433 530 433 531 382 531 434 531 382 532 380 532 434 532 380 533 376 533 434 533 434 534 376 534 435 534 435 535 376 535 436 535 376 536 374 536 436 536 374 537 370 537 436 537 436 538 370 538 437 538 370 539 371 539 437 539 437 540 371 540 438 540 438 541 371 541 439 541 371 542 369 542 439 542 439 543 369 543 440 543 369 544 367 544 440 544 440 545 367 545 441 545 367 546 365 546 441 546 441 547 365 547 442 547 365 548 361 548 442 548 442 549 361 549 443 549 443 550 361 550 444 550 361 551 360 551 444 551 444 552 360 552 445 552 360 553 355 553 445 553 445 554 355 554 446 554 355 555 352 555 446 555 446 556 352 556 447 556 352 557 350 557 447 557 350 558 349 558 447 558 447 559 349 559 448 559 349 560 346 560 448 560 448 561 346 561 450 561 346 562 343 562 450 562 450 563 343 563 451 563 343 564 337 564 451 564 451 565 337 565 453 565 453 566 337 566 452 566 337 567 336 567 452 567 452 568 332 568 454 568 336 569 332 569 452 569 454 570 330 570 455 570 332 571 330 571 454 571 455 572 328 572 456 572 330 573 328 573 455 573 456 574 327 574 457 574 328 575 327 575 456 575 327 576 326 576 457 576 457 577 325 577 458 577 326 578 325 578 457 578 325 579 329 579 458 579 458 580 329 580 459 580 459 581 329 581 460 581 329 582 331 582 460 582 331 583 333 583 460 583 460 584 333 584 461 584 461 585 333 585 462 585 333 586 335 586 462 586 462 587 338 587 463 587 463 588 338 588 465 588 335 589 338 589 462 589 338 590 339 590 465 590 465 591 342 591 466 591 466 592 342 592 467 592 339 593 342 593 465 593 342 594 344 594 467 594 467 595 345 595 398 595 344 596 345 596 467 596 470 597 483 597 469 597 471 598 531 598 468 598 472 599 531 599 471 599 473 600 531 600 472 600 474 601 469 601 473 601 473 602 469 602 531 602 483 603 486 603 469 603 475 604 469 604 474 604 476 605 469 605 475 605 477 606 469 606 476 606 478 607 469 607 477 607 479 608 469 608 478 608 486 609 501 609 469 609 480 610 470 610 479 610 479 611 470 611 469 611 481 612 470 612 480 612 482 613 470 613 481 613 484 614 470 614 482 614 485 615 470 615 484 615 487 616 470 616 485 616 488 617 483 617 487 617 487 618 483 618 470 618 489 619 483 619 488 619 490 620 483 620 489 620 491 621 483 621 490 621 492 622 483 622 491 622 501 623 511 623 469 623 493 624 483 624 492 624 494 625 483 625 493 625 495 626 483 626 494 626 495 627 486 627 483 627 496 628 486 628 495 628 497 629 486 629 496 629 498 630 486 630 497 630 499 631 486 631 498 631 511 632 514 632 469 632 500 633 486 633 499 633 502 634 486 634 500 634 502 635 501 635 486 635 503 636 501 636 502 636 504 637 501 637 503 637 505 638 501 638 504 638 506 639 501 639 505 639 507 640 501 640 506 640 514 641 531 641 469 641 508 642 501 642 507 642 509 643 501 643 508 643 510 644 501 644 509 644 510 645 511 645 501 645 512 646 511 646 510 646 513 647 511 647 512 647 515 648 511 648 513 648 516 649 511 649 515 649 517 650 511 650 516 650 518 651 511 651 517 651 519 652 511 652 518 652 520 653 511 653 519 653 520 654 514 654 511 654 521 655 514 655 520 655 522 656 514 656 521 656 523 657 514 657 522 657 524 658 514 658 523 658 525 659 514 659 524 659 526 660 514 660 525 660 527 661 531 661 526 661 526 662 531 662 514 662 528 663 531 663 527 663 529 664 531 664 528 664 530 665 531 665 529 665 532 666 531 666 530 666 533 667 531 667 532 667 534 668 531 668 533 668 468 669 531 669 534 669 468 670 307 670 471 670 305 671 307 671 468 671 471 672 307 672 472 672 307 673 309 673 472 673 472 674 311 674 473 674 309 675 311 675 472 675 311 676 314 676 473 676 473 677 314 677 474 677 314 678 317 678 474 678 474 679 317 679 475 679 317 680 321 680 475 680 475 681 321 681 476 681 476 682 322 682 477 682 321 683 322 683 476 683 477 684 320 684 478 684 322 685 320 685 477 685 320 686 318 686 478 686 478 687 316 687 479 687 318 688 316 688 478 688 316 689 315 689 479 689 479 690 315 690 480 690 480 691 313 691 481 691 315 692 313 692 480 692 481 693 310 693 482 693 313 694 310 694 481 694 482 695 310 695 484 695 310 696 308 696 484 696 484 697 308 697 485 697 485 698 306 698 487 698 308 699 306 699 485 699 487 700 306 700 488 700 306 701 301 701 488 701 488 702 301 702 489 702 489 703 300 703 490 703 301 704 300 704 489 704 300 705 299 705 490 705 299 706 297 706 490 706 490 707 297 707 491 707 297 708 294 708 491 708 491 709 294 709 492 709 492 710 294 710 493 710 294 711 293 711 493 711 293 712 288 712 493 712 493 713 288 713 494 713 494 714 288 714 495 714 288 715 286 715 495 715 495 716 286 716 496 716 286 717 284 717 496 717 496 718 284 718 497 718 284 719 283 719 497 719 497 720 283 720 498 720 283 721 279 721 498 721 498 722 279 722 499 722 279 723 276 723 499 723 499 724 276 724 500 724 276 725 275 725 500 725 500 726 275 726 502 726 275 727 272 727 502 727 502 728 272 728 503 728 272 729 269 729 503 729 503 730 269 730 504 730 504 731 269 731 505 731 269 732 267 732 505 732 505 733 267 733 506 733 267 734 263 734 506 734 506 735 263 735 507 735 263 736 260 736 507 736 260 737 257 737 507 737 507 738 257 738 508 738 508 739 257 739 509 739 257 740 255 740 509 740 255 741 253 741 509 741 509 742 253 742 510 742 253 743 252 743 510 743 510 744 252 744 512 744 252 745 254 745 512 745 512 746 254 746 513 746 513 747 256 747 515 747 254 748 256 748 513 748 515 749 259 749 516 749 256 750 259 750 515 750 259 751 261 751 516 751 516 752 261 752 517 752 261 753 264 753 517 753 264 754 266 754 517 754 517 755 266 755 518 755 518 756 266 756 519 756 266 757 268 757 519 757 268 758 271 758 519 758 519 759 271 759 520 759 271 760 273 760 520 760 520 761 273 761 521 761 273 762 274 762 521 762 521 763 274 763 522 763 274 764 277 764 522 764 522 765 277 765 523 765 277 766 278 766 523 766 523 767 278 767 524 767 278 768 281 768 524 768 524 769 281 769 525 769 525 770 285 770 526 770 281 771 285 771 525 771 526 772 287 772 527 772 285 773 287 773 526 773 287 774 290 774 527 774 527 775 290 775 528 775 290 776 291 776 528 776 528 777 291 777 529 777 291 778 292 778 529 778 529 779 292 779 530 779 292 780 295 780 530 780 530 781 298 781 532 781 295 782 298 782 530 782 532 783 298 783 533 783 298 784 304 784 533 784 533 785 304 785 534 785 534 786 305 786 468 786 304 787 305 787 534 787 2 788 1 788 549 788 1 789 251 789 549 789 549 790 5 790 2 790 549 791 7 791 5 791 302 792 9 792 7 792 302 793 11 793 9 793 302 794 7 794 549 794 535 795 11 795 302 795 535 796 13 796 11 796 535 797 15 797 13 797 535 798 302 798 289 798 536 799 17 799 15 799 536 800 19 800 17 800 536 801 15 801 535 801 536 802 535 802 289 802 536 803 21 803 19 803 536 804 23 804 21 804 536 805 25 805 23 805 536 806 27 806 25 806 537 807 29 807 27 807 537 808 31 808 29 808 537 809 27 809 536 809 537 810 536 810 289 810 537 811 33 811 31 811 537 812 35 812 33 812 537 813 289 813 282 813 537 814 37 814 35 814 537 815 39 815 37 815 537 816 41 816 39 816 537 817 43 817 41 817 537 818 45 818 43 818 537 819 47 819 45 819 537 820 49 820 47 820 537 821 51 821 49 821 538 822 53 822 51 822 538 823 282 823 270 823 538 824 55 824 53 824 538 825 51 825 537 825 538 826 537 826 282 826 538 827 57 827 55 827 538 828 59 828 57 828 538 829 61 829 59 829 538 830 63 830 61 830 538 831 65 831 63 831 538 832 67 832 65 832 539 833 67 833 538 833 539 834 69 834 67 834 539 835 71 835 69 835 539 836 538 836 270 836 539 837 73 837 71 837 539 838 75 838 73 838 539 839 270 839 262 839 539 840 77 840 75 840 539 841 79 841 77 841 540 842 81 842 79 842 540 843 79 843 539 843 540 844 83 844 81 844 540 845 539 845 262 845 540 846 85 846 83 846 540 847 87 847 85 847 540 848 89 848 87 848 540 849 91 849 89 849 540 850 93 850 91 850 540 851 95 851 93 851 540 852 262 852 258 852 540 853 97 853 95 853 540 854 99 854 97 854 541 855 540 855 258 855 541 856 101 856 99 856 541 857 103 857 101 857 541 858 99 858 540 858 541 859 105 859 103 859 541 860 107 860 105 860 541 861 109 861 107 861 541 862 111 862 109 862 541 863 113 863 111 863 541 864 115 864 113 864 541 865 117 865 115 865 541 866 119 866 117 866 541 867 258 867 265 867 542 868 121 868 119 868 542 869 123 869 121 869 542 870 119 870 541 870 542 871 541 871 265 871 542 872 125 872 123 872 542 873 126 873 125 873 542 874 129 874 126 874 542 875 130 875 129 875 542 876 133 876 130 876 542 877 134 877 133 877 543 878 134 878 542 878 543 879 542 879 265 879 543 880 137 880 134 880 543 881 138 881 137 881 543 882 141 882 138 882 543 883 143 883 141 883 543 884 145 884 143 884 543 885 146 885 145 885 543 886 149 886 146 886 543 887 151 887 149 887 543 888 265 888 280 888 543 889 153 889 151 889 543 890 155 890 153 890 543 891 157 891 155 891 543 892 158 892 157 892 543 893 161 893 158 893 543 894 162 894 161 894 544 895 162 895 543 895 544 896 280 896 296 896 544 897 165 897 162 897 544 898 166 898 165 898 544 899 543 899 280 899 544 900 169 900 166 900 544 901 171 901 169 901 544 902 173 902 171 902 544 903 175 903 173 903 544 904 177 904 175 904 544 905 179 905 177 905 545 906 179 906 544 906 545 907 544 907 296 907 545 908 296 908 303 908 545 909 181 909 179 909 545 910 183 910 181 910 546 911 545 911 303 911 546 912 183 912 545 912 546 913 185 913 183 913 546 914 186 914 185 914 546 915 189 915 186 915 546 916 191 916 189 916 546 917 303 917 312 917 546 918 193 918 191 918 546 919 195 919 193 919 547 920 195 920 546 920 547 921 546 921 312 921 547 922 197 922 195 922 547 923 199 923 197 923 547 924 203 924 201 924 547 925 201 925 199 925 547 926 205 926 203 926 547 927 207 927 205 927 547 928 209 928 207 928 547 929 210 929 209 929 547 930 312 930 323 930 547 931 213 931 210 931 547 932 215 932 213 932 547 933 217 933 215 933 547 934 219 934 217 934 548 935 221 935 219 935 548 936 223 936 221 936 548 937 323 937 319 937 548 938 219 938 547 938 548 939 547 939 323 939 548 940 225 940 223 940 548 941 226 941 225 941 548 942 229 942 226 942 548 943 231 943 229 943 548 944 233 944 231 944 548 945 234 945 233 945 548 946 237 946 234 946 548 947 239 947 237 947 548 948 241 948 239 948 548 949 242 949 241 949 319 950 245 950 242 950 319 951 247 951 245 951 319 952 242 952 548 952 549 953 249 953 247 953 549 954 251 954 249 954 549 955 319 955 302 955 549 956 247 956 319 956 250 957 3 957 550 957 3 958 0 958 550 958 550 959 248 959 250 959 550 960 246 960 248 960 550 961 379 961 388 961 550 962 244 962 246 962 550 963 243 963 244 963 551 964 243 964 550 964 551 965 550 965 388 965 551 966 240 966 243 966 551 967 238 967 240 967 551 968 236 968 238 968 551 969 235 969 236 969 551 970 232 970 235 970 551 971 230 971 232 971 551 972 388 972 396 972 551 973 228 973 230 973 551 974 227 974 228 974 552 975 227 975 551 975 552 976 551 976 396 976 552 977 224 977 227 977 552 978 222 978 224 978 552 979 220 979 222 979 552 980 218 980 220 980 552 981 216 981 218 981 552 982 214 982 216 982 552 983 212 983 214 983 552 984 211 984 212 984 552 985 396 985 383 985 552 986 208 986 211 986 552 987 206 987 208 987 553 988 206 988 552 988 553 989 204 989 206 989 553 990 202 990 204 990 553 991 552 991 383 991 553 992 200 992 202 992 553 993 198 993 200 993 553 994 196 994 198 994 553 995 194 995 196 995 553 996 192 996 194 996 553 997 190 997 192 997 554 998 553 998 383 998 554 999 190 999 553 999 554 1000 188 1000 190 1000 554 1001 187 1001 188 1001 554 1002 383 1002 378 1002 554 1003 184 1003 187 1003 554 1004 182 1004 184 1004 554 1005 180 1005 182 1005 554 1006 178 1006 180 1006 554 1007 176 1007 178 1007 554 1008 174 1008 176 1008 554 1009 172 1009 174 1009 554 1010 170 1010 172 1010 554 1011 168 1011 170 1011 554 1012 167 1012 168 1012 554 1013 378 1013 359 1013 555 1014 554 1014 359 1014 555 1015 167 1015 554 1015 555 1016 164 1016 167 1016 555 1017 163 1017 164 1017 555 1018 160 1018 163 1018 555 1019 159 1019 160 1019 555 1020 156 1020 159 1020 555 1021 154 1021 156 1021 555 1022 152 1022 154 1022 555 1023 150 1023 152 1023 556 1024 555 1024 359 1024 556 1025 150 1025 555 1025 556 1026 359 1026 357 1026 556 1027 148 1027 150 1027 556 1028 147 1028 148 1028 556 1029 144 1029 147 1029 556 1030 142 1030 144 1030 556 1031 140 1031 142 1031 556 1032 139 1032 140 1032 556 1033 136 1033 139 1033 556 1034 135 1034 136 1034 557 1035 556 1035 357 1035 557 1036 135 1036 556 1036 557 1037 132 1037 135 1037 557 1038 131 1038 132 1038 557 1039 128 1039 131 1039 557 1040 127 1040 128 1040 557 1041 357 1041 341 1041 557 1042 124 1042 127 1042 557 1043 122 1043 124 1043 557 1044 120 1044 122 1044 557 1045 118 1045 120 1045 558 1046 557 1046 341 1046 558 1047 118 1047 557 1047 558 1048 116 1048 118 1048 558 1049 114 1049 116 1049 558 1050 112 1050 114 1050 558 1051 110 1051 112 1051 558 1052 108 1052 110 1052 558 1053 106 1053 108 1053 559 1054 104 1054 106 1054 559 1055 102 1055 104 1055 559 1056 341 1056 324 1056 559 1057 558 1057 341 1057 559 1058 106 1058 558 1058 559 1059 100 1059 102 1059 559 1060 98 1060 100 1060 560 1061 96 1061 98 1061 560 1062 94 1062 96 1062 560 1063 559 1063 324 1063 560 1064 98 1064 559 1064 560 1065 92 1065 94 1065 560 1066 90 1066 92 1066 560 1067 324 1067 334 1067 560 1068 88 1068 90 1068 560 1069 86 1069 88 1069 560 1070 84 1070 86 1070 560 1071 82 1071 84 1071 560 1072 80 1072 82 1072 560 1073 78 1073 80 1073 561 1074 76 1074 78 1074 561 1075 74 1075 76 1075 561 1076 560 1076 334 1076 561 1077 78 1077 560 1077 561 1078 334 1078 340 1078 561 1079 72 1079 74 1079 561 1080 70 1080 72 1080 562 1081 68 1081 70 1081 562 1082 66 1082 68 1082 562 1083 340 1083 347 1083 562 1084 561 1084 340 1084 562 1085 70 1085 561 1085 563 1086 64 1086 66 1086 563 1087 62 1087 64 1087 563 1088 66 1088 562 1088 563 1089 562 1089 347 1089 563 1090 60 1090 62 1090 563 1091 58 1091 60 1091 563 1092 56 1092 58 1092 563 1093 54 1093 56 1093 563 1094 52 1094 54 1094 563 1095 347 1095 353 1095 563 1096 50 1096 52 1096 563 1097 48 1097 50 1097 563 1098 46 1098 48 1098 563 1099 44 1099 46 1099 563 1100 42 1100 44 1100 563 1101 40 1101 42 1101 563 1102 38 1102 40 1102 564 1103 36 1103 38 1103 564 1104 34 1104 36 1104 564 1105 563 1105 353 1105 564 1106 38 1106 563 1106 564 1107 32 1107 34 1107 564 1108 30 1108 32 1108 564 1109 28 1109 30 1109 564 1110 26 1110 28 1110 564 1111 24 1111 26 1111 564 1112 22 1112 24 1112 565 1113 353 1113 379 1113 565 1114 22 1114 564 1114 565 1115 564 1115 353 1115 565 1116 20 1116 22 1116 565 1117 18 1117 20 1117 565 1118 16 1118 18 1118 565 1119 14 1119 16 1119 565 1120 12 1120 14 1120 565 1121 10 1121 12 1121 550 1122 8 1122 10 1122 550 1123 6 1123 8 1123 550 1124 565 1124 379 1124 550 1125 10 1125 565 1125 550 1126 4 1126 6 1126 550 1127 0 1127 4 1127 567 1128 568 1128 569 1128 579 1129 567 1129 569 1129 589 1130 591 1130 603 1130 589 1131 603 1131 606 1131 588 1132 570 1132 596 1132 585 1133 588 1133 596 1133 572 1134 609 1134 573 1134 572 1135 571 1135 609 1135 595 1136 611 1136 599 1136 581 1137 595 1137 599 1137 571 1138 584 1138 575 1138 585 1139 571 1139 575 1139 588 1140 587 1140 590 1140 589 1141 588 1141 590 1141 579 1142 578 1142 593 1142 583 1143 582 1143 574 1143 583 1144 574 1144 584 1144 583 1145 572 1145 582 1145 583 1146 571 1146 572 1146 583 1147 584 1147 571 1147 586 1148 585 1148 575 1148 586 1149 575 1149 587 1149 586 1150 588 1150 585 1150 586 1151 587 1151 588 1151 590 1152 591 1152 589 1152 591 1153 590 1153 576 1153 591 1154 576 1154 577 1154 592 1155 577 1155 576 1155 592 1156 576 1156 578 1156 592 1157 579 1157 566 1157 592 1158 566 1158 577 1158 592 1159 578 1159 579 1159 593 1160 567 1160 579 1160 593 1161 580 1161 581 1161 593 1162 581 1162 567 1162 594 1163 581 1163 580 1163 594 1164 595 1164 581 1164 594 1165 580 1165 574 1165 594 1166 574 1166 582 1166 594 1167 582 1167 595 1167 606 1168 603 1168 605 1168 570 1169 606 1169 604 1169 609 1170 596 1170 607 1170 609 1171 607 1171 597 1171 611 1172 597 1172 612 1172 599 1173 598 1173 600 1173 614 1174 613 1174 615 1174 605 1175 604 1175 606 1175 608 1176 570 1176 604 1176 608 1177 604 1177 607 1177 608 1178 596 1178 570 1178 608 1179 607 1179 596 1179 610 1180 609 1180 597 1180 610 1181 573 1181 609 1181 610 1182 597 1182 611 1182 610 1183 611 1183 573 1183 598 1184 611 1184 612 1184 598 1185 599 1185 611 1185 568 1186 599 1186 600 1186 569 1187 568 1187 600 1187 600 1188 602 1188 569 1188 600 1189 601 1189 602 1189 613 1190 566 1190 602 1190 613 1191 602 1191 601 1191 613 1192 614 1192 566 1192 614 1193 615 1193 603 1193 605 1194 603 1194 615 1194 605 1195 615 1195 604 1195 616 1196 613 1196 601 1196 617 1197 616 1197 601 1197 619 1198 617 1198 601 1198 618 1199 613 1199 616 1199 619 1200 601 1200 600 1200 618 1201 615 1201 613 1201 620 1202 619 1202 600 1202 621 1203 615 1203 618 1203 621 1204 604 1204 615 1204 620 1205 600 1205 598 1205 623 1206 620 1206 598 1206 622 1207 604 1207 621 1207 624 1208 604 1208 622 1208 625 1209 623 1209 598 1209 612 1210 625 1210 598 1210 604 1211 624 1211 626 1211 607 1212 604 1212 626 1212 612 1213 627 1213 625 1213 597 1214 627 1214 612 1214 607 1215 626 1215 628 1215 597 1216 629 1216 627 1216 597 1217 630 1217 629 1217 607 1218 628 1218 630 1218 597 1219 607 1219 630 1219 631 1220 632 1220 578 1220 576 1221 631 1221 578 1221 578 1222 632 1222 593 1222 632 1223 633 1223 593 1223 576 1224 634 1224 631 1224 633 1225 636 1225 593 1225 576 1226 635 1226 634 1226 593 1227 636 1227 580 1227 590 1228 635 1228 576 1228 636 1229 638 1229 580 1229 590 1230 637 1230 635 1230 590 1231 640 1231 637 1231 639 1232 580 1232 638 1232 590 1233 587 1233 640 1233 639 1234 574 1234 580 1234 640 1235 587 1235 642 1235 641 1236 574 1236 639 1236 642 1237 587 1237 643 1237 644 1238 574 1238 641 1238 587 1239 575 1239 643 1239 645 1240 584 1240 644 1240 644 1241 584 1241 574 1241 643 1242 575 1242 646 1242 575 1243 584 1243 646 1243 646 1244 584 1244 645 1244 599 1245 567 1245 581 1245 599 1246 568 1246 567 1246 611 1247 595 1247 582 1247 573 1248 611 1248 582 1248 573 1249 582 1249 572 1249 609 1250 571 1250 585 1250 596 1251 609 1251 585 1251 606 1252 570 1252 588 1252 606 1253 588 1253 589 1253 603 1254 591 1254 577 1254 614 1255 603 1255 577 1255 614 1256 577 1256 566 1256 602 1257 566 1257 579 1257 569 1258 602 1258 579 1258 627 1259 629 1259 644 1259 644 1260 629 1260 645 1260 629 1261 630 1261 645 1261 645 1262 630 1262 646 1262 630 1263 628 1263 646 1263 646 1264 628 1264 643 1264 628 1265 626 1265 643 1265 643 1266 626 1266 642 1266 626 1267 624 1267 642 1267 642 1268 624 1268 640 1268 624 1269 622 1269 640 1269 640 1270 622 1270 637 1270 622 1271 621 1271 637 1271 637 1272 621 1272 635 1272 635 1273 618 1273 634 1273 621 1274 618 1274 635 1274 618 1275 616 1275 634 1275 634 1276 616 1276 631 1276 631 1277 617 1277 632 1277 616 1278 617 1278 631 1278 617 1279 619 1279 632 1279 632 1280 619 1280 633 1280 619 1281 620 1281 633 1281 633 1282 620 1282 636 1282 636 1283 623 1283 638 1283 620 1284 623 1284 636 1284 638 1285 625 1285 639 1285 623 1286 625 1286 638 1286 639 1287 625 1287 641 1287 625 1288 627 1288 641 1288 641 1289 627 1289 644 1289 648 1290 647 1290 984 1290 650 1291 648 1291 649 1291 650 1292 647 1292 648 1292 651 1293 650 1293 989 1293 651 1294 647 1294 650 1294 651 1295 986 1295 647 1295 653 1296 654 1296 655 1296 655 1297 654 1297 822 1297 822 1298 654 1298 914 1298 656 1299 658 1299 659 1299 657 1300 656 1300 659 1300 661 1301 658 1301 656 1301 661 1302 660 1302 658 1302 664 1303 657 1303 659 1303 664 1304 659 1304 662 1304 661 1305 663 1305 660 1305 665 1306 663 1306 661 1306 664 1307 662 1307 654 1307 664 1308 654 1308 653 1308 665 1309 666 1309 663 1309 667 1310 664 1310 653 1310 667 1311 653 1311 668 1311 669 1312 666 1312 665 1312 669 1313 670 1313 666 1313 671 1314 667 1314 668 1314 673 1315 672 1315 670 1315 673 1316 670 1316 669 1316 674 1317 671 1317 668 1317 676 1318 674 1318 668 1318 675 1319 672 1319 673 1319 676 1320 680 1320 674 1320 678 1321 673 1321 679 1321 678 1322 675 1322 673 1322 677 1323 680 1323 676 1323 678 1324 679 1324 682 1324 684 1325 678 1325 682 1325 681 1326 680 1326 677 1326 684 1327 682 1327 685 1327 683 1328 687 1328 680 1328 683 1329 680 1329 681 1329 686 1330 684 1330 685 1330 688 1331 687 1331 683 1331 688 1332 686 1332 685 1332 688 1333 685 1333 687 1333 689 1334 690 1334 691 1334 691 1335 690 1335 862 1335 694 1336 695 1336 692 1336 693 1337 694 1337 692 1337 698 1338 697 1338 695 1338 698 1339 695 1339 694 1339 699 1340 693 1340 692 1340 699 1341 692 1341 696 1341 699 1342 696 1342 690 1342 699 1343 690 1343 689 1343 698 1344 700 1344 697 1344 701 1345 699 1345 689 1345 703 1346 700 1346 698 1346 703 1347 702 1347 700 1347 701 1348 689 1348 904 1348 703 1349 704 1349 702 1349 705 1350 704 1350 703 1350 705 1351 706 1351 704 1351 707 1352 701 1352 904 1352 710 1353 706 1353 705 1353 710 1354 705 1354 711 1354 904 1355 708 1355 707 1355 709 1356 708 1356 904 1356 714 1357 715 1357 708 1357 714 1358 708 1358 709 1358 712 1359 710 1359 711 1359 712 1360 711 1360 717 1360 713 1361 712 1361 717 1361 718 1362 715 1362 714 1362 716 1363 713 1363 717 1363 716 1364 717 1364 719 1364 718 1365 722 1365 715 1365 720 1366 722 1366 718 1366 721 1367 716 1367 719 1367 721 1368 719 1368 722 1368 720 1369 721 1369 722 1369 724 1370 695 1370 697 1370 723 1371 724 1371 697 1371 728 1372 725 1372 724 1372 728 1373 724 1373 723 1373 727 1374 723 1374 697 1374 730 1375 723 1375 727 1375 727 1376 697 1376 700 1376 735 1377 728 1377 723 1377 729 1378 726 1378 728 1378 732 1379 727 1379 700 1379 735 1380 723 1380 730 1380 730 1381 727 1381 732 1381 736 1382 728 1382 735 1382 736 1383 729 1383 728 1383 732 1384 700 1384 702 1384 734 1385 729 1385 736 1385 734 1386 731 1386 729 1386 739 1387 730 1387 732 1387 733 1388 735 1388 730 1388 740 1389 732 1389 702 1389 734 1390 676 1390 731 1390 734 1391 677 1391 676 1391 733 1392 730 1392 739 1392 737 1393 735 1393 733 1393 738 1394 739 1394 732 1394 741 1395 733 1395 739 1395 737 1396 736 1396 735 1396 743 1397 740 1397 702 1397 737 1398 733 1398 741 1398 738 1399 732 1399 740 1399 743 1400 702 1400 704 1400 742 1401 736 1401 737 1401 744 1402 743 1402 704 1402 742 1403 677 1403 734 1403 742 1404 734 1404 736 1404 742 1405 737 1405 741 1405 742 1406 681 1406 677 1406 748 1407 741 1407 739 1407 745 1408 740 1408 743 1408 745 1409 738 1409 740 1409 747 1410 739 1410 738 1410 747 1411 748 1411 739 1411 747 1412 738 1412 745 1412 746 1413 744 1413 704 1413 746 1414 704 1414 706 1414 742 1415 741 1415 748 1415 742 1416 683 1416 681 1416 752 1417 748 1417 747 1417 749 1418 743 1418 744 1418 752 1419 742 1419 748 1419 752 1420 683 1420 742 1420 749 1421 745 1421 743 1421 750 1422 747 1422 745 1422 749 1423 744 1423 746 1423 751 1424 746 1424 706 1424 752 1425 747 1425 750 1425 753 1426 749 1426 746 1426 751 1427 706 1427 710 1427 753 1428 746 1428 751 1428 750 1429 745 1429 749 1429 754 1430 752 1430 750 1430 758 1431 749 1431 753 1431 756 1432 751 1432 710 1432 754 1433 683 1433 752 1433 757 1434 753 1434 751 1434 758 1435 750 1435 749 1435 755 1436 751 1436 756 1436 754 1437 688 1437 683 1437 757 1438 751 1438 755 1438 758 1439 753 1439 757 1439 762 1440 754 1440 750 1440 759 1441 756 1441 710 1441 762 1442 688 1442 754 1442 762 1443 750 1443 758 1443 761 1444 757 1444 755 1444 759 1445 710 1445 712 1445 765 1446 758 1446 757 1446 765 1447 762 1447 758 1447 760 1448 759 1448 712 1448 763 1449 755 1449 756 1449 763 1450 761 1450 755 1450 760 1451 712 1451 713 1451 763 1452 756 1452 759 1452 765 1453 757 1453 761 1453 764 1454 759 1454 760 1454 762 1455 686 1455 688 1455 764 1456 763 1456 759 1456 769 1457 761 1457 763 1457 767 1458 763 1458 764 1458 768 1459 765 1459 761 1459 766 1460 760 1460 713 1460 765 1461 686 1461 762 1461 769 1462 763 1462 767 1462 766 1463 764 1463 760 1463 771 1464 764 1464 766 1464 772 1465 761 1465 769 1465 771 1466 767 1466 764 1466 772 1467 768 1467 761 1467 770 1468 713 1468 716 1468 770 1469 766 1469 713 1469 768 1470 686 1470 765 1470 768 1471 684 1471 686 1471 774 1472 767 1472 771 1472 770 1473 771 1473 766 1473 773 1474 774 1474 771 1474 774 1475 769 1475 767 1475 775 1476 772 1476 769 1476 775 1477 769 1477 774 1477 776 1478 770 1478 716 1478 772 1479 684 1479 768 1479 777 1480 771 1480 770 1480 776 1481 716 1481 721 1481 777 1482 773 1482 771 1482 777 1483 770 1483 776 1483 773 1484 775 1484 774 1484 779 1485 776 1485 721 1485 778 1486 773 1486 777 1486 785 1487 779 1487 721 1487 775 1488 684 1488 772 1488 780 1489 777 1489 776 1489 778 1490 777 1490 780 1490 781 1491 775 1491 773 1491 781 1492 773 1492 778 1492 782 1493 785 1493 721 1493 782 1494 721 1494 720 1494 781 1495 684 1495 775 1495 781 1496 678 1496 684 1496 780 1497 776 1497 779 1497 783 1498 780 1498 779 1498 784 1499 781 1499 778 1499 787 1500 778 1500 780 1500 783 1501 779 1501 785 1501 784 1502 778 1502 787 1502 784 1503 678 1503 781 1503 787 1504 780 1504 783 1504 786 1505 782 1505 720 1505 790 1506 785 1506 782 1506 784 1507 675 1507 678 1507 790 1508 782 1508 786 1508 790 1509 783 1509 785 1509 788 1510 787 1510 783 1510 789 1511 720 1511 718 1511 789 1512 786 1512 720 1512 791 1513 784 1513 787 1513 791 1514 675 1514 784 1514 795 1515 790 1515 786 1515 792 1516 788 1516 783 1516 791 1517 787 1517 788 1517 793 1518 786 1518 789 1518 794 1519 783 1519 790 1519 791 1520 672 1520 675 1520 795 1521 786 1521 793 1521 792 1522 783 1522 794 1522 788 1523 672 1523 791 1523 794 1524 790 1524 795 1524 796 1525 789 1525 718 1525 796 1526 718 1526 714 1526 792 1527 672 1527 788 1527 793 1528 789 1528 796 1528 802 1529 672 1529 792 1529 798 1530 793 1530 796 1530 800 1531 794 1531 795 1531 802 1532 792 1532 794 1532 797 1533 795 1533 793 1533 806 1534 796 1534 714 1534 802 1535 670 1535 672 1535 797 1536 800 1536 795 1536 802 1537 794 1537 800 1537 799 1538 806 1538 714 1538 801 1539 798 1539 796 1539 798 1540 797 1540 793 1540 803 1541 800 1541 797 1541 807 1542 798 1542 801 1542 801 1543 796 1543 806 1543 804 1544 799 1544 714 1544 804 1545 714 1545 709 1545 805 1546 800 1546 803 1546 805 1547 670 1547 802 1547 805 1548 802 1548 800 1548 808 1549 797 1549 798 1549 808 1550 803 1550 797 1550 805 1551 666 1551 670 1551 807 1552 808 1552 798 1552 809 1553 803 1553 808 1553 801 1554 806 1554 799 1554 805 1555 803 1555 809 1555 810 1556 807 1556 801 1556 813 1557 808 1557 807 1557 812 1558 709 1558 904 1558 812 1559 804 1559 709 1559 809 1560 666 1560 805 1560 815 1561 799 1561 804 1561 810 1562 801 1562 799 1562 811 1563 808 1563 813 1563 813 1564 807 1564 810 1564 912 1565 812 1565 904 1565 811 1566 809 1566 808 1566 811 1567 666 1567 809 1567 815 1568 804 1568 812 1568 816 1569 810 1569 799 1569 811 1570 663 1570 666 1570 816 1571 799 1571 815 1571 817 1572 810 1572 816 1572 817 1573 813 1573 810 1573 814 1574 811 1574 813 1574 814 1575 663 1575 811 1575 814 1576 813 1576 817 1576 818 1577 816 1577 815 1577 819 1578 816 1578 818 1578 817 1579 816 1579 819 1579 820 1580 814 1580 817 1580 820 1581 663 1581 814 1581 820 1582 660 1582 663 1582 821 1583 817 1583 819 1583 821 1584 658 1584 660 1584 821 1585 660 1585 820 1585 821 1586 820 1586 817 1586 822 1587 823 1587 824 1587 825 1588 826 1588 827 1588 825 1589 824 1589 826 1589 825 1590 822 1590 824 1590 825 1591 655 1591 822 1591 825 1592 828 1592 829 1592 825 1593 827 1593 828 1593 830 1594 829 1594 831 1594 830 1595 825 1595 829 1595 830 1596 831 1596 832 1596 830 1597 655 1597 825 1597 830 1598 832 1598 833 1598 830 1599 653 1599 655 1599 837 1600 833 1600 834 1600 837 1601 830 1601 833 1601 837 1602 835 1602 836 1602 837 1603 834 1603 835 1603 838 1604 839 1604 841 1604 838 1605 836 1605 839 1605 838 1606 837 1606 836 1606 840 1607 838 1607 841 1607 840 1608 841 1608 842 1608 837 1609 653 1609 830 1609 843 1610 840 1610 842 1610 859 1611 843 1611 842 1611 859 1612 842 1612 844 1612 859 1613 844 1613 845 1613 865 1614 859 1614 845 1614 865 1615 845 1615 846 1615 855 1616 668 1616 653 1616 855 1617 653 1617 837 1617 865 1618 846 1618 847 1618 848 1619 865 1619 847 1619 848 1620 847 1620 849 1620 848 1621 849 1621 850 1621 838 1622 855 1622 837 1622 851 1623 850 1623 852 1623 851 1624 848 1624 850 1624 851 1625 853 1625 854 1625 851 1626 852 1626 853 1626 866 1627 851 1627 854 1627 866 1628 854 1628 856 1628 863 1629 668 1629 855 1629 866 1630 856 1630 857 1630 838 1631 863 1631 855 1631 866 1632 857 1632 858 1632 863 1633 676 1633 668 1633 862 1634 860 1634 861 1634 862 1635 858 1635 860 1635 862 1636 866 1636 858 1636 862 1637 690 1637 866 1637 863 1638 731 1638 676 1638 866 1639 690 1639 696 1639 862 1640 861 1640 864 1640 840 1641 863 1641 838 1641 840 1642 729 1642 731 1642 840 1643 731 1643 863 1643 866 1644 696 1644 692 1644 871 1645 862 1645 864 1645 871 1646 864 1646 867 1646 870 1647 866 1647 692 1647 870 1648 851 1648 866 1648 870 1649 848 1649 851 1649 843 1650 729 1650 840 1650 871 1651 867 1651 868 1651 843 1652 726 1652 729 1652 871 1653 868 1653 869 1653 871 1654 691 1654 862 1654 726 1655 859 1655 865 1655 726 1656 843 1656 859 1656 871 1657 872 1657 873 1657 871 1658 869 1658 872 1658 725 1659 726 1659 865 1659 725 1660 728 1660 726 1660 874 1661 871 1661 873 1661 865 1662 724 1662 725 1662 874 1663 873 1663 875 1663 874 1664 691 1664 871 1664 724 1665 865 1665 848 1665 874 1666 875 1666 876 1666 870 1667 695 1667 724 1667 870 1668 724 1668 848 1668 870 1669 692 1669 695 1669 874 1670 876 1670 877 1670 878 1671 879 1671 880 1671 878 1672 877 1672 879 1672 878 1673 874 1673 877 1673 878 1674 691 1674 874 1674 878 1675 689 1675 691 1675 878 1676 881 1676 882 1676 878 1677 880 1677 881 1677 896 1678 882 1678 883 1678 896 1679 878 1679 882 1679 896 1680 883 1680 884 1680 887 1681 885 1681 886 1681 887 1682 884 1682 885 1682 887 1683 896 1683 884 1683 887 1684 886 1684 889 1684 888 1685 887 1685 889 1685 888 1686 889 1686 890 1686 896 1687 689 1687 878 1687 912 1688 887 1688 888 1688 888 1689 890 1689 891 1689 918 1690 891 1690 892 1690 918 1691 888 1691 891 1691 918 1692 892 1692 893 1692 894 1693 918 1693 893 1693 894 1694 893 1694 895 1694 896 1695 904 1695 689 1695 894 1696 895 1696 897 1696 919 1697 918 1697 894 1697 920 1698 897 1698 898 1698 920 1699 894 1699 897 1699 887 1700 904 1700 896 1700 920 1701 898 1701 899 1701 900 1702 899 1702 901 1702 900 1703 920 1703 899 1703 921 1704 901 1704 902 1704 921 1705 900 1705 901 1705 921 1706 902 1706 903 1706 912 1707 904 1707 887 1707 910 1708 903 1708 905 1708 910 1709 921 1709 903 1709 910 1710 905 1710 906 1710 910 1711 906 1711 907 1711 914 1712 908 1712 909 1712 914 1713 907 1713 908 1713 914 1714 910 1714 907 1714 910 1715 914 1715 654 1715 910 1716 654 1716 662 1716 914 1717 911 1717 913 1717 914 1718 909 1718 911 1718 910 1719 662 1719 921 1719 822 1720 913 1720 916 1720 822 1721 914 1721 913 1721 915 1722 912 1722 888 1722 915 1723 812 1723 912 1723 822 1724 916 1724 917 1724 921 1725 662 1725 659 1725 915 1726 815 1726 812 1726 915 1727 888 1727 918 1727 822 1728 917 1728 823 1728 818 1729 915 1729 918 1729 818 1730 815 1730 915 1730 818 1731 918 1731 919 1731 921 1732 659 1732 900 1732 819 1733 818 1733 919 1733 894 1734 821 1734 819 1734 894 1735 819 1735 919 1735 920 1736 821 1736 894 1736 900 1737 659 1737 658 1737 920 1738 900 1738 658 1738 920 1739 658 1739 821 1739 923 1740 823 1740 917 1740 923 1741 922 1741 823 1741 924 1742 917 1742 916 1742 924 1743 923 1743 917 1743 925 1744 916 1744 913 1744 925 1745 924 1745 916 1745 925 1746 913 1746 911 1746 926 1747 925 1747 911 1747 926 1748 911 1748 909 1748 927 1749 909 1749 908 1749 927 1750 908 1750 907 1750 927 1751 926 1751 909 1751 928 1752 927 1752 907 1752 928 1753 907 1753 906 1753 929 1754 928 1754 906 1754 929 1755 906 1755 905 1755 930 1756 929 1756 905 1756 930 1757 905 1757 903 1757 931 1758 930 1758 903 1758 931 1759 903 1759 902 1759 932 1760 931 1760 902 1760 933 1761 932 1761 902 1761 933 1762 902 1762 901 1762 933 1763 901 1763 899 1763 934 1764 933 1764 899 1764 934 1765 899 1765 898 1765 935 1766 898 1766 897 1766 935 1767 934 1767 898 1767 936 1768 935 1768 897 1768 936 1769 897 1769 895 1769 937 1770 895 1770 893 1770 937 1771 936 1771 895 1771 938 1772 893 1772 892 1772 938 1773 937 1773 893 1773 939 1774 938 1774 892 1774 939 1775 892 1775 891 1775 940 1776 891 1776 890 1776 940 1777 939 1777 891 1777 941 1778 940 1778 890 1778 941 1779 890 1779 889 1779 942 1780 941 1780 889 1780 942 1781 889 1781 886 1781 943 1782 942 1782 886 1782 944 1783 943 1783 886 1783 944 1784 886 1784 885 1784 944 1785 885 1785 884 1785 945 1786 944 1786 884 1786 945 1787 884 1787 883 1787 946 1788 945 1788 883 1788 946 1789 883 1789 882 1789 947 1790 946 1790 882 1790 947 1791 882 1791 881 1791 948 1792 947 1792 881 1792 948 1793 881 1793 880 1793 949 1794 948 1794 880 1794 949 1795 880 1795 879 1795 950 1796 949 1796 879 1796 950 1797 879 1797 877 1797 951 1798 950 1798 877 1798 951 1799 877 1799 876 1799 952 1800 951 1800 876 1800 952 1801 876 1801 875 1801 953 1802 952 1802 875 1802 953 1803 875 1803 873 1803 954 1804 953 1804 873 1804 954 1805 873 1805 872 1805 955 1806 954 1806 872 1806 955 1807 872 1807 869 1807 956 1808 955 1808 869 1808 956 1809 869 1809 868 1809 957 1810 956 1810 868 1810 957 1811 868 1811 867 1811 958 1812 957 1812 867 1812 958 1813 867 1813 864 1813 959 1814 958 1814 864 1814 959 1815 864 1815 861 1815 960 1816 860 1816 858 1816 960 1817 959 1817 861 1817 960 1818 861 1818 860 1818 961 1819 960 1819 858 1819 962 1820 858 1820 857 1820 962 1821 961 1821 858 1821 962 1822 857 1822 856 1822 963 1823 856 1823 854 1823 963 1824 962 1824 856 1824 964 1825 854 1825 853 1825 964 1826 963 1826 854 1826 965 1827 853 1827 852 1827 965 1828 964 1828 853 1828 965 1829 852 1829 850 1829 966 1830 965 1830 850 1830 966 1831 850 1831 849 1831 967 1832 966 1832 849 1832 967 1833 849 1833 847 1833 968 1834 967 1834 847 1834 968 1835 847 1835 846 1835 969 1836 846 1836 845 1836 969 1837 968 1837 846 1837 970 1838 845 1838 844 1838 970 1839 969 1839 845 1839 971 1840 844 1840 842 1840 971 1841 970 1841 844 1841 972 1842 842 1842 841 1842 972 1843 971 1843 842 1843 972 1844 841 1844 839 1844 973 1845 972 1845 839 1845 973 1846 839 1846 836 1846 974 1847 973 1847 836 1847 974 1848 836 1848 835 1848 975 1849 974 1849 835 1849 975 1850 835 1850 834 1850 976 1851 834 1851 833 1851 976 1852 975 1852 834 1852 977 1853 976 1853 833 1853 977 1854 833 1854 832 1854 978 1855 977 1855 832 1855 978 1856 832 1856 831 1856 979 1857 978 1857 831 1857 979 1858 831 1858 829 1858 980 1859 979 1859 829 1859 980 1860 829 1860 828 1860 981 1861 980 1861 828 1861 981 1862 828 1862 827 1862 982 1863 981 1863 827 1863 982 1864 827 1864 826 1864 983 1865 982 1865 826 1865 983 1866 826 1866 824 1866 922 1867 824 1867 823 1867 922 1868 983 1868 824 1868 983 1869 922 1869 648 1869 648 1870 982 1870 983 1870 648 1871 981 1871 982 1871 648 1872 980 1872 981 1872 648 1873 979 1873 980 1873 984 1874 978 1874 979 1874 984 1875 979 1875 648 1875 984 1876 977 1876 978 1876 984 1877 976 1877 977 1877 984 1878 975 1878 976 1878 984 1879 974 1879 975 1879 984 1880 973 1880 974 1880 984 1881 972 1881 973 1881 985 1882 984 1882 647 1882 984 1883 971 1883 972 1883 985 1884 971 1884 984 1884 985 1885 970 1885 971 1885 985 1886 969 1886 970 1886 985 1887 968 1887 969 1887 985 1888 967 1888 968 1888 985 1889 966 1889 967 1889 985 1890 647 1890 986 1890 985 1891 965 1891 966 1891 985 1892 963 1892 964 1892 985 1893 964 1893 965 1893 986 1894 962 1894 963 1894 986 1895 963 1895 985 1895 986 1896 961 1896 962 1896 986 1897 959 1897 960 1897 986 1898 960 1898 961 1898 986 1899 958 1899 959 1899 986 1900 957 1900 958 1900 986 1901 956 1901 957 1901 986 1902 651 1902 987 1902 986 1903 955 1903 956 1903 986 1904 954 1904 955 1904 987 1905 953 1905 954 1905 987 1906 954 1906 986 1906 987 1907 952 1907 953 1907 987 1908 951 1908 952 1908 987 1909 950 1909 951 1909 987 1910 948 1910 949 1910 987 1911 949 1911 950 1911 652 1912 987 1912 651 1912 987 1913 947 1913 948 1913 652 1914 945 1914 946 1914 652 1915 946 1915 947 1915 652 1916 947 1916 987 1916 652 1917 943 1917 944 1917 652 1918 944 1918 945 1918 988 1919 652 1919 651 1919 652 1920 942 1920 943 1920 988 1921 941 1921 942 1921 988 1922 942 1922 652 1922 988 1923 939 1923 940 1923 988 1924 940 1924 941 1924 988 1925 937 1925 938 1925 988 1926 938 1926 939 1926 989 1927 988 1927 651 1927 988 1928 936 1928 937 1928 989 1929 936 1929 988 1929 989 1930 934 1930 935 1930 989 1931 935 1931 936 1931 989 1932 933 1932 934 1932 989 1933 932 1933 933 1933 989 1934 931 1934 932 1934 989 1935 930 1935 931 1935 989 1936 929 1936 930 1936 649 1937 989 1937 650 1937 989 1938 928 1938 929 1938 649 1939 928 1939 989 1939 649 1940 926 1940 927 1940 649 1941 927 1941 928 1941 649 1942 925 1942 926 1942 649 1943 924 1943 925 1943 648 1944 924 1944 649 1944 648 1945 923 1945 924 1945 648 1946 922 1946 923 1946 722 1947 990 1947 715 1947 722 1948 991 1948 990 1948 719 1949 991 1949 722 1949 719 1950 992 1950 991 1950 717 1951 992 1951 719 1951 717 1952 993 1952 992 1952 711 1953 993 1953 717 1953 711 1954 994 1954 993 1954 705 1955 994 1955 711 1955 705 1956 995 1956 994 1956 703 1957 995 1957 705 1957 703 1958 997 1958 995 1958 698 1959 997 1959 703 1959 698 1960 996 1960 997 1960 694 1961 998 1961 698 1961 698 1962 998 1962 996 1962 693 1963 999 1963 694 1963 694 1964 999 1964 998 1964 693 1965 1000 1965 999 1965 699 1966 1000 1966 693 1966 701 1967 1001 1967 699 1967 699 1968 1001 1968 1000 1968 701 1969 1002 1969 1001 1969 707 1970 1002 1970 701 1970 707 1971 1003 1971 1002 1971 708 1972 1004 1972 707 1972 707 1973 1004 1973 1003 1973 715 1974 990 1974 708 1974 708 1975 990 1975 1004 1975 1005 1976 1006 1976 1009 1976 1005 1977 1007 1977 1006 1977 1005 1978 1009 1978 1008 1978 1007 1979 1012 1979 1006 1979 1006 1980 1091 1980 1009 1980 1059 1981 1010 1981 1007 1981 1012 1982 1091 1982 1006 1982 1007 1983 1010 1983 1012 1983 1011 1984 1009 1984 1091 1984 1091 1985 1012 1985 1015 1985 1011 1986 1008 1986 1009 1986 1013 1987 1014 1987 1059 1987 1012 1988 1010 1988 1015 1988 1070 1989 1014 1989 1013 1989 1059 1990 1016 1990 1010 1990 1014 1991 1016 1991 1059 1991 1010 1992 1016 1992 1015 1992 1023 1993 1017 1993 1011 1993 1011 1994 1017 1994 1008 1994 1008 1995 1017 1995 1019 1995 1015 1996 1016 1996 1090 1996 1014 1997 1018 1997 1016 1997 1016 1998 1018 1998 1090 1998 1008 1999 1019 1999 1021 1999 1008 2000 1021 2000 1005 2000 1020 2001 1022 2001 1070 2001 1019 2002 1025 2002 1021 2002 1070 2003 1022 2003 1014 2003 1017 2004 1031 2004 1019 2004 1090 2005 1018 2005 1024 2005 1029 2006 1031 2006 1017 2006 1023 2007 1029 2007 1017 2007 1022 2008 1018 2008 1014 2008 1025 2009 1027 2009 1021 2009 1019 2010 1030 2010 1025 2010 1031 2011 1030 2011 1019 2011 1020 2012 1026 2012 1022 2012 1021 2013 1038 2013 1005 2013 1035 2014 1029 2014 1023 2014 1030 2015 1034 2015 1025 2015 1018 2016 1028 2016 1024 2016 1022 2017 1028 2017 1018 2017 1027 2018 1038 2018 1021 2018 1024 2019 1028 2019 1087 2019 1026 2020 1028 2020 1022 2020 1031 2021 1032 2021 1030 2021 1029 2022 1033 2022 1031 2022 1031 2023 1033 2023 1032 2023 1027 2024 1025 2024 1004 2024 990 2025 1027 2025 1004 2025 1032 2026 1034 2026 1030 2026 1004 2027 1025 2027 1003 2027 1026 2028 1036 2028 1028 2028 1037 2029 1036 2029 1026 2029 1025 2030 1034 2030 1003 2030 990 2031 1038 2031 1027 2031 1035 2032 1042 2032 1029 2032 1042 2033 1033 2033 1029 2033 1033 2034 1040 2034 1032 2034 1028 2035 1036 2035 1087 2035 1003 2036 1034 2036 1002 2036 1040 2037 1041 2037 1032 2037 1037 2038 1045 2038 1036 2038 1032 2039 1041 2039 1034 2039 1042 2040 1039 2040 1033 2040 1044 2041 1005 2041 1038 2041 1041 2042 1002 2042 1034 2042 1039 2043 1043 2043 1033 2043 1087 2044 1036 2044 1086 2044 1038 2045 990 2045 1044 2045 1033 2046 1043 2046 1040 2046 1079 2047 1046 2047 1037 2047 1083 2048 1039 2048 1042 2048 1046 2049 1045 2049 1037 2049 1041 2050 1001 2050 1002 2050 1045 2051 1086 2051 1036 2051 1040 2052 1051 2052 1041 2052 1083 2053 1048 2053 1039 2053 1043 2054 1050 2054 1040 2054 1041 2055 1051 2055 1001 2055 1040 2056 1050 2056 1051 2056 991 2057 1047 2057 990 2057 990 2058 1047 2058 1044 2058 1048 2059 1043 2059 1039 2059 1045 2060 1046 2060 1086 2060 1005 2061 1044 2061 1007 2061 1001 2062 1051 2062 1000 2062 1046 2063 1056 2063 1086 2063 1047 2064 1049 2064 1044 2064 1043 2065 1052 2065 1050 2065 1044 2066 1049 2066 1007 2066 1048 2067 1052 2067 1043 2067 1050 2068 1058 2068 1051 2068 1047 2069 1054 2069 1049 2069 1007 2070 1049 2070 1059 2070 1052 2071 1058 2071 1050 2071 1083 2072 1084 2072 1048 2072 1086 2073 1056 2073 1085 2073 1048 2074 1057 2074 1052 2074 991 2075 1054 2075 1047 2075 1052 2076 1055 2076 1058 2076 1053 2077 1056 2077 1046 2077 1057 2078 1055 2078 1052 2078 1084 2079 1057 2079 1048 2079 1054 2080 1059 2080 1049 2080 1053 2081 1082 2081 1056 2081 991 2082 992 2082 1054 2082 1054 2083 1013 2083 1059 2083 1051 2084 1058 2084 1000 2084 1084 2085 1065 2085 1057 2085 1056 2086 1061 2086 1085 2086 1057 2087 1066 2087 1055 2087 1085 2088 1061 2088 1060 2088 992 2089 1013 2089 1054 2089 1062 2090 1065 2090 1084 2090 1055 2091 1064 2091 1058 2091 1058 2092 1064 2092 1000 2092 1000 2093 1064 2093 999 2093 1069 2094 1065 2094 1062 2094 1055 2095 1066 2095 1064 2095 1060 2096 1061 2096 1062 2096 1082 2097 1061 2097 1056 2097 992 2098 1063 2098 1013 2098 1063 2099 1070 2099 1013 2099 1061 2100 1069 2100 1062 2100 1057 2101 1065 2101 1066 2101 1066 2102 1067 2102 1064 2102 1064 2103 1067 2103 999 2103 992 2104 1071 2104 1063 2104 1065 2105 1068 2105 1066 2105 1071 2106 1020 2106 1063 2106 1063 2107 1020 2107 1070 2107 993 2108 1071 2108 992 2108 999 2109 1067 2109 998 2109 1068 2110 1067 2110 1066 2110 1082 2111 1072 2111 1061 2111 1069 2112 1072 2112 1065 2112 1061 2113 1072 2113 1069 2113 1065 2114 1072 2114 1068 2114 1068 2115 1073 2115 1067 2115 1071 2116 1074 2116 1020 2116 993 2117 1075 2117 1071 2117 1075 2118 1074 2118 1071 2118 1067 2119 1073 2119 998 2119 994 2120 1075 2120 993 2120 998 2121 1073 2121 996 2121 1020 2122 1074 2122 1026 2122 1068 2123 1072 2123 1073 2123 1072 2124 1076 2124 1073 2124 1073 2125 1076 2125 996 2125 1026 2126 1074 2126 1037 2126 994 2127 1077 2127 1075 2127 995 2128 1077 2128 994 2128 1075 2129 1037 2129 1074 2129 996 2130 1076 2130 997 2130 1077 2131 1037 2131 1075 2131 995 2132 1080 2132 1077 2132 1076 2133 1081 2133 997 2133 1072 2134 1082 2134 1076 2134 995 2135 1078 2135 1080 2135 997 2136 1078 2136 995 2136 1076 2137 1082 2137 1081 2137 1081 2138 1078 2138 997 2138 1080 2139 1079 2139 1077 2139 1077 2140 1079 2140 1037 2140 1078 2141 1079 2141 1080 2141 1081 2142 1053 2142 1078 2142 1078 2143 1053 2143 1079 2143 1046 2144 1079 2144 1053 2144 1082 2145 1053 2145 1081 2145 667 2146 1083 2146 664 2146 671 2147 1084 2147 667 2147 667 2148 1084 2148 1083 2148 674 2149 1084 2149 671 2149 674 2150 1062 2150 1084 2150 680 2151 1060 2151 674 2151 674 2152 1060 2152 1062 2152 680 2153 1085 2153 1060 2153 687 2154 1085 2154 680 2154 687 2155 1086 2155 1085 2155 685 2156 1086 2156 687 2156 685 2157 1087 2157 1086 2157 685 2158 1088 2158 1087 2158 682 2159 1088 2159 685 2159 1087 2160 1088 2160 1024 2160 1088 2161 1089 2161 1024 2161 682 2162 1089 2162 1088 2162 679 2163 1089 2163 682 2163 1024 2164 1089 2164 1090 2164 673 2165 1090 2165 679 2165 679 2166 1090 2166 1089 2166 673 2167 1015 2167 1090 2167 673 2168 1091 2168 1015 2168 669 2169 1091 2169 673 2169 665 2170 1091 2170 669 2170 665 2171 1011 2171 1091 2171 661 2172 1011 2172 665 2172 661 2173 1023 2173 1011 2173 656 2174 1023 2174 661 2174 656 2175 1035 2175 1023 2175 657 2176 1035 2176 656 2176 657 2177 1092 2177 1035 2177 1035 2178 1092 2178 1042 2178 664 2179 1042 2179 657 2179 657 2180 1042 2180 1092 2180 664 2181 1083 2181 1042 2181 1095 2182 1093 2182 1094 2182 1095 2183 1094 2183 1096 2183 1095 2184 1097 2184 1093 2184 1101 2185 1095 2185 1096 2185 1095 2186 1098 2186 1097 2186 1101 2187 1096 2187 1186 2187 1098 2188 1095 2188 1099 2188 1100 2189 1101 2189 1186 2189 1102 2190 1098 2190 1099 2190 1104 2191 1101 2191 1100 2191 1103 2192 1102 2192 1099 2192 1104 2193 1103 2193 1099 2193 1104 2194 1099 2194 1101 2194 1106 2195 1147 2195 1105 2195 1106 2196 1107 2196 1147 2196 1106 2197 1105 2197 1183 2197 1106 2198 1183 2198 1109 2198 1106 2199 1108 2199 1107 2199 1110 2200 1106 2200 1109 2200 1111 2201 1108 2201 1106 2201 1112 2202 1111 2202 1106 2202 1112 2203 1106 2203 1110 2203 1115 2204 1227 2204 1156 2204 1115 2205 1121 2205 1113 2205 1117 2206 1124 2206 1225 2206 1121 2207 1116 2207 1113 2207 1124 2208 1234 2208 1114 2208 1118 2209 1098 2209 1119 2209 1117 2210 1233 2210 1097 2210 1118 2211 1097 2211 1098 2211 1120 2212 1117 2212 1097 2212 1120 2213 1124 2213 1117 2213 1216 2214 1234 2214 1124 2214 1123 2215 1097 2215 1118 2215 1120 2216 1097 2216 1123 2216 1170 2217 1121 2217 1115 2217 1125 2218 1116 2218 1121 2218 1125 2219 1119 2219 1116 2219 1122 2220 1118 2220 1119 2220 1122 2221 1123 2221 1118 2221 1122 2222 1119 2222 1125 2222 1125 2223 1121 2223 1170 2223 1127 2224 1120 2224 1123 2224 1126 2225 1122 2225 1125 2225 1126 2226 1123 2226 1122 2226 1127 2227 1123 2227 1126 2227 1216 2228 1124 2228 1127 2228 1127 2229 1124 2229 1120 2229 1170 2230 1198 2230 1125 2230 1126 2231 1125 2231 1198 2231 1212 2232 1127 2232 1126 2232 1216 2233 1127 2233 1212 2233 1128 2234 1165 2234 1138 2234 1129 2235 1185 2235 1128 2235 1129 2236 1204 2236 1185 2236 1129 2237 1128 2237 1131 2237 1131 2238 1128 2238 1138 2238 1130 2239 1204 2239 1129 2239 1133 2240 1129 2240 1131 2240 1137 2241 1130 2241 1129 2241 1134 2242 1201 2242 1204 2242 1134 2243 1204 2243 1130 2243 1136 2244 1133 2244 1131 2244 1132 2245 1201 2245 1134 2245 1137 2246 1129 2246 1133 2246 1135 2247 1137 2247 1133 2247 1141 2248 1134 2248 1130 2248 1135 2249 1133 2249 1136 2249 1146 2250 1132 2250 1134 2250 1146 2251 1223 2251 1132 2251 1140 2252 1136 2252 1131 2252 1141 2253 1139 2253 1134 2253 1149 2254 1131 2254 1138 2254 1149 2255 1140 2255 1131 2255 1146 2256 1134 2256 1139 2256 1141 2257 1130 2257 1137 2257 1135 2258 1107 2258 1108 2258 1137 2259 1135 2259 1108 2259 1143 2260 1141 2260 1137 2260 1145 2261 1139 2261 1141 2261 1136 2262 1107 2262 1135 2262 1142 2263 1149 2263 1138 2263 1137 2264 1108 2264 1143 2264 1144 2265 1139 2265 1145 2265 1165 2266 1150 2266 1138 2266 1136 2267 1140 2267 1147 2267 1142 2268 1138 2268 1150 2268 1143 2269 1145 2269 1141 2269 1147 2270 1107 2270 1136 2270 1144 2271 1146 2271 1139 2271 1148 2272 1223 2272 1146 2272 1157 2273 1147 2273 1140 2273 1160 2274 1149 2274 1142 2274 1148 2275 1146 2275 1144 2275 1157 2276 1140 2276 1149 2276 1152 2277 1145 2277 1143 2277 1144 2278 1145 2278 1152 2278 1152 2279 1143 2279 1108 2279 1153 2280 1160 2280 1142 2280 1151 2281 1142 2281 1150 2281 1151 2282 1153 2282 1142 2282 1154 2283 1148 2283 1144 2283 1155 2284 1156 2284 1148 2284 1152 2285 1108 2285 1111 2285 1160 2286 1157 2286 1149 2286 1154 2287 1155 2287 1148 2287 1154 2288 1144 2288 1152 2288 1157 2289 1105 2289 1147 2289 1159 2290 1153 2290 1151 2290 1162 2291 1160 2291 1153 2291 1167 2292 1150 2292 1173 2292 1164 2293 1154 2293 1152 2293 1164 2294 1152 2294 1111 2294 1161 2295 1155 2295 1154 2295 1167 2296 1151 2296 1150 2296 1173 2297 1150 2297 1165 2297 1169 2298 1115 2298 1156 2298 1169 2299 1156 2299 1155 2299 1163 2300 1157 2300 1160 2300 1174 2301 1105 2301 1157 2301 1158 2302 1153 2302 1159 2302 1166 2303 1167 2303 1173 2303 1158 2304 1162 2304 1153 2304 1161 2305 1169 2305 1155 2305 1167 2306 1159 2306 1151 2306 1162 2307 1163 2307 1160 2307 1164 2308 1111 2308 1112 2308 1164 2309 1161 2309 1154 2309 1172 2310 1159 2310 1167 2310 1174 2311 1157 2311 1163 2311 1168 2312 1174 2312 1163 2312 1175 2313 1161 2313 1164 2313 1180 2314 1158 2314 1159 2314 1170 2315 1115 2315 1169 2315 1181 2316 1165 2316 1128 2316 1172 2317 1167 2317 1166 2317 1180 2318 1159 2318 1172 2318 1175 2319 1164 2319 1112 2319 1171 2320 1162 2320 1158 2320 1176 2321 1170 2321 1169 2321 1176 2322 1169 2322 1161 2322 1182 2323 1173 2323 1165 2323 1171 2324 1163 2324 1162 2324 1171 2325 1168 2325 1163 2325 1177 2326 1171 2326 1158 2326 1183 2327 1105 2327 1174 2327 1179 2328 1166 2328 1173 2328 1178 2329 1174 2329 1168 2329 1177 2330 1158 2330 1180 2330 1182 2331 1165 2331 1181 2331 1178 2332 1183 2332 1174 2332 1166 2333 1100 2333 1172 2333 1175 2334 1176 2334 1161 2334 1182 2335 1179 2335 1173 2335 1186 2336 1180 2336 1172 2336 1172 2337 1100 2337 1186 2337 1199 2338 1168 2338 1171 2338 1181 2339 1128 2339 1185 2339 1190 2340 1176 2340 1175 2340 1195 2341 1182 2341 1181 2341 1179 2342 1100 2342 1166 2342 1179 2343 1104 2343 1100 2343 1190 2344 1175 2344 1112 2344 1192 2345 1183 2345 1178 2345 1194 2346 1178 2346 1168 2346 1189 2347 1179 2347 1182 2347 1196 2348 1177 2348 1180 2348 1184 2349 1171 2349 1177 2349 1187 2350 1170 2350 1176 2350 1189 2351 1104 2351 1179 2351 1184 2352 1199 2352 1171 2352 1203 2353 1109 2353 1183 2353 1187 2354 1176 2354 1190 2354 1188 2355 1195 2355 1181 2355 1203 2356 1183 2356 1192 2356 1187 2357 1198 2357 1170 2357 1196 2358 1180 2358 1186 2358 1192 2359 1178 2359 1194 2359 1195 2360 1189 2360 1182 2360 1199 2361 1194 2361 1168 2361 1188 2362 1181 2362 1185 2362 1186 2363 1096 2363 1196 2363 1204 2364 1188 2364 1185 2364 1209 2365 1184 2365 1177 2365 1191 2366 1190 2366 1112 2366 1209 2367 1177 2367 1196 2367 1191 2368 1112 2368 1110 2368 1193 2369 1195 2369 1188 2369 1206 2370 1199 2370 1184 2370 1209 2371 1206 2371 1184 2371 1208 2372 1194 2372 1199 2372 1197 2373 1187 2373 1190 2373 1197 2374 1211 2374 1187 2374 1211 2375 1198 2375 1187 2375 1202 2376 1192 2376 1194 2376 1191 2377 1197 2377 1190 2377 1198 2378 1212 2378 1126 2378 1200 2379 1104 2379 1189 2379 1208 2380 1202 2380 1194 2380 1205 2381 1196 2381 1096 2381 1202 2382 1203 2382 1192 2382 1200 2383 1189 2383 1195 2383 1205 2384 1209 2384 1196 2384 1204 2385 1201 2385 1188 2385 1201 2386 1193 2386 1188 2386 1207 2387 1203 2387 1202 2387 1200 2388 1195 2388 1193 2388 1206 2389 1208 2389 1199 2389 1203 2390 1210 2390 1109 2390 1226 2391 1191 2391 1110 2391 1210 2392 1226 2392 1110 2392 1200 2393 1103 2393 1104 2393 1212 2394 1198 2394 1211 2394 1205 2395 1096 2395 1094 2395 1213 2396 1208 2396 1206 2396 1210 2397 1110 2397 1109 2397 1215 2398 1193 2398 1201 2398 1215 2399 1200 2399 1193 2399 1220 2400 1211 2400 1197 2400 1214 2401 1206 2401 1209 2401 1222 2402 1210 2402 1203 2402 1220 2403 1212 2403 1211 2403 1217 2404 1202 2404 1208 2404 1217 2405 1207 2405 1202 2405 1222 2406 1203 2406 1207 2406 1217 2407 1208 2407 1213 2407 1214 2408 1209 2408 1205 2408 1214 2409 1213 2409 1206 2409 1219 2410 1207 2410 1217 2410 1132 2411 1215 2411 1201 2411 1197 2412 1191 2412 1226 2412 1219 2413 1222 2413 1207 2413 1226 2414 1220 2414 1197 2414 1221 2415 1200 2415 1215 2415 1229 2416 1217 2416 1213 2416 1216 2417 1212 2417 1220 2417 1221 2418 1103 2418 1200 2418 1229 2419 1219 2419 1217 2419 1218 2420 1214 2420 1205 2420 1231 2421 1226 2421 1210 2421 1224 2422 1213 2422 1214 2422 1223 2423 1221 2423 1215 2423 1228 2424 1102 2424 1103 2424 1218 2425 1205 2425 1094 2425 1218 2426 1224 2426 1214 2426 1231 2427 1210 2427 1222 2427 1215 2428 1132 2428 1223 2428 1228 2429 1103 2429 1221 2429 1224 2430 1229 2430 1213 2430 1225 2431 1224 2431 1218 2431 1216 2432 1220 2432 1226 2432 1227 2433 1221 2433 1223 2433 1230 2434 1228 2434 1221 2434 1234 2435 1222 2435 1219 2435 1232 2436 1102 2436 1228 2436 1225 2437 1229 2437 1224 2437 1114 2438 1219 2438 1229 2438 1216 2439 1226 2439 1231 2439 1230 2440 1232 2440 1228 2440 1234 2441 1219 2441 1114 2441 1234 2442 1231 2442 1222 2442 1233 2443 1094 2443 1093 2443 1233 2444 1218 2444 1094 2444 1233 2445 1225 2445 1218 2445 1230 2446 1221 2446 1227 2446 1225 2447 1114 2447 1229 2447 1113 2448 1230 2448 1227 2448 1113 2449 1232 2449 1230 2449 1223 2450 1148 2450 1156 2450 1232 2451 1098 2451 1102 2451 1156 2452 1227 2452 1223 2452 1116 2453 1098 2453 1232 2453 1113 2454 1116 2454 1232 2454 1124 2455 1114 2455 1225 2455 1097 2456 1233 2456 1093 2456 1115 2457 1113 2457 1227 2457 1216 2458 1231 2458 1234 2458 1119 2459 1098 2459 1116 2459 1117 2460 1225 2460 1233 2460 1099 2461 1235 2461 1280 2461 1099 2462 1280 2462 1281 2462 1099 2463 1281 2463 1282 2463 1099 2464 1282 2464 1236 2464 1238 2465 1099 2465 1236 2465 1238 2466 1236 2466 1237 2466 1238 2467 1101 2467 1099 2467 1238 2468 1285 2468 1286 2468 1240 2469 1286 2469 1239 2469 1240 2470 1238 2470 1286 2470 1240 2471 1101 2471 1238 2471 1240 2472 1257 2472 1241 2472 1101 2473 1240 2473 1241 2473 1101 2474 1241 2474 1259 2474 1101 2475 1259 2475 1242 2475 1101 2476 1242 2476 1243 2476 1244 2477 1101 2477 1243 2477 1244 2478 1095 2478 1101 2478 1246 2479 1095 2479 1244 2479 1244 2480 1263 2480 1264 2480 1246 2481 1244 2481 1264 2481 1246 2482 1264 2482 1265 2482 1246 2483 1265 2483 1266 2483 1246 2484 1266 2484 1245 2484 1246 2485 1245 2485 1267 2485 1246 2486 1267 2486 1268 2486 1249 2487 1246 2487 1268 2487 1249 2488 1268 2488 1247 2488 1249 2489 1095 2489 1246 2489 1249 2490 1247 2490 1248 2490 1249 2491 1269 2491 1250 2491 1249 2492 1250 2492 1271 2492 1251 2493 1249 2493 1271 2493 1251 2494 1095 2494 1249 2494 1251 2495 1273 2495 1252 2495 1253 2496 1095 2496 1251 2496 1253 2497 1251 2497 1252 2497 1253 2498 1252 2498 1275 2498 1253 2499 1275 2499 1276 2499 1253 2500 1276 2500 1254 2500 1253 2501 1099 2501 1095 2501 1253 2502 1254 2502 1277 2502 1253 2503 1277 2503 1278 2503 1099 2504 1253 2504 1278 2504 1099 2505 1278 2505 1235 2505 1239 2506 1255 2506 1240 2506 1255 2507 1256 2507 1240 2507 1240 2508 1256 2508 1257 2508 1257 2509 1258 2509 1241 2509 1258 2510 1259 2510 1241 2510 1242 2511 1260 2511 1243 2511 1260 2512 1261 2512 1243 2512 1243 2513 1261 2513 1244 2513 1261 2514 1262 2514 1244 2514 1262 2515 1263 2515 1244 2515 1248 2516 1269 2516 1249 2516 1269 2517 1270 2517 1250 2517 1250 2518 1270 2518 1271 2518 1271 2519 1272 2519 1251 2519 1251 2520 1272 2520 1273 2520 1252 2521 1274 2521 1275 2521 1276 2522 1290 2522 1254 2522 1254 2523 1290 2523 1277 2523 1278 2524 1279 2524 1235 2524 1279 2525 1280 2525 1235 2525 1283 2526 1237 2526 1236 2526 1237 2527 1284 2527 1238 2527 1238 2528 1284 2528 1285 2528 1283 2529 1279 2529 1106 2529 1279 2530 1281 2530 1280 2530 1283 2531 1281 2531 1279 2531 1283 2532 1282 2532 1281 2532 1283 2533 1236 2533 1282 2533 1287 2534 1283 2534 1106 2534 1287 2535 1237 2535 1283 2535 1287 2536 1284 2536 1237 2536 1287 2537 1285 2537 1284 2537 1287 2538 1286 2538 1285 2538 1287 2539 1239 2539 1286 2539 1287 2540 1255 2540 1239 2540 1258 2541 1287 2541 1106 2541 1258 2542 1255 2542 1287 2542 1258 2543 1256 2543 1255 2543 1258 2544 1257 2544 1256 2544 1258 2545 1242 2545 1259 2545 1288 2546 1258 2546 1106 2546 1288 2547 1242 2547 1258 2547 1288 2548 1260 2548 1242 2548 1288 2549 1261 2549 1260 2549 1288 2550 1262 2550 1261 2550 1288 2551 1263 2551 1262 2551 1288 2552 1264 2552 1263 2552 1289 2553 1264 2553 1288 2553 1289 2554 1265 2554 1264 2554 1289 2555 1288 2555 1106 2555 1289 2556 1266 2556 1265 2556 1289 2557 1245 2557 1266 2557 1289 2558 1267 2558 1245 2558 1289 2559 1268 2559 1267 2559 1289 2560 1247 2560 1268 2560 1289 2561 1248 2561 1247 2561 1270 2562 1289 2562 1106 2562 1270 2563 1269 2563 1248 2563 1270 2564 1248 2564 1289 2564 1274 2565 1270 2565 1106 2565 1274 2566 1271 2566 1270 2566 1274 2567 1272 2567 1271 2567 1274 2568 1273 2568 1272 2568 1274 2569 1252 2569 1273 2569 1290 2570 1274 2570 1106 2570 1274 2571 1276 2571 1275 2571 1290 2572 1276 2572 1274 2572 1279 2573 1290 2573 1106 2573 1290 2574 1278 2574 1277 2574 1279 2575 1278 2575 1290 2575 1292 2576 1293 2576 1294 2576 1291 2577 1293 2577 1292 2577 1293 2578 1295 2578 1294 2578 1294 2579 1295 2579 1296 2579 1295 2580 1298 2580 1296 2580 1296 2581 1298 2581 1297 2581 1298 2582 1299 2582 1297 2582 1297 2583 1299 2583 1300 2583 1299 2584 1301 2584 1300 2584 1300 2585 1301 2585 1302 2585 1301 2586 1303 2586 1302 2586 1302 2587 1303 2587 1304 2587 1303 2588 1306 2588 1304 2588 1306 2589 1305 2589 1304 2589 1304 2590 1305 2590 1307 2590 1305 2591 1585 2591 1307 2591 1306 2592 1308 2592 1305 2592 1305 2593 1308 2593 1309 2593 1585 2594 1311 2594 1307 2594 1308 2595 1313 2595 1309 2595 1309 2596 1313 2596 1312 2596 1585 2597 1310 2597 1311 2597 1312 2598 1313 2598 1310 2598 1313 2599 1314 2599 1310 2599 1310 2600 1314 2600 1311 2600 1311 2601 1314 2601 1316 2601 1314 2602 1315 2602 1316 2602 1315 2603 1318 2603 1316 2603 1316 2604 1318 2604 1317 2604 1318 2605 1319 2605 1317 2605 1317 2606 1319 2606 1320 2606 1319 2607 1321 2607 1320 2607 1320 2608 1321 2608 1322 2608 1321 2609 1323 2609 1322 2609 1323 2610 1325 2610 1322 2610 1322 2611 1325 2611 1324 2611 1325 2612 1326 2612 1324 2612 1324 2613 1326 2613 1327 2613 1326 2614 1328 2614 1327 2614 1327 2615 1330 2615 1329 2615 1328 2616 1330 2616 1327 2616 1329 2617 1330 2617 1331 2617 1330 2618 1332 2618 1331 2618 1331 2619 1332 2619 1335 2619 1332 2620 1336 2620 1335 2620 1336 2621 1333 2621 1335 2621 1333 2622 1334 2622 1335 2622 1333 2623 1336 2623 1337 2623 1335 2624 1334 2624 1340 2624 1336 2625 1338 2625 1337 2625 1337 2626 1338 2626 1341 2626 1334 2627 1339 2627 1340 2627 1338 2628 1343 2628 1341 2628 1340 2629 1339 2629 1342 2629 1341 2630 1343 2630 1592 2630 1339 2631 1592 2631 1342 2631 1343 2632 1344 2632 1592 2632 1592 2633 1345 2633 1342 2633 1592 2634 1344 2634 1345 2634 1344 2635 1346 2635 1345 2635 1345 2636 1346 2636 1347 2636 1346 2637 1348 2637 1347 2637 1347 2638 1348 2638 1349 2638 1349 2639 1348 2639 1350 2639 1348 2640 1352 2640 1350 2640 1350 2641 1352 2641 1351 2641 1352 2642 1353 2642 1351 2642 1353 2643 1291 2643 1351 2643 1351 2644 1291 2644 1292 2644 1659 2645 1355 2645 1354 2645 1354 2646 1356 2646 1357 2646 1357 2647 1356 2647 1358 2647 1354 2648 1359 2648 1356 2648 1355 2649 1359 2649 1354 2649 1355 2650 1360 2650 1359 2650 1355 2651 1361 2651 1360 2651 1355 2652 1362 2652 1361 2652 1364 2653 1355 2653 1363 2653 1365 2654 1355 2654 1364 2654 1366 2655 1355 2655 1365 2655 1362 2656 1355 2656 1366 2656 1368 2657 1367 2657 1369 2657 1363 2658 1367 2658 1368 2658 1355 2659 1367 2659 1363 2659 1653 2660 1367 2660 1355 2660 1369 2661 1367 2661 1370 2661 1694 2662 1372 2662 1371 2662 1371 2663 1373 2663 1694 2663 1694 2664 1375 2664 1372 2664 1373 2665 1380 2665 1694 2665 1375 2666 1374 2666 1376 2666 1376 2667 1374 2667 1381 2667 1378 2668 1377 2668 1379 2668 1380 2669 1377 2669 1694 2669 1379 2670 1377 2670 1380 2670 1374 2671 1390 2671 1381 2671 1378 2672 1382 2672 1377 2672 1382 2673 1383 2673 1377 2673 1383 2674 1384 2674 1377 2674 1385 2675 1384 2675 1386 2675 1386 2676 1384 2676 1387 2676 1387 2677 1384 2677 1388 2677 1388 2678 1384 2678 1383 2678 1374 2679 1384 2679 1389 2679 1374 2680 1389 2680 1390 2680 1389 2681 1384 2681 1391 2681 1391 2682 1384 2682 1385 2682 1694 2683 1374 2683 1375 2683 1392 2684 1393 2684 1394 2684 1395 2685 1396 2685 1397 2685 1398 2686 1405 2686 1396 2686 1396 2687 1405 2687 1397 2687 1400 2688 1392 2688 1399 2688 1393 2689 1392 2689 1400 2689 1401 2690 1405 2690 1398 2690 1402 2691 1405 2691 1401 2691 1403 2692 1405 2692 1402 2692 1404 2693 1405 2693 1403 2693 1688 2694 1405 2694 1392 2694 1406 2695 1405 2695 1404 2695 1407 2696 1405 2696 1406 2696 1408 2697 1405 2697 1407 2697 1399 2698 1405 2698 1408 2698 1392 2699 1405 2699 1399 2699 1393 2700 1348 2700 1346 2700 1346 2701 1344 2701 1393 2701 1393 2702 1352 2702 1348 2702 1344 2703 1343 2703 1393 2703 1393 2704 1353 2704 1352 2704 1393 2705 1291 2705 1353 2705 1332 2706 1394 2706 1336 2706 1336 2707 1394 2707 1338 2707 1338 2708 1394 2708 1343 2708 1343 2709 1394 2709 1393 2709 1332 2710 1330 2710 1394 2710 1291 2711 1369 2711 1293 2711 1293 2712 1369 2712 1295 2712 1295 2713 1369 2713 1298 2713 1298 2714 1369 2714 1299 2714 1299 2715 1369 2715 1301 2715 1301 2716 1369 2716 1303 2716 1393 2717 1369 2717 1291 2717 1330 2718 1328 2718 1394 2718 1369 2719 1306 2719 1303 2719 1328 2720 1326 2720 1394 2720 1369 2721 1308 2721 1306 2721 1326 2722 1325 2722 1394 2722 1325 2723 1370 2723 1394 2723 1308 2724 1370 2724 1313 2724 1313 2725 1370 2725 1314 2725 1314 2726 1370 2726 1315 2726 1315 2727 1370 2727 1318 2727 1318 2728 1370 2728 1319 2728 1319 2729 1370 2729 1321 2729 1321 2730 1370 2730 1323 2730 1323 2731 1370 2731 1325 2731 1369 2732 1370 2732 1308 2732 1410 2733 1358 2733 1409 2733 1411 2734 1410 2734 1409 2734 1411 2735 1409 2735 1412 2735 1413 2736 1411 2736 1412 2736 1413 2737 1412 2737 1414 2737 1415 2738 1413 2738 1414 2738 1415 2739 1414 2739 1416 2739 1417 2740 1416 2740 1418 2740 1417 2741 1415 2741 1416 2741 1419 2742 1418 2742 1420 2742 1419 2743 1417 2743 1418 2743 1421 2744 1419 2744 1420 2744 1421 2745 1420 2745 1422 2745 1423 2746 1421 2746 1422 2746 1423 2747 1422 2747 1424 2747 1425 2748 1423 2748 1424 2748 1425 2749 1424 2749 1426 2749 1427 2750 1425 2750 1426 2750 1427 2751 1426 2751 1428 2751 1429 2752 1427 2752 1428 2752 1429 2753 1428 2753 1430 2753 1431 2754 1430 2754 1432 2754 1431 2755 1429 2755 1430 2755 1433 2756 1432 2756 1434 2756 1433 2757 1431 2757 1432 2757 1435 2758 1433 2758 1434 2758 1435 2759 1434 2759 1436 2759 1437 2760 1436 2760 1438 2760 1437 2761 1435 2761 1436 2761 1439 2762 1438 2762 1440 2762 1439 2763 1437 2763 1438 2763 1441 2764 1439 2764 1440 2764 1441 2765 1440 2765 1443 2765 1442 2766 1441 2766 1443 2766 1442 2767 1443 2767 1444 2767 1445 2768 1442 2768 1444 2768 1446 2769 1444 2769 1447 2769 1446 2770 1445 2770 1444 2770 1397 2771 1447 2771 1395 2771 1397 2772 1446 2772 1447 2772 1448 2773 1449 2773 1450 2773 1449 2774 1451 2774 1450 2774 1450 2775 1451 2775 1452 2775 1451 2776 1453 2776 1452 2776 1452 2777 1453 2777 1454 2777 1453 2778 1455 2778 1454 2778 1454 2779 1455 2779 1456 2779 1456 2780 1457 2780 1458 2780 1455 2781 1457 2781 1456 2781 1457 2782 1459 2782 1458 2782 1458 2783 1459 2783 1460 2783 1459 2784 1461 2784 1460 2784 1460 2785 1461 2785 1462 2785 1461 2786 1463 2786 1462 2786 1462 2787 1464 2787 1465 2787 1463 2788 1464 2788 1462 2788 1465 2789 1467 2789 1466 2789 1464 2790 1467 2790 1465 2790 1466 2791 1468 2791 1469 2791 1467 2792 1468 2792 1466 2792 1468 2793 1470 2793 1469 2793 1469 2794 1470 2794 1471 2794 1470 2795 1472 2795 1471 2795 1471 2796 1472 2796 1473 2796 1472 2797 1475 2797 1473 2797 1473 2798 1475 2798 1474 2798 1475 2799 1477 2799 1474 2799 1474 2800 1477 2800 1476 2800 1477 2801 1479 2801 1476 2801 1476 2802 1479 2802 1478 2802 1479 2803 1480 2803 1478 2803 1478 2804 1480 2804 1481 2804 1480 2805 1482 2805 1481 2805 1481 2806 1482 2806 1483 2806 1482 2807 1484 2807 1483 2807 1483 2808 1484 2808 1485 2808 1484 2809 1486 2809 1485 2809 1485 2810 1486 2810 1487 2810 1486 2811 1488 2811 1487 2811 1487 2812 1488 2812 1489 2812 1488 2813 1490 2813 1489 2813 1489 2814 1490 2814 1491 2814 1490 2815 1492 2815 1491 2815 1491 2816 1493 2816 1494 2816 1492 2817 1493 2817 1491 2817 1494 2818 1495 2818 1496 2818 1493 2819 1495 2819 1494 2819 1495 2820 1497 2820 1496 2820 1496 2821 1497 2821 1498 2821 1497 2822 1499 2822 1498 2822 1498 2823 1499 2823 1500 2823 1499 2824 1501 2824 1500 2824 1501 2825 1503 2825 1500 2825 1500 2826 1503 2826 1502 2826 1503 2827 1505 2827 1502 2827 1502 2828 1505 2828 1504 2828 1504 2829 1506 2829 1507 2829 1505 2830 1506 2830 1504 2830 1507 2831 1509 2831 1508 2831 1506 2832 1509 2832 1507 2832 1508 2833 1512 2833 1510 2833 1509 2834 1512 2834 1508 2834 1510 2835 1512 2835 1511 2835 1512 2836 1514 2836 1511 2836 1511 2837 1514 2837 1513 2837 1514 2838 1515 2838 1513 2838 1513 2839 1515 2839 1516 2839 1515 2840 1517 2840 1516 2840 1516 2841 1517 2841 1518 2841 1518 2842 1449 2842 1448 2842 1517 2843 1449 2843 1518 2843 1519 2844 1514 2844 1512 2844 1512 2845 1509 2845 1519 2845 1519 2846 1509 2846 1673 2846 1519 2847 1515 2847 1514 2847 1509 2848 1506 2848 1673 2848 1519 2849 1517 2849 1515 2849 1519 2850 1449 2850 1517 2850 1506 2851 1505 2851 1673 2851 1520 2852 1449 2852 1519 2852 1520 2853 1451 2853 1449 2853 1505 2854 1503 2854 1673 2854 1520 2855 1453 2855 1451 2855 1503 2856 1501 2856 1673 2856 1520 2857 1455 2857 1453 2857 1501 2858 1499 2858 1673 2858 1499 2859 1497 2859 1673 2859 1495 2860 1673 2860 1497 2860 1495 2861 1677 2861 1673 2861 1493 2862 1677 2862 1495 2862 1492 2863 1677 2863 1493 2863 1490 2864 1677 2864 1492 2864 1488 2865 1677 2865 1490 2865 1467 2866 1521 2866 1468 2866 1464 2867 1521 2867 1467 2867 1463 2868 1521 2868 1464 2868 1520 2869 1521 2869 1455 2869 1461 2870 1521 2870 1463 2870 1459 2871 1521 2871 1461 2871 1457 2872 1521 2872 1459 2872 1455 2873 1521 2873 1457 2873 1521 2874 1470 2874 1468 2874 1488 2875 1522 2875 1677 2875 1486 2876 1522 2876 1488 2876 1486 2877 1484 2877 1522 2877 1484 2878 1482 2878 1522 2878 1521 2879 1523 2879 1470 2879 1480 2880 1523 2880 1482 2880 1479 2881 1523 2881 1480 2881 1482 2882 1523 2882 1522 2882 1477 2883 1523 2883 1479 2883 1475 2884 1523 2884 1477 2884 1472 2885 1523 2885 1475 2885 1470 2886 1523 2886 1472 2886 1438 2887 1524 2887 1440 2887 1436 2888 1524 2888 1438 2888 1524 2889 1525 2889 1440 2889 1434 2890 1524 2890 1436 2890 1440 2891 1525 2891 1443 2891 1432 2892 1524 2892 1434 2892 1432 2893 1526 2893 1524 2893 1443 2894 1527 2894 1444 2894 1525 2895 1527 2895 1443 2895 1430 2896 1526 2896 1432 2896 1444 2897 1527 2897 1447 2897 1428 2898 1526 2898 1430 2898 1447 2899 1527 2899 1395 2899 1426 2900 1526 2900 1428 2900 1424 2901 1526 2901 1426 2901 1527 2902 1528 2902 1395 2902 1424 2903 1529 2903 1526 2903 1422 2904 1529 2904 1424 2904 1420 2905 1529 2905 1422 2905 1420 2906 1530 2906 1529 2906 1420 2907 1418 2907 1530 2907 1418 2908 1416 2908 1530 2908 1416 2909 1533 2909 1530 2909 1528 2910 1396 2910 1395 2910 1531 2911 1396 2911 1528 2911 1416 2912 1414 2912 1533 2912 1531 2913 1532 2913 1396 2913 1414 2914 1412 2914 1533 2914 1533 2915 1409 2915 1534 2915 1412 2916 1409 2916 1533 2916 1409 2917 1358 2917 1534 2917 1358 2918 1537 2918 1534 2918 1358 2919 1356 2919 1537 2919 1535 2920 1356 2920 1532 2920 1536 2921 1356 2921 1535 2921 1537 2922 1356 2922 1536 2922 1532 2923 1356 2923 1396 2923 1541 2924 1538 2924 1539 2924 1540 2925 1690 2925 1538 2925 1392 2926 1538 2926 1541 2926 1392 2927 1540 2927 1538 2927 1392 2928 1541 2928 1687 2928 1694 2929 1693 2929 1540 2929 1694 2930 1540 2930 1392 2930 1542 2931 1694 2931 1392 2931 1543 2932 1542 2932 1392 2932 1544 2933 1694 2933 1542 2933 1547 2934 1543 2934 1392 2934 1545 2935 1694 2935 1544 2935 1546 2936 1694 2936 1545 2936 1394 2937 1547 2937 1392 2937 1394 2938 1548 2938 1547 2938 1394 2939 1549 2939 1548 2939 1550 2940 1549 2940 1394 2940 1551 2941 1550 2941 1394 2941 1554 2942 1546 2942 1552 2942 1554 2943 1552 2943 1553 2943 1553 2944 1552 2944 1557 2944 1556 2945 1553 2945 1557 2945 1374 2946 1546 2946 1554 2946 1374 2947 1554 2947 1555 2947 1374 2948 1694 2948 1546 2948 1556 2949 1557 2949 1559 2949 1561 2950 1556 2950 1559 2950 1562 2951 1374 2951 1555 2951 1560 2952 1650 2952 1558 2952 1560 2953 1558 2953 1374 2953 1561 2954 1559 2954 1563 2954 1564 2955 1560 2955 1374 2955 1565 2956 1564 2956 1374 2956 1566 2957 1561 2957 1563 2957 1571 2958 1374 2958 1562 2958 1566 2959 1563 2959 1567 2959 1568 2960 1652 2960 1565 2960 1568 2961 1565 2961 1374 2961 1572 2962 1566 2962 1567 2962 1569 2963 1568 2963 1374 2963 1367 2964 1569 2964 1374 2964 1367 2965 1571 2965 1570 2965 1367 2966 1374 2966 1571 2966 1572 2967 1567 2967 1551 2967 1572 2968 1551 2968 1394 2968 1573 2969 1367 2969 1570 2969 1370 2970 1572 2970 1394 2970 1370 2971 1367 2971 1573 2971 1370 2972 1574 2972 1572 2972 1370 2973 1575 2973 1574 2973 1370 2974 1576 2974 1575 2974 1370 2975 1577 2975 1576 2975 1370 2976 1578 2976 1577 2976 1370 2977 1573 2977 1578 2977 1580 2978 1579 2978 1591 2978 1581 2979 1579 2979 1580 2979 1582 2980 1579 2980 1581 2980 1583 2981 1579 2981 1582 2981 1584 2982 1579 2982 1583 2982 1585 2983 1579 2983 1584 2983 1586 2984 1579 2984 1305 2984 1587 2985 1579 2985 1586 2985 1588 2986 1579 2986 1587 2986 1589 2987 1579 2987 1588 2987 1590 2988 1579 2988 1589 2988 1591 2989 1579 2989 1590 2989 1591 2990 1573 2990 1580 2990 1573 2991 1570 2991 1580 2991 1580 2992 1570 2992 1581 2992 1570 2993 1571 2993 1581 2993 1581 2994 1571 2994 1582 2994 1571 2995 1562 2995 1582 2995 1582 2996 1555 2996 1583 2996 1562 2997 1555 2997 1582 2997 1583 2998 1555 2998 1584 2998 1555 2999 1554 2999 1584 2999 1554 3000 1553 3000 1584 3000 1584 3001 1553 3001 1585 3001 1585 3002 1305 3002 1579 3002 1585 3003 1553 3003 1310 3003 1553 3004 1556 3004 1310 3004 1556 3005 1312 3005 1310 3005 1556 3006 1561 3006 1312 3006 1312 3007 1566 3007 1309 3007 1561 3008 1566 3008 1312 3008 1309 3009 1586 3009 1305 3009 1309 3010 1566 3010 1586 3010 1566 3011 1572 3011 1586 3011 1586 3012 1572 3012 1587 3012 1572 3013 1574 3013 1587 3013 1587 3014 1574 3014 1588 3014 1574 3015 1575 3015 1588 3015 1588 3016 1575 3016 1589 3016 1575 3017 1576 3017 1589 3017 1589 3018 1576 3018 1590 3018 1576 3019 1577 3019 1590 3019 1577 3020 1578 3020 1590 3020 1590 3021 1578 3021 1591 3021 1578 3022 1573 3022 1591 3022 1339 3023 1597 3023 1592 3023 1593 3024 1597 3024 1339 3024 1594 3025 1597 3025 1593 3025 1595 3026 1597 3026 1594 3026 1596 3027 1597 3027 1595 3027 1598 3028 1597 3028 1596 3028 1599 3029 1597 3029 1598 3029 1600 3030 1597 3030 1599 3030 1601 3031 1597 3031 1600 3031 1602 3032 1597 3032 1601 3032 1603 3033 1597 3033 1602 3033 1604 3034 1597 3034 1603 3034 1592 3035 1597 3035 1604 3035 1557 3036 1552 3036 1334 3036 1334 3037 1552 3037 1339 3037 1552 3038 1546 3038 1339 3038 1339 3039 1546 3039 1593 3039 1546 3040 1545 3040 1593 3040 1593 3041 1545 3041 1594 3041 1594 3042 1545 3042 1595 3042 1545 3043 1544 3043 1595 3043 1544 3044 1542 3044 1595 3044 1595 3045 1542 3045 1596 3045 1596 3046 1543 3046 1598 3046 1542 3047 1543 3047 1596 3047 1598 3048 1543 3048 1599 3048 1543 3049 1547 3049 1599 3049 1599 3050 1547 3050 1600 3050 1547 3051 1548 3051 1600 3051 1548 3052 1549 3052 1600 3052 1600 3053 1549 3053 1601 3053 1549 3054 1550 3054 1601 3054 1601 3055 1550 3055 1602 3055 1550 3056 1551 3056 1602 3056 1602 3057 1551 3057 1603 3057 1551 3058 1567 3058 1603 3058 1603 3059 1567 3059 1604 3059 1604 3060 1567 3060 1341 3060 1341 3061 1592 3061 1604 3061 1567 3062 1563 3062 1341 3062 1563 3063 1337 3063 1341 3063 1563 3064 1559 3064 1337 3064 1559 3065 1557 3065 1333 3065 1333 3066 1337 3066 1559 3066 1334 3067 1333 3067 1557 3067 1605 3068 1606 3068 1607 3068 1607 3069 1606 3069 1608 3069 1377 3070 1384 3070 1609 3070 1608 3071 1612 3071 1607 3071 1523 3072 1521 3072 1613 3072 1605 3073 1617 3073 1606 3073 1469 3074 1618 3074 1466 3074 1531 3075 1618 3075 1532 3075 1466 3076 1618 3076 1465 3076 1618 3077 1619 3077 1465 3077 1465 3078 1619 3078 1462 3078 1531 3079 1619 3079 1618 3079 1462 3080 1619 3080 1460 3080 1531 3081 1620 3081 1619 3081 1460 3082 1620 3082 1458 3082 1619 3083 1620 3083 1460 3083 1528 3084 1620 3084 1531 3084 1458 3085 1620 3085 1456 3085 1456 3086 1620 3086 1454 3086 1528 3087 1621 3087 1620 3087 1454 3088 1621 3088 1452 3088 1620 3089 1621 3089 1454 3089 1452 3090 1621 3090 1450 3090 1527 3091 1621 3091 1528 3091 1450 3092 1621 3092 1448 3092 1527 3093 1622 3093 1621 3093 1621 3094 1622 3094 1448 3094 1448 3095 1622 3095 1518 3095 1518 3096 1622 3096 1516 3096 1525 3097 1622 3097 1527 3097 1516 3098 1623 3098 1513 3098 1525 3099 1623 3099 1622 3099 1622 3100 1623 3100 1516 3100 1513 3101 1624 3101 1511 3101 1525 3102 1624 3102 1623 3102 1623 3103 1624 3103 1513 3103 1524 3104 1624 3104 1525 3104 1511 3105 1624 3105 1510 3105 1510 3106 1624 3106 1508 3106 1624 3107 1625 3107 1508 3107 1524 3108 1625 3108 1624 3108 1508 3109 1625 3109 1507 3109 1526 3110 1625 3110 1524 3110 1507 3111 1625 3111 1504 3111 1625 3112 1626 3112 1504 3112 1526 3113 1626 3113 1625 3113 1504 3114 1626 3114 1502 3114 1502 3115 1626 3115 1500 3115 1529 3116 1626 3116 1526 3116 1500 3117 1627 3117 1498 3117 1626 3118 1627 3118 1500 3118 1529 3119 1627 3119 1626 3119 1498 3120 1627 3120 1496 3120 1530 3121 1627 3121 1529 3121 1530 3122 1628 3122 1627 3122 1627 3123 1628 3123 1496 3123 1496 3124 1628 3124 1494 3124 1533 3125 1628 3125 1530 3125 1494 3126 1628 3126 1491 3126 1533 3127 1629 3127 1628 3127 1628 3128 1629 3128 1491 3128 1491 3129 1629 3129 1489 3129 1534 3130 1629 3130 1533 3130 1489 3131 1629 3131 1487 3131 1534 3132 1630 3132 1629 3132 1629 3133 1630 3133 1487 3133 1487 3134 1630 3134 1485 3134 1537 3135 1630 3135 1534 3135 1485 3136 1630 3136 1483 3136 1537 3137 1631 3137 1630 3137 1630 3138 1631 3138 1483 3138 1483 3139 1631 3139 1481 3139 1481 3140 1631 3140 1478 3140 1536 3141 1632 3141 1537 3141 1537 3142 1632 3142 1631 3142 1631 3143 1632 3143 1478 3143 1478 3144 1632 3144 1476 3144 1476 3145 1632 3145 1474 3145 1474 3146 1632 3146 1473 3146 1535 3147 1633 3147 1536 3147 1632 3148 1633 3148 1473 3148 1536 3149 1633 3149 1632 3149 1473 3150 1633 3150 1471 3150 1532 3151 1633 3151 1535 3151 1469 3152 1633 3152 1618 3152 1618 3153 1633 3153 1532 3153 1471 3154 1633 3154 1469 3154 1393 3155 1400 3155 1369 3155 1369 3156 1400 3156 1368 3156 1368 3157 1399 3157 1363 3157 1400 3158 1399 3158 1368 3158 1363 3159 1399 3159 1364 3159 1399 3160 1408 3160 1364 3160 1364 3161 1407 3161 1365 3161 1408 3162 1407 3162 1364 3162 1365 3163 1407 3163 1366 3163 1407 3164 1406 3164 1366 3164 1366 3165 1404 3165 1362 3165 1406 3166 1404 3166 1366 3166 1362 3167 1403 3167 1361 3167 1404 3168 1403 3168 1362 3168 1403 3169 1402 3169 1361 3169 1361 3170 1402 3170 1360 3170 1402 3171 1401 3171 1360 3171 1360 3172 1401 3172 1359 3172 1401 3173 1398 3173 1359 3173 1359 3174 1398 3174 1356 3174 1398 3175 1396 3175 1356 3175 1347 3176 1635 3176 1634 3176 1349 3177 1635 3177 1347 3177 1345 3178 1347 3178 1634 3178 1350 3179 1635 3179 1349 3179 1342 3180 1345 3180 1634 3180 1342 3181 1634 3181 1637 3181 1350 3182 1636 3182 1635 3182 1351 3183 1636 3183 1350 3183 1292 3184 1636 3184 1351 3184 1340 3185 1342 3185 1637 3185 1292 3186 1638 3186 1636 3186 1294 3187 1638 3187 1292 3187 1340 3188 1637 3188 1639 3188 1335 3189 1340 3189 1639 3189 1296 3190 1638 3190 1294 3190 1331 3191 1335 3191 1639 3191 1296 3192 1640 3192 1638 3192 1331 3193 1639 3193 1642 3193 1297 3194 1640 3194 1296 3194 1300 3195 1641 3195 1640 3195 1300 3196 1640 3196 1297 3196 1329 3197 1331 3197 1642 3197 1641 3198 1300 3198 1302 3198 1642 3199 1327 3199 1329 3199 1641 3200 1302 3200 1304 3200 1644 3201 1327 3201 1642 3201 1643 3202 1641 3202 1304 3202 1644 3203 1324 3203 1327 3203 1643 3204 1304 3204 1307 3204 1644 3205 1322 3205 1324 3205 1645 3206 1643 3206 1307 3206 1646 3207 1322 3207 1644 3207 1646 3208 1320 3208 1322 3208 1647 3209 1307 3209 1311 3209 1647 3210 1645 3210 1307 3210 1646 3211 1317 3211 1320 3211 1647 3212 1311 3212 1316 3212 1648 3213 1317 3213 1646 3213 1648 3214 1647 3214 1316 3214 1648 3215 1316 3215 1317 3215 1644 3216 1376 3216 1646 3216 1375 3217 1376 3217 1644 3217 1376 3218 1381 3218 1646 3218 1646 3219 1381 3219 1648 3219 1648 3220 1381 3220 1647 3220 1381 3221 1390 3221 1647 3221 1647 3222 1390 3222 1645 3222 1390 3223 1389 3223 1645 3223 1645 3224 1391 3224 1643 3224 1389 3225 1391 3225 1645 3225 1391 3226 1385 3226 1643 3226 1643 3227 1385 3227 1641 3227 1385 3228 1386 3228 1641 3228 1641 3229 1386 3229 1640 3229 1386 3230 1387 3230 1640 3230 1640 3231 1388 3231 1638 3231 1387 3232 1388 3232 1640 3232 1388 3233 1383 3233 1638 3233 1638 3234 1383 3234 1636 3234 1383 3235 1382 3235 1636 3235 1636 3236 1382 3236 1635 3236 1382 3237 1378 3237 1635 3237 1635 3238 1378 3238 1634 3238 1378 3239 1379 3239 1634 3239 1634 3240 1379 3240 1637 3240 1379 3241 1380 3241 1637 3241 1380 3242 1373 3242 1637 3242 1637 3243 1373 3243 1639 3243 1373 3244 1371 3244 1639 3244 1639 3245 1371 3245 1642 3245 1371 3246 1372 3246 1642 3246 1642 3247 1372 3247 1644 3247 1372 3248 1375 3248 1644 3248 1384 3249 1374 3249 1558 3249 1649 3250 1384 3250 1558 3250 1649 3251 1558 3251 1650 3251 1650 3252 1560 3252 1564 3252 1651 3253 1650 3253 1564 3253 1651 3254 1564 3254 1565 3254 1651 3255 1565 3255 1652 3255 1367 3256 1568 3256 1569 3256 1367 3257 1652 3257 1568 3257 1654 3258 1367 3258 1653 3258 1654 3259 1652 3259 1367 3259 1654 3260 1651 3260 1652 3260 1654 3261 1650 3261 1651 3261 1654 3262 1649 3262 1650 3262 1654 3263 1384 3263 1649 3263 1654 3264 1609 3264 1384 3264 1654 3265 1610 3265 1609 3265 1653 3266 1355 3266 1655 3266 1654 3267 1611 3267 1610 3267 1653 3268 1655 3268 1656 3268 1653 3269 1656 3269 1657 3269 1654 3270 1653 3270 1657 3270 1654 3271 1612 3271 1611 3271 1654 3272 1657 3272 1607 3272 1654 3273 1607 3273 1612 3273 1607 3274 1657 3274 1605 3274 1659 3275 1655 3275 1355 3275 1658 3276 1656 3276 1655 3276 1658 3277 1655 3277 1659 3277 1658 3278 1657 3278 1656 3278 1658 3279 1605 3279 1657 3279 1658 3280 1617 3280 1605 3280 1658 3281 1616 3281 1617 3281 1659 3282 1354 3282 1660 3282 1658 3283 1615 3283 1616 3283 1659 3284 1660 3284 1662 3284 1658 3285 1614 3285 1615 3285 1659 3286 1662 3286 1663 3286 1659 3287 1614 3287 1658 3287 1659 3288 1613 3288 1614 3288 1659 3289 1663 3289 1661 3289 1659 3290 1661 3290 1523 3290 1659 3291 1523 3291 1613 3291 1354 3292 1357 3292 1660 3292 1523 3293 1661 3293 1522 3293 1661 3294 1677 3294 1522 3294 1666 3295 1520 3295 1519 3295 1666 3296 1664 3296 1520 3296 1666 3297 1665 3297 1664 3297 1666 3298 1680 3298 1665 3298 1667 3299 1666 3299 1519 3299 1666 3300 1679 3300 1680 3300 1666 3301 1446 3301 1397 3301 1666 3302 1397 3302 1679 3302 1667 3303 1446 3303 1666 3303 1667 3304 1445 3304 1446 3304 1667 3305 1442 3305 1445 3305 1668 3306 1667 3306 1519 3306 1667 3307 1441 3307 1442 3307 1667 3308 1439 3308 1441 3308 1669 3309 1668 3309 1519 3309 1668 3310 1439 3310 1667 3310 1668 3311 1437 3311 1439 3311 1668 3312 1435 3312 1437 3312 1669 3313 1519 3313 1673 3313 1670 3314 1668 3314 1669 3314 1668 3315 1433 3315 1435 3315 1670 3316 1433 3316 1668 3316 1671 3317 1669 3317 1673 3317 1670 3318 1431 3318 1433 3318 1671 3319 1670 3319 1669 3319 1670 3320 1429 3320 1431 3320 1670 3321 1427 3321 1429 3321 1670 3322 1425 3322 1427 3322 1671 3323 1425 3323 1670 3323 1671 3324 1423 3324 1425 3324 1672 3325 1671 3325 1673 3325 1672 3326 1423 3326 1671 3326 1672 3327 1421 3327 1423 3327 1675 3328 1672 3328 1673 3328 1672 3329 1419 3329 1421 3329 1674 3330 1672 3330 1675 3330 1674 3331 1419 3331 1672 3331 1675 3332 1673 3332 1677 3332 1674 3333 1417 3333 1419 3333 1674 3334 1415 3334 1417 3334 1676 3335 1675 3335 1677 3335 1676 3336 1674 3336 1675 3336 1415 3337 1674 3337 1676 3337 1676 3338 1413 3338 1415 3338 1678 3339 1413 3339 1676 3339 1678 3340 1411 3340 1413 3340 1678 3341 1676 3341 1677 3341 1677 3342 1661 3342 1663 3342 1678 3343 1410 3343 1411 3343 1678 3344 1677 3344 1663 3344 1678 3345 1663 3345 1662 3345 1678 3346 1662 3346 1660 3346 1678 3347 1660 3347 1357 3347 1678 3348 1358 3348 1410 3348 1678 3349 1357 3349 1358 3349 1397 3350 1405 3350 1679 3350 1520 3351 1664 3351 1521 3351 1682 3352 1679 3352 1405 3352 1681 3353 1680 3353 1679 3353 1681 3354 1679 3354 1682 3354 1681 3355 1665 3355 1680 3355 1681 3356 1664 3356 1665 3356 1681 3357 1521 3357 1664 3357 1681 3358 1613 3358 1521 3358 1681 3359 1614 3359 1613 3359 1682 3360 1405 3360 1685 3360 1681 3361 1615 3361 1614 3361 1682 3362 1685 3362 1683 3362 1682 3363 1615 3363 1681 3363 1682 3364 1616 3364 1615 3364 1682 3365 1617 3365 1616 3365 1682 3366 1683 3366 1684 3366 1682 3367 1684 3367 1606 3367 1682 3368 1606 3368 1617 3368 1606 3369 1684 3369 1608 3369 1612 3370 1608 3370 1684 3370 1687 3371 1688 3371 1392 3371 1688 3372 1685 3372 1405 3372 1688 3373 1683 3373 1685 3373 1686 3374 1683 3374 1688 3374 1686 3375 1684 3375 1683 3375 1686 3376 1612 3376 1684 3376 1686 3377 1611 3377 1612 3377 1688 3378 1687 3378 1539 3378 1686 3379 1539 3379 1689 3379 1686 3380 1688 3380 1539 3380 1686 3381 1610 3381 1611 3381 1691 3382 1689 3382 1690 3382 1691 3383 1686 3383 1689 3383 1691 3384 1610 3384 1686 3384 1691 3385 1690 3385 1692 3385 1691 3386 1692 3386 1693 3386 1691 3387 1609 3387 1610 3387 1691 3388 1693 3388 1694 3388 1691 3389 1694 3389 1377 3389 1691 3390 1377 3390 1609 3390 1539 3391 1687 3391 1541 3391 1689 3392 1539 3392 1538 3392 1690 3393 1689 3393 1538 3393 1692 3394 1690 3394 1540 3394 1693 3395 1692 3395 1540 3395 1697 3396 1695 3396 1696 3396 1697 3397 1696 3397 1698 3397 1699 3398 1697 3398 1698 3398 1699 3399 1698 3399 1700 3399 1701 3400 1699 3400 1700 3400 1701 3401 1700 3401 1703 3401 1702 3402 1701 3402 1703 3402 1702 3403 1703 3403 1704 3403 1705 3404 1702 3404 1704 3404 1705 3405 1704 3405 1706 3405 1708 3406 1706 3406 1707 3406 1708 3407 1705 3407 1706 3407 1709 3408 1708 3408 1707 3408 1709 3409 1707 3409 1710 3409 1711 3410 1709 3410 1710 3410 1711 3411 1710 3411 1712 3411 1713 3412 1711 3412 1712 3412 1713 3413 1712 3413 1715 3413 1714 3414 1713 3414 1715 3414 1714 3415 1715 3415 1716 3415 1717 3416 1714 3416 1716 3416 1718 3417 1717 3417 1716 3417 1718 3418 1716 3418 1719 3418 1718 3419 1719 3419 1720 3419 1721 3420 1718 3420 1720 3420 1721 3421 1720 3421 1722 3421 1723 3422 1721 3422 1722 3422 1723 3423 1722 3423 1724 3423 1726 3424 1724 3424 1725 3424 1726 3425 1723 3425 1724 3425 1727 3426 1726 3426 1725 3426 1727 3427 1725 3427 1729 3427 1728 3428 1727 3428 1729 3428 1728 3429 1729 3429 1730 3429 1731 3430 1728 3430 1730 3430 1731 3431 1730 3431 1732 3431 1733 3432 1732 3432 1734 3432 1733 3433 1731 3433 1732 3433 1733 3434 1734 3434 1735 3434 1736 3435 1733 3435 1735 3435 1814 3436 1737 3436 1738 3436 1737 3437 1739 3437 1738 3437 1738 3438 1739 3438 1740 3438 1740 3439 1742 3439 1741 3439 1739 3440 1742 3440 1740 3440 1741 3441 1742 3441 1743 3441 1742 3442 1745 3442 1743 3442 1743 3443 1745 3443 1744 3443 1745 3444 1747 3444 1744 3444 1744 3445 1747 3445 1746 3445 1747 3446 1748 3446 1746 3446 1746 3447 1748 3447 1749 3447 1748 3448 1750 3448 1749 3448 1749 3449 1750 3449 1751 3449 1750 3450 1753 3450 1751 3450 1751 3451 1753 3451 1752 3451 1753 3452 1754 3452 1752 3452 1752 3453 1754 3453 1755 3453 1754 3454 1756 3454 1755 3454 1755 3455 1756 3455 1757 3455 1756 3456 1759 3456 1757 3456 1757 3457 1759 3457 1758 3457 1759 3458 1760 3458 1758 3458 1761 3459 1760 3459 1762 3459 1758 3460 1760 3460 1761 3460 1760 3461 1763 3461 1762 3461 1763 3462 1764 3462 1762 3462 1762 3463 1764 3463 1765 3463 1765 3464 1764 3464 1766 3464 1764 3465 1768 3465 1766 3465 1766 3466 1768 3466 1767 3466 1768 3467 1769 3467 1767 3467 1767 3468 1769 3468 1770 3468 1769 3469 1772 3469 1770 3469 1770 3470 1772 3470 1771 3470 1771 3471 1774 3471 1773 3471 1772 3472 1774 3472 1771 3472 1773 3473 1774 3473 1775 3473 1774 3474 1776 3474 1775 3474 1775 3475 1778 3475 1777 3475 1776 3476 1778 3476 1775 3476 1778 3477 1779 3477 1777 3477 1777 3478 1779 3478 1780 3478 1779 3479 1781 3479 1780 3479 1780 3480 1781 3480 1782 3480 1781 3481 1783 3481 1782 3481 1782 3482 1785 3482 1784 3482 1783 3483 1785 3483 1782 3483 1784 3484 1785 3484 1786 3484 1785 3485 1787 3485 1786 3485 1786 3486 1789 3486 1788 3486 1787 3487 1789 3487 1786 3487 1788 3488 1789 3488 1790 3488 1789 3489 1791 3489 1790 3489 1790 3490 1791 3490 1792 3490 1792 3491 1794 3491 1793 3491 1791 3492 1794 3492 1792 3492 1794 3493 1795 3493 1793 3493 1793 3494 1795 3494 1796 3494 1795 3495 1798 3495 1796 3495 1796 3496 1798 3496 1797 3496 1797 3497 1798 3497 1799 3497 1799 3498 1801 3498 1800 3498 1798 3499 1801 3499 1799 3499 1800 3500 1801 3500 1802 3500 1801 3501 1803 3501 1802 3501 1802 3502 1803 3502 1804 3502 1804 3503 1806 3503 1805 3503 1803 3504 1806 3504 1804 3504 1806 3505 1807 3505 1805 3505 1805 3506 1807 3506 1808 3506 1807 3507 1809 3507 1808 3507 1808 3508 1809 3508 1810 3508 1809 3509 1811 3509 1810 3509 1810 3510 1811 3510 1812 3510 1812 3511 1811 3511 1814 3511 1811 3512 1813 3512 1814 3512 1813 3513 1737 3513 1814 3513 1815 3514 1902 3514 1915 3514 1816 3515 1908 3515 1950 3515 1818 3516 1817 3516 1907 3516 1818 3517 1819 3517 1817 3517 1821 3518 1820 3518 1817 3518 1821 3519 1817 3519 1819 3519 1821 3520 1823 3520 1820 3520 1822 3521 1823 3521 1821 3521 1825 3522 1824 3522 1823 3522 1825 3523 1823 3523 1822 3523 1825 3524 1826 3524 1824 3524 1827 3525 1826 3525 1825 3525 1828 3526 1816 3526 1826 3526 1828 3527 1826 3527 1827 3527 1908 3528 1828 3528 1916 3528 1908 3529 1816 3529 1828 3529 1805 3530 1808 3530 1829 3530 1810 3531 1829 3531 1808 3531 1804 3532 1805 3532 1829 3532 1810 3533 1830 3533 1829 3533 1802 3534 1804 3534 1829 3534 1812 3535 1830 3535 1810 3535 1800 3536 1802 3536 1829 3536 1814 3537 1830 3537 1812 3537 1799 3538 1800 3538 1829 3538 1814 3539 1831 3539 1830 3539 1797 3540 1799 3540 1829 3540 1738 3541 1831 3541 1814 3541 1796 3542 1797 3542 1829 3542 1793 3543 1796 3543 1829 3543 1792 3544 1793 3544 1829 3544 1740 3545 1831 3545 1738 3545 1741 3546 1831 3546 1740 3546 1790 3547 1792 3547 1829 3547 1788 3548 1790 3548 1829 3548 1786 3549 1788 3549 1829 3549 1832 3550 1784 3550 1786 3550 1832 3551 1786 3551 1829 3551 1832 3552 1782 3552 1784 3552 1832 3553 1780 3553 1782 3553 1832 3554 1777 3554 1780 3554 1833 3555 1751 3555 1752 3555 1833 3556 1749 3556 1751 3556 1833 3557 1746 3557 1749 3557 1833 3558 1744 3558 1746 3558 1833 3559 1743 3559 1744 3559 1833 3560 1741 3560 1743 3560 1833 3561 1831 3561 1741 3561 1833 3562 1752 3562 1755 3562 1834 3563 1777 3563 1832 3563 1834 3564 1775 3564 1777 3564 1773 3565 1775 3565 1834 3565 1771 3566 1773 3566 1834 3566 1835 3567 1771 3567 1834 3567 1835 3568 1770 3568 1771 3568 1835 3569 1767 3569 1770 3569 1835 3570 1766 3570 1767 3570 1835 3571 1765 3571 1766 3571 1835 3572 1762 3572 1765 3572 1835 3573 1761 3573 1762 3573 1835 3574 1758 3574 1761 3574 1835 3575 1833 3575 1755 3575 1835 3576 1757 3576 1758 3576 1835 3577 1755 3577 1757 3577 1837 3578 1836 3578 1394 3578 1394 3579 1841 3579 1837 3579 1836 3580 1838 3580 1394 3580 1394 3581 1839 3581 1841 3581 1841 3582 1839 3582 1840 3582 1839 3583 1843 3583 1840 3583 1953 3584 1842 3584 1839 3584 1839 3585 1842 3585 1843 3585 1843 3586 1842 3586 1844 3586 1842 3587 1845 3587 1844 3587 1847 3588 1848 3588 1846 3588 1847 3589 1846 3589 1838 3589 1849 3590 1848 3590 1847 3590 1846 3591 1850 3591 1838 3591 1838 3592 1850 3592 1394 3592 1853 3593 1851 3593 1849 3593 1849 3594 1851 3594 1848 3594 1853 3595 1852 3595 1851 3595 1850 3596 1370 3596 1394 3596 1854 3597 1370 3597 1850 3597 1855 3598 1370 3598 1854 3598 1856 3599 1852 3599 1853 3599 1855 3600 1858 3600 1370 3600 1859 3601 1857 3601 1856 3601 1856 3602 1857 3602 1852 3602 1859 3603 1865 3603 1857 3603 1845 3604 1865 3604 1859 3604 1842 3605 1865 3605 1845 3605 1858 3606 1860 3606 1370 3606 1860 3607 1861 3607 1370 3607 1862 3608 1861 3608 1860 3608 1863 3609 1861 3609 1862 3609 1863 3610 1374 3610 1861 3610 1864 3611 1374 3611 1863 3611 1865 3612 1374 3612 1864 3612 1842 3613 1374 3613 1865 3613 1374 3614 1866 3614 1861 3614 1370 3615 1861 3615 1868 3615 1861 3616 1873 3616 1868 3616 1868 3617 1873 3617 1869 3617 1870 3618 1871 3618 1867 3618 1872 3619 1871 3619 1870 3619 1867 3620 1871 3620 1695 3620 1876 3621 1873 3621 1875 3621 1877 3622 1873 3622 1876 3622 1869 3623 1873 3623 1877 3623 1872 3624 1873 3624 1871 3624 1878 3625 1873 3625 1872 3625 1879 3626 1873 3626 1878 3626 1880 3627 1873 3627 1879 3627 1875 3628 1873 3628 1880 3628 1871 3629 1873 3629 1874 3629 1881 3630 1882 3630 1842 3630 1882 3631 1374 3631 1842 3631 1949 3632 1884 3632 1883 3632 1883 3633 1885 3633 1735 3633 1735 3634 1885 3634 1736 3634 1883 3635 1886 3635 1885 3635 1883 3636 1887 3636 1886 3636 1884 3637 1887 3637 1883 3637 1884 3638 1888 3638 1887 3638 1884 3639 1889 3639 1888 3639 1884 3640 1890 3640 1889 3640 1884 3641 1891 3641 1890 3641 1892 3642 1884 3642 1895 3642 1893 3643 1884 3643 1892 3643 1894 3644 1884 3644 1893 3644 1891 3645 1884 3645 1894 3645 1895 3646 1839 3646 1394 3646 1884 3647 1839 3647 1895 3647 1897 3648 1833 3648 1835 3648 1901 3649 1899 3649 1904 3649 1902 3650 1900 3650 1904 3650 1915 3651 1902 3651 1904 3651 1903 3652 1901 3652 1904 3652 1906 3653 1901 3653 1903 3653 1903 3654 1904 3654 1905 3654 1907 3655 1903 3655 1905 3655 1907 3656 1905 3656 1818 3656 1948 3657 1901 3657 1906 3657 1948 3658 1906 3658 1896 3658 1866 3659 1374 3659 1882 3659 1866 3660 1882 3660 1914 3660 1861 3661 1866 3661 1873 3661 1918 3662 1921 3662 1873 3662 1913 3663 1909 3663 1908 3663 1866 3664 1918 3664 1873 3664 1914 3665 1913 3665 1918 3665 1914 3666 1918 3666 1866 3666 1913 3667 1910 3667 1909 3667 1913 3668 1911 3668 1910 3668 1914 3669 1911 3669 1913 3669 1914 3670 1912 3670 1911 3670 1914 3671 1881 3671 1912 3671 1914 3672 1882 3672 1881 3672 1917 3673 1815 3673 1915 3673 1913 3674 1908 3674 1916 3674 1919 3675 1917 3675 1915 3675 1920 3676 1917 3676 1919 3676 1921 3677 1920 3677 1919 3677 1916 3678 1918 3678 1913 3678 1874 3679 1922 3679 1871 3679 1874 3680 1923 3680 1922 3680 1874 3681 1924 3681 1923 3681 1927 3682 1924 3682 1874 3682 1927 3683 1925 3683 1924 3683 1927 3684 1926 3684 1925 3684 1927 3685 1897 3685 1835 3685 1927 3686 1835 3686 1926 3686 1927 3687 1898 3687 1897 3687 1874 3688 1873 3688 1921 3688 1919 3689 1927 3689 1874 3689 1919 3690 1874 3690 1921 3690 1927 3691 1899 3691 1898 3691 1915 3692 1927 3692 1919 3692 1915 3693 1899 3693 1927 3693 1915 3694 1904 3694 1899 3694 1922 3695 1695 3695 1871 3695 1834 3696 1926 3696 1835 3696 1922 3697 1696 3697 1695 3697 1930 3698 1735 3698 1734 3698 1930 3699 1928 3699 1735 3699 1930 3700 1943 3700 1928 3700 1931 3701 1943 3701 1930 3701 1931 3702 1929 3702 1943 3702 1931 3703 1944 3703 1929 3703 1930 3704 1734 3704 1732 3704 1931 3705 1945 3705 1944 3705 1931 3706 1830 3706 1831 3706 1931 3707 1831 3707 1945 3707 1930 3708 1732 3708 1730 3708 1830 3709 1931 3709 1930 3709 1932 3710 1930 3710 1730 3710 1932 3711 1730 3711 1729 3711 1830 3712 1930 3712 1932 3712 1932 3713 1729 3713 1725 3713 1933 3714 1932 3714 1725 3714 1933 3715 1725 3715 1724 3715 1933 3716 1724 3716 1722 3716 1933 3717 1830 3717 1932 3717 1933 3718 1829 3718 1830 3718 1935 3719 1933 3719 1722 3719 1935 3720 1722 3720 1720 3720 1934 3721 1829 3721 1933 3721 1935 3722 1720 3722 1719 3722 1934 3723 1933 3723 1935 3723 1935 3724 1719 3724 1716 3724 1936 3725 1935 3725 1716 3725 1936 3726 1716 3726 1715 3726 1936 3727 1934 3727 1935 3727 1936 3728 1715 3728 1712 3728 1937 3729 1934 3729 1936 3729 1937 3730 1936 3730 1712 3730 1937 3731 1712 3731 1710 3731 1937 3732 1829 3732 1934 3732 1937 3733 1710 3733 1707 3733 1939 3734 1937 3734 1707 3734 1938 3735 1829 3735 1937 3735 1939 3736 1707 3736 1706 3736 1939 3737 1938 3737 1937 3737 1939 3738 1706 3738 1704 3738 1941 3739 1939 3739 1704 3739 1938 3740 1832 3740 1829 3740 1941 3741 1704 3741 1703 3741 1940 3742 1939 3742 1941 3742 1940 3743 1938 3743 1939 3743 1940 3744 1832 3744 1938 3744 1941 3745 1703 3745 1700 3745 1941 3746 1700 3746 1698 3746 1942 3747 1941 3747 1698 3747 1942 3748 1698 3748 1696 3748 1942 3749 1696 3749 1922 3749 1942 3750 1922 3750 1923 3750 1942 3751 1923 3751 1924 3751 1832 3752 1941 3752 1942 3752 1832 3753 1940 3753 1941 3753 1942 3754 1924 3754 1925 3754 1942 3755 1925 3755 1926 3755 1832 3756 1942 3756 1926 3756 1832 3757 1926 3757 1834 3757 1883 3758 1735 3758 1928 3758 1833 3759 1945 3759 1831 3759 1949 3760 1946 3760 1884 3760 1833 3761 1897 3761 1945 3761 1947 3762 1946 3762 1949 3762 1949 3763 1883 3763 1928 3763 1947 3764 1901 3764 1948 3764 1949 3765 1928 3765 1943 3765 1947 3766 1899 3766 1901 3766 1947 3767 1898 3767 1899 3767 1949 3768 1943 3768 1929 3768 1897 3769 1947 3769 1949 3769 1949 3770 1929 3770 1944 3770 1897 3771 1949 3771 1944 3771 1897 3772 1898 3772 1947 3772 1897 3773 1944 3773 1945 3773 1952 3774 1950 3774 1908 3774 1951 3775 1948 3775 1896 3775 1955 3776 1950 3776 1952 3776 1946 3777 1950 3777 1955 3777 1947 3778 1948 3778 1951 3778 1947 3779 1951 3779 1946 3779 1955 3780 1953 3780 1884 3780 1954 3781 1953 3781 1955 3781 1954 3782 1912 3782 1881 3782 1954 3783 1911 3783 1912 3783 1955 3784 1884 3784 1946 3784 1954 3785 1910 3785 1911 3785 1952 3786 1954 3786 1955 3786 1952 3787 1910 3787 1954 3787 1952 3788 1909 3788 1910 3788 1952 3789 1908 3789 1909 3789 1953 3790 1839 3790 1884 3790 1842 3791 1953 3791 1954 3791 1842 3792 1954 3792 1881 3792 1966 3793 1956 3793 1853 3793 1853 3794 1956 3794 1856 3794 1856 3795 1957 3795 1859 3795 1956 3796 1957 3796 1856 3796 1859 3797 1957 3797 1845 3797 1957 3798 1958 3798 1845 3798 1845 3799 1958 3799 1844 3799 1844 3800 1959 3800 1843 3800 1958 3801 1959 3801 1844 3801 1959 3802 1960 3802 1843 3802 1843 3803 1960 3803 1840 3803 1960 3804 1961 3804 1840 3804 1840 3805 1961 3805 1841 3805 1961 3806 1962 3806 1841 3806 1841 3807 1962 3807 1837 3807 1962 3808 1963 3808 1837 3808 1837 3809 1963 3809 1836 3809 1963 3810 1964 3810 1836 3810 1836 3811 1964 3811 1838 3811 1964 3812 1965 3812 1838 3812 1838 3813 1965 3813 1847 3813 1847 3814 1965 3814 1849 3814 1965 3815 1966 3815 1849 3815 1849 3816 1966 3816 1853 3816 1965 3817 1964 3817 1967 3817 1968 3818 1965 3818 1967 3818 1968 3819 1966 3819 1965 3819 1967 3820 1964 3820 1970 3820 1969 3821 1966 3821 1968 3821 1970 3822 1964 3822 1971 3822 1969 3823 1956 3823 1966 3823 1964 3824 1963 3824 1971 3824 1974 3825 1956 3825 1969 3825 1971 3826 1963 3826 1972 3826 1972 3827 1963 3827 1973 3827 1963 3828 1962 3828 1973 3828 1956 3829 1974 3829 1957 3829 1962 3830 1975 3830 1973 3830 1957 3831 1816 3831 1958 3831 1974 3832 1816 3832 1957 3832 1961 3833 1975 3833 1962 3833 1961 3834 1976 3834 1975 3834 1958 3835 1977 3835 1959 3835 1816 3836 1977 3836 1958 3836 1961 3837 1977 3837 1976 3837 1960 3838 1977 3838 1961 3838 1959 3839 1977 3839 1960 3839 1816 3840 1950 3840 1977 3840 1977 3841 1950 3841 1976 3841 1950 3842 1946 3842 1976 3842 1976 3843 1946 3843 1975 3843 1946 3844 1951 3844 1975 3844 1975 3845 1951 3845 1973 3845 1951 3846 1896 3846 1973 3846 1973 3847 1896 3847 1972 3847 1896 3848 1906 3848 1972 3848 1972 3849 1906 3849 1971 3849 1906 3850 1903 3850 1971 3850 1971 3851 1903 3851 1970 3851 1903 3852 1907 3852 1970 3852 1970 3853 1817 3853 1967 3853 1907 3854 1817 3854 1970 3854 1817 3855 1820 3855 1967 3855 1967 3856 1820 3856 1968 3856 1820 3857 1823 3857 1968 3857 1968 3858 1823 3858 1969 3858 1823 3859 1824 3859 1969 3859 1969 3860 1824 3860 1974 3860 1824 3861 1826 3861 1974 3861 1826 3862 1816 3862 1974 3862 1860 3863 1978 3863 1862 3863 1978 3864 1979 3864 1862 3864 1862 3865 1979 3865 1863 3865 1979 3866 1980 3866 1863 3866 1980 3867 1981 3867 1863 3867 1863 3868 1981 3868 1864 3868 1864 3869 1982 3869 1865 3869 1981 3870 1982 3870 1864 3870 1982 3871 1983 3871 1865 3871 1865 3872 1983 3872 1857 3872 1857 3873 1983 3873 1852 3873 1983 3874 1984 3874 1852 3874 1852 3875 1984 3875 1851 3875 1984 3876 1985 3876 1851 3876 1851 3877 1985 3877 1848 3877 1848 3878 1985 3878 1846 3878 1985 3879 1986 3879 1846 3879 1846 3880 1986 3880 1850 3880 1850 3881 1986 3881 1854 3881 1986 3882 1987 3882 1854 3882 1854 3883 1987 3883 1855 3883 1987 3884 1988 3884 1855 3884 1855 3885 1988 3885 1858 3885 1858 3886 1988 3886 1860 3886 1988 3887 1978 3887 1860 3887 1989 3888 1987 3888 1991 3888 1989 3889 1988 3889 1987 3889 1990 3890 1988 3890 1989 3890 1991 3891 1987 3891 1992 3891 1990 3892 1978 3892 1988 3892 1993 3893 1978 3893 1990 3893 1987 3894 1986 3894 1992 3894 1992 3895 1986 3895 1994 3895 1993 3896 1979 3896 1978 3896 1994 3897 1986 3897 1995 3897 1986 3898 1985 3898 1995 3898 1985 3899 1996 3899 1995 3899 1993 3900 1997 3900 1979 3900 1997 3901 1980 3901 1979 3901 1997 3902 1828 3902 1980 3902 1985 3903 1998 3903 1996 3903 1984 3904 1998 3904 1985 3904 1984 3905 1999 3905 1998 3905 1980 3906 1828 3906 1981 3906 1981 3907 1828 3907 1982 3907 1982 3908 1828 3908 1983 3908 1828 3909 1999 3909 1983 3909 1983 3910 1999 3910 1984 3910 1828 3911 1827 3911 1999 3911 1827 3912 1825 3912 1999 3912 1825 3913 1998 3913 1999 3913 1825 3914 1822 3914 1998 3914 1822 3915 1821 3915 1998 3915 1998 3916 1821 3916 1996 3916 1821 3917 1819 3917 1996 3917 1996 3918 1819 3918 1995 3918 1995 3919 1818 3919 1994 3919 1819 3920 1818 3920 1995 3920 1994 3921 1905 3921 1992 3921 1818 3922 1905 3922 1994 3922 1905 3923 1904 3923 1992 3923 1904 3924 1900 3924 1992 3924 1992 3925 1900 3925 1991 3925 1900 3926 1902 3926 1991 3926 1991 3927 1815 3927 1989 3927 1902 3928 1815 3928 1991 3928 1815 3929 1917 3929 1989 3929 1989 3930 1917 3930 1990 3930 1917 3931 1920 3931 1990 3931 1920 3932 1921 3932 1990 3932 1990 3933 1921 3933 1993 3933 1921 3934 1918 3934 1993 3934 1918 3935 1916 3935 1993 3935 1916 3936 1997 3936 1993 3936 1916 3937 1828 3937 1997 3937 2000 3938 1705 3938 2002 3938 2002 3939 1705 3939 1708 3939 2000 3940 1702 3940 1705 3940 2002 3941 1708 3941 1709 3941 2002 3942 1709 3942 1711 3942 2000 3943 1701 3943 1702 3943 2001 3944 1701 3944 2000 3944 2001 3945 1699 3945 1701 3945 2002 3946 1711 3946 1713 3946 2003 3947 2002 3947 1713 3947 2001 3948 1697 3948 1699 3948 2003 3949 1713 3949 1714 3949 2001 3950 1695 3950 1697 3950 2003 3951 1714 3951 1717 3951 2003 3952 1717 3952 1718 3952 2004 3953 1695 3953 2001 3953 2005 3954 2003 3954 1718 3954 2005 3955 1718 3955 1721 3955 2005 3956 1721 3956 1723 3956 2006 3957 2005 3957 1723 3957 2006 3958 1723 3958 1726 3958 1727 3959 2006 3959 1726 3959 1728 3960 2006 3960 1727 3960 1867 3961 2004 3961 2007 3961 1867 3962 1695 3962 2004 3962 1867 3963 2007 3963 2008 3963 1728 3964 2010 3964 2006 3964 1731 3965 2010 3965 1728 3965 2009 3966 1867 3966 2008 3966 1731 3967 2011 3967 2010 3967 1733 3968 2011 3968 1731 3968 1736 3969 2011 3969 1733 3969 1736 3970 2012 3970 2011 3970 2014 3971 2012 3971 1736 3971 1885 3972 1867 3972 2009 3972 1885 3973 2014 3973 1736 3973 1885 3974 2009 3974 2013 3974 1885 3975 2013 3975 2014 3975 1370 3976 1868 3976 1394 3976 1394 3977 1868 3977 1895 3977 1868 3978 1869 3978 1895 3978 1895 3979 1869 3979 1892 3979 1869 3980 1877 3980 1892 3980 1892 3981 1877 3981 1893 3981 1877 3982 1876 3982 1893 3982 1893 3983 1876 3983 1894 3983 1876 3984 1875 3984 1894 3984 1894 3985 1875 3985 1891 3985 1875 3986 1880 3986 1891 3986 1891 3987 1880 3987 1890 3987 1880 3988 1879 3988 1890 3988 1890 3989 1879 3989 1889 3989 1889 3990 1879 3990 1888 3990 1879 3991 1878 3991 1888 3991 1888 3992 1878 3992 1887 3992 1887 3993 1872 3993 1886 3993 1878 3994 1872 3994 1887 3994 1872 3995 1870 3995 1886 3995 1886 3996 1870 3996 1885 3996 1870 3997 1867 3997 1885 3997 1813 3998 2012 3998 1737 3998 1737 3999 2012 3999 1739 3999 2012 4000 2015 4000 1739 4000 2014 4001 2015 4001 2012 4001 1739 4002 2015 4002 1742 4002 1742 4003 2015 4003 1745 4003 2013 4004 2015 4004 2014 4004 2015 4005 2016 4005 1745 4005 1745 4006 2016 4006 1747 4006 2013 4007 2016 4007 2015 4007 1747 4008 2016 4008 1748 4008 1748 4009 2016 4009 1750 4009 1750 4010 2017 4010 1753 4010 2016 4011 2017 4011 1750 4011 2013 4012 2017 4012 2016 4012 2009 4013 2017 4013 2013 4013 1753 4014 2017 4014 1754 4014 1754 4015 2018 4015 1756 4015 2009 4016 2018 4016 2017 4016 2017 4017 2018 4017 1754 4017 1756 4018 2018 4018 1759 4018 2018 4019 2019 4019 1759 4019 2009 4020 2019 4020 2018 4020 2008 4021 2019 4021 2009 4021 1759 4022 2019 4022 1760 4022 1760 4023 2019 4023 1763 4023 2019 4024 2020 4024 1763 4024 2008 4025 2020 4025 2019 4025 1763 4026 2020 4026 1764 4026 2007 4027 2020 4027 2008 4027 1764 4028 2020 4028 1768 4028 2020 4029 2021 4029 1768 4029 2007 4030 2021 4030 2020 4030 1768 4031 2021 4031 1769 4031 1769 4032 2021 4032 1772 4032 2007 4033 2022 4033 2021 4033 2004 4034 2022 4034 2007 4034 2021 4035 2022 4035 1772 4035 1772 4036 2022 4036 1774 4036 1774 4037 2022 4037 1776 4037 2004 4038 2023 4038 2022 4038 2001 4039 2023 4039 2004 4039 2022 4040 2023 4040 1776 4040 1776 4041 2023 4041 1778 4041 1778 4042 2023 4042 1779 4042 2023 4043 2024 4043 1779 4043 2001 4044 2024 4044 2023 4044 1779 4045 2024 4045 1781 4045 2000 4046 2024 4046 2001 4046 1781 4047 2024 4047 1783 4047 2024 4048 2025 4048 1783 4048 2000 4049 2025 4049 2024 4049 1783 4050 2025 4050 1785 4050 1785 4051 2025 4051 1787 4051 2002 4052 2025 4052 2000 4052 1787 4053 2026 4053 1789 4053 2025 4054 2026 4054 1787 4054 2002 4055 2026 4055 2025 4055 1789 4056 2026 4056 1791 4056 1791 4057 2027 4057 1794 4057 2026 4058 2027 4058 1791 4058 2002 4059 2027 4059 2026 4059 1794 4060 2027 4060 1795 4060 2003 4061 2027 4061 2002 4061 1795 4062 2027 4062 1798 4062 2027 4063 2028 4063 1798 4063 1798 4064 2028 4064 1801 4064 2003 4065 2028 4065 2027 4065 1801 4066 2028 4066 1803 4066 2005 4067 2028 4067 2003 4067 1803 4068 2029 4068 1806 4068 2005 4069 2029 4069 2028 4069 2028 4070 2029 4070 1803 4070 2006 4071 2029 4071 2005 4071 1806 4072 2029 4072 1807 4072 1807 4073 2029 4073 1809 4073 2029 4074 2010 4074 1809 4074 2006 4075 2010 4075 2029 4075 1809 4076 2010 4076 1811 4076 1811 4077 2011 4077 1813 4077 2010 4078 2011 4078 1811 4078 1813 4079 2011 4079 2012 4079 2032 4080 2030 4080 2031 4080 2034 4081 2031 4081 2030 4081 2033 4082 2032 4082 2031 4082 2033 4083 2031 4083 2037 4083 2036 4084 2033 4084 2037 4084 2035 4085 2031 4085 2034 4085 2038 4086 2043 4086 2031 4086 2038 4087 2031 4087 2035 4087 2039 4088 2036 4088 2037 4088 2040 4089 2043 4089 2038 4089 2041 4090 2039 4090 2037 4090 2042 4091 2043 4091 2040 4091 2044 4092 2041 4092 2037 4092 2044 4093 2037 4093 2046 4093 2047 4094 2043 4094 2042 4094 2045 4095 2044 4095 2046 4095 2047 4096 2052 4096 2043 4096 2049 4097 2045 4097 2046 4097 2048 4098 2052 4098 2047 4098 2050 4099 2049 4099 2046 4099 2051 4100 2052 4100 2048 4100 2053 4101 2050 4101 2046 4101 2054 4102 2052 4102 2051 4102 2059 4103 2052 4103 2054 4103 2046 4104 2055 4104 2053 4104 2057 4105 2055 4105 2046 4105 2059 4106 2054 4106 2056 4106 2057 4107 2058 4107 2055 4107 2057 4108 2063 4108 2058 4108 2059 4109 2056 4109 2060 4109 2064 4110 2060 4110 2061 4110 2064 4111 2059 4111 2060 4111 2057 4112 2062 4112 2063 4112 2057 4113 2065 4113 2062 4113 2064 4114 2061 4114 2068 4114 2066 4115 2065 4115 2057 4115 2066 4116 2067 4116 2065 4116 2064 4117 2068 4117 2070 4117 2066 4118 2069 4118 2067 4118 2066 4119 2072 4119 2069 4119 2071 4120 2064 4120 2070 4120 2071 4121 2070 4121 2073 4121 2080 4122 2072 4122 2066 4122 2080 4123 2075 4123 2072 4123 2071 4124 2073 4124 2074 4124 2080 4125 2076 4125 2075 4125 2071 4126 2074 4126 2077 4126 2080 4127 2078 4127 2076 4127 2080 4128 2071 4128 2077 4128 2080 4129 2077 4129 2079 4129 2080 4130 2079 4130 2078 4130 2081 4131 2103 4131 2043 4131 2081 4132 2043 4132 2052 4132 2082 4133 2081 4133 2052 4133 2107 4134 2082 4134 2052 4134 2059 4135 2107 4135 2052 4135 2108 4136 2107 4136 2059 4136 2083 4137 2108 4137 2059 4137 2064 4138 2083 4138 2059 4138 2084 4139 2083 4139 2064 4139 2085 4140 2084 4140 2064 4140 2110 4141 2085 4141 2064 4141 2110 4142 2064 4142 2071 4142 2111 4143 2110 4143 2071 4143 2086 4144 2111 4144 2071 4144 2080 4145 2086 4145 2071 4145 2087 4146 2086 4146 2080 4146 2088 4147 2087 4147 2080 4147 2089 4148 2088 4148 2080 4148 2090 4149 2089 4149 2080 4149 2090 4150 2080 4150 2066 4150 2091 4151 2090 4151 2066 4151 2116 4152 2091 4152 2066 4152 2116 4153 2066 4153 2057 4153 2092 4154 2116 4154 2057 4154 2093 4155 2092 4155 2057 4155 2093 4156 2057 4156 2046 4156 2094 4157 2093 4157 2046 4157 2095 4158 2094 4158 2046 4158 2117 4159 2095 4159 2046 4159 2096 4160 2117 4160 2046 4160 2037 4161 2096 4161 2046 4161 2097 4162 2096 4162 2037 4162 2098 4163 2097 4163 2037 4163 2099 4164 2098 4164 2037 4164 2031 4165 2099 4165 2037 4165 2100 4166 2099 4166 2031 4166 2101 4167 2100 4167 2031 4167 2102 4168 2101 4168 2031 4168 2102 4169 2031 4169 2043 4169 2103 4170 2102 4170 2043 4170 2104 4171 2125 4171 2103 4171 2104 4172 2103 4172 2081 4172 2105 4173 2104 4173 2081 4173 2105 4174 2081 4174 2082 4174 2106 4175 2105 4175 2082 4175 2106 4176 2082 4176 2107 4176 2109 4177 2108 4177 2083 4177 2109 4178 2083 4178 2084 4178 2085 4179 2109 4179 2084 4179 2087 4180 2111 4180 2086 4180 2112 4181 2087 4181 2088 4181 2113 4182 2112 4182 2088 4182 2113 4183 2088 4183 2089 4183 2114 4184 2113 4184 2089 4184 2114 4185 2089 4185 2090 4185 2115 4186 2114 4186 2090 4186 2115 4187 2090 4187 2091 4187 2115 4188 2091 4188 2116 4188 2118 4189 2117 4189 2096 4189 2118 4190 2096 4190 2097 4190 2119 4191 2118 4191 2097 4191 2119 4192 2097 4192 2098 4192 2120 4193 2119 4193 2098 4193 2120 4194 2098 4194 2099 4194 2121 4195 2120 4195 2099 4195 2121 4196 2099 4196 2100 4196 2122 4197 2121 4197 2100 4197 2123 4198 2122 4198 2100 4198 2123 4199 2100 4199 2101 4199 2124 4200 2101 4200 2102 4200 2124 4201 2123 4201 2101 4201 2124 4202 2102 4202 2103 4202 2125 4203 2124 4203 2103 4203 2124 4204 2125 4204 2126 4204 2127 4205 2124 4205 2126 4205 2123 4206 2124 4206 2127 4206 2123 4207 2127 4207 2128 4207 2122 4208 2123 4208 2128 4208 2121 4209 2122 4209 2128 4209 2120 4210 2121 4210 2128 4210 2120 4211 2128 4211 2129 4211 2119 4212 2120 4212 2129 4212 2118 4213 2119 4213 2129 4213 2118 4214 2129 4214 2130 4214 2117 4215 2118 4215 2130 4215 2095 4216 2117 4216 2130 4216 2094 4217 2095 4217 2130 4217 2093 4218 2094 4218 2130 4218 2093 4219 2130 4219 2131 4219 2092 4220 2093 4220 2131 4220 2116 4221 2092 4221 2131 4221 2115 4222 2116 4222 2131 4222 2115 4223 2131 4223 2132 4223 2114 4224 2115 4224 2132 4224 2114 4225 2132 4225 2133 4225 2113 4226 2114 4226 2133 4226 2112 4227 2113 4227 2133 4227 2112 4228 2133 4228 2134 4228 2087 4229 2112 4229 2134 4229 2111 4230 2087 4230 2134 4230 2111 4231 2134 4231 2135 4231 2110 4232 2111 4232 2135 4232 2085 4233 2110 4233 2135 4233 2109 4234 2085 4234 2135 4234 2136 4235 2109 4235 2135 4235 2108 4236 2109 4236 2136 4236 2107 4237 2108 4237 2136 4237 2106 4238 2107 4238 2136 4238 2126 4239 2106 4239 2136 4239 2105 4240 2106 4240 2126 4240 2104 4241 2105 4241 2126 4241 2125 4242 2104 4242 2126 4242 2137 4243 2131 4243 2130 4243 2137 4244 2130 4244 2129 4244 2138 4245 2131 4245 2137 4245 2138 4246 2132 4246 2131 4246 2138 4247 2133 4247 2132 4247 2137 4248 2129 4248 2128 4248 2138 4249 2134 4249 2133 4249 2139 4250 2134 4250 2138 4250 2140 4251 2137 4251 2128 4251 2127 4252 2140 4252 2128 4252 2135 4253 2134 4253 2139 4253 2126 4254 2140 4254 2127 4254 2136 4255 2135 4255 2139 4255 2126 4256 2139 4256 2140 4256 2136 4257 2139 4257 2126 4257 2141 4258 2142 4258 2143 4258 2142 4259 2147 4259 2143 4259 2143 4260 2147 4260 2144 4260 2139 4261 2142 4261 2140 4261 2144 4262 2147 4262 2145 4262 2139 4263 2147 4263 2142 4263 2145 4264 2147 4264 2146 4264 2146 4265 2147 4265 2148 4265 2148 4266 2150 4266 2149 4266 2147 4267 2150 4267 2148 4267 2139 4268 2150 4268 2147 4268 2150 4269 2154 4269 2151 4269 2139 4270 2154 4270 2150 4270 2152 4271 2154 4271 2153 4271 2153 4272 2154 4272 2156 4272 2154 4273 2155 4273 2156 4273 2139 4274 2155 4274 2154 4274 2138 4275 2155 4275 2139 4275 2138 4276 2157 4276 2155 4276 2158 4277 2157 4277 2159 4277 2157 4278 2161 4278 2159 4278 2159 4279 2161 4279 2160 4279 2138 4280 2161 4280 2157 4280 2138 4281 2163 4281 2161 4281 2137 4282 2163 4282 2138 4282 2161 4283 2163 4283 2162 4283 2163 4284 2165 4284 2164 4284 2137 4285 2168 4285 2163 4285 2163 4286 2168 4286 2165 4286 2165 4287 2168 4287 2166 4287 2166 4288 2168 4288 2167 4288 2167 4289 2168 4289 2169 4289 2169 4290 2168 4290 2170 4290 2170 4291 2168 4291 2171 4291 2137 4292 2172 4292 2168 4292 2168 4293 2172 4293 2171 4293 2172 4294 2173 4294 2174 4294 2174 4295 2173 4295 2175 4295 2137 4296 2173 4296 2172 4296 2173 4297 2177 4297 2176 4297 2140 4298 2177 4298 2137 4298 2137 4299 2177 4299 2173 4299 2176 4300 2177 4300 2178 4300 2178 4301 2177 4301 2179 4301 2177 4302 2180 4302 2179 4302 2140 4303 2142 4303 2177 4303 2177 4304 2142 4304 2180 4304 2181 4305 2215 4305 2141 4305 2181 4306 2141 4306 2143 4306 2182 4307 2181 4307 2143 4307 2182 4308 2143 4308 2144 4308 2183 4309 2182 4309 2144 4309 2183 4310 2144 4310 2145 4310 2184 4311 2183 4311 2145 4311 2184 4312 2145 4312 2146 4312 2185 4313 2184 4313 2146 4313 2185 4314 2146 4314 2148 4314 2186 4315 2185 4315 2148 4315 2186 4316 2148 4316 2149 4316 2187 4317 2186 4317 2149 4317 2187 4318 2149 4318 2150 4318 2188 4319 2187 4319 2150 4319 2188 4320 2150 4320 2151 4320 2189 4321 2188 4321 2151 4321 2189 4322 2151 4322 2154 4322 2190 4323 2189 4323 2154 4323 2190 4324 2154 4324 2152 4324 2191 4325 2190 4325 2152 4325 2191 4326 2152 4326 2153 4326 2192 4327 2191 4327 2153 4327 2192 4328 2153 4328 2156 4328 2192 4329 2156 4329 2155 4329 2193 4330 2192 4330 2155 4330 2193 4331 2155 4331 2157 4331 2194 4332 2193 4332 2157 4332 2194 4333 2157 4333 2158 4333 2195 4334 2194 4334 2158 4334 2195 4335 2158 4335 2159 4335 2196 4336 2195 4336 2159 4336 2196 4337 2159 4337 2160 4337 2197 4338 2196 4338 2160 4338 2198 4339 2197 4339 2160 4339 2198 4340 2160 4340 2161 4340 2198 4341 2161 4341 2162 4341 2199 4342 2198 4342 2162 4342 2199 4343 2162 4343 2163 4343 2200 4344 2199 4344 2163 4344 2200 4345 2163 4345 2164 4345 2201 4346 2200 4346 2164 4346 2201 4347 2164 4347 2165 4347 2202 4348 2201 4348 2165 4348 2202 4349 2165 4349 2166 4349 2203 4350 2202 4350 2166 4350 2203 4351 2166 4351 2167 4351 2204 4352 2203 4352 2167 4352 2204 4353 2167 4353 2169 4353 2205 4354 2204 4354 2169 4354 2205 4355 2169 4355 2170 4355 2206 4356 2205 4356 2170 4356 2206 4357 2170 4357 2171 4357 2207 4358 2206 4358 2171 4358 2207 4359 2171 4359 2172 4359 2208 4360 2172 4360 2174 4360 2208 4361 2207 4361 2172 4361 2209 4362 2174 4362 2175 4362 2209 4363 2208 4363 2174 4363 2209 4364 2175 4364 2173 4364 2210 4365 2209 4365 2173 4365 2210 4366 2173 4366 2176 4366 2211 4367 2210 4367 2176 4367 2211 4368 2176 4368 2178 4368 2212 4369 2211 4369 2178 4369 2212 4370 2178 4370 2179 4370 2213 4371 2212 4371 2179 4371 2213 4372 2179 4372 2180 4372 2214 4373 2213 4373 2180 4373 2215 4374 2180 4374 2142 4374 2215 4375 2214 4375 2180 4375 2215 4376 2142 4376 2141 4376 2217 4377 2218 4377 2216 4377 2217 4378 2220 4378 2218 4378 2219 4379 2220 4379 2217 4379 2221 4380 2216 4380 2218 4380 2225 4381 2221 4381 2218 4381 2225 4382 2218 4382 2223 4382 2222 4383 2220 4383 2219 4383 2226 4384 2220 4384 2222 4384 2226 4385 2224 4385 2220 4385 2227 4386 2225 4386 2223 4386 2228 4387 2224 4387 2226 4387 2229 4388 2227 4388 2223 4388 2229 4389 2223 4389 2231 4389 2232 4390 2224 4390 2228 4390 2230 4391 2229 4391 2231 4391 2232 4392 2238 4392 2224 4392 2234 4393 2238 4393 2232 4393 2233 4394 2230 4394 2231 4394 2235 4395 2231 4395 2270 4395 2235 4396 2233 4396 2231 4396 2237 4397 2238 4397 2234 4397 2236 4398 2235 4398 2270 4398 2239 4399 2238 4399 2237 4399 2236 4400 2270 4400 2269 4400 2241 4401 2236 4401 2269 4401 2276 4402 2238 4402 2239 4402 2276 4403 2239 4403 2240 4403 2276 4404 2240 4404 2243 4404 2268 4405 2241 4405 2269 4405 2268 4406 2242 4406 2241 4406 2268 4407 2244 4407 2242 4407 2276 4408 2243 4408 2245 4408 2248 4409 2244 4409 2268 4409 2254 4410 2276 4410 2245 4410 2248 4411 2247 4411 2244 4411 2254 4412 2245 4412 2246 4412 2248 4413 2251 4413 2247 4413 2254 4414 2246 4414 2249 4414 2250 4415 2251 4415 2248 4415 2254 4416 2249 4416 2252 4416 2250 4417 2253 4417 2251 4417 2250 4418 2255 4418 2253 4418 2263 4419 2252 4419 2256 4419 2263 4420 2254 4420 2252 4420 2263 4421 2256 4421 2257 4421 2261 4422 2258 4422 2255 4422 2261 4423 2255 4423 2250 4423 2261 4424 2259 4424 2258 4424 2263 4425 2257 4425 2260 4425 2261 4426 2262 4426 2259 4426 2264 4427 2262 4427 2261 4427 2263 4428 2260 4428 2265 4428 2264 4429 2266 4429 2262 4429 2264 4430 2265 4430 2266 4430 2264 4431 2263 4431 2265 4431 2253 4432 2255 4432 2042 4432 2042 4433 2255 4433 2047 4433 2255 4434 2258 4434 2047 4434 2047 4435 2258 4435 2048 4435 2258 4436 2259 4436 2048 4436 2048 4437 2262 4437 2051 4437 2259 4438 2262 4438 2048 4438 2262 4439 2266 4439 2051 4439 2051 4440 2266 4440 2054 4440 2266 4441 2265 4441 2054 4441 2054 4442 2265 4442 2056 4442 2265 4443 2260 4443 2056 4443 2056 4444 2260 4444 2060 4444 2060 4445 2257 4445 2061 4445 2260 4446 2257 4446 2060 4446 2061 4447 2256 4447 2068 4447 2257 4448 2256 4448 2061 4448 2256 4449 2252 4449 2068 4449 2068 4450 2252 4450 2070 4450 2252 4451 2249 4451 2070 4451 2070 4452 2246 4452 2073 4452 2249 4453 2246 4453 2070 4453 2073 4454 2246 4454 2074 4454 2246 4455 2245 4455 2074 4455 2245 4456 2243 4456 2074 4456 2074 4457 2243 4457 2077 4457 2243 4458 2240 4458 2077 4458 2077 4459 2240 4459 2079 4459 2240 4460 2239 4460 2079 4460 2079 4461 2239 4461 2078 4461 2239 4462 2237 4462 2078 4462 2078 4463 2237 4463 2076 4463 2076 4464 2237 4464 2075 4464 2237 4465 2234 4465 2075 4465 2075 4466 2234 4466 2072 4466 2234 4467 2232 4467 2072 4467 2232 4468 2228 4468 2072 4468 2072 4469 2228 4469 2069 4469 2069 4470 2228 4470 2067 4470 2228 4471 2226 4471 2067 4471 2067 4472 2226 4472 2065 4472 2226 4473 2222 4473 2065 4473 2065 4474 2222 4474 2062 4474 2062 4475 2222 4475 2063 4475 2222 4476 2219 4476 2063 4476 2063 4477 2219 4477 2058 4477 2058 4478 2217 4478 2055 4478 2219 4479 2217 4479 2058 4479 2055 4480 2217 4480 2053 4480 2217 4481 2216 4481 2053 4481 2053 4482 2216 4482 2050 4482 2216 4483 2221 4483 2050 4483 2050 4484 2221 4484 2049 4484 2221 4485 2225 4485 2049 4485 2049 4486 2225 4486 2045 4486 2045 4487 2225 4487 2044 4487 2225 4488 2227 4488 2044 4488 2044 4489 2227 4489 2041 4489 2227 4490 2229 4490 2041 4490 2041 4491 2230 4491 2039 4491 2229 4492 2230 4492 2041 4492 2039 4493 2233 4493 2036 4493 2230 4494 2233 4494 2039 4494 2233 4495 2235 4495 2036 4495 2036 4496 2235 4496 2033 4496 2235 4497 2236 4497 2033 4497 2033 4498 2236 4498 2032 4498 2032 4499 2241 4499 2030 4499 2236 4500 2241 4500 2032 4500 2241 4501 2242 4501 2030 4501 2030 4502 2242 4502 2034 4502 2242 4503 2244 4503 2034 4503 2034 4504 2244 4504 2035 4504 2035 4505 2244 4505 2038 4505 2244 4506 2247 4506 2038 4506 2247 4507 2251 4507 2038 4507 2038 4508 2251 4508 2040 4508 2040 4509 2251 4509 2042 4509 2251 4510 2253 4510 2042 4510 2267 4511 2214 4511 2215 4511 2267 4512 2250 4512 2248 4512 2267 4513 2280 4513 2250 4513 2267 4514 2215 4514 2280 4514 2267 4515 2213 4515 2214 4515 2267 4516 2212 4516 2213 4516 2267 4517 2248 4517 2268 4517 2268 4518 2211 4518 2212 4518 2268 4519 2212 4519 2267 4519 2269 4520 2210 4520 2211 4520 2269 4521 2211 4521 2268 4521 2269 4522 2209 4522 2210 4522 2269 4523 2208 4523 2209 4523 2270 4524 2207 4524 2208 4524 2270 4525 2208 4525 2269 4525 2271 4526 2270 4526 2231 4526 2271 4527 2207 4527 2270 4527 2271 4528 2231 4528 2223 4528 2271 4529 2206 4529 2207 4529 2271 4530 2205 4530 2206 4530 2223 4531 2205 4531 2271 4531 2223 4532 2204 4532 2205 4532 2218 4533 2204 4533 2223 4533 2218 4534 2203 4534 2204 4534 2272 4535 2202 4535 2203 4535 2272 4536 2203 4536 2218 4536 2272 4537 2218 4537 2220 4537 2272 4538 2201 4538 2202 4538 2273 4539 2201 4539 2272 4539 2273 4540 2272 4540 2220 4540 2273 4541 2200 4541 2201 4541 2273 4542 2199 4542 2200 4542 2273 4543 2220 4543 2224 4543 2274 4544 2198 4544 2199 4544 2274 4545 2199 4545 2273 4545 2274 4546 2273 4546 2224 4546 2274 4547 2197 4547 2198 4547 2275 4548 2274 4548 2224 4548 2275 4549 2197 4549 2274 4549 2275 4550 2196 4550 2197 4550 2275 4551 2224 4551 2238 4551 2275 4552 2195 4552 2196 4552 2238 4553 2195 4553 2275 4553 2238 4554 2194 4554 2195 4554 2238 4555 2193 4555 2194 4555 2276 4556 2193 4556 2238 4556 2276 4557 2192 4557 2193 4557 2277 4558 2276 4558 2254 4558 2277 4559 2192 4559 2276 4559 2277 4560 2191 4560 2192 4560 2277 4561 2190 4561 2191 4561 2278 4562 2190 4562 2277 4562 2278 4563 2277 4563 2254 4563 2278 4564 2189 4564 2190 4564 2278 4565 2254 4565 2263 4565 2278 4566 2188 4566 2189 4566 2278 4567 2187 4567 2188 4567 2264 4568 2278 4568 2263 4568 2264 4569 2186 4569 2187 4569 2264 4570 2187 4570 2278 4570 2264 4571 2185 4571 2186 4571 2279 4572 2185 4572 2264 4572 2279 4573 2184 4573 2185 4573 2279 4574 2183 4574 2184 4574 2279 4575 2264 4575 2261 4575 2279 4576 2182 4576 2183 4576 2279 4577 2181 4577 2182 4577 2280 4578 2279 4578 2261 4578 2280 4579 2261 4579 2250 4579 2280 4580 2181 4580 2279 4580 2280 4581 2215 4581 2181 4581 2281 4582 2283 4582 2285 4582 2282 4583 2288 4583 2283 4583 2282 4584 2283 4584 2281 4584 2284 4585 2285 4585 2286 4585 2284 4586 2281 4586 2285 4586 2287 4587 2288 4587 2282 4587 2287 4588 2291 4588 2288 4588 2289 4589 2284 4589 2286 4589 2291 4590 2287 4590 2290 4590 2291 4591 2289 4591 2286 4591 2291 4592 2290 4592 2289 4592 2292 4593 2293 4593 2295 4593 2301 4594 2292 4594 2295 4594 2301 4595 2294 4595 2292 4595 2293 4596 2296 4596 2295 4596 2295 4597 2296 4597 2297 4597 2301 4598 2299 4598 2294 4598 2296 4599 2298 4599 2297 4599 2298 4600 2300 4600 2297 4600 2301 4601 2302 4601 2299 4601 2300 4602 2308 4602 2297 4602 2302 4603 2304 4603 2305 4603 2301 4604 2304 4604 2302 4604 2303 4605 2308 4605 2300 4605 2305 4606 2304 4606 2307 4606 2306 4607 2308 4607 2303 4607 2307 4608 2304 4608 2310 4608 2309 4609 2308 4609 2306 4609 2309 4610 2304 4610 2308 4610 2310 4611 2304 4611 2309 4611 2289 4612 2325 4612 2326 4612 2289 4613 2290 4613 2325 4613 2325 4614 2290 4614 2287 4614 2325 4615 2287 4615 2327 4615 2287 4616 2328 4616 2327 4616 2287 4617 2282 4617 2328 4617 2282 4618 2329 4618 2328 4618 2282 4619 2281 4619 2329 4619 2284 4620 2330 4620 2329 4620 2284 4621 2329 4621 2281 4621 2284 4622 2326 4622 2330 4622 2284 4623 2289 4623 2326 4623 2325 4624 2328 4624 2329 4624 2325 4625 2329 4625 2330 4625 2325 4626 2330 4626 2326 4626 2325 4627 2327 4627 2328 4627 2306 4628 2331 4628 2332 4628 2306 4629 2303 4629 2331 4629 2306 4630 2332 4630 2333 4630 2309 4631 2306 4631 2333 4631 2310 4632 2309 4632 2333 4632 2310 4633 2333 4633 2334 4633 2307 4634 2334 4634 2335 4634 2307 4635 2310 4635 2334 4635 2305 4636 2307 4636 2335 4636 2305 4637 2335 4637 2336 4637 2302 4638 2305 4638 2336 4638 2302 4639 2336 4639 2337 4639 2299 4640 2302 4640 2337 4640 2299 4641 2337 4641 2338 4641 2294 4642 2299 4642 2338 4642 2294 4643 2338 4643 2339 4643 2292 4644 2339 4644 2340 4644 2292 4645 2294 4645 2339 4645 2293 4646 2292 4646 2340 4646 2293 4647 2340 4647 2341 4647 2296 4648 2293 4648 2341 4648 2296 4649 2341 4649 2342 4649 2298 4650 2296 4650 2342 4650 2298 4651 2342 4651 2343 4651 2300 4652 2298 4652 2343 4652 2300 4653 2343 4653 2344 4653 2303 4654 2300 4654 2344 4654 2303 4655 2344 4655 2331 4655 2323 4656 2324 4656 2308 4656 2323 4657 2308 4657 2304 4657 2322 4658 2323 4658 2304 4658 2321 4659 2322 4659 2304 4659 2320 4660 2321 4660 2304 4660 2320 4661 2304 4661 2301 4661 2319 4662 2320 4662 2301 4662 2318 4663 2319 4663 2301 4663 2317 4664 2318 4664 2301 4664 2316 4665 2317 4665 2301 4665 2316 4666 2301 4666 2295 4666 2315 4667 2316 4667 2295 4667 2314 4668 2315 4668 2295 4668 2314 4669 2295 4669 2297 4669 2313 4670 2314 4670 2297 4670 2312 4671 2313 4671 2297 4671 2312 4672 2297 4672 2308 4672 2311 4673 2312 4673 2308 4673 2324 4674 2311 4674 2308 4674 2312 4675 2311 4675 2286 4675 2313 4676 2312 4676 2286 4676 2313 4677 2286 4677 2285 4677 2314 4678 2313 4678 2285 4678 2315 4679 2314 4679 2285 4679 2315 4680 2285 4680 2283 4680 2316 4681 2315 4681 2283 4681 2317 4682 2316 4682 2283 4682 2318 4683 2317 4683 2283 4683 2318 4684 2283 4684 2288 4684 2319 4685 2318 4685 2288 4685 2320 4686 2288 4686 2291 4686 2320 4687 2319 4687 2288 4687 2321 4688 2320 4688 2291 4688 2322 4689 2321 4689 2291 4689 2323 4690 2322 4690 2291 4690 2324 4691 2323 4691 2291 4691 2324 4692 2291 4692 2286 4692 2311 4693 2324 4693 2286 4693 2332 4694 2331 4694 2345 4694 2345 4695 2333 4695 2332 4695 2345 4696 2334 4696 2333 4696 2345 4697 2335 4697 2334 4697 2345 4698 2336 4698 2335 4698 2345 4699 2337 4699 2336 4699 2345 4700 2338 4700 2337 4700 2345 4701 2339 4701 2338 4701 2345 4702 2340 4702 2339 4702 2345 4703 2341 4703 2340 4703 2345 4704 2342 4704 2341 4704 2345 4705 2343 4705 2342 4705 2345 4706 2344 4706 2343 4706 2345 4707 2331 4707 2344 4707 2346 4708 2350 4708 2347 4708 2348 4709 2350 4709 2346 4709 2348 4710 2349 4710 2350 4710 2351 4711 2347 4711 2352 4711 2351 4712 2346 4712 2347 4712 2353 4713 2349 4713 2348 4713 2353 4714 2357 4714 2349 4714 2355 4715 2351 4715 2352 4715 2354 4716 2351 4716 2355 4716 2357 4717 2353 4717 2356 4717 2358 4718 2357 4718 2356 4718 2358 4719 2354 4719 2355 4719 2358 4720 2356 4720 2354 4720 2360 4721 2361 4721 2359 4721 2359 4722 2362 4722 2360 4722 2360 4723 2362 4723 2368 4723 2360 4724 2364 4724 2361 4724 2362 4725 2363 4725 2368 4725 2360 4726 2365 4726 2364 4726 2363 4727 2366 4727 2368 4727 2360 4728 2367 4728 2365 4728 2360 4729 2369 4729 2367 4729 2371 4730 2369 4730 2360 4730 2366 4731 2370 4731 2368 4731 2371 4732 2372 4732 2369 4732 2368 4733 2370 4733 2380 4733 2370 4734 2373 4734 2380 4734 2371 4735 2374 4735 2372 4735 2373 4736 2375 4736 2380 4736 2371 4737 2376 4737 2374 4737 2375 4738 2377 4738 2380 4738 2371 4739 2378 4739 2376 4739 2377 4740 2379 4740 2380 4740 2371 4741 2381 4741 2378 4741 2379 4742 2382 4742 2380 4742 2371 4743 2384 4743 2381 4743 2387 4744 2384 4744 2371 4744 2382 4745 2383 4745 2380 4745 2387 4746 2385 4746 2384 4746 2380 4747 2386 4747 2395 4747 2383 4748 2386 4748 2380 4748 2386 4749 2388 4749 2395 4749 2387 4750 2389 4750 2385 4750 2388 4751 2390 4751 2395 4751 2387 4752 2392 4752 2389 4752 2391 4753 2395 4753 2390 4753 2393 4754 2395 4754 2391 4754 2392 4755 2387 4755 2394 4755 2396 4756 2402 4756 2393 4756 2393 4757 2402 4757 2395 4757 2394 4758 2387 4758 2397 4758 2397 4759 2387 4759 2398 4759 2399 4760 2402 4760 2396 4760 2398 4761 2387 4761 2400 4761 2387 4762 2410 4762 2400 4762 2401 4763 2402 4763 2399 4763 2400 4764 2410 4764 2403 4764 2406 4765 2402 4765 2401 4765 2403 4766 2410 4766 2404 4766 2406 4767 2414 4767 2402 4767 2404 4768 2410 4768 2405 4768 2405 4769 2410 4769 2408 4769 2407 4770 2414 4770 2406 4770 2408 4771 2410 4771 2412 4771 2409 4772 2414 4772 2407 4772 2411 4773 2414 4773 2409 4773 2410 4774 2414 4774 2412 4774 2412 4775 2414 4775 2413 4775 2416 4776 2414 4776 2411 4776 2413 4777 2414 4777 2415 4777 2415 4778 2414 4778 2417 4778 2418 4779 2414 4779 2416 4779 2417 4780 2414 4780 2418 4780 2425 4781 2426 4781 2427 4781 2354 4782 2356 4782 2441 4782 2354 4783 2441 4783 2442 4783 2356 4784 2353 4784 2443 4784 2356 4785 2443 4785 2441 4785 2353 4786 2348 4786 2444 4786 2353 4787 2444 4787 2443 4787 2348 4788 2346 4788 2445 4788 2348 4789 2445 4789 2444 4789 2351 4790 2446 4790 2445 4790 2351 4791 2445 4791 2346 4791 2351 4792 2354 4792 2442 4792 2351 4793 2442 4793 2446 4793 2406 4794 2447 4794 2448 4794 2407 4795 2448 4795 2449 4795 2407 4796 2406 4796 2448 4796 2409 4797 2449 4797 2450 4797 2409 4798 2407 4798 2449 4798 2411 4799 2450 4799 2451 4799 2411 4800 2409 4800 2450 4800 2416 4801 2411 4801 2451 4801 2416 4802 2451 4802 2452 4802 2418 4803 2416 4803 2452 4803 2418 4804 2452 4804 2453 4804 2417 4805 2418 4805 2453 4805 2417 4806 2453 4806 2454 4806 2415 4807 2417 4807 2454 4807 2413 4808 2454 4808 2455 4808 2413 4809 2415 4809 2454 4809 2412 4810 2455 4810 2456 4810 2412 4811 2413 4811 2455 4811 2408 4812 2456 4812 2457 4812 2408 4813 2412 4813 2456 4813 2405 4814 2408 4814 2457 4814 2405 4815 2457 4815 2458 4815 2404 4816 2458 4816 2459 4816 2404 4817 2405 4817 2458 4817 2403 4818 2404 4818 2459 4818 2400 4819 2459 4819 2460 4819 2400 4820 2403 4820 2459 4820 2400 4821 2460 4821 2461 4821 2398 4822 2400 4822 2461 4822 2397 4823 2398 4823 2461 4823 2397 4824 2461 4824 2462 4824 2394 4825 2397 4825 2462 4825 2394 4826 2462 4826 2463 4826 2392 4827 2394 4827 2463 4827 2392 4828 2463 4828 2464 4828 2392 4829 2464 4829 2465 4829 2389 4830 2392 4830 2465 4830 2389 4831 2465 4831 2466 4831 2385 4832 2389 4832 2466 4832 2384 4833 2466 4833 2467 4833 2384 4834 2385 4834 2466 4834 2381 4835 2467 4835 2468 4835 2381 4836 2384 4836 2467 4836 2378 4837 2381 4837 2468 4837 2378 4838 2468 4838 2469 4838 2376 4839 2378 4839 2469 4839 2376 4840 2469 4840 2470 4840 2374 4841 2376 4841 2470 4841 2372 4842 2374 4842 2470 4842 2372 4843 2470 4843 2471 4843 2369 4844 2372 4844 2471 4844 2369 4845 2471 4845 2472 4845 2367 4846 2369 4846 2472 4846 2367 4847 2472 4847 2473 4847 2365 4848 2367 4848 2473 4848 2365 4849 2473 4849 2474 4849 2364 4850 2365 4850 2474 4850 2361 4851 2364 4851 2474 4851 2361 4852 2474 4852 2475 4852 2359 4853 2361 4853 2475 4853 2359 4854 2475 4854 2476 4854 2359 4855 2476 4855 2477 4855 2362 4856 2359 4856 2477 4856 2363 4857 2477 4857 2478 4857 2363 4858 2362 4858 2477 4858 2366 4859 2363 4859 2478 4859 2366 4860 2478 4860 2479 4860 2370 4861 2366 4861 2479 4861 2370 4862 2479 4862 2480 4862 2373 4863 2370 4863 2480 4863 2373 4864 2480 4864 2481 4864 2375 4865 2373 4865 2481 4865 2375 4866 2481 4866 2482 4866 2377 4867 2375 4867 2482 4867 2377 4868 2482 4868 2483 4868 2379 4869 2377 4869 2483 4869 2379 4870 2483 4870 2484 4870 2382 4871 2379 4871 2484 4871 2382 4872 2484 4872 2485 4872 2383 4873 2382 4873 2485 4873 2386 4874 2485 4874 2486 4874 2386 4875 2383 4875 2485 4875 2388 4876 2486 4876 2487 4876 2388 4877 2386 4877 2486 4877 2390 4878 2388 4878 2487 4878 2390 4879 2487 4879 2488 4879 2391 4880 2390 4880 2488 4880 2391 4881 2488 4881 2489 4881 2393 4882 2391 4882 2489 4882 2393 4883 2489 4883 2490 4883 2396 4884 2490 4884 2491 4884 2396 4885 2393 4885 2490 4885 2399 4886 2491 4886 2492 4886 2399 4887 2396 4887 2491 4887 2399 4888 2492 4888 2493 4888 2401 4889 2399 4889 2493 4889 2401 4890 2493 4890 2447 4890 2406 4891 2401 4891 2447 4891 2495 4892 2497 4892 2494 4892 2494 4893 2497 4893 2496 4893 2414 4894 2440 4894 2402 4894 2439 4895 2440 4895 2414 4895 2438 4896 2439 4896 2414 4896 2437 4897 2438 4897 2414 4897 2410 4898 2437 4898 2414 4898 2436 4899 2437 4899 2410 4899 2435 4900 2436 4900 2410 4900 2387 4901 2435 4901 2410 4901 2434 4902 2435 4902 2387 4902 2433 4903 2434 4903 2387 4903 2432 4904 2433 4904 2387 4904 2371 4905 2432 4905 2387 4905 2431 4906 2432 4906 2371 4906 2430 4907 2431 4907 2371 4907 2429 4908 2430 4908 2371 4908 2429 4909 2371 4909 2360 4909 2428 4910 2429 4910 2360 4910 2427 4911 2428 4911 2360 4911 2425 4912 2427 4912 2360 4912 2368 4913 2425 4913 2360 4913 2426 4914 2425 4914 2368 4914 2424 4915 2426 4915 2368 4915 2380 4916 2424 4916 2368 4916 2423 4917 2424 4917 2380 4917 2422 4918 2423 4918 2380 4918 2421 4919 2422 4919 2380 4919 2421 4920 2380 4920 2395 4920 2420 4921 2421 4921 2395 4921 2402 4922 2420 4922 2395 4922 2419 4923 2420 4923 2402 4923 2440 4924 2419 4924 2402 4924 2420 4925 2419 4925 2355 4925 2352 4926 2420 4926 2355 4926 2421 4927 2420 4927 2352 4927 2422 4928 2421 4928 2352 4928 2347 4929 2422 4929 2352 4929 2423 4930 2422 4930 2347 4930 2424 4931 2423 4931 2347 4931 2426 4932 2424 4932 2347 4932 2427 4933 2426 4933 2347 4933 2350 4934 2427 4934 2347 4934 2428 4935 2427 4935 2350 4935 2429 4936 2428 4936 2350 4936 2430 4937 2429 4937 2350 4937 2430 4938 2350 4938 2349 4938 2431 4939 2430 4939 2349 4939 2432 4940 2431 4940 2349 4940 2433 4941 2432 4941 2349 4941 2357 4942 2433 4942 2349 4942 2434 4943 2433 4943 2357 4943 2435 4944 2434 4944 2357 4944 2436 4945 2435 4945 2357 4945 2436 4946 2357 4946 2358 4946 2437 4947 2436 4947 2358 4947 2438 4948 2437 4948 2358 4948 2439 4949 2438 4949 2358 4949 2439 4950 2358 4950 2355 4950 2440 4951 2439 4951 2355 4951 2419 4952 2440 4952 2355 4952 2448 4953 2447 4953 2496 4953 2497 4954 2448 4954 2496 4954 2449 4955 2448 4955 2497 4955 2450 4956 2449 4956 2497 4956 2451 4957 2450 4957 2497 4957 2452 4958 2451 4958 2497 4958 2453 4959 2452 4959 2497 4959 2454 4960 2453 4960 2497 4960 2455 4961 2454 4961 2497 4961 2456 4962 2455 4962 2497 4962 2457 4963 2456 4963 2497 4963 2458 4964 2457 4964 2497 4964 2459 4965 2458 4965 2497 4965 2460 4966 2459 4966 2497 4966 2461 4967 2460 4967 2497 4967 2462 4968 2461 4968 2497 4968 2463 4969 2462 4969 2497 4969 2495 4970 2463 4970 2497 4970 2464 4971 2463 4971 2495 4971 2465 4972 2464 4972 2495 4972 2466 4973 2465 4973 2495 4973 2467 4974 2466 4974 2495 4974 2468 4975 2467 4975 2495 4975 2469 4976 2468 4976 2495 4976 2470 4977 2469 4977 2495 4977 2471 4978 2470 4978 2495 4978 2472 4979 2471 4979 2495 4979 2473 4980 2472 4980 2495 4980 2474 4981 2473 4981 2495 4981 2494 4982 2474 4982 2495 4982 2475 4983 2474 4983 2494 4983 2476 4984 2475 4984 2494 4984 2477 4985 2476 4985 2494 4985 2478 4986 2477 4986 2494 4986 2479 4987 2478 4987 2494 4987 2480 4988 2479 4988 2494 4988 2481 4989 2480 4989 2494 4989 2482 4990 2481 4990 2494 4990 2483 4991 2482 4991 2494 4991 2484 4992 2483 4992 2494 4992 2496 4993 2484 4993 2494 4993 2485 4994 2484 4994 2496 4994 2486 4995 2485 4995 2496 4995 2487 4996 2486 4996 2496 4996 2488 4997 2487 4997 2496 4997 2489 4998 2488 4998 2496 4998 2490 4999 2489 4999 2496 4999 2491 5000 2490 5000 2496 5000 2492 5001 2491 5001 2496 5001 2493 5002 2492 5002 2496 5002 2447 5003 2493 5003 2496 5003 2441 5004 2445 5004 2446 5004 2441 5005 2446 5005 2442 5005 2441 5006 2443 5006 2444 5006 2441 5007 2444 5007 2445 5007 2501 5008 2498 5008 2499 5008 2500 5009 2499 5009 2498 5009 2501 5010 2499 5010 2505 5010 2502 5011 2506 5011 2499 5011 2502 5012 2499 5012 2500 5012 2504 5013 2501 5013 2505 5013 2503 5014 2506 5014 2502 5014 2507 5015 2504 5015 2505 5015 2508 5016 2512 5016 2506 5016 2508 5017 2506 5017 2503 5017 2509 5018 2512 5018 2508 5018 2510 5019 2507 5019 2505 5019 2514 5020 2510 5020 2505 5020 2514 5021 2505 5021 2511 5021 2513 5022 2512 5022 2509 5022 2513 5023 2519 5023 2512 5023 2515 5024 2519 5024 2513 5024 2517 5025 2514 5025 2511 5025 2516 5026 2519 5026 2515 5026 2518 5027 2517 5027 2511 5027 2518 5028 2511 5028 2524 5028 2520 5029 2518 5029 2524 5029 2521 5030 2519 5030 2516 5030 2521 5031 2532 5031 2519 5031 2522 5032 2520 5032 2524 5032 2523 5033 2532 5033 2521 5033 2526 5034 2522 5034 2524 5034 2525 5035 2532 5035 2523 5035 2527 5036 2526 5036 2524 5036 2529 5037 2527 5037 2524 5037 2532 5038 2525 5038 2528 5038 2529 5039 2530 5039 2527 5039 2529 5040 2531 5040 2530 5040 2532 5041 2528 5041 2533 5041 2534 5042 2531 5042 2529 5042 2534 5043 2535 5043 2531 5043 2543 5044 2532 5044 2533 5044 2534 5045 2536 5045 2535 5045 2543 5046 2533 5046 2537 5046 2534 5047 2538 5047 2536 5047 2542 5048 2538 5048 2534 5048 2542 5049 2539 5049 2538 5049 2543 5050 2537 5050 2540 5050 2542 5051 2541 5051 2539 5051 2543 5052 2540 5052 2544 5052 2542 5053 2545 5053 2541 5053 2543 5054 2544 5054 2546 5054 2542 5055 2547 5055 2545 5055 2549 5056 2546 5056 2548 5056 2549 5057 2543 5057 2546 5057 2549 5058 2548 5058 2550 5058 2542 5059 2551 5059 2547 5059 2549 5060 2551 5060 2542 5060 2549 5061 2552 5061 2551 5061 2549 5062 2550 5062 2552 5062 2553 5063 2512 5063 2519 5063 2554 5064 2553 5064 2519 5064 2555 5065 2554 5065 2519 5065 2555 5066 2519 5066 2532 5066 2556 5067 2555 5067 2532 5067 2557 5068 2556 5068 2532 5068 2557 5069 2532 5069 2543 5069 2558 5070 2557 5070 2543 5070 2559 5071 2558 5071 2543 5071 2560 5072 2559 5072 2543 5072 2560 5073 2543 5073 2549 5073 2584 5074 2560 5074 2549 5074 2561 5075 2584 5075 2549 5075 2542 5076 2561 5076 2549 5076 2562 5077 2561 5077 2542 5077 2563 5078 2562 5078 2542 5078 2564 5079 2563 5079 2542 5079 2564 5080 2542 5080 2534 5080 2565 5081 2564 5081 2534 5081 2565 5082 2534 5082 2529 5082 2566 5083 2565 5083 2529 5083 2567 5084 2566 5084 2529 5084 2567 5085 2529 5085 2524 5085 2592 5086 2567 5086 2524 5086 2568 5087 2592 5087 2524 5087 2511 5088 2568 5088 2524 5088 2569 5089 2568 5089 2511 5089 2569 5090 2511 5090 2505 5090 2570 5091 2569 5091 2505 5091 2571 5092 2570 5092 2505 5092 2571 5093 2505 5093 2499 5093 2572 5094 2571 5094 2499 5094 2573 5095 2572 5095 2499 5095 2574 5096 2573 5096 2499 5096 2574 5097 2499 5097 2506 5097 2575 5098 2574 5098 2506 5098 2575 5099 2506 5099 2512 5099 2576 5100 2575 5100 2512 5100 2553 5101 2576 5101 2512 5101 2577 5102 2599 5102 2553 5102 2577 5103 2553 5103 2554 5103 2578 5104 2577 5104 2554 5104 2578 5105 2554 5105 2555 5105 2579 5106 2578 5106 2555 5106 2579 5107 2555 5107 2556 5107 2580 5108 2579 5108 2556 5108 2580 5109 2556 5109 2557 5109 2581 5110 2580 5110 2557 5110 2581 5111 2557 5111 2558 5111 2582 5112 2581 5112 2558 5112 2559 5113 2582 5113 2558 5113 2583 5114 2559 5114 2560 5114 2584 5115 2583 5115 2560 5115 2585 5116 2584 5116 2561 5116 2562 5117 2585 5117 2561 5117 2586 5118 2562 5118 2563 5118 2587 5119 2586 5119 2563 5119 2587 5120 2563 5120 2564 5120 2588 5121 2587 5121 2564 5121 2588 5122 2564 5122 2565 5122 2589 5123 2588 5123 2565 5123 2589 5124 2565 5124 2566 5124 2590 5125 2589 5125 2566 5125 2590 5126 2566 5126 2567 5126 2591 5127 2590 5127 2567 5127 2591 5128 2567 5128 2592 5128 2593 5129 2592 5129 2568 5129 2593 5130 2568 5130 2569 5130 2594 5131 2570 5131 2571 5131 2594 5132 2571 5132 2572 5132 2595 5133 2594 5133 2572 5133 2595 5134 2572 5134 2573 5134 2596 5135 2595 5135 2573 5135 2596 5136 2573 5136 2574 5136 2597 5137 2596 5137 2574 5137 2597 5138 2574 5138 2575 5138 2598 5139 2575 5139 2576 5139 2598 5140 2597 5140 2575 5140 2599 5141 2576 5141 2553 5141 2599 5142 2598 5142 2576 5142 2598 5143 2599 5143 2609 5143 2597 5144 2598 5144 2609 5144 2597 5145 2609 5145 2600 5145 2596 5146 2597 5146 2600 5146 2595 5147 2596 5147 2600 5147 2594 5148 2595 5148 2600 5148 2601 5149 2594 5149 2600 5149 2570 5150 2594 5150 2601 5150 2569 5151 2570 5151 2601 5151 2593 5152 2569 5152 2601 5152 2602 5153 2593 5153 2601 5153 2592 5154 2593 5154 2602 5154 2591 5155 2592 5155 2602 5155 2590 5156 2591 5156 2602 5156 2589 5157 2590 5157 2602 5157 2589 5158 2602 5158 2603 5158 2588 5159 2589 5159 2603 5159 2587 5160 2588 5160 2603 5160 2587 5161 2603 5161 2604 5161 2586 5162 2587 5162 2604 5162 2562 5163 2586 5163 2604 5163 2585 5164 2562 5164 2604 5164 2585 5165 2604 5165 2605 5165 2584 5166 2585 5166 2605 5166 2583 5167 2584 5167 2605 5167 2583 5168 2605 5168 2606 5168 2559 5169 2583 5169 2606 5169 2582 5170 2559 5170 2606 5170 2582 5171 2606 5171 2607 5171 2581 5172 2582 5172 2607 5172 2580 5173 2581 5173 2607 5173 2580 5174 2607 5174 2608 5174 2579 5175 2580 5175 2608 5175 2578 5176 2579 5176 2608 5176 2577 5177 2578 5177 2608 5177 2577 5178 2608 5178 2609 5178 2599 5179 2577 5179 2609 5179 2610 5180 2603 5180 2602 5180 2611 5181 2610 5181 2602 5181 2611 5182 2602 5182 2601 5182 2610 5183 2604 5183 2603 5183 2605 5184 2604 5184 2610 5184 2611 5185 2601 5185 2600 5185 2600 5186 2612 5186 2611 5186 2606 5187 2605 5187 2610 5187 2609 5188 2612 5188 2600 5188 2607 5189 2606 5189 2610 5189 2608 5190 2612 5190 2609 5190 2608 5191 2610 5191 2612 5191 2608 5192 2607 5192 2610 5192 2613 5193 2615 5193 2614 5193 2615 5194 2618 5194 2616 5194 2616 5195 2618 5195 2617 5195 2612 5196 2618 5196 2615 5196 2610 5197 2618 5197 2612 5197 2619 5198 2618 5198 2620 5198 2618 5199 2621 5199 2620 5199 2610 5200 2621 5200 2618 5200 2620 5201 2621 5201 2622 5201 2622 5202 2621 5202 2623 5202 2621 5203 2628 5203 2624 5203 2625 5204 2624 5204 2628 5204 2610 5205 2628 5205 2621 5205 2626 5206 2628 5206 2627 5206 2628 5207 2629 5207 2627 5207 2610 5208 2633 5208 2628 5208 2628 5209 2633 5209 2629 5209 2629 5210 2633 5210 2630 5210 2630 5211 2633 5211 2631 5211 2631 5212 2633 5212 2632 5212 2633 5213 2635 5213 2632 5213 2632 5214 2635 5214 2634 5214 2610 5215 2635 5215 2633 5215 2635 5216 2637 5216 2636 5216 2610 5217 2637 5217 2635 5217 2636 5218 2637 5218 2638 5218 2638 5219 2637 5219 2639 5219 2639 5220 2637 5220 2640 5220 2611 5221 2637 5221 2610 5221 2640 5222 2637 5222 2641 5222 2641 5223 2611 5223 2642 5223 2637 5224 2611 5224 2641 5224 2642 5225 2611 5225 2643 5225 2611 5226 2644 5226 2643 5226 2611 5227 2646 5227 2644 5227 2644 5228 2646 5228 2645 5228 2612 5229 2646 5229 2611 5229 2645 5230 2646 5230 2647 5230 2647 5231 2646 5231 2648 5231 2646 5232 2649 5232 2648 5232 2612 5233 2649 5233 2646 5233 2612 5234 2615 5234 2649 5234 2650 5235 2649 5235 2613 5235 2613 5236 2649 5236 2615 5236 2651 5237 2613 5237 2614 5237 2652 5238 2651 5238 2614 5238 2652 5239 2614 5239 2615 5239 2653 5240 2652 5240 2615 5240 2653 5241 2615 5241 2616 5241 2654 5242 2653 5242 2616 5242 2654 5243 2616 5243 2617 5243 2655 5244 2654 5244 2617 5244 2655 5245 2617 5245 2618 5245 2656 5246 2655 5246 2618 5246 2656 5247 2618 5247 2619 5247 2657 5248 2656 5248 2619 5248 2657 5249 2619 5249 2620 5249 2658 5250 2620 5250 2622 5250 2658 5251 2657 5251 2620 5251 2659 5252 2622 5252 2623 5252 2659 5253 2658 5253 2622 5253 2660 5254 2659 5254 2623 5254 2660 5255 2623 5255 2621 5255 2660 5256 2621 5256 2624 5256 2661 5257 2660 5257 2624 5257 2661 5258 2624 5258 2625 5258 2662 5259 2661 5259 2625 5259 2662 5260 2625 5260 2628 5260 2662 5261 2628 5261 2626 5261 2663 5262 2662 5262 2626 5262 2663 5263 2626 5263 2627 5263 2664 5264 2663 5264 2627 5264 2664 5265 2627 5265 2629 5265 2665 5266 2664 5266 2629 5266 2665 5267 2629 5267 2630 5267 2666 5268 2665 5268 2630 5268 2666 5269 2630 5269 2631 5269 2667 5270 2666 5270 2631 5270 2667 5271 2631 5271 2632 5271 2668 5272 2667 5272 2632 5272 2668 5273 2632 5273 2634 5273 2669 5274 2668 5274 2634 5274 2670 5275 2634 5275 2635 5275 2670 5276 2669 5276 2634 5276 2670 5277 2635 5277 2636 5277 2671 5278 2670 5278 2636 5278 2671 5279 2636 5279 2638 5279 2672 5280 2671 5280 2638 5280 2672 5281 2638 5281 2639 5281 2673 5282 2672 5282 2639 5282 2673 5283 2639 5283 2640 5283 2674 5284 2673 5284 2640 5284 2674 5285 2640 5285 2641 5285 2675 5286 2674 5286 2641 5286 2675 5287 2641 5287 2642 5287 2676 5288 2642 5288 2643 5288 2676 5289 2675 5289 2642 5289 2677 5290 2643 5290 2644 5290 2677 5291 2676 5291 2643 5291 2678 5292 2677 5292 2644 5292 2678 5293 2644 5293 2645 5293 2679 5294 2678 5294 2645 5294 2679 5295 2645 5295 2647 5295 2680 5296 2679 5296 2647 5296 2680 5297 2647 5297 2648 5297 2681 5298 2680 5298 2648 5298 2681 5299 2648 5299 2649 5299 2682 5300 2681 5300 2649 5300 2682 5301 2649 5301 2650 5301 2682 5302 2650 5302 2613 5302 2651 5303 2682 5303 2613 5303 2684 5304 2683 5304 2685 5304 2687 5305 2685 5305 2683 5305 2687 5306 2686 5306 2685 5306 2688 5307 2684 5307 2685 5307 2689 5308 2686 5308 2687 5308 2690 5309 2686 5309 2689 5309 2691 5310 2688 5310 2685 5310 2691 5311 2685 5311 2693 5311 2692 5312 2686 5312 2690 5312 2692 5313 2697 5313 2686 5313 2694 5314 2691 5314 2693 5314 2695 5315 2697 5315 2692 5315 2698 5316 2694 5316 2693 5316 2696 5317 2697 5317 2695 5317 2699 5318 2697 5318 2696 5318 2698 5319 2693 5319 2700 5319 2701 5320 2698 5320 2700 5320 2699 5321 2703 5321 2697 5321 2702 5322 2703 5322 2699 5322 2704 5323 2701 5323 2700 5323 2706 5324 2704 5324 2700 5324 2705 5325 2703 5325 2702 5325 2705 5326 2744 5326 2703 5326 2707 5327 2706 5327 2700 5327 2707 5328 2700 5328 2709 5328 2708 5329 2744 5329 2705 5329 2710 5330 2744 5330 2708 5330 2711 5331 2707 5331 2709 5331 2712 5332 2744 5332 2710 5332 2713 5333 2712 5333 2710 5333 2714 5334 2712 5334 2713 5334 2709 5335 2716 5335 2711 5335 2715 5336 2716 5336 2709 5336 2715 5337 2717 5337 2716 5337 2712 5338 2714 5338 2719 5338 2715 5339 2718 5339 2717 5339 2722 5340 2718 5340 2715 5340 2745 5341 2719 5341 2720 5341 2745 5342 2712 5342 2719 5342 2722 5343 2721 5343 2718 5343 2722 5344 2723 5344 2721 5344 2745 5345 2720 5345 2724 5345 2722 5346 2725 5346 2723 5346 2745 5347 2724 5347 2729 5347 2727 5348 2725 5348 2722 5348 2727 5349 2726 5349 2725 5349 2727 5350 2728 5350 2726 5350 2746 5351 2745 5351 2729 5351 2746 5352 2729 5352 2730 5352 2731 5353 2728 5353 2727 5353 2731 5354 2732 5354 2728 5354 2746 5355 2730 5355 2733 5355 2731 5356 2734 5356 2732 5356 2731 5357 2735 5357 2734 5357 2746 5358 2733 5358 2736 5358 2731 5359 2736 5359 2735 5359 2731 5360 2746 5360 2736 5360 2723 5361 2725 5361 2509 5361 2509 5362 2725 5362 2513 5362 2513 5363 2725 5363 2515 5363 2725 5364 2726 5364 2515 5364 2515 5365 2726 5365 2516 5365 2726 5366 2728 5366 2516 5366 2516 5367 2732 5367 2521 5367 2728 5368 2732 5368 2516 5368 2521 5369 2732 5369 2523 5369 2732 5370 2734 5370 2523 5370 2734 5371 2735 5371 2523 5371 2523 5372 2735 5372 2525 5372 2735 5373 2736 5373 2525 5373 2525 5374 2736 5374 2528 5374 2736 5375 2733 5375 2528 5375 2528 5376 2733 5376 2533 5376 2733 5377 2730 5377 2533 5377 2533 5378 2730 5378 2537 5378 2730 5379 2729 5379 2537 5379 2537 5380 2729 5380 2540 5380 2729 5381 2724 5381 2540 5381 2540 5382 2724 5382 2544 5382 2724 5383 2720 5383 2544 5383 2720 5384 2719 5384 2544 5384 2544 5385 2719 5385 2546 5385 2719 5386 2714 5386 2546 5386 2546 5387 2714 5387 2548 5387 2714 5388 2713 5388 2548 5388 2548 5389 2713 5389 2550 5389 2550 5390 2713 5390 2552 5390 2713 5391 2710 5391 2552 5391 2710 5392 2708 5392 2552 5392 2552 5393 2708 5393 2551 5393 2708 5394 2705 5394 2551 5394 2551 5395 2705 5395 2547 5395 2705 5396 2702 5396 2547 5396 2547 5397 2702 5397 2545 5397 2545 5398 2699 5398 2541 5398 2702 5399 2699 5399 2545 5399 2541 5400 2699 5400 2539 5400 2699 5401 2696 5401 2539 5401 2696 5402 2695 5402 2539 5402 2539 5403 2695 5403 2538 5403 2695 5404 2692 5404 2538 5404 2538 5405 2692 5405 2536 5405 2692 5406 2690 5406 2536 5406 2536 5407 2690 5407 2535 5407 2535 5408 2690 5408 2531 5408 2690 5409 2689 5409 2531 5409 2531 5410 2689 5410 2530 5410 2689 5411 2687 5411 2530 5411 2530 5412 2687 5412 2527 5412 2687 5413 2683 5413 2527 5413 2527 5414 2683 5414 2526 5414 2683 5415 2684 5415 2526 5415 2526 5416 2684 5416 2522 5416 2522 5417 2688 5417 2520 5417 2684 5418 2688 5418 2522 5418 2520 5419 2691 5419 2518 5419 2688 5420 2691 5420 2520 5420 2691 5421 2694 5421 2518 5421 2518 5422 2694 5422 2517 5422 2517 5423 2694 5423 2514 5423 2694 5424 2698 5424 2514 5424 2514 5425 2698 5425 2510 5425 2698 5426 2701 5426 2510 5426 2510 5427 2701 5427 2507 5427 2701 5428 2704 5428 2507 5428 2507 5429 2704 5429 2504 5429 2704 5430 2706 5430 2504 5430 2504 5431 2706 5431 2501 5431 2706 5432 2707 5432 2501 5432 2501 5433 2707 5433 2498 5433 2707 5434 2711 5434 2498 5434 2498 5435 2711 5435 2500 5435 2711 5436 2716 5436 2500 5436 2500 5437 2716 5437 2502 5437 2716 5438 2717 5438 2502 5438 2502 5439 2717 5439 2503 5439 2717 5440 2718 5440 2503 5440 2503 5441 2718 5441 2508 5441 2718 5442 2721 5442 2508 5442 2508 5443 2721 5443 2509 5443 2721 5444 2723 5444 2509 5444 2682 5445 2651 5445 2737 5445 2738 5446 2737 5446 2722 5446 2738 5447 2682 5447 2737 5447 2738 5448 2681 5448 2682 5448 2738 5449 2722 5449 2715 5449 2738 5450 2680 5450 2681 5450 2715 5451 2679 5451 2680 5451 2715 5452 2680 5452 2738 5452 2709 5453 2678 5453 2679 5453 2709 5454 2679 5454 2715 5454 2709 5455 2677 5455 2678 5455 2739 5456 2676 5456 2677 5456 2739 5457 2677 5457 2709 5457 2739 5458 2709 5458 2700 5458 2739 5459 2675 5459 2676 5459 2739 5460 2700 5460 2693 5460 2740 5461 2739 5461 2693 5461 2740 5462 2674 5462 2675 5462 2740 5463 2675 5463 2739 5463 2740 5464 2673 5464 2674 5464 2740 5465 2693 5465 2685 5465 2740 5466 2672 5466 2673 5466 2741 5467 2740 5467 2685 5467 2741 5468 2671 5468 2672 5468 2741 5469 2672 5469 2740 5469 2741 5470 2670 5470 2671 5470 2741 5471 2685 5471 2686 5471 2742 5472 2669 5472 2670 5472 2742 5473 2670 5473 2741 5473 2742 5474 2741 5474 2686 5474 2742 5475 2668 5475 2669 5475 2742 5476 2686 5476 2697 5476 2742 5477 2667 5477 2668 5477 2743 5478 2667 5478 2742 5478 2743 5479 2742 5479 2697 5479 2743 5480 2666 5480 2667 5480 2743 5481 2665 5481 2666 5481 2743 5482 2697 5482 2703 5482 2703 5483 2665 5483 2743 5483 2703 5484 2664 5484 2665 5484 2744 5485 2664 5485 2703 5485 2744 5486 2663 5486 2664 5486 2712 5487 2663 5487 2744 5487 2712 5488 2662 5488 2663 5488 2712 5489 2661 5489 2662 5489 2712 5490 2660 5490 2661 5490 2745 5491 2660 5491 2712 5491 2745 5492 2659 5492 2660 5492 2745 5493 2658 5493 2659 5493 2746 5494 2658 5494 2745 5494 2746 5495 2657 5495 2658 5495 2746 5496 2656 5496 2657 5496 2747 5497 2656 5497 2746 5497 2747 5498 2655 5498 2656 5498 2747 5499 2746 5499 2731 5499 2747 5500 2654 5500 2655 5500 2748 5501 2747 5501 2731 5501 2748 5502 2654 5502 2747 5502 2748 5503 2653 5503 2654 5503 2748 5504 2731 5504 2727 5504 2737 5505 2748 5505 2727 5505 2737 5506 2652 5506 2653 5506 2737 5507 2653 5507 2748 5507 2737 5508 2651 5508 2652 5508 2737 5509 2727 5509 2722 5509 2749 5510 2752 5510 2750 5510 2751 5511 2757 5511 2752 5511 2751 5512 2752 5512 2749 5512 2753 5513 2749 5513 2750 5513 2754 5514 2757 5514 2751 5514 2755 5515 2750 5515 2756 5515 2755 5516 2753 5516 2750 5516 2756 5517 2757 5517 2754 5517 2756 5518 2754 5518 2758 5518 2756 5519 2758 5519 2755 5519 2763 5520 2760 5520 2759 5520 2762 5521 2763 5521 2759 5521 2760 5522 2761 5522 2759 5522 2762 5523 2765 5523 2763 5523 2761 5524 2764 5524 2759 5524 2762 5525 2766 5525 2765 5525 2759 5526 2764 5526 2770 5526 2764 5527 2767 5527 2770 5527 2762 5528 2769 5528 2766 5528 2767 5529 2768 5529 2770 5529 2762 5530 2771 5530 2769 5530 2769 5531 2771 5531 2773 5531 2772 5532 2770 5532 2768 5532 2773 5533 2771 5533 2774 5533 2775 5534 2770 5534 2772 5534 2774 5535 2771 5535 2777 5535 2775 5536 2771 5536 2770 5536 2776 5537 2771 5537 2775 5537 2777 5538 2771 5538 2776 5538 2755 5539 2791 5539 2792 5539 2755 5540 2758 5540 2791 5540 2791 5541 2758 5541 2754 5541 2791 5542 2754 5542 2793 5542 2754 5543 2794 5543 2793 5543 2754 5544 2751 5544 2794 5544 2751 5545 2795 5545 2794 5545 2751 5546 2749 5546 2795 5546 2753 5547 2796 5547 2795 5547 2753 5548 2795 5548 2749 5548 2753 5549 2792 5549 2796 5549 2753 5550 2755 5550 2792 5550 2791 5551 2794 5551 2795 5551 2791 5552 2795 5552 2796 5552 2791 5553 2796 5553 2792 5553 2791 5554 2793 5554 2794 5554 2775 5555 2810 5555 2797 5555 2775 5556 2772 5556 2810 5556 2776 5557 2775 5557 2797 5557 2776 5558 2797 5558 2798 5558 2777 5559 2776 5559 2798 5559 2777 5560 2798 5560 2799 5560 2774 5561 2777 5561 2799 5561 2774 5562 2799 5562 2800 5562 2773 5563 2774 5563 2800 5563 2769 5564 2800 5564 2801 5564 2769 5565 2773 5565 2800 5565 2766 5566 2769 5566 2801 5566 2766 5567 2801 5567 2802 5567 2765 5568 2766 5568 2802 5568 2765 5569 2802 5569 2803 5569 2763 5570 2765 5570 2803 5570 2763 5571 2803 5571 2804 5571 2760 5572 2804 5572 2805 5572 2760 5573 2763 5573 2804 5573 2761 5574 2760 5574 2805 5574 2761 5575 2805 5575 2806 5575 2764 5576 2806 5576 2807 5576 2764 5577 2761 5577 2806 5577 2767 5578 2764 5578 2807 5578 2767 5579 2807 5579 2808 5579 2767 5580 2808 5580 2809 5580 2768 5581 2767 5581 2809 5581 2772 5582 2768 5582 2809 5582 2772 5583 2809 5583 2810 5583 2789 5584 2790 5584 2770 5584 2789 5585 2770 5585 2771 5585 2788 5586 2789 5586 2771 5586 2787 5587 2788 5587 2771 5587 2786 5588 2787 5588 2771 5588 2786 5589 2771 5589 2762 5589 2785 5590 2786 5590 2762 5590 2784 5591 2785 5591 2762 5591 2783 5592 2784 5592 2762 5592 2782 5593 2783 5593 2762 5593 2782 5594 2762 5594 2759 5594 2781 5595 2782 5595 2759 5595 2780 5596 2781 5596 2759 5596 2779 5597 2780 5597 2759 5597 2779 5598 2759 5598 2770 5598 2778 5599 2779 5599 2770 5599 2790 5600 2778 5600 2770 5600 2778 5601 2790 5601 2756 5601 2778 5602 2756 5602 2750 5602 2779 5603 2778 5603 2750 5603 2780 5604 2779 5604 2750 5604 2781 5605 2780 5605 2750 5605 2782 5606 2750 5606 2752 5606 2782 5607 2781 5607 2750 5607 2783 5608 2782 5608 2752 5608 2784 5609 2783 5609 2752 5609 2784 5610 2752 5610 2757 5610 2785 5611 2784 5611 2757 5611 2786 5612 2785 5612 2757 5612 2787 5613 2786 5613 2757 5613 2787 5614 2757 5614 2756 5614 2788 5615 2787 5615 2756 5615 2789 5616 2788 5616 2756 5616 2790 5617 2789 5617 2756 5617 2797 5618 2810 5618 2811 5618 2811 5619 2798 5619 2797 5619 2811 5620 2799 5620 2798 5620 2811 5621 2800 5621 2799 5621 2811 5622 2801 5622 2800 5622 2811 5623 2802 5623 2801 5623 2811 5624 2803 5624 2802 5624 2811 5625 2804 5625 2803 5625 2811 5626 2805 5626 2804 5626 2811 5627 2806 5627 2805 5627 2811 5628 2807 5628 2806 5628 2811 5629 2808 5629 2807 5629 2811 5630 2809 5630 2808 5630 2811 5631 2810 5631 2809 5631</p>
                </triangles>
            </mesh>
        </geometry>
    </library_geometries>
    <library_visual_scenes>
        <visual_scene id="VisualSceneNode" name="VisualScene">
            <node id="node" name="node">
                <instance_geometry url="#shape0-lib"/>
            </node>
        </visual_scene>
    </library_visual_scenes>
    <scene>
        <instance_visual_scene url="#VisualSceneNode"/>
    </scene>
</COLLADA>
