<?xml version="1.0" encoding="UTF-8"?>
<COLLADA xmlns="http://www.collada.org/2005/11/COLLADASchema" version="1.4.1">
    <asset>
        <contributor>
            <author>VCGLab</author>
            <authoring_tool>VCGLib | MeshLab</authoring_tool>
        </contributor>
        <created>월 1 13 13:17:40 2025 GMT</created>
        <modified>월 1 13 13:17:40 2025 GMT</modified>
        <up_axis>Y_UP</up_axis>
    </asset>
    <library_geometries>
        <geometry id="shape0-lib" name="shape0">
            <mesh>
                <source id="shape0-lib-positions" name="position">
                    <float_array id="shape0-lib-positions-array" count="4758">0.0676558 -0.002 -0.00292801 0.0684875 -0.002 -0.00338135 0.0656915 -0.002 -0.00393639 0.0687524 -0.002 -0.0013004 0.0702754 -0.002 -0.000996082 0.0689493 -0.002 0.000370223 0.0697432 -0.002 0.00211146 0.0675896 -0.002 0.00311268 0.0657608 -0.002 0.00398155 -0.0170423 2.39329e-33 -0.0161806 -0.0158687 2.56247e-33 -0.0173244 -0.0162238 2.61189e-33 -0.0176585 -0.0181238 2.21117e-33 -0.0149493 -0.0146266 2.72058e-33 -0.0183933 -0.0132238 2.87064e-33 -0.0194078 -0.0131823 2.95997e-33 -0.0200118 -0.0194227 2.06784e-33 -0.0139803 -0.0194339 1.95264e-33 -0.0132014 -0.0116495 2.97547e-33 -0.0201166 -0.020576 1.67722e-33 -0.0113394 -0.021322 1.46141e-33 -0.0098803 -0.0216587 1.52677e-33 -0.0103222 -0.00967948 3.2431e-33 -0.021926 -0.0107676 2.97339e-33 -0.0201025 -0.0217963 1.29764e-33 -0.00877306 -0.0229178 1.03558e-33 -0.00700133 -0.00968759 2.91919e-33 -0.0197361 -0.0219359 1.14222e-33 -0.00772232 -0.0215813 9.32671e-34 -0.00630561 -0.00469992 3.34334e-33 -0.0226037 -0.00391335 3.41102e-33 -0.0230612 -0.00540595 3.21196e-33 -0.0217154 -0.00576621 -5.19861e-09 -0.0204822 -0.00902768 2.83924e-33 -0.0191956 -0.0018307 3.46276e-33 -0.0234111 -0.00343458 3.50575e-33 -0.0237017 -0.00566346 2.88602e-33 -0.0195118 -0.00850348 2.72624e-33 -0.0184315 -0.00522196 2.75265e-33 -0.0186101 0.00187754 3.532e-33 -0.0238792 -0.0224994 1.55971e-34 -0.00105449 -0.0238794 1.85468e-34 -0.00125391 -0.0215814 2.43006e-34 -0.00164291 -0.00825408 2.56221e-33 -0.0173226 7.84942e-05 3.4759e-33 -0.0234999 -0.0232226 -5.9072e-36 3.99374e-05 -0.0205534 7.74127e-34 -0.00523372 -0.0234628 -1.66965e-34 0.00112882 -0.00837384 -2.8042e-11 -0.0162124 -0.0203032 2.70848e-34 -0.00183115 -0.0194003 7.08289e-34 -0.0047886 0.00253076 3.45311e-33 -0.0233458 -0.0233104 -4.33117e-34 0.00292822 -0.010541 2.06166e-33 -0.0139385 -0.0153225 1.249e-33 -0.00844422 -0.0181226 7.25147e-34 -0.00490258 -0.0190515 2.19086e-34 -0.0014812 -0.0139842 1.55035e-33 -0.0104816 -0.0119555 1.14669e-33 -0.00775252 -0.0238318 -3.93529e-34 0.00266057 -0.0089197 2.25881e-33 -0.0152714 -0.0158781 1.08828e-33 -0.00735767 -0.0124041 1.8249e-33 -0.0123378 0.00437821 3.49031e-33 -0.0235973 -0.0179386 5.89609e-35 -0.000398623 -0.016233 9.67768e-34 -0.00654289 -0.0165012 8.98096e-34 -0.00607185 -0.0127985 9.34513e-34 -0.00631806 -0.0230559 -6.72567e-34 0.00454709 -0.0036491 2.5842e-33 -0.0174713 -0.00999572 1.17013e-33 -0.00791102 -0.0125648 7.81682e-34 -0.0052848 -0.0170641 8.06307e-34 -0.00545128 0.00553846 3.45406e-33 -0.0233522 0.00495753 3.39673e-33 -0.0229646 -0.0115769 6.62215e-34 -0.00447711 0.00654791 3.33826e-33 -0.0225693 -0.0174676 -1.75421e-34 0.00118599 -0.0226767 -9.08383e-34 0.0061414 -0.00124144 2.06531e-33 -0.0139631 -0.00211155 2.57007e-33 -0.0173757 -0.0231774 -9.09868e-34 0.00615144 0.00759004 3.28963e-33 -0.0222405 0.000261792 2.58624e-33 -0.017485 -0.0221995 -1.14027e-33 0.00770915 -0.00602876 1.52935e-33 -0.0103396 -0.00170837 1.7411e-33 -0.0117713 0.00861577 3.23388e-33 -0.0218636 -0.0218171 -1.29169e-33 0.00873284 0.000684014 2.11188e-33 -0.014278 0.00269078 2.55572e-33 -0.0172787 0.00180991 1.95587e-33 -0.0132232 0.0044828 2.50136e-33 -0.0169112 -0.0213876 -1.44031e-33 0.00973764 0.00603408 2.42897e-33 -0.0164218 -0.00518787 7.96619e-34 -0.00538579 -0.00899261 8.49568e-34 -0.00574376 -0.0220146 -1.40625e-33 0.00950737 -0.00624366 6.12907e-34 -0.00414374 -0.00390469 9.45115e-34 -0.00638974 -0.0206512 -1.65686e-33 0.0112017 -0.0026505 1.03674e-33 -0.00700919 -0.00698959 3.90943e-34 -0.00264309 -0.0203689 -1.87178e-33 0.0126547 -0.00739539 1.78853e-34 -0.00120919 -0.0100228 6.58857e-34 -0.0044544 0.00756705 2.3332e-33 -0.0157743 0.00189737 1.77093e-33 -0.0119729 0.000372467 1.58795e-33 -0.0107358 -0.00111261 1.09184e-33 -0.00738169 -0.00743464 -7.92296e-11 0.000680923 -0.0172387 -4.41548e-34 0.00298522 -0.0168247 -7.05104e-34 0.00476707 -0.01143 -6.61622e-34 0.0044731 -0.0160869 -1.01723e-33 0.00687731 -0.0195216 -1.93339e-33 0.0130713 0.00134252 1.08636e-33 -0.0073447 -0.0152734 -1.25958e-33 0.0085158 -0.0126882 -9.75627e-34 0.00659602 -0.00971898 -6.88983e-34 0.00465808 -0.0140012 -1.55309e-33 0.0105002 -0.0184143 -2.15449e-33 0.0145661 -0.00701092 -3.84791e-34 0.00260149 0.00299659 1.01591e-33 -0.00686836 -0.00626126 -6.06337e-34 0.00409932 -0.00890501 -8.65554e-34 0.00585184 0.0121176 2.58145e-33 -0.0174527 -0.0172033 -2.27091e-33 0.0153532 0.0142305 2.19569e-33 -0.0148447 0.0114836 2.41404e-33 -0.0163209 0.0154992 2.33103e-33 -0.0157596 0.0134832 2.0444e-33 -0.0138218 0.0122485 2.71155e-33 -0.0183322 0.0168287 2.35288e-33 -0.0159073 0.0119754 2.88292e-33 -0.0194908 0.0132389 1.90495e-33 -0.012879 0.010242 2.29199e-33 -0.0154957 -0.0176763 -2.39321e-33 0.01618 -0.0161124 -2.30012e-33 0.0155506 -0.00926092 -1.09078e-33 0.00737455 0.0115853 2.98393e-33 -0.0201738 0.00953758 1.13226e-33 -0.00765502 -0.0111475 -1.20133e-33 0.00812196 0.00516499 8.03049e-34 -0.00542925 0.0134297 1.69711e-33 -0.0114738 -0.0133225 -1.73828e-33 0.0117522 -0.014972 -2.26038e-33 0.015282 -0.00481074 -8.42523e-34 0.00569613 0.0109459 1.21178e-33 -0.00819262 0.00608008 6.46562e-34 -0.00437128 0.00694904 -1.2589e-09 -0.0027273 0.0144188 1.46312e-33 -0.0098919 0.0125619 1.03866e-33 -0.00702219 0.00914708 8.00781e-34 -0.00541393 -0.00290874 -1.02064e-33 0.00690033 -0.0113035 -2.3843e-33 0.0161198 -0.0140923 -2.17234e-33 0.0146868 -0.0121463 -2.11108e-06 0.017333 -0.0134775 -2.0327e-33 0.0137427 -0.0132048 -1.86793e-33 0.0126287 -0.0105728 -2.30838e-33 0.0156065 -0.009083 -2.26877e-33 0.0153387 -0.0144023 -2.83592e-33 0.0191731 -0.0122129 -2.7691e-33 0.0187214 0.0154112 1.22481e-33 -0.00828073 -0.0117157 -2.94979e-33 0.0199429 -0.00702612 -2.36858e-33 0.0160135 0.0162005 9.73473e-34 -0.00658146 0.0106691 6.37711e-34 -0.00431144 -0.00153777 -1.68953e-33 0.0114226 -0.00129825 -2.39199e-08 0.00736915 -0.0110918 -3.05478e-33 0.0206528 0.00743023 1.37725e-34 -0.000931129 0.000168696 -1.56563e-33 0.0105849 0.000373263 -1.10624e-33 0.00747904 0.0121377 7.23329e-34 -0.00489029 -0.0114124 -3.11946e-33 0.0210901 -0.00526413 -2.46783e-33 0.0166845 0.00747903 -6.90511e-35 0.00046684 -0.00159115 -2.00182e-33 0.0135339 -0.00598681 -1.51917e-33 0.0102708 0.0073006 -2.46467e-34 0.00166631 0.0168247 7.12099e-34 -0.00481436 0.00175847 -1.07744e-33 0.00728435 0.00165661 -1.69479e-33 0.0114581 -0.00349113 -2.53446e-33 0.017135 0.00290874 -1.02064e-33 0.00690033 -0.00938232 -3.1838e-33 0.0215251 0.00423058 -9.85369e-08 0.00620513 -0.00817211 -3.33457e-33 0.0225444 0.00682567 -4.55547e-34 0.00307986 0.00629824 -6.01679e-34 0.00406783 0.0124746 3.19136e-35 -0.000215761 0.00586191 -6.91444e-34 0.00467472 -0.00706898 -3.31395e-33 0.0224049 0.00942664 -7.38116e-34 0.00499026 0.0172298 4.41448e-34 -0.00298454 0.0108364 -6.38367e-34 0.00431587 0.00885779 -9.60961e-34 0.00649687 0.0252098 1.43011e-33 -0.00966865 0.0182488 2.27764e-33 -0.0153987 -0.00168353 -2.57644e-33 0.0174188 0.00492058 -8.35181e-34 0.00564649 0.0174588 1.66395e-34 -0.00112496 0.0178918 2.30835e-33 -0.0156063 0.030576 2.17113e-33 -0.0146786 0.0110758 3.0562e-33 -0.0206624 0.00927746 -1.10179e-33 0.00744896 0.0317783 2.21046e-33 -0.0149445 0.010116 3.13634e-33 -0.0212042 -0.000465194 -2.58684e-33 0.0174891 0.000175078 -2.13361e-33 0.0144249 0.0325357 2.20296e-33 -0.0148938 0.0292207 1.64741e-33 -0.0111378 0.0175142 -5.43215e-35 0.000367257 0.00138191 -2.57835e-33 0.0174317 -0.00431127 -3.48449e-33 0.023558 -0.0046881 -3.40341e-33 0.0230098 0.0178435 -2.15276e-34 0.00145544 0.00165346 -1.9692e-33 0.0133134 0.00355396 -2.58382e-33 0.0174687 -0.00226074 -3.4598e-33 0.023391 0.0124963 -7.86903e-34 0.0053201 0.0160867 -1.05301e-33 0.00711922 0.0126276 -1.04042e-33 0.00703408 0.000547815 -3.54597e-33 0.0239736 -0.000624689 -3.47375e-33 0.0234853 0.0173103 -9.16141e-34 0.00619385 0.0185624 -3.59475e-34 0.00243034 0.0153658 -1.23876e-33 0.00837505 0.0145749 -1.42878e-33 0.00965969 0.00912802 -2.22556e-33 0.0150466 0.0193115 -4.26303e-34 0.00288215 0.0186025 -8.7741e-34 0.00593199 0.0106258 -2.05568e-33 0.0138981 0.00841107 -2.38473e-33 0.0161227 0.0119422 -1.891e-33 0.0127847 0.0131426 -1.70794e-33 0.0115471 0.0109534 -1.20315e-33 0.00813429 0.00823104 -2.51266e-33 0.0169876 0.00495725 -2.70195e-33 0.0182673 0.0191409 -8.85961e-34 0.00598981 0.00560789 -2.87958e-33 0.0194683 0.00155925 -3.46732e-33 0.0234418 0.00845854 -2.70938e-33 0.0183176 0.00335477 -3.43881e-33 0.0232491 0.00379274 -3.50417e-33 0.023691 0.00907005 -2.93343e-33 0.0198323 0.00553846 -3.45406e-33 0.0233522 0.00408382 -3.40067e-33 0.0229912 0.0051448 -6.4881e-11 0.0221108 0.00571803 -3.08763e-33 0.0208748 0.00978457 -7.12287e-09 0.0206526 0.0107982 -3.127e-33 0.021141 0.0120772 -3.14655e-33 0.0212732 0.0123346 -3.13964e-33 0.0212265 0.0426039 -1.2372e-33 0.00836443 0.0430826 -1.23848e-33 0.00837311 0.0424201 -1.70673e-33 0.0115389 0.0429604 -1.80183e-33 0.0121818 0.0599653 1.57901e-34 -0.00106754 0.0566474 8.98254e-34 -0.00607292 0.0670769 1.29527e-33 -0.00875708 0.0562476 1.26855e-33 -0.00857641 0.0555349 1.36352e-33 -0.00921852 0.0629317 -6.1628e-07 -0.00373343 0.0553687 3.46573e-34 -0.00234311 0.0652282 5.82484e-34 -0.00393806 0.0524854 -1.32242e-33 0.00894061 0.0444278 -9.97995e-34 0.00674725 0.0444021 -1.06323e-33 0.00718829 0.0440529 -8.3088e-13 0.00787545 0.04307 -1.90212e-33 0.0128599 0.0555036 -3.95692e-34 0.0026752 0.0531841 -1.38146e-33 0.00933977 0.0427338 -2.0192e-33 0.0136514 0.060204 -3.23509e-34 0.00218718 0.0422835 -2.08099e-33 0.0140691 0.0618522 -5.29415e-34 0.00357927 0.0567699 -9.69818e-34 0.00655675 0.05618 -1.27145e-33 0.00859601 0.0715038 8.37067e-34 -0.00565924 0.0698624 1.7776e-34 -0.0012018 0.0738347 -8.75959e-35 0.000592218 0.0670769 -1.29527e-33 0.00875708 0.0549068 -1.40943e-33 0.00952885 0.064476 -5.89075e-34 0.00398262 0.0681383 -1.24547e-33 0.00842039 0.0684815 -4.88275e-34 0.00330113 0.0711743 -9.34992e-34 0.00632129 0.0419311 -2.10139e-33 0.0142071 0.0420257 -2.09758e-33 0.0141813 0.0438981 -8.49935e-34 0.00574624 0.0439716 -8.59523e-34 0.00581107 0.0441611 -8.97413e-34 0.00606723 0.00930512 -0.0055 0.00742994 0.0107214 -0.0055 0.00820634 0.0122864 -0.0055 0.00744905 0.0125036 -0.0055 0.00538009 0.0107524 -0.0055 0.00434482 0.00907024 -0.0055 0.00551753 0.00897726 -0.0055 -0.00581879 0.0101336 -0.0055 -0.00443343 0.0118334 -0.0055 -0.00470701 0.0126163 -0.0055 -0.00690381 0.0112292 -0.0055 -0.00811925 0.00957951 -0.0055 -0.00773393 -0.00178695 -0.0055 -0.011809 -0.000809518 -0.0055 -0.0107184 0.00107838 -0.0055 -0.0109827 0.00198931 -0.0055 -0.0123698 0.00180428 -0.0055 -0.0132726 0.000488213 -0.0055 -0.0142872 -0.00146301 -0.0055 -0.0138007 -0.0127028 -0.0055 -0.00569568 -0.0115412 -0.0055 -0.0045181 -0.00944974 -0.0055 -0.00488417 -0.00893783 -0.0055 -0.00656082 -0.01034 -0.0055 -0.00804697 -0.0122507 -0.0055 -0.00752053 -0.0126488 -0.0055 0.00670549 -0.010832 -0.0055 0.00809243 -0.00901324 -0.0055 0.0065058 -0.00952094 -0.0055 0.00481136 -0.0116031 -0.0055 0.0045754 -0.000617817 -0.0055 0.0142972 0.00149617 -0.0055 0.0133869 0.000790004 -0.0055 0.0108059 -0.00119004 -0.0055 0.0109722 -0.00188452 -0.0055 0.0125264 0.00576835 -0.001 -0.0243254 0.00415223 -0.023031 -0.0246426 0.00395077 -0.001 -0.0246781 0.00197314 -0.0220439 -0.0249168 0.0014965 -0.001 -0.0249475 0.000441685 -0.0212768 -0.0249961 -0.000355217 -0.001 -0.0249975 -0.00115305 -0.0204055 -0.0249669 -0.00220477 -0.001 -0.0248949 -0.00360972 -0.0189388 -0.0247299 -0.00404355 -0.001 -0.0246708 -0.00585766 -0.001 -0.0242962 -0.00608329 -0.0172995 -0.0242404 -0.00822639 -0.001 -0.0235997 -0.00847396 -0.0155495 -0.0235118 -0.0101106 -0.0143284 -0.02286 -0.00995452 -0.001 -0.0229327 -0.0119504 -0.0131824 -0.0219467 -0.0118879 -0.001 -0.0219688 -0.0140763 -0.0121359 -0.0206527 -0.0147625 -0.001 -0.0201665 -0.0162045 -0.0114143 -0.0190189 -0.0166803 -0.001 -0.0186114 -0.0179137 -0.0110752 -0.0174284 -0.0190378 -0.001 -0.0161714 -0.0195818 -0.011 -0.0155085 -0.0207256 -0.001 -0.0139667 -0.0217096 -0.001 -0.0123973 -0.0221074 -0.011 -0.011657 -0.0225612 -0.001 -0.0107523 -0.022914 -0.011 -0.00999747 -0.023512 -0.001 -0.00847369 -0.0238516 -0.0111008 -0.00739537 -0.0242334 -0.001 -0.00611241 -0.0245431 -0.011 -0.00471758 -0.0247182 -0.001 -0.00369147 -0.0249771 -0.001 -0.000308438 -0.0249421 -0.011 -0.0013614 -0.0249529 -0.011 0.00140432 -0.0248704 -0.001 0.002466 -0.0245057 -0.001 0.00490793 -0.0244747 -0.011 0.0050605 -0.0240823 -0.001 0.00671129 -0.0238588 -0.011 0.00744158 -0.023512 -0.001 0.00847369 -0.0232519 -0.011 0.00918412 -0.0228269 -0.001 0.0101947 -0.0225042 -0.011 0.0108711 -0.0220025 -0.001 0.0118536 -0.0211537 -0.011 0.0132846 -0.0205406 -0.001 0.014214 -0.0191774 -0.011 0.0160265 -0.0184353 -0.001 0.0168748 -0.0168302 -0.011 0.0184582 -0.0159706 -0.001 0.0192065 -0.0146948 -0.011 0.0202159 -0.0137484 -0.001 0.0208711 -0.0123639 -0.011 0.0217047 -0.0113418 -0.001 0.0222557 -0.00989735 -0.011 0.0229574 -0.0088096 -0.001 0.0233964 -0.00817437 -0.011 0.0236178 -0.00705063 -0.001 0.0239772 -0.00373519 -0.001 0.0246982 -0.00490957 -0.011 0.024492 -0.00217375 -0.011 0.0248977 -0.00097238 -0.001 0.0249735 0.000283934 -0.011 0.0249908 0.0014965 -0.001 0.0249475 0.00395077 -0.001 0.0246781 0.00304261 -0.011 0.0247932 0.00576923 -0.001 0.0243252 0.00576923 -0.011 0.0243252 0.0593847 -0.0245 0.0116092 0.0677342 -0.0245 0.00962944 0.051841 -0.0242034 0.0133983 0.05 -0.0265646 0.0138349 0.0506469 -0.023326 0.0136815 0.0500816 -0.0220632 0.0138156 0.0673077 -0.001 0.00973008 0.053 -0.0055 0.0131234 0.0673077 -0.0055 0.00973008 0.0500298 -0.00811493 0.0138279 0.0302864 -0.0132389 0.0185105 0.0502932 -0.0072392 0.0137654 0.0511056 -0.00621717 0.0135728 0.0224942 -0.01104 0.0203585 0.0526057 -0.00554018 0.013217 0.0518172 -0.00574738 0.013404 0.068487 -0.001 0.00935599 0.0683732 -0.0055 0.00940495 0.0707589 -0.0055 0.0080679 0.0707643 -0.001 0.00812732 0.0727486 -0.001 0.00624413 0.074067 -0.001 0.0041977 0.0734886 -0.0055 0.00518269 0.0747076 -0.0055 0.00220128 0.0748103 -0.001 0.00162382 0.0749739 -0.0055 -0.000308819 0.0749158 -0.001 -0.00104817 0.0742168 -0.001 -0.0037584 0.0742516 -0.0055 -0.00363977 0.0729354 -0.0055 -0.0060375 0.0725689 -0.001 -0.00649609 0.0714089 -0.0055 -0.00764855 0.0713695 -0.001 -0.00769807 0.0687913 -0.0055 -0.00920338 0.0689101 -0.001 -0.00913061 0.0673077 -0.0055 -0.00973008 0.0673077 -0.001 -0.00973008 0.0114243 -0.0185 -0.022984 0.0124269 -0.0255513 -0.0227462 0.0163475 -0.026 -0.0218164 0.0114243 -0.0115 -0.022984 0.0246591 -0.0245 -0.0198451 0.0246591 -0.0055 -0.0198451 0.0673077 -0.026 -0.00973008 0.0683324 -0.0245 -0.00948702 0.0154244 -0.03 -0.0179243 0.0491797 -0.03 0.00991855 0.0669246 -0.03 -0.00441809 0.0643582 -0.0290624 -0.00309192 0.0694875 -0.0299967 -0.000543431 0.0613949 -0.0300002 0.00275707 0.0688871 -0.0245 0.00919052 0.0712232 -0.0245 0.00776396 0.0740758 -0.0245 0.0039311 0.0730394 -0.0266812 0.00559031 0.0746486 -0.0245 -0.00169038 0.0726936 -0.0245 -0.00627683 0.0703513 -0.0266166 -0.00827883 0.0695697 -0.0245 -0.00882853 0.0652738 -0.027 2.74992e-06 0.0499993 -0.0185 0.00883442 0.05 -0.0115 0.00883496 0.0499999 -0.0153572 0.013835 0.053 -0.0055 0.00353176 0.0619786 -0.0055 -0.00258237 0.0611347 -0.0055 -0.000767487 0.0641562 -0.0055 -0.00382969 0.0610247 -0.0055 0.00041226 0.0616714 -0.0055 0.0020467 0.066724 -0.0055 -0.00350123 0.063419 -0.0055 0.00366568 0.0685448 -0.0055 -0.00168817 0.0689617 -0.0055 0.000381947 0.0645109 -0.0055 0.00393563 0.0664344 -0.0055 0.00370186 0.0682496 -0.0055 0.00213987 0.0619951 -0.0245 -0.00257653 0.0638791 -0.0245 -0.00375994 0.0667746 -0.0245 -0.00344589 0.0611708 -0.0245 -0.000477063 0.0620026 -0.0245 0.00250892 0.0684999 -0.0245 -0.00167827 0.0641103 -0.0245 0.00378381 0.0666132 -0.0245 0.00363592 0.0685188 -0.0245 0.00163087 0.0525752 -0.0244615 0.00323132 0.0516835 -0.0241598 0.00288675 0.050668 -0.0233569 0.00309 0.0501532 -0.0223696 0.00394521 0.0528555 -0.00550348 0.00341705 0.0522636 -0.00561424 0.0030724 0.051533 -0.00588587 0.00282195 0.0508396 -0.0064617 0.0029964 0.0501865 -0.00748665 0.00378631 0.050027 -0.00814124 0.00450333 -0.0137389 -0.015 -0.00832292 -0.012701 -0.015 -0.00929582 -0.0142513 -0.015 -0.00728162 -0.018621 -0.015 -0.00762646 -0.0116629 -0.015 -0.00974386 -0.0143729 -0.015 -0.00575256 -0.013781 -0.015 -0.00430618 -0.0132976 -0.015 0.00365127 -0.0142079 -0.015 0.00518121 -0.0123829 -0.015 0.00301558 -0.012332 -0.015 -0.00300542 -0.0110145 -0.015 -0.0026914 -0.0140701 -0.015 0.00758313 -0.0103876 -0.015 0.00277291 -0.00932259 -0.015 -0.0030115 -0.00869538 -0.015 0.003364 -0.0129888 -0.015 0.00908615 -0.00764526 -0.015 0.00466926 -0.00815745 -0.015 -0.00386412 -0.0181847 -0.0149648 0.010181 -0.0111629 -0.015 0.00977628 -0.00777121 -0.015 0.00798019 -0.00239232 -0.015 0.00988212 -0.00724236 -0.015 0.00612699 -0.00339824 -0.015 0.0115938 -0.000563372 -0.015 0.00898091 -0.0093043 -0.015 0.00948594 -0.0034233 -0.015 0.0135794 -0.00235963 -0.015 0.0151441 -0.00756285 -0.015 -0.0047353 -0.00727312 -0.015 -0.00584609 0.00066682 -0.015 0.00897566 0.0072733 -0.015 0.00568264 -0.000706594 -0.015 0.020228 0.00213729 -0.015 0.00965238 0.00733262 -0.015 0.00693362 0.00786416 -0.015 0.00827503 0.00311137 -0.015 0.0107293 -0.00107639 -0.015 0.0159143 0.00356518 -0.015 0.0121547 0.00870009 -0.015 0.0091365 0.000854119 -0.015 0.0159108 0.00220344 -0.015 0.0153345 0.00284322 -0.015 0.0146818 0.00337802 -0.015 0.0136827 0.0101719 -0.015 0.00973907 0.0207591 -0.015 0.0166591 0.0115287 -0.015 0.00977574 0.0422014 -0.0270711 0.0133287 0.0143041 -0.0251354 -0.00717305 0.0139778 -0.0255407 -0.00796754 0.0144089 -0.0246129 -0.00640942 0.0136706 -0.0257183 -0.00845118 0.0133839 -0.0257883 -0.00877844 0.0310426 -0.0179289 0.0159752 0.014319 -0.0238133 -0.00544705 0.0138086 -0.0225981 -0.00429267 0.0126641 -0.0210153 -0.00318497 0.0115752 -0.0199874 -0.0027507 0.0103624 -0.0191732 -0.0026956 0.00962001 -0.0188268 -0.00285899 0.00426624 -0.0270711 -0.0179619 0.0113579 -0.025284 -0.00979588 0.0121768 -0.0256404 -0.00958235 0.0128075 -0.0257801 -0.00924323 0.0105571 -0.024805 -0.00983548 0.00976962 -0.0241883 -0.00968557 0.00350186 -0.0229826 -0.0132926 0.00903898 -0.0234797 -0.00936965 0.00303728 -0.0235384 -0.0143963 0.0035909 -0.0224073 -0.0124735 0.00823281 -0.0224586 -0.00871098 0.00251717 -0.0237216 -0.0150628 0.000593219 -0.0251872 -0.0185496 0.00343201 -0.0215435 -0.0114847 0.0015974 -0.0236267 -0.0156984 0.00747894 -0.0210782 -0.0075434 0.00274228 -0.0201214 -0.0102102 0.000580985 -0.0232512 -0.01605 0.00724385 -0.0199232 -0.0062401 -0.000291638 -0.0227112 -0.0160698 0.00162523 -0.0187232 -0.00931915 0.00738804 -0.0192275 -0.00521941 0.00797863 -0.0187437 -0.00410506 -0.00143687 -0.0217513 -0.0157701 -0.00263015 -0.0203501 -0.014938 -0.00323543 -0.0192803 -0.0140505 -0.00854648 -0.0186893 -0.0176583 -0.00349478 -0.0185715 -0.0133456 -0.00356841 -0.0177313 -0.0122944 0.0087023 -0.0186188 -0.00334632 0.00897384 -0.0186499 -0.0031626 0.00925721 -0.0187141 -0.00301213 0.0123824 -0.0150083 0.00947095 0.0216916 -0.0150206 0.0165971 -0.00727646 -0.0150046 -0.00681702 0.0130747 -0.0150479 0.00905916 0.0238007 -0.0152363 0.0164568 0.00752996 -0.0150295 0.00483768 -0.0154997 -0.0150277 -0.0141403 -0.00760976 -0.0150356 -0.00780839 -0.00814764 -0.0150644 -0.00865264 -0.010473 -0.0150178 -0.00980324 0.0077769 -0.015078 0.00433505 0.0138057 -0.0152306 0.00821921 -0.00914012 -0.0150602 -0.00942207 -0.00856385 -0.0150686 -0.00904309 -0.0149309 -0.015111 -0.0146788 0.0079641 -0.0151252 0.00407058 0.00843653 -0.0152598 0.00354871 -0.013596 -0.0154929 -0.0156834 0.00921371 -0.0155154 0.00304305 0.0265378 -0.0158398 0.0162748 0.0143476 -0.0156565 0.00679061 0.0100432 -0.0158011 0.00272582 0.0143201 -0.0161006 0.00544193 -0.0122805 -0.0160703 -0.0164124 0.0282983 -0.0164528 0.0161577 0.0139513 -0.0163772 0.00448016 0.0135477 -0.0164883 0.00390691 0.0108658 -0.0160741 0.00265776 0.0120013 -0.0163764 0.00287691 0.0128699 -0.0165134 0.00329522 0.0292686 -0.0168906 0.0160932 -0.00211603 -0.0167894 -0.00960899 -0.0113824 -0.0165606 -0.0168002 -0.00286518 -0.0168452 -0.0103296 -0.00115605 -0.0169462 -0.0091 0.0298793 -0.0172108 0.0160526 -0.000566454 -0.017142 -0.00894761 -0.00331791 -0.0170962 -0.011138 0.000209747 -0.0175353 -0.00891287 0.0306081 -0.0176436 0.0160041 0.000706096 -0.0178706 -0.00897076 0.0486746 -0.0299854 0.0101654 0.0144126 -0.0299794 -0.0179277 0.0478089 -0.0299002 0.0105884 0.0133941 -0.0299169 -0.0179312 0.0123755 -0.0298116 -0.0179346 0.0468824 -0.0297223 0.0110412 0.0113633 -0.0296632 -0.017938 0.04597 -0.0294532 0.0114871 0.0103645 -0.029472 -0.0179414 0.00938566 -0.0292388 -0.0179447 0.0453018 -0.0291956 0.0118136 0.00843334 -0.0289651 -0.0179479 0.0446564 -0.0288845 0.012129 0.00751371 -0.0286527 -0.017951 0.0440338 -0.0285329 0.0124333 0.00671869 -0.0283405 -0.0179537 0.0436361 -0.0282732 0.0126276 0.0430693 -0.0278491 0.0129046 0.00570525 -0.0278737 -0.0179571 0.0236712 -0.0273959 -0.00239717 -0.00714054 -0.00219727 0.0119298 -0.00744108 -0.0075 0.0117212 -0.00627158 -0.004 0.0122741 -0.0052339 -0.0075 0.0117233 -0.00525011 -0.000429688 0.0119296 -0.00511034 -0.0075 0.0100226 -0.00593485 -0.001375 0.00946335 -0.00707861 -0.0075 0.00969869 0.011034 -0.0075 0.000263193 0.0112215 -0.0005 0.000766294 0.0114749 -0.0075 0.00106022 0.0118372 -0.000429688 0.00135829 0.0127462 -0.00575 0.0013966 0.0137087 -0.000429688 0.000869731 0.0138448 -0.0075 0.00060327 0.0139149 -0.0005 -0.000367086 0.0135865 -0.0075 -0.000863998 0.0124084 -0.0075 -0.00144766 0.0125188 -0.000464844 -0.00136483 0.0112702 -0.0075 -0.000765808 0.0111345 -0.000429688 -0.000637868 0.0110274 -0.0005 0.000175826 -0.00769354 -0.0075 -0.0104471 -0.00722168 -0.0075 -0.00973409 -0.00611473 -0.0075 -0.0093868 -0.00664547 -0.000429688 -0.00938299 -0.00565397 -0.0005 -0.0094793 -0.00492826 -0.000429688 -0.0101133 -0.005026 -0.0075 -0.0100488 -0.00476717 -0.0075 -0.0110102 -0.00487417 -0.000429688 -0.0114298 -0.0049427 -0.0075 -0.0115111 -0.00536967 -0.0005 -0.0120329 -0.00548618 -0.0075 -0.0121073 -0.0059562 -0.0075 -0.0122865 -0.00699937 -0.0075 -0.0119956 -0.00611847 -0.000429688 -0.012354 -0.00739066 -0.00221484 -0.0116125 -0.00494778 -0.000429688 0.0103072 -0.0075029 -0.00221484 0.0102584 -0.00766031 -0.000464844 -0.0104034 -0.00282594 -0.0055 0.0104175 -0.000527103 -0.0055 0.00899397 -0.00349422 -0.0055 0.0129116 0.00123934 -0.0055 0.00916161 0.00233025 -0.0055 0.0097748 -0.00278944 -0.0055 0.0147099 -0.00141981 -0.0055 0.0157816 0.0032691 -0.0055 0.0112146 0.00351544 -0.0055 0.0132108 0.000531433 -0.0055 0.0159902 0.00211349 -0.0055 0.0154013 0.0030389 -0.0055 0.0143562 -0.01312 -0.0055 0.0035161 -0.0139525 -0.0055 0.00450895 -0.0143841 -0.0055 0.00591607 -0.0110428 -0.0055 0.00273705 -0.00924229 -0.0055 0.0030402 -0.0140272 -0.0055 0.0077675 -0.00785806 -0.0055 0.0043017 -0.0127315 -0.0055 0.0092404 -0.00728126 -0.0055 0.00574962 -0.00737238 -0.0055 0.00718703 -0.0106195 -0.0055 0.00978705 -0.00932135 -0.0055 0.0095022 -0.00822688 -0.0055 0.00868519 -0.0137787 -0.0055 -0.00824998 -0.0125734 -0.0055 -0.00936672 -0.0143074 -0.0055 -0.00707949 -0.0112142 -0.0055 -0.00980101 -0.0143339 -0.0055 -0.00552911 -0.0137231 -0.0055 -0.004166 -0.00946639 -0.0055 -0.00953133 -0.00819628 -0.0055 -0.00868962 -0.00743588 -0.0055 -0.00736549 -0.0125319 -0.0055 -0.0031151 -0.00733907 -0.0055 -0.00553394 -0.0108211 -0.0055 -0.00271726 -0.00786203 -0.0055 -0.00422947 -0.00875953 -0.0055 -0.00333848 0.00356707 -0.0055 -0.0120755 0.0032552 -0.0055 -0.0110562 0.00225084 -0.0055 -0.00973146 0.000749941 -0.0055 -0.00901406 -0.00113733 -0.0055 -0.00911674 -0.00204199 -0.0055 -0.00954458 -0.00290393 -0.0055 -0.0104122 -0.00345187 -0.0055 -0.0115056 -0.00357737 -0.0055 -0.0126231 -0.00334981 -0.0055 -0.0137789 -0.00298297 -0.0055 -0.0145065 -0.00242693 -0.0055 -0.0151484 -0.00118975 -0.0055 -0.0158671 0.000290185 -0.0055 -0.0160721 0.00144329 -0.0055 -0.0157796 0.00227114 -0.0055 -0.0152762 0.00303205 -0.0055 -0.0143925 0.00350429 -0.0055 -0.0132998 0.00358882 -0.0055 -0.0127689 0.0144058 -0.0055 -0.00595929 0.0142326 -0.0055 -0.00510523 0.013705 -0.0055 -0.00413892 0.0125074 -0.0055 -0.00309036 0.0115031 -0.0055 -0.002729 0.0104454 -0.0055 -0.0026779 0.00959596 -0.0055 -0.00287236 0.00910414 -0.0055 -0.00308939 0.00853342 -0.0055 -0.00348388 0.00793935 -0.0055 -0.00412003 0.00739802 -0.0055 -0.00519299 0.00724683 -0.0055 -0.00610451 0.00750933 -0.0055 -0.00758755 0.0083861 -0.0055 -0.00886269 0.00926576 -0.0055 -0.00948845 0.00980802 -0.0055 -0.00970007 0.0105791 -0.0055 -0.0098366 0.0114255 -0.0055 -0.00978325 0.0122637 -0.0055 -0.00954681 0.0130617 -0.0055 -0.009054 0.0136355 -0.0055 -0.00849108 0.0140761 -0.0055 -0.00776589 0.0143668 -0.0055 -0.00685179 0.00862406 -0.0055 0.00341803 0.00792173 -0.0055 0.00413496 0.00975172 -0.0055 0.00284533 0.00741368 -0.0055 0.00520939 0.0117741 -0.0055 0.00281872 0.00728364 -0.0055 0.00664842 0.0133601 -0.0055 0.00375523 0.00795631 -0.0055 0.0083673 0.00902454 -0.0055 0.00934628 0.0140915 -0.0055 0.00477626 0.0143426 -0.0055 0.00653094 0.0108144 -0.0055 0.00981154 0.0138066 -0.0055 0.00821492 0.0123078 -0.0055 0.00950881 0.0130327 -0.0055 0.00908994 0.00357051 -0.0248366 -0.024117 -0.0047601 -0.0194272 -0.0243059 -0.00754666 -0.0202457 -0.0196643 -0.00439644 -0.0225697 -0.0196544 -0.000998049 -0.022446 -0.0244433 0.000708141 -0.0257589 -0.0219047 -0.00454845 -0.0223322 -0.0222213 0.00464272 -0.0273681 -0.0219986 0.0031744 -0.0270112 -0.0191773 -0.010508 -0.0155229 -0.022308 -0.0101912 -0.017596 -0.0211242 -0.0172872 -0.0126678 -0.0174167 -0.0140413 -0.0155385 -0.0167248 -0.0111829 -0.0168697 -0.0172963 0.00936841 -0.028527 -0.021633 0.00823025 -0.0290505 -0.0189139 0.0111152 -0.0294212 -0.0200062 0.013887 -0.028045 -0.0216927 0.041665 -0.0282611 -0.0150878 0.0416033 -0.0286119 -0.0148274 0.0145284 -0.0291982 -0.0205162 0.0163447 -0.0262942 -0.0218046 0.0132315 -0.0266065 -0.0224529 0.0418001 -0.0269469 -0.0156573 0.0418212 -0.0264405 -0.0157463 0.0409724 -0.029988 -0.0121674 0.0417288 -0.0277979 -0.0153566 0.0285384 -0.0296557 -0.0164795 0.0142443 -0.0298788 -0.0188766 0.0411614 -0.0298386 -0.0129643 0.00696628 -0.0252338 -0.023824 0.00318105 -0.0117013 0.0246657 0.00973914 -0.0114889 0.0233466 0.00769021 -0.0124684 0.0235662 0.0145712 -0.013319 0.0214706 0.0123771 -0.0141198 0.0211813 0.00729242 -0.0147768 0.0211661 0.0027924 -0.0128723 0.0242819 -0.00222685 -0.0120827 0.024658 0.002255 -0.0142217 0.0230901 -0.00674765 -0.0122873 0.0236925 -0.000636466 -0.0148933 0.0216202 -0.00533702 -0.0140138 0.0227641 -0.0124174 -0.0121244 0.0213215 -0.00973884 -0.0147719 0.0197422 -0.0180783 -0.0121609 0.016776 -0.0147221 -0.0133246 0.0191018 -0.0154464 -0.0146237 0.01618 -0.0205039 -0.0128686 0.0130521 -0.021763 -0.0140477 0.00847322 -0.0225586 -0.0118402 0.0103894 -0.0239674 -0.0119481 0.00643788 -0.024778 -0.0112714 0.0030089 -0.0237595 -0.0136085 0.00241274 -0.0247041 -0.0121478 -0.000364211 -0.0243503 -0.0119957 -0.00467979 -0.0219524 -0.0147536 -0.00101908 -0.0228677 -0.0140049 -0.00517148 -0.0228621 -0.0122921 -0.00919101 -0.021121 -0.011283 -0.0133046 -0.018721 -0.013389 -0.014794 -0.021055 -0.0135972 -0.0110911 -0.0186306 -0.01487 -0.0113269 0.0410623 -0.0299399 -0.0125464 0.0540595 -0.0295718 -0.010609 0.0413886 -0.0294047 -0.0139224 0.0287051 -0.0292411 -0.0171822 0.0415322 -0.0289282 -0.0145279 0.0417655 -0.0274391 -0.0155113 0.0129154 -0.0149639 0.0190218 0.0234617 -0.013162 0.0195563 0.022243 -0.0118227 0.0203285 0.0681382 -0.0275292 -0.00907793 0.0679114 -0.029041 -0.00801091 0.0681931 -0.0298367 -0.00620134 0.0729321 -0.0264605 -0.00577582 0.0708464 -0.0283128 -0.00684319 0.0746442 -0.0265315 -0.00203592 0.0728922 -0.0289359 -0.00222538 0.0746088 -0.0264678 0.00211814 0.0728428 -0.0285259 0.00432824 0.0698861 -0.0261728 0.00865647 0.0699973 -0.0280268 0.00783774 0.0711684 -0.0295427 0.0040016 0.0586066 -0.0277709 0.0113545 0.0680019 -0.0271204 0.00931355 0.0578723 -0.0299639 0.00835739 0.0680133 -0.029412 0.00714675 0.0390784 -0.0200064 0.0163953 0.0306226 -0.0169009 0.0168269 0.0291622 -0.0137414 0.0185924 0.0282797 -0.015567 0.0174115 0.0229912 -0.0145729 0.0181134 0.0323014 -0.0162019 0.0176104 0.0581211 -0.0297608 0.00916106 0.0583122 -0.0292615 0.0101133 0.0595519 -0.0286281 0.0105512 0.0586693 -0.026481 0.0117428 0.036716 -0.022431 0.0148101 0.037099 -0.0221123 0.015324 0.0396788 -0.0220682 0.0158894 0.0439889 -0.0277327 0.0134856 0.04768 -0.0292102 0.0122477 0.047341 -0.0269854 0.0140846 0.0443251 -0.026689 0.0143864 -0.0109392 -0.013 0.0158299 -0.0116758 -0.013 0.0165584 -0.00959519 -0.013 0.0153827 -0.0121892 -0.013 0.0187736 -0.00763624 -0.013 0.0157456 -0.0116008 -0.013 0.0201273 -0.0105294 -0.013 0.0209843 -0.00810291 -0.013 0.0220521 -0.00603408 -0.013 0.0164218 -0.00654791 -0.013 0.0225693 -0.0048761 -0.013 0.016807 -0.00309163 -0.013 0.0172115 -0.00415162 -0.013 0.0231126 0.00267463 -0.013 0.0173234 -0.00171581 -0.013 0.0234309 -0.00127773 -0.013 0.0174485 0.00419958 -0.013 0.0177164 0.00526294 -0.013 0.0186435 0.000467785 -0.013 0.023489 0.000551344 -0.013 0.0174783 0.00271146 -0.013 0.0233317 0.00571541 -0.013 0.0199265 0.00563978 -0.013 0.0211811 0.00413067 -0.013 0.0229698 0.00505202 -0.013 0.0222472 -0.00494389 -0.013 -0.00560264 -0.00613837 -0.013 -0.00429818 -0.00382744 -0.013 -0.0064424 -0.00291236 -0.013 -0.00690892 -0.00732592 -0.013 -0.00157632 -0.00694938 -0.013 -0.0027774 -0.00207356 -0.013 -0.0071969 -0.00748835 -0.013 -0.000280151 -0.000466289 -0.013 -0.00746507 -0.00742325 -0.013 0.00102436 0.00139319 -0.013 -0.00736294 0.00247502 -0.013 -0.00707306 -0.00709841 -0.013 0.00238494 -0.0064851 -0.013 0.00374417 0.00429811 -0.013 -0.00613842 0.00393313 -3.51063e-08 -0.00641558 -0.00580005 -0.013 0.00474482 -0.00455576 -0.013 0.00593741 0.0052988 -0.013 -0.00529874 0.00608008 -0.013 -0.00437128 -0.00324907 -0.013 0.00674677 0.00687253 -0.013 -0.00294773 0.00739539 -0.013 -0.00120919 -0.00102149 -0.013 0.00740249 0.00749534 -0.013 -0.000186922 0.00744647 -0.013 0.000839059 0.000976194 -0.013 0.00741402 0.00730969 -0.013 0.00166839 0.00247502 -0.013 0.00707306 0.00700916 -0.013 0.00265058 0.00350156 -0.013 0.00662518 0.00619679 -0.013 0.0042249 0.00667196 -0.013 0.00342052 0.00639968 -0.013 0.00391076 0.00597849 -0.013 0.00452853 0.00562161 -0.013 0.0049611 0.00509971 -0.013 0.00549618 0.0158801 -0.013 0.00739615 0.0169891 -0.013 0.00636478 0.00952447 -0.013 0.0147086 0.00863456 -0.013 0.0156507 0.00830355 -0.013 0.0164801 0.0186305 -0.013 0.00593443 0.0191409 -0.013 0.00598981 0.0153658 -0.013 0.00837505 0.0149345 -0.013 0.00912204 0.0138214 -0.013 0.0107102 0.00825376 -0.013 0.0174709 0.00916192 -0.013 0.0199728 0.0100565 -0.013 0.0208437 0.0113759 -0.013 0.0212318 0.00975859 -0.013 0.0218374 0.0125577 -0.013 0.0121807 0.0112977 -0.013 0.0133576 0.042164 -1.40191e-09 0.0113422 0.042603 -0.013 0.0114442 0.0430744 -0.013 0.0126954 0.0419311 -0.013 0.0142071 0.042173 -0.013 0.0141214 0.0427353 -0.013 0.0136455 -0.00481122 -0.013 -0.0224321 -0.00563671 -0.013 -0.0211996 -0.00572387 -0.013 -0.0198124 -0.00547482 -0.013 -0.019006 -0.00488204 -0.013 -0.0181844 -0.00379423 -0.013 -0.0175224 -0.0034608 -0.013 -0.0232137 -0.00209281 -0.013 -0.0173755 -0.00128611 -0.013 -0.0234473 0.000261792 -0.013 -0.017485 0.00117088 -0.013 -0.0234708 0.00361333 -0.013 -0.0232029 0.00269078 -0.013 -0.0172787 0.00601976 -0.013 -0.0227093 0.0044828 -0.013 -0.0169112 0.00565216 -0.013 -0.0165621 0.00810291 -0.013 -0.0220521 0.0101726 -0.013 -0.0211717 0.0113173 -0.013 -0.0204585 0.00737956 -0.013 -0.0158532 0.0118328 -0.013 -0.0197814 0.00865413 -1.98647e-09 -0.0153609 0.00983525 -0.013 -0.0154116 0.0122227 -0.013 -0.0186476 0.0121641 -0.013 -0.0176703 0.0114467 -0.013 -0.0163166 0.0174588 -0.013 -0.00112496 0.0172298 -0.013 -0.00298454 0.0168247 -0.013 -0.00481436 0.0165764 -0.013 -0.00561003 0.0158688 -0.013 -0.0073454 0.0149994 -0.013 -0.00900516 0.0198202 -0.013 0.00306773 0.0434628 -0.013 0.00856409 0.0431545 -0.013 0.00834763 0.044418 -0.013 0.00706225 0.0442683 -0.013 0.0060516 0.0440615 -0.013 0.00591892 0.0184248 -0.013 -0.0152652 0.0145654 -0.013 -0.0151871 0.0135201 -0.013 -0.0139079 0.0138155 -0.013 -0.0143846 0.0160595 -0.013 -0.0158899 0.0133068 -0.013 -0.0133494 0.017341 -0.013 -0.0158049 0.0132743 -0.013 -0.012131 0.0182488 -0.013 -0.0153987 0.0140069 -0.013 -0.0104921 0.0175195 -0.013 0.000404346 0.0181103 -0.013 0.00187864 0.0191415 -0.013 0.00280554 0.0197528 -3.32955e-12 0.00305206 -0.0118169 -0.013 -0.0200789 -0.011121 -0.013 -0.0201569 -0.0218011 -0.013 -0.00875503 -0.0102922 -0.013 -0.019997 -0.021954 -0.013 -0.00787994 -0.0216638 -0.013 -0.00649241 -0.00925413 -0.013 -0.0194012 -0.0086482 -0.013 -0.0186812 -0.020543 -0.013 -0.00522533 -0.008263 -0.013 -0.0173961 -0.016657 -0.013 -0.0165679 -0.0118172 -0.013 -0.0129011 -0.0154658 -0.013 -0.0176934 -0.0139295 -0.013 -0.0188987 -0.0129643 -0.013 -0.0117478 -0.0181238 -0.013 -0.0149493 -0.00855301 -0.013 -0.0158186 -0.0194339 -0.013 -0.0132014 -0.01435 -0.013 -0.00999361 -0.00987689 -0.013 -0.014458 -0.020576 -0.013 -0.0113394 -0.0189224 -0.013 -0.00479864 -0.0153225 -0.013 -0.00844422 -0.021322 -0.013 -0.0098803 -0.0158781 -0.013 -0.00735767 -0.016233 -0.013 -0.00654289 -0.0165012 -0.013 -0.00607185 -0.0173649 -0.013 -0.00523033 -0.0168387 -0.013 -0.00564813 -0.02241 -0.013 -0.00115004 -0.0228772 -0.013 -0.000633941 -0.021718 -0.013 -0.00158411 -0.0234628 -0.013 0.00112882 -0.0233332 -0.013 0.000285672 -0.0203373 -0.013 -0.00179769 -0.0187993 -0.013 -0.00134002 -0.0179928 -0.013 -0.000512748 -0.0175339 -0.013 0.000745669 -0.0233785 -0.013 0.00238609 -0.0232424 -0.013 0.00347034 -0.0172387 -0.013 0.00298522 -0.0228663 -0.013 0.00534425 -0.0167092 -0.013 0.00515712 -0.0221995 -0.013 0.00770915 -0.0160869 -0.013 0.00687731 -0.0216024 -0.013 0.00923524 -0.0206512 -0.013 0.0112017 -0.0152734 -0.013 0.0085158 -0.0140012 -0.013 0.0105002 -0.0195216 -0.013 0.0130713 -0.018455 -0.013 0.0145279 -0.0174273 -0.013 0.0152775 -0.0133349 -0.013 0.0117264 -0.0160107 -0.013 0.015532 -0.0133691 -0.013 0.0133454 -0.014501 -0.013 0.0149747 0.0300144 -0.0035 -0.0143206 0.0291078 -0.0035 -0.0129265 0.0317848 -0.0035 -0.0149211 0.0293232 -0.0035 -0.0104503 0.0199795 -0.0035 -0.0178717 0.0298813 -2.44457e-13 -0.00970427 0.0558781 -0.0035 -0.00935762 0.0546852 -1.02279e-12 -0.00963866 0.0555414 -0.0035 -0.00921183 0.056724 -0.0035 -0.00628286 0.0560419 -0.0035 -0.00442529 0.0552056 -0.0035 -0.00181128 0.0524854 -0.0035 0.00894061 0.0552224 -0.0035 0.00180975 0.056431 -0.0035 0.00525868 0.0535119 -0.0035 0.0093327 0.0563497 -0.0035 0.00818594 0.0598732 -0.002 -0.00103724 0.0610135 -0.002 0.00290073 0.0634822 -0.002 0.00389581 0.0614473 -0.002 -0.00248954 0.0610878 -0.002 0.000753067 0.0620401 -0.002 0.00250543 0.0683457 -0.027 -0.00179926 0.0654694 -0.027 -0.00381087 0.0618641 -0.027 -0.00210807 0.0620329 -0.027 0.0024074 0.0646626 -0.027 0.00387498 0.0677699 -0.027 0.00252108 0.066568 -0.0283187 0.00151115 0.0614441 -0.03 -0.00143841 0.0662939 -0.0286594 -0.00243381 0.0699334 -0.0005 -0.00795848 0.0737361 -0.0005 -0.00322409 0.0738702 -0.0005 0.00308153 0.071528 -0.0005 0.00679033 0.0685329 -0.0005 0.0088061 0.0651739 -0.0264 0.00398448 0.0662221 -0.002 0.00379341 0.0660091 -0.0264 0.00386236 0.0671863 -0.002 0.00333934 0.066822 -0.0264 0.00355396 0.0676224 -0.0264 0.00300902 0.0679436 -0.002 0.00268097 0.0682838 -0.0264 0.00226888 0.068625 -0.002 0.00166301 0.0687413 -0.0264 0.00136171 0.0689146 -0.002 0.000791353 0.0689851 -0.0264 0.000223726 0.0689863 -0.002 -0.000124344 0.0688851 -0.0264 -0.000886949 0.068778 -0.002 -0.00122994 0.0685431 -0.0264 -0.00184452 0.0681288 -0.002 -0.00246325 0.0680208 -0.0264 -0.00259965 0.0671925 -0.002 -0.00332574 0.0671528 -0.0264 -0.00335584 0.0660083 -0.002 -0.00385872 0.0662012 -0.0264 -0.00380958 0.0652985 -0.0264 -0.00398262 0.0651494 -0.002 -0.00399379 0.0645525 -0.002 -0.00397145 0.0645525 -0.0264 -0.00397145 0.0635549 -0.002 -0.00371586 0.0637988 -0.0264 -0.00380958 0.0631126 -0.0264 -0.00351765 0.06279 -0.002 -0.00332995 0.0625473 -0.0264 -0.00315546 0.0622114 -0.002 -0.00285902 0.062125 -0.0264 -0.00276955 0.0616136 -0.002 -0.00208429 0.0615066 -0.0264 -0.00193064 0.0610804 -0.002 -0.000741436 0.0611541 -0.0264 -0.00105617 0.061031 -0.0264 -0.000497375 0.0610062 -0.002 -0.000199322 0.0610496 -0.002 0.000570343 0.0610124 -0.0264 7.45133e-05 0.0611638 -0.0264 0.00107915 0.0612277 -0.002 0.00132001 0.0615066 -0.002 0.00193064 0.0615921 -0.0264 0.0020825 0.0619707 -0.002 0.0026069 0.0619707 -0.0264 0.0026069 0.0625099 -0.002 0.00312247 0.0625099 -0.0264 0.00312247 0.0631325 -0.002 0.00353345 0.0631325 -0.0264 0.00353345 0.0640416 -0.002 0.00386501 0.0641008 -0.0264 0.00388426 0.0651243 -0.002 0.00398944 0.0660918 -0.0269 -0.00122336 0.0654935 -0.0269 -0.00156366 0.0665492 -0.0269 -0.000502277 0.0650373 -0.0269 -0.00164436 0.0666485 -0.0269 4.98123e-05 0.0644475 -0.0269 -0.0015445 0.0666096 -0.0269 0.000345514 0.0682578 -0.0269 0.00082591 0.0664194 -0.0269 0.000814603 0.066074 -0.0269 0.00124987 0.0638006 -0.0269 -0.00109539 0.0658405 -0.0269 0.00141425 0.0652957 -0.0269 0.00161413 0.0634126 -0.0269 -0.000416763 0.064851 -0.0269 0.00163948 0.0634108 -0.0269 0.000379472 0.0643264 -0.0269 0.00149635 0.0638139 -0.0269 0.00111714 0.0628711 -0.002 0.00388139 0.0604782 -0.002 0.00239537 0.0631295 -0.002 -0.00395796 0.0597196 -0.002 -0.000536999 0.0615247 -0.002 -0.00343469 0.0669001 -0.002 -0.00394833 0.0673819 -1.77636e-18 -0.0038666 0.0686681 -0.002 -0.00333339 0.0697213 -1.77636e-18 -0.00189679 0.0700291 -0.002 -0.00163532 0.0700548 -1.77636e-18 0.0016632 0.0702148 -0.002 0.00124161 0.0681173 -1.77636e-18 0.00353098 0.0688075 -0.002 0.00316635 0.0667605 -0.002 0.00397862 0.0637357 -1.77636e-18 0.00391942 0.0609773 -1.77636e-18 0.00302168 0.0596025 -1.77636e-18 0.000537589 0.060529 -1.77636e-18 -0.00250256 0.0637461 -1.77636e-18 -0.0039129 0.0658826 0 0.00138791 0.0663296 0 0.000940412 0.0653928 0 0.00159326 0.0666137 0 0.000308382 0.064851 0 0.00163948 0.0666369 0 -0.000161164 0.0642668 0 0.00146275 0.0664965 0 -0.000673356 0.0661987 0 -0.00112838 0.0638134 0 0.00112584 0.0634947 0 0.000663902 0.0651913 0 -0.00162434 0.0658491 0 -0.00140425 0.063362 0 9.89441e-05 0.0643587 0 -0.00150001 0.0637161 0 -0.00101331 0.063438 0 -0.000506419 0.0655895 -0.026775 0.00347675 0.0677447 -0.0267125 -0.000724321 0.0647403 -0.026775 -0.00340635 0.0621104 -0.0268375 -0.00124422 0.0625792 -0.0267125 0.00232043 0.064375 -0.03 -0.00108253 0.0667082 -0.03 -0.00346102 0.06375 -0.03 0.000721688 0.0621753 -0.03 -0.00202008 0.06625 -0.03 -0.000721688 0.0684939 -0.03 0.000792675 0.065625 -0.03 0.00108253 0.0636452 -0.03 0.00332995 0.0661625 -0.0290555 0.00271954 0.0644671 -0.0277 0.0019174 0.0636388 -0.0277 0.00143499 0.0622023 -0.0289775 -0.000943776 0.0629172 -0.0290185 0.00214966 0.0633207 -0.0277 -0.000990631 0.0642692 -0.02 -0.00183709 0.065407 -0.0277 -0.00192111 0.0672255 -0.0290409 -0.00216867 0.0663773 -0.0277 -0.00142925 0.0643864 -0.0289165 -0.00284727 0.0668416 -0.0277 -0.000713142 0.0679527 -0.0289646 0.00032371 0.0662264 -0.0277 0.00152651 0.0651731 -0.0277 0.00197771 0.0652213 -0.0123 0.00196543 0.0640824 -0.0123 0.00171765 0.063179 -0.02 0.000768058 0.0630107 -0.02 -9.6262e-05 0.0633284 -0.0123 -0.00100766 0.0654393 -0.0123 -0.00191154 0.0664019 -0.0123 -0.00141038 0.0668229 -0.0123 -0.000745491 0.0669819 -0.02 0.000182854 0.066833 -0.02 0.000765832 0.0661186 -0.0123 0.00162544 0.06375 -0.0285 0 0.065625 -0.0285 0.00108253 0.065625 -0.0285 -0.00108253 0.0651731 -0.0120708 -0.000138733 0.0126614 -0.00724648 0.000504472 0.0110348 -0.0029375 -4.2765e-05 0.0123676 -0.00691573 -0.000469947 0.0115548 -0.0029375 0.00109153 0.0136639 -0.00175 0.000899352 0.012785 -0.00175 0.00142309 0.0115718 -0.0029375 -0.00105386 0.0125036 -0.00175 -0.00145726 0.0131509 0.000625 -0.00130053 0.0139162 -0.0005625 -0.000210952 0.0125588 0.00332346 5.67602e-05 -0.00623429 -0.00708352 -0.010835 -0.00711956 -0.00234375 -0.0119338 -0.00765279 -0.00175 -0.0104803 -0.00569064 -0.00175 -0.00951125 -0.0054663 -0.00175 -0.0119949 -0.00481912 -0.0005625 -0.0107648 -0.00688553 -0.00175 -0.0095189 -0.00645189 0.00331931 -0.0109285 -0.00562583 -0.00175 0.00949313 -0.00674054 -0.00175 0.00946853 -0.00623949 -0.00706365 0.0110138 -0.00688457 -0.00175 0.0121031 -0.00760444 -0.00175 0.0104834 -0.00492021 -0.00175 0.0102673 -0.00500022 -0.0005625 0.0115761 -0.00577513 -0.00175 0.0122154 -0.00613391 0.00332948 0.0107525 0.013372 -0.00729122 0.00834712 0.0104949 -0.0077125 0.00961209 0.00792231 -0.0072875 0.00786848 0.00767036 -0.00844874 0.00502645 0.0124071 -0.00760625 0.00334649 0.0141668 -0.0075 0.00556313 0.00928423 -0.0055 0.00736713 0.0107706 -0.0055 0.00820605 0.0119026 -0.0055 0.00791775 0.00993642 -0.0055 0.00450248 0.0111543 -0.0055 0.00429829 0.0126639 -0.0055 0.00673709 0.0123265 -0.0055 0.00502914 0.00932532 -0.0095 0.00711602 0.0119316 -0.00942887 0.00631123 0.0108253 -0.0095 0.00798205 0.00932532 -0.0095 0.00538397 0.0123253 -0.0095 0.00711602 0.0108253 -0.0095 0.00451795 0.0123253 -0.0095 0.00538397 0.0127313 0.0042 0.00658559 0.0120466 0.0042 0.007811 0.0107516 0.0042 0.00820433 0.00932689 0.0042 0.00741786 0.00884592 0.0042 0.0061201 0.00931871 0.0042 0.00501444 0.010557 0.0042 0.00431312 0.0116467 0.0042 0.00444432 0.012394 0.0042 0.00508308 0.0108253 -0.007 0.00451795 0.00932532 -0.007 0.00538397 0.00932532 -0.007 0.00711602 0.0108253 -0.007 0.00798205 0.0123253 -0.007 0.00711602 0.0123253 -0.007 0.00538397 0.00907415 -0.00771307 0.00342984 0.00846287 -0.00553456 0.00634642 0.0108937 -0.00555197 0.0053981 0.0106587 0.00442689 0.00640097 0.0127691 -0.00750359 -0.00894524 0.0116633 -0.0070321 -0.00306122 0.00894597 -0.00739375 -0.00335553 0.00757692 -0.0075 -0.0051304 0.00761451 -0.0072875 -0.00745054 0.00938092 -0.00739375 -0.00932965 0.0105683 -0.0055 -0.0043386 0.0123128 -0.0055 -0.00510598 0.00910593 -0.0055 -0.00546959 0.0125748 -0.0055 -0.00709285 0.00906462 -0.0055 -0.00708316 0.0115821 -0.0055 -0.00806836 0.010242 -0.0055 -0.00810245 0.0108253 -0.0095 -0.00451795 0.00826035 -0.00944823 -0.00453992 0.0123253 -0.0095 -0.00538397 0.00932532 -0.0095 -0.00538397 0.0123253 -0.0095 -0.00711602 0.00932532 -0.0095 -0.00711602 0.0121579 0.0042 -0.00760037 0.0127624 0.0042 -0.00629355 0.0121453 0.0042 -0.00481648 0.0107551 0.0042 -0.00429121 0.00943476 0.0042 -0.00493538 0.00901486 0.0042 -0.00682569 0.010228 0.0042 -0.00809505 0.010627 0.00442939 -0.0061115 0.00932532 -0.007 -0.00711602 0.00932532 -0.007 -0.00538397 0.0108253 -0.007 -0.00451795 0.0123253 -0.007 -0.00538397 0.0123253 -0.007 -0.00711602 0.0108253 -0.007 -0.00798205 0.0140355 -0.00773896 -0.00555292 0.0106902 -0.00947095 -0.00776137 0.0117372 -0.00941607 -0.0034755 0.00969613 -0.00555729 -0.00709305 -0.00185848 -0.0065543 -0.0153046 0.000716888 -0.0075 -0.0157535 0.00319986 -0.0075 -0.013446 0.00282744 -0.0075 -0.0106748 0.000103191 -0.00773649 -0.00916757 -0.00329855 -0.00755313 -0.0130265 0.00178778 -0.0055 -0.0118024 0.00177549 -0.0055 -0.0133179 0.000631903 -0.0055 -0.0106525 -0.000992522 -0.0055 -0.0108246 0.000533361 -0.00556123 -0.0128559 0.000376613 -0.0055 -0.0143682 -0.00137438 -0.0055 -0.0137836 -0.00191511 -0.0055 -0.0121005 0.0015 -0.0095 -0.011634 0.0015 -0.0095 -0.013366 -5.51781e-17 -0.0095 -0.0107679 -7.16094e-17 -0.0095 -0.014232 -0.0015 -0.0095 -0.011634 -0.0015 -0.0095 -0.013366 -0.00109535 -0.00944494 -0.014351 -0.00129094 0.0042 -0.0138328 0.000491163 0.0042 -0.0143754 0.00176063 0.0042 -0.0133272 0.00190817 0.0042 -0.0119822 0.00106129 0.0042 -0.0108886 -0.000852314 0.0042 -0.0107968 -0.00191302 0.0042 -0.0120936 -0.0015 -0.007 -0.011634 -5.51781e-17 -0.007 -0.0107679 0.0015 -0.007 -0.011634 0.0015 -0.007 -0.013366 -7.16094e-17 -0.007 -0.014232 -0.0015 -0.007 -0.013366 -0.00205544 -0.00944595 -0.010595 0.00220547 -0.00941163 -0.0132225 -0.0025417 -0.00702322 -0.0103022 0.000211738 0.00438906 -0.0120424 -0.0141188 -0.00734062 -0.00616061 -0.0129698 -0.0075 -0.00875078 -0.00810306 -0.00850263 -0.00809323 -0.00756221 -0.0075 -0.0055909 -0.00976735 -0.00796326 -0.00308115 -0.0125093 -0.0075 -0.00328474 -0.00933522 -0.0055 -0.00755647 -0.00892795 -0.0055 -0.00682893 -0.00998317 -0.0055 -0.00805601 -0.0118563 -0.00552474 -0.00839067 -0.0089688 -0.0055 -0.00563556 -0.0102459 -0.00556661 -0.00363318 -0.0122342 -0.0055 -0.00750977 -0.0139207 -0.00555862 -0.00612453 -0.00990448 -0.0055 -0.00452509 -0.0111077 -0.0055 -0.00429658 -0.0128063 -0.0055 -0.00635492 -0.012034 -0.0055 -0.00467519 -0.012621 -0.0055 -0.00545324 -0.00932532 -0.0095 -0.00711602 -0.0108253 -0.0095 -0.00798205 -0.00932532 -0.0095 -0.00538397 -0.0123253 -0.0095 -0.00711602 -0.0108253 -0.0095 -0.00451795 -0.0123253 -0.0095 -0.00538397 -0.0127895 0.0042 -0.00634713 -0.0121834 0.0042 -0.00763522 -0.0107125 0.0042 -0.00821425 -0.00964517 0.0042 -0.00782742 -0.00904308 0.0042 -0.00710871 -0.00896823 0.0042 -0.00570199 -0.00969346 0.0042 -0.00463405 -0.010659 0.0042 -0.0042797 -0.0116002 0.0042 -0.00443373 -0.0125227 0.0042 -0.00525147 -0.0100902 0.00444844 -0.0062733 -0.0108253 -0.007 -0.00451795 -0.00932532 -0.007 -0.00538397 -0.00932532 -0.007 -0.00711602 -0.0108253 -0.007 -0.00798205 -0.0123253 -0.007 -0.00711602 -0.0123253 -0.007 -0.00538397 -0.0111175 -0.00943364 -0.00561048 -0.0077684 -0.00555278 -0.00673532 -0.00994266 -0.00664666 -0.00938453 -0.011623 0.00439424 -0.00646028 -0.0135964 -0.00773344 0.00803454 -0.0111029 -0.0077125 0.00281306 -0.00876192 -0.0075 0.00359319 -0.0108588 -0.00755313 0.00953966 -0.0114418 -0.0055 0.00443495 -0.00974882 -0.0055 0.00460094 -0.0125954 -0.0055 0.00545814 -0.0127825 -0.0055 0.00658233 -0.00895333 -0.0055 0.00584883 -0.011769 -0.00558072 0.00703016 -0.0119696 -0.0055 0.00778485 -0.00941776 -0.0055 0.00801519 -0.00952435 -0.0055 0.00769424 -0.0108414 -0.0055 0.00823234 -0.0108253 -0.0095 0.00451795 -0.0123253 -0.0095 0.00538397 -0.00932532 -0.0095 0.00538397 -0.0123253 -0.0095 0.00711602 -0.00932532 -0.0095 0.00711602 -0.0108253 -0.0095 0.00798205 -0.0126628 0.0042 0.00685146 -0.0126437 0.0042 0.00550774 -0.0116685 0.0042 0.00448672 -0.0102416 0.0042 0.00438964 -0.00899305 0.0042 0.00574002 -0.00915409 0.0042 0.00733673 -0.0101777 0.0042 0.00804702 -0.0115859 0.0042 0.00806189 -0.010663 0.00441943 0.00578648 -0.00932532 -0.007 0.00711602 -0.00932532 -0.007 0.00538397 -0.0108253 -0.007 0.00451795 -0.0123253 -0.007 0.00538397 -0.0123253 -0.007 0.00711602 -0.0108253 -0.007 0.00798205 -0.0100337 -0.00944103 0.00683631 -0.00775211 -0.00773649 0.00703412 -0.0135909 -0.00713425 0.00454688 -0.00273441 -0.00734037 0.0143416 -0.00326311 -0.00652883 0.0120117 -0.00155385 -0.00755313 0.00954808 0.00123298 -0.0075 0.0093274 0.00292725 -0.0075 0.0106909 0.00257366 -0.0077125 0.0147587 -0.00185685 -0.0055 0.0118798 -0.00107304 -0.0055 0.0108454 -0.00184896 -0.0055 0.0131702 0.000286794 -0.0055 0.010574 -0.0011729 -0.0055 0.0140496 0.000498014 -0.0055 0.0143792 0.00131851 -0.0055 0.0110061 0.00180364 -0.0055 0.0117595 0.0010259 -0.00551492 0.0143186 0.00193053 -0.0055 0.0129406 0.00330043 -0.00652588 0.0124236 -0.0015 -0.0095 0.011634 -0.0015 -0.0095 0.013366 1.31673e-16 -0.0095 0.0107679 1.72862e-16 -0.0095 0.014232 0.0015 -0.0095 0.011634 0.0015 -0.0095 0.013366 0.000277728 0.0042 0.0144638 -0.000819594 0.0042 0.0142751 -0.0017901 0.0042 0.0132327 -0.00153186 0.0042 0.0113661 0.000264197 0.0042 0.010596 0.00156164 0.0042 0.011368 0.0018672 0.0042 0.01304 0.00107168 0.0042 0.0141654 0.0015 -0.007 0.011634 1.31673e-16 -0.007 0.0107679 -0.0015 -0.007 0.011634 -0.0015 -0.007 0.013366 1.72862e-16 -0.007 0.014232 0.0015 -0.007 0.013366 0.000106378 -0.00941252 0.0113401 0.000244754 -0.00760853 0.0157951 -4.14953e-05 -0.00557803 0.00973747 -0.000427749 0.00442676 0.0128809 0.0607721 -0.00683125 -0.000894604 0.0663848 -0.0055375 0.00399192 0.0620297 -0.0076875 -0.00310713 0.0637989 -0.00725 -0.00432045 0.0694592 -0.00725 0.000348079 0.0651872 -0.00725 -0.00446031 0.0668971 -0.00725 -0.00404217 0.0691857 -0.00725 -0.00151585 0.0679966 -0.0077125 -0.00295833 0.0648943 -0.009 0.00424358 0.0673548 -0.009 0.00348973 0.0640169 -0.007325 -0.00381099 0.0687317 -0.008175 0.00119312 0.0655335 -0.00735 -0.0039156 0.0689185 -0.007325 -0.000747533 0.068603 -0.00645 0.00219615 0.0629983 -0.00685625 0.00359989 0.0619847 -0.00565 -0.00259661 0.0678814 -0.00565 -0.00270323 0.068797 -0.02435 0.00123157 0.0677009 -0.02355 0.00323121 0.065709 -0.021875 0.00437144 0.0690455 -0.023625 -0.00175617 0.0622684 -0.0227062 0.00330571 0.0660858 -0.02275 -0.00432182 0.0605548 -0.02275 0.000284406 0.0610121 -0.023625 -0.00182609 0.0640709 -0.022675 -0.00383897 0.0621123 -0.0227 -0.00276186 0.0667463 -0.021 0.00348154 0.0688182 -0.021875 0.00167813 0.0693931 -0.021875 -0.000529205 0.0640862 -0.021 0.00383682 0.0641564 -0.0235875 0.00420846 0.0675629 -0.0231625 -0.00347747 0.0620248 -0.021 0.00254419 0.0641037 -0.02275 -0.00435445 0.0622288 -0.02275 -0.00350804 0.0610722 -0.022675 0.000289971 0.0610844 -0.02355 0.00157452 0.0686656 -0.022675 -0.00139928 0.0663988 -0.0227 -0.00374509 0.061327 -0.02265 -0.00133822</float_array>
                    <technique_common>
                        <accessor count="1586" source="#shape0-lib-positions-array" stride="3">
                            <param name="X" type="float"/>
                            <param name="Y" type="float"/>
                            <param name="Z" type="float"/>
                        </accessor>
                    </technique_common>
                </source>
                <source id="shape0-lib-normals" name="normal">
                    <float_array id="shape0-lib-normals-array" count="9402">0 1 0 0 1 0 0 1 0 0 1 0 0 1 0 0 1 0 2.55922e-36 1 1.47914e-31 -8.42673e-38 1 1.47912e-31 -1.30118e-36 1 1.47909e-31 -7.7983e-37 1 1.47911e-31 -1.41096e-37 1 1.47912e-31 7.24015e-37 1 1.47912e-31 3.47214e-37 1 1.47912e-31 3.46773e-37 1 1.47912e-31 2.83887e-37 1 1.47912e-31 2.92488e-37 1 1.47912e-31 -4.79343e-37 -1 -1.47914e-31 1.0105e-36 1 1.47912e-31 3.95222e-37 1 1.47912e-31 1.82876e-36 1 1.47912e-31 -1.20082e-37 1 1.47912e-31 -9.63293e-38 1 1.47912e-31 -3.26633e-37 1 1.47911e-31 -2.39748e-37 1 1.47911e-31 -7.82908e-38 1 1.47912e-31 2.82873e-36 -1 -1.47909e-31 -5.316e-37 1 1.47911e-31 -4.34402e-38 1 1.47911e-31 -4.68811e-38 1 1.47911e-31 -2.04741e-07 1 4.15564e-06 0 1 1.47911e-31 -2.47506e-37 1 1.47912e-31 1.45676e-06 1 -3.47756e-07 -4.98607e-07 1 -5.30434e-06 -4.91665e-38 1 1.47911e-31 5.24635e-38 1 1.47912e-31 3.39456e-37 1 1.47912e-31 2.2226e-38 1 1.4791e-31 1.52452e-38 1 1.47911e-31 1.40821e-38 1 1.47911e-31 5.71068e-37 1 1.47914e-31 1.99885e-38 1 1.47911e-31 -2.29494e-38 1 1.47911e-31 4.37104e-38 1 1.47911e-31 8.18296e-10 1 2.53472e-08 -4.80887e-38 1 1.47911e-31 -3.86479e-37 1 1.4791e-31 -1.18208e-37 1 1.47911e-31 -2.35248e-38 1 1.47911e-31 5.58056e-39 1 1.47911e-31 5.51912e-38 1 1.47911e-31 -3.12317e-38 1 1.47911e-31 8.32552e-38 1 1.47911e-31 5.75951e-38 1 1.47911e-31 0 1 1.47911e-31 2.22851e-37 1 1.47911e-31 -9.31632e-39 1 1.47911e-31 2.55514e-08 1 -1.49779e-08 -1.7794e-38 1 1.47911e-31 -2.58133e-37 1 1.47912e-31 -1.6098e-38 1 1.47912e-31 1.46256e-38 1 1.47909e-31 -5.74505e-38 1 1.47912e-31 1.53239e-38 1 1.47911e-31 -6.51429e-09 1 -2.17367e-09 -1.28952e-37 1 1.47911e-31 3.34742e-37 1 1.47912e-31 -1.67012e-38 1 1.47911e-31 -3.61214e-38 1 1.47911e-31 -9.38195e-39 1 1.47911e-31 1.21676e-37 1 1.47911e-31 3.7389e-38 1 1.47911e-31 -6.43792e-37 1 1.47913e-31 3.39256e-38 1 1.47911e-31 -2.77792e-37 1 1.47911e-31 1.25532e-38 1 1.47911e-31 -1.49447e-38 1 1.47911e-31 -3.01455e-37 1 1.47913e-31 8.12821e-39 1 1.47911e-31 6.18712e-38 1 1.47911e-31 0 1 1.47911e-31 -1.9153e-37 1 1.47911e-31 1.01898e-38 1 1.47911e-31 9.77455e-38 1 1.47912e-31 -1.87638e-36 1 1.47915e-31 -2.768e-37 1 1.47911e-31 -1.45538e-38 1 1.47912e-31 -1.03683e-36 1 1.47912e-31 4.71883e-36 1 1.47903e-31 -1.57469e-36 1 1.47912e-31 -1.55042e-37 1 1.47912e-31 7.67906e-38 1 1.47912e-31 -1.16019e-35 1 1.47937e-31 1.68847e-37 1 1.47912e-31 7.65507e-38 1 1.47912e-31 -3.62659e-39 1 1.47911e-31 -9.88452e-39 1 1.47911e-31 0 1 1.47911e-31 8.23769e-37 1 1.47911e-31 1.68618e-38 1 1.47911e-31 -4.26924e-38 1 1.47911e-31 -3.9337e-38 1 1.47911e-31 0 1 1.47911e-31 7.3796e-38 1 1.47911e-31 -6.56513e-37 1 1.47912e-31 -1.76391e-38 1 1.47911e-31 -1.81263e-38 1 1.47911e-31 0 1 1.47911e-31 -9.47678e-38 1 1.47911e-31 4.52689e-38 1 1.47911e-31 -3.22362e-08 1 4.12484e-08 6.33407e-39 1 1.47911e-31 1.77403e-38 1 1.47911e-31 4.55189e-39 1 1.47911e-31 1.16602e-06 1 1.73908e-06 -8.45196e-40 1 1.47911e-31 1.20811e-37 1 1.47912e-31 1.00476e-38 1 1.47911e-31 4.02562e-38 1 1.47911e-31 1.95262e-08 1 -3.20468e-10 4.64072e-38 1 1.47911e-31 2.02776e-09 1 -1.87565e-08 -2.6833e-08 1 -3.53331e-08 -3.24812e-39 1 1.47911e-31 1.30681e-38 1 1.47911e-31 1.0789e-37 1 1.47911e-31 6.45137e-39 1 1.47911e-31 5.01169e-37 1 1.47911e-31 -4.11395e-37 1 1.47912e-31 -2.80363e-38 1 1.47911e-31 4.18411e-05 1 -9.01014e-06 -4.40342e-38 1 1.47911e-31 -5.14147e-37 1 1.47912e-31 -2.67994e-37 1 1.47911e-31 -8.86865e-38 1 1.47911e-31 -3.09709e-38 1 1.47912e-31 8.55439e-39 1 1.47911e-31 -3.09419e-37 1 1.47912e-31 1.61601e-38 1 1.47911e-31 1.4732e-37 1 1.47911e-31 0 1 1.47912e-31 1.16475e-37 1 1.47911e-31 -3.65931e-37 1 1.47912e-31 1.14532e-37 1 1.47911e-31 -6.59255e-38 1 1.47912e-31 -3.19639e-37 1 1.47912e-31 2.38683e-38 1 1.47911e-31 1.55782e-07 1 -2.75647e-07 -4.50221e-06 1 7.9664e-06 -2.83415e-39 1 1.47911e-31 -1.10762e-05 1 -2.17595e-05 -1.26065e-06 1 -1.13258e-07 5.64899e-39 1 1.47911e-31 1.44701e-37 1 1.47911e-31 2.83124e-38 1 1.47911e-31 -7.45333e-38 1 1.47911e-31 6.82402e-39 1 1.47911e-31 1.63199e-38 1 1.47911e-31 1.91566e-38 1 1.47911e-31 5.33963e-39 1 1.47911e-31 -1.82872e-37 1 1.47912e-31 9.50584e-38 1 1.47912e-31 1.25004e-38 1 1.47911e-31 2.20673e-07 1 6.4912e-07 5.31864e-38 1 1.47911e-31 1.31677e-38 1 1.47911e-31 2.55226e-37 1 1.47911e-31 -0.000658934 0.999999 0.00128236 5.89449e-38 1 1.47911e-31 0.000360448 1 0.000532701 -1.31747e-37 1 1.47912e-31 -2.13119e-07 1 2.94217e-07 -9.37604e-38 1 1.47912e-31 1.17333e-05 1 1.07155e-05 0.000835934 1 -0.000122391 6.12596e-39 1 1.47911e-31 -0.000316852 0.999999 -0.0015357 -3.83933e-38 1 1.47911e-31 -2.70678e-37 1 1.47912e-31 -3.58347e-39 1 1.47911e-31 -4.56544e-37 1 1.47912e-31 1.53696e-38 1 1.47911e-31 4.48048e-37 1 1.47912e-31 1.50471e-06 1 -5.81225e-06 -2.84922e-07 1 1.25602e-07 1.03321e-07 1 -7.28559e-07 2.25784e-38 1 1.47911e-31 -2.98321e-06 1 -6.07745e-06 -5.71619e-38 1 1.47911e-31 -1.42486e-05 1 -9.3848e-07 -1.42278e-38 1 1.47911e-31 3.19523e-39 1 1.47911e-31 -4.31065e-37 1 1.47911e-31 -1.03646e-37 1 1.47911e-31 0 1 1.47911e-31 -2.26182e-37 1 1.47911e-31 4.16575e-38 1 1.47911e-31 1.63925e-38 1 1.47911e-31 1.99091e-38 1 1.47911e-31 -7.11867e-39 1 1.47911e-31 3.2959e-37 1 1.47911e-31 -6.86644e-37 1 1.47913e-31 1.23864e-38 1 1.47911e-31 0 1 1.47911e-31 8.71349e-05 1 2.3938e-05 -1.95649e-38 1 1.47911e-31 -9.40128e-39 1 1.47911e-31 3.6637e-39 1 1.47911e-31 -2.20206e-39 1 1.47911e-31 2.43591e-38 1 1.47911e-31 2.4705e-37 1 1.47911e-31 8.07934e-39 1 1.47911e-31 7.26914e-39 1 1.47911e-31 4.3733e-38 1 1.47911e-31 1.49502e-37 1 1.47911e-31 -3.22883e-38 1 1.47911e-31 1.8079e-37 1 1.47909e-31 5.28837e-38 1 1.47911e-31 4.73169e-39 1 1.47911e-31 -4.30468e-39 1 1.47911e-31 -4.8295e-05 1 0.000116738 -6.73171e-38 1 1.47912e-31 -1.49427e-37 1 1.47912e-31 -9.78304e-39 1 1.47911e-31 3.61993e-37 1 1.47912e-31 -1.32956e-05 1 -2.52731e-05 5.47943e-37 1 1.47909e-31 1.68335e-37 1 1.47911e-31 3.80927e-38 1 1.47911e-31 -4.81609e-37 1 1.47913e-31 2.49772e-37 1 1.47911e-31 2.2457e-39 1 1.47911e-31 6.83296e-37 1 1.47909e-31 -2.94559e-37 1 1.47912e-31 4.23672e-39 1 1.47911e-31 -4.64952e-38 1 1.47911e-31 1.68528e-37 1 1.47911e-31 3.28206e-37 1 1.47911e-31 -9.61007e-38 1 1.47905e-31 -1.21766e-38 1 1.47912e-31 1.51545e-38 1 1.47911e-31 8.78517e-38 1 1.47911e-31 -6.81197e-39 1 1.47911e-31 -7.99414e-38 1 1.47911e-31 1.70965e-38 1 1.47911e-31 9.82879e-38 1 1.47911e-31 9.46762e-38 1 1.47911e-31 -6.92098e-38 1 1.47911e-31 -3.91785e-37 1 1.47912e-31 8.57305e-38 1 1.47912e-31 3.30133e-38 1 1.47911e-31 4.82888e-38 1 1.47911e-31 -7.88737e-39 1 1.47912e-31 1.36097e-38 1 1.47911e-31 -3.1207e-37 1 1.47911e-31 2.38624e-37 1 1.47911e-31 4.84253e-37 1 1.47911e-31 -6.99685e-38 1 1.47911e-31 -3.42596e-37 1 1.47912e-31 1.5426e-37 1 1.47911e-31 0 1 1.47911e-31 7.38981e-09 1 4.05879e-10 4.49661e-38 1 1.47911e-31 5.37395e-39 1 1.47911e-31 0 1 1.47911e-31 -5.84002e-39 1 1.4791e-31 -2.42655e-37 1 1.47912e-31 1.25606e-37 1 1.47912e-31 -5.69257e-38 1 1.47911e-31 -1.11415e-37 1 1.47912e-31 1.40768e-08 1 -5.67272e-08 5.96466e-37 1 1.47912e-31 2.12498e-06 1 6.83245e-06 1.80008e-06 1 8.8737e-07 1.3684e-06 1 -4.86187e-07 -3.27414e-06 1 -7.78828e-06 -2.54562e-38 1 1.47912e-31 5.85324e-36 1 1.4793e-31 1.12336e-10 1 -1.10997e-09 -4.69458e-08 1 4.63861e-07 -3.83239e-37 1 1.47911e-31 -5.24218e-06 1 -3.03637e-07 9.59259e-10 1 2.00756e-10 1.76349e-10 1 -1.48203e-10 0.000130195 1 -8.63023e-05 2.38829e-39 1 1.47911e-31 -4.9488e-38 1 1.47911e-31 -4.86728e-38 1 1.47912e-31 1.05887e-10 1 -2.64856e-09 -1.37664e-10 1 7.7486e-10 4.00844e-05 1 0.000155751 -0.000277855 1 -0.000106595 0 1 1.47911e-31 -1.45449e-39 1 1.47911e-31 -4.12292e-38 1 1.47911e-31 -7.18585e-11 1 -2.11174e-10 9.93666e-38 1 1.47911e-31 -2.36111e-10 1 1.08916e-09 1.97422e-38 1 1.47912e-31 1.65651e-37 1 1.47912e-31 -3.48358e-37 1 1.4791e-31 0 1 1.47911e-31 2.65137e-38 1 1.47912e-31 -3.81487e-38 1 1.47911e-31 -1.4969e-38 1 1.47911e-31 1.00002e-36 1 1.47914e-31 8.91553e-39 1 1.47911e-31 4.16746e-38 1 1.47912e-31 8.68561e-39 1 1.47911e-31 4.72915e-38 1 1.47912e-31 1.40533e-38 1 1.47911e-31 7.46276e-39 1 1.47912e-31 -1.36734e-38 1 1.47912e-31 -3.09356e-37 1 1.47912e-31 -8.80788e-39 1 1.47911e-31 2.65445e-38 1 1.47911e-31 -2.2935e-38 1 1.47911e-31 -1.21016e-38 1 1.47911e-31 4.99144e-37 1 1.47914e-31 -1.76904e-37 1 1.47911e-31 -3.03065e-35 1 1.47771e-31 1.82562e-37 1 1.47912e-31 -9.07532e-38 1 1.47912e-31 8.88334e-12 1 -2.38809e-11 1.67252e-36 1 1.47907e-31 -5.64826e-38 1 1.47911e-31 5.18503e-11 1 -6.28607e-11 5.3442e-11 1 1.45901e-10 0.990758 0.0599363 -0.121683 0.915034 0.00599573 -0.403332 0.378491 0.00510288 -0.925591 0.480471 -0.0317548 -0.876436 -0.435557 0.00658805 -0.900137 -0.548967 -0.0289702 -0.835342 -0.993097 0.0537401 -0.104262 -0.99708 -0.000490249 0.0763681 -0.517611 0.00864639 0.855573 -0.508872 0.0122981 0.860754 0.431534 -0.001839 0.902095 0.571383 0.0415496 0.819631 0.935202 -0.0267508 0.353103 0.767489 0.0234613 -0.640633 0.586179 -0.0391184 -0.809237 -0.158793 0.0373422 -0.986605 -0.366662 -0.0107131 -0.930292 -0.941179 0.0408975 -0.335425 -0.98068 -0.0139037 -0.195124 -0.658999 0.00966683 0.752082 -0.586461 -0.0194116 0.809745 0.356467 0.0308202 0.9338 0.227435 -0.0122355 0.973716 0.953939 0.00296937 0.299985 0.984245 -0.0430139 0.1715 0.744684 -0.00605422 -0.66739 0.443346 -0.0980996 -0.890966 -0.138587 0.0266482 -0.989992 -0.629334 -0.0459531 -0.775775 -0.835591 0.0256313 -0.548755 -0.997327 -0.0217062 0.0697642 -0.979636 -0.000799057 0.20078 -0.610572 -0.00647951 0.791935 -0.683502 0.0231084 0.729583 0.161377 -0.00740106 0.986865 0.2419 0.018909 0.970117 0.986425 -0.035 0.16044 0.977938 -0.0154028 0.208328 0.975317 -0.00799646 -0.220664 0.71148 0.0345745 -0.701855 0.632947 0.00988346 -0.774132 0.0146078 0.00754672 -0.999865 -0.172114 0.0589024 -0.983315 -0.780839 -0.0326074 -0.62388 -0.955868 0.0338345 -0.291842 -0.9052 -0.0712554 0.41897 -0.727068 0.0285537 0.685971 0.0805776 -0.0296707 0.996307 0.26553 0.0263998 0.963741 0.861877 -0.0248927 0.506507 0.969712 0.0440617 0.240242 0.703665 -0.00910218 -0.710474 0.606334 0.0390417 -0.794251 -0.368281 -0.0161342 -0.929575 -0.654771 0.0890668 -0.750562 -0.973723 -0.00790093 -0.227597 -0.956583 0.0529028 0.286617 -0.826134 -0.0140481 0.563298 -0.107453 0.0238307 0.993925 -0.112573 0.0220212 0.993399 0.860136 -0.0175942 0.509761 0.897573 0.0151984 0.440604 0.811713 0.0630704 -0.580641 0.449952 -0.044154 -0.891961 -0.394288 0.0781043 -0.915662 -0.600938 0.00650031 -0.799269 -0.999591 0.0285632 -0.00169553 -0.957602 0.119812 0.261998 -0.506011 -0.0225259 0.862233 0.0836018 0.049424 0.995273 0.440183 -0.0456037 0.896749 0.91273 0.024309 0.40784 0.998006 -0.0578549 0.0252345 0.190499 0.000158341 -0.981687 0.124644 -0.000460835 -0.992201 0.109112 0.00101961 -0.994029 0.0515728 -0.000290402 -0.998669 -0.0187532 -0.000805081 -0.999824 0.0269685 0.000991849 -0.999636 -0.0553608 0.000702131 -0.998466 -0.0969296 -0.00156256 -0.99529 -0.120979 0.000345221 -0.992655 -0.20223 -0.00166362 -0.979337 -0.194555 -0.000664218 -0.980891 -0.292074 -0.000805873 -0.956396 -0.282111 0.000621424 -0.959382 -0.36957 0.000676994 -0.929203 -0.360083 -0.000870477 -0.93292 -0.44616 0.000344535 -0.894953 -0.444327 0.00064995 -0.895865 -0.519541 0.00111087 -0.854445 -0.531204 0.00425506 -0.847233 -0.609554 -0.00295253 -0.792739 -0.629817 0.00161595 -0.776742 -0.681507 -0.00250347 -0.731807 -0.719157 0.00644878 -0.694818 -0.754915 -0.00240689 -0.655818 -0.794032 0.00289897 -0.607869 -0.819508 -0.00538461 -0.573042 -0.858278 -0.00385065 -0.513171 -0.847233 -0.00162581 -0.53122 -0.888061 0.00129056 -0.459724 -0.899389 -0.00126614 -0.437147 -0.922866 0.00349031 -0.385105 -0.940726 -0.00458224 -0.339137 -0.956367 0.000957906 -0.292167 -0.968263 -0.00486222 -0.249886 -0.980524 0.00298115 -0.196377 -0.992996 -0.0052768 -0.118027 -0.997075 0.00453805 -0.0762958 -0.999987 -0.00309141 -0.00393574 -0.999253 0.00416673 0.0384307 -0.99416 -0.00324719 0.107867 -0.989031 -0.00109548 0.147703 -0.989238 -0.000833479 0.146315 -0.973527 0.000470127 0.22857 -0.968132 -0.00334845 0.25042 -0.951425 0.00122103 0.307877 -0.944358 -0.00119568 0.328918 -0.914228 -0.00209294 0.405195 -0.929087 0.00210992 0.369856 -0.895515 0.00120497 0.445029 -0.872657 -0.00419485 0.488316 -0.850135 0.0031891 0.526555 -0.811227 -0.00460133 0.584713 -0.784209 0.00556297 0.620472 -0.719482 -0.00551973 0.69449 -0.687238 0.00471114 0.726417 -0.635535 -0.00314937 0.772066 -0.599495 0.00430504 0.800367 -0.538274 -0.00426658 0.842759 -0.498695 0.00321456 0.866772 -0.452826 -0.00284184 0.891594 -0.410727 0.00465308 0.911746 -0.357902 -0.00205923 0.933757 -0.313558 0.00110777 0.949569 -0.258631 -0.00565362 0.96596 -0.212484 0.00480285 0.977153 -0.146712 -0.00316926 0.989174 -0.0991453 0.00437548 0.995063 -0.0378518 -0.00302008 0.999279 0.0105006 0.00305564 0.99994 0.0714558 -0.00434642 0.997434 0.109112 0.00152813 0.994028 0.169158 0 0.985589 0.190516 -0.00600692 0.981666 0.230712 0.000273319 0.973022 0.23077 -4.95316e-06 0.973008 0.230767 -2.81846e-06 0.973009 0.230763 -1.99247e-06 0.97301 0.230769 0 0.973009 0.230784 -4.72198e-05 0.973005 0.23077 -5.16309e-07 0.973008 0.230769 -8.1966e-07 0.973008 0.230769 1.26299e-06 0.973009 0.230769 1.25014e-06 0.973009 0.230769 0 0.973009 0.230769 -8.53848e-07 0.973009 0.230769 6.5881e-07 0.973009 0.23077 3.93029e-06 0.973008 0.230769 -6.015e-06 0.973009 0.230769 3.6479e-07 0.973009 0.302374 0 0.953189 0.291866 0.00302513 0.956454 0.488891 -0.00287182 0.87234 0.474784 -0.0121919 0.880018 0.688353 -0.0104065 0.725301 0.725756 -0.0426164 0.686631 0.840598 0.010487 0.541559 0.925016 -0.0361203 0.378207 0.960656 0.0136737 0.277404 0.994374 -0.00915193 0.105527 0.999033 0.0193893 0.0394652 0.977044 -0.0221907 -0.211881 0.968316 0.000894086 -0.249728 0.876594 -0.00591614 -0.481194 0.856634 0.0172119 -0.515637 0.725866 -0.010977 -0.687749 0.707865 -0.00157427 -0.706346 0.503302 -0.00510156 -0.864095 0.510678 0.000417985 -0.859772 0.334562 0.00640361 -0.942352 0.350394 0 -0.936602 0.230768 -3.96201e-07 -0.973009 0.230768 -3.47773e-07 -0.973009 0.230769 0 -0.973009 0.23077 7.61553e-07 -0.973008 0.230769 1.53547e-07 -0.973009 0.230769 2.40801e-06 -0.973009 0.23077 2.80978e-05 -0.973008 0.230769 0 -0.973009 0.230769 2.04518e-07 -0.973009 0 -1 0 0 -1 0 0.476655 0.0646339 0.876711 -4.98756e-05 -1 -5.38606e-05 0.354507 -0.0855543 0.931131 0.520767 0.0387438 0.852819 0.675629 -0.155571 0.720641 0.80008 0.0728029 0.595459 0.906961 -0.124948 0.402255 0.979778 0.173408 0.0998215 0.999957 -0.00362032 0.00856383 0.907614 0.0684829 -0.414181 0.919852 0.0117324 -0.39209 0.695936 -0.0971415 -0.711503 0.632283 0.0324639 -0.774057 0.469063 -0.055691 -0.881407 -0.768434 -0.630768 0.107889 -0.0170007 -0.829696 0.557957 0.695833 -0.675398 0.244241 0.0684313 -0.721257 -0.689279 1 8.97466e-06 2.18245e-05 1 -9.311e-05 -0.000285749 0.636311 3.3258e-07 -0.771432 0.636311 0 -0.771432 0 -1 0 0 -1 0 0 -1 0 0 -1 0 0 -1 0 0 -1 0 0 -1 0 0 -1 0 0 -1 0 0 -1 0 0 -1 0 0 -1 0 0 -1 0 0 -1 0 0 -1 0 0 -1 0 0 -1 0 0 -1 0 0 -1 0 0 -1 0 0 -1 0 0 -1 0 0 -1 0 0 -1 0 0 -1 0 0 -1 0 0 1 0 -5.5967e-08 1 1.21005e-07 0 1 0 -6.2943e-07 -1 -2.47132e-07 0 1 0 -3.61486e-07 1 1.00691e-07 0 1 0 0 1 0 0 1 0 -1.05453e-07 1 1.74345e-07 0 1 0 0 1 0 0 1 0 1.81618e-08 1 3.07379e-07 6.58696e-08 1 2.77804e-07 -1.39782e-06 1 5.72211e-07 0 1 0 0 1 0 0 1 0 0.0338461 0.999164 -0.022913 0.320698 0.947181 -0.000879581 0.591279 0.806448 -0.00551895 0.620117 0.784509 -0.00105494 0.912467 0.409106 -0.00607764 0.886855 0.462047 0.000420782 0.999474 0.0318297 0.00626726 -0.999397 0.0182351 0.0295441 0.101382 -0.994848 0 0.0265304 -0.999643 -0.00306714 0.183368 -0.983044 0.000992093 0.253805 -0.967254 -0.0014988 0.347635 -0.937626 0.00293697 0.550315 -0.834948 -0.00384895 0.639093 -0.769127 0.00170919 0.782317 -0.622858 -0.00527483 0.844804 -0.535059 0.00423455 0.971685 -0.236281 0.000377494 0.957562 -0.288212 -0.00309214 0.999991 -0.00412455 -0.000285997 0.44994 0.707107 -0.545485 0.449941 0.707106 -0.545486 0.449941 0.707106 -0.545485 0.44994 0.707107 -0.545485 0.0157948 -0.999723 -0.0174376 0.449937 0.707112 -0.545481 0.449939 -0.707108 -0.545484 0.44994 -0.707107 -0.545485 0.449944 -0.707101 -0.54549 0.44994 -0.707107 -0.545485 0.44994 -0.707108 -0.545484 0.44994 -0.707107 -0.545485 -0.44994 0.707107 0.545485 0.44994 -0.707107 -0.545485 0.449939 -0.707108 -0.545484 0 -1 0 0 -1 0 0 -1 0 0 -1 0 0 -1 0 0 -1 0 0 -1 0 0 -1 0 0 -1 0 0 -1 0 0 -1 0 -0.00618061 -0.999979 0.00212962 -0.00826195 -0.999966 0.000474066 0 -1 0 0 -1 0 0 -1 0 -0.00588718 -0.999974 0.00423538 0 -1 0 -0.00435269 -0.999924 0.011516 0 -1 0 -0.00474322 -0.999978 0.00474531 0 -1 0 0 -1 0 0 -1 0 0 -1 0 0 -1 0 0 -1 0 0 -1 0 0 -1 0 0 -1 0 0 -1 0 0 -1 0 0 -1 0 0 -1 0 0 -1 0 0 -1 0 0 -1 0 0 -1 0 0 -1 0 0 -1 0 0 -1 0 0 -1 0 0 -1 0 0 -1 0 0 -1 0 0 -1 0 0 1 0 0 -1 0 0 -1 0 0 -1 0 -0.00656496 -0.99994 0.00880337 -0.449939 -0.707109 0.545483 -0.449967 -0.707058 0.545527 -0.44994 -0.707107 0.545484 -0.449925 -0.707139 0.545456 -0.449949 -0.707091 0.545498 -0.44994 -0.707107 0.545485 -0.44994 -0.707107 0.545485 -0.44994 -0.707107 0.545485 -0.44994 -0.707108 0.545484 -0.449941 -0.707105 0.545486 -0.44994 -0.707108 0.545484 -0.44994 -0.707107 0.545484 -0.449939 -0.707108 0.545484 -0.449944 -0.707102 0.545488 -0.44994 -0.707107 0.545485 -0.44994 -0.707107 0.545485 -0.44994 -0.707107 0.545485 -0.44994 -0.707106 0.545486 -0.44994 -0.707108 0.545484 -0.44994 -0.707107 0.545485 -0.449943 -0.707102 0.545489 -0.449941 -0.707106 0.545485 -0.44994 -0.707109 0.545483 -0.449938 -0.707107 0.545486 -0.44994 -0.707107 0.545485 -0.44994 -0.707107 0.545485 -0.44994 -0.707108 0.545484 -0.44994 -0.707108 0.545484 -0.449941 -0.707106 0.545486 -0.449939 -0.707108 0.545485 -0.449941 -0.707106 0.545486 -0.449942 -0.707107 0.545484 -0.44994 -0.707107 0.545485 -0.449715 -0.707536 0.545115 -0.44984 -0.707186 0.545465 -0.449941 -0.707107 0.545484 -0.449502 -0.707123 0.545825 -0.449495 -0.707015 0.545971 -0.449467 -0.707135 0.545838 -0.449432 -0.707207 0.545774 -0.444423 -0.714681 0.540111 -0.449698 -0.707466 0.545218 -0.449942 -0.707104 0.545487 -0.449957 -0.707083 0.545503 -0.44993 -0.707121 0.545474 -0.449793 -0.707285 0.545376 -0.0204004 -0.999481 0.0249259 -0.00377333 -0.999982 0.00476101 -0.0235222 -0.999338 0.0277487 0.0178835 0.998111 0.0587677 -0.00120412 -0.999993 0.00368123 -0.0327254 -0.998622 0.0410281 -0.0357225 -0.998425 0.0432503 -0.0938264 -0.989399 0.110841 -0.103342 -0.986798 0.124704 -0.0596361 -0.995629 0.071878 -0.04842 -0.997118 0.0583987 -0.0565687 -0.996059 0.0683143 -0.0731115 -0.99338 0.0886007 -0.091855 -0.98951 0.111498 -0.0667775 -0.994296 0.0831616 -0.0749694 -0.992917 0.0921725 -0.0897999 -0.989988 0.108906 -0.119458 -0.982175 0.145128 -0.179999 -0.959266 0.217734 -0.194716 -0.953062 0.231857 -0.176706 -0.960699 0.214083 -0.220703 -0.937884 0.267701 -0.252835 -0.917428 0.307247 -0.287899 -0.892893 0.346202 -0.30538 -0.877614 0.369507 -0.27252 -0.903572 0.33059 -0.327352 -0.857627 0.396632 -0.305008 -0.877525 0.370027 -0.33721 -0.848197 0.408474 -0.349173 -0.836269 0.422767 -0.312019 -0.871228 0.378953 -0.32584 -0.858835 0.395262 -0.352703 -0.832423 0.427403 -0.349363 -0.835771 0.423596 -0.361113 -0.822642 0.439155 -0.371327 -0.812042 0.450226 -0.385829 -0.79523 0.467702 -0.386091 -0.797406 0.463764 -0.331732 -0.85481 0.399066 -0.385145 -0.796063 0.466848 -0.409816 -0.764894 0.49698 -0.415953 -0.756833 0.504169 -0.417349 -0.755355 0.505232 -0.431016 -0.729998 0.530404 -0.439503 -0.723174 0.532783 -0.433316 -0.73221 0.525458 -0.0181154 -0.999595 0.0219622 -0.0614585 -0.995307 0.0747413 -0.0204105 -0.999487 0.0246788 -0.0613708 -0.99532 0.0746386 -0.118305 -0.982493 0.143914 -0.102462 -0.98695 0.124219 -0.177688 -0.960128 0.215828 -0.143427 -0.974279 0.173806 -0.18399 -0.957247 0.223219 -0.226241 -0.934619 0.274414 -0.223889 -0.936041 0.271479 -0.2733 -0.902978 0.331568 -0.262865 -0.910718 0.318582 -0.309652 -0.873511 0.375626 -0.300616 -0.881384 0.364408 -0.344688 -0.840539 0.417953 -0.335183 -0.85008 0.406221 -0.37801 -0.804408 0.458298 -0.374124 -0.808977 0.453418 -0.408842 -0.766311 0.495596 -0.439226 -0.723554 0.532495 -0.399348 0.0258232 -0.916435 -0.983073 0.00309051 -0.183191 -0.997038 0.0258396 -0.072434 -0.640725 -0.0161645 0.767601 0.474794 -0.0549107 0.878382 -0.162001 0.0680767 0.98444 0 1 0 0 1 0 0.393102 0.0138981 -0.91939 0.000959478 0.155737 -0.987798 0.982529 0.060228 0.176092 0.976317 -0.0470252 -0.21117 0.949974 -0.00300229 -0.312314 0.874965 0.0113503 -0.484053 0.693356 -0.00515572 -0.720577 0.216846 0.0300219 -0.975744 -0.563899 0.0202601 -0.825595 -0.98642 -0.0128166 -0.163741 -0.984292 0.0338792 0.17327 -0.581668 -0.0304131 0.812858 -0.443923 -0.00358448 0.896058 0.513804 -0.0181588 0.857715 0.464773 -0.00709918 0.885402 0.991124 0.0166404 0.131894 0.974639 0.00371167 0.223753 0 1 0 0 1 0 -0.179986 0.310183 -0.933484 0 1 0 0 1 0 0.974124 -0.00600339 0.225933 0.833918 -0.000514246 -0.551888 0.70926 -0.0228138 -0.704578 0.299278 0.0229788 -0.953889 -0.0971549 -0.00675748 -0.995246 -0.519396 0.0228993 -0.854227 -0.658009 0.00222971 -0.753007 -0.965561 0.0109778 -0.259945 -0.999003 -0.0175551 -0.0410409 -0.943706 0.00534672 0.330742 -0.772685 0.000195307 0.63479 -0.739027 0.00514584 0.673657 -0.394357 -0.00319626 0.918952 -0.356187 0.00075698 0.934415 0.268556 0.0153701 0.963141 0.52688 -0.0225693 0.84964 0.91185 0.037884 0.408772 0 1 0 0 1 0 0 1 0 0 1 0 0 1 0 0 1 0 0 1 0 -0.379087 -0.922661 -0.0706411 0.551827 -0.796578 0.24688 -0.0290834 0.0143364 0.999474 0.813548 -0.555932 -0.17053 0.12106 -0.1296 -0.984149 0.612666 -0.655304 -0.441834 -0.0586354 -0.997177 0.0469125 -0.537187 -0.788889 0.29847 0.173824 -0.910563 0.375046 0.16444 -0.984904 -0.0540616 0.17553 -0.982533 -0.061798 0.336841 -0.934063 -0.11859 -0.252269 -0.0500584 -0.966362 -0.0759931 -0.953668 -0.291106 -0.361018 -0.932441 -0.0148313 -0.208178 -0.937073 0.280279 -0.157996 -0.964256 0.212717 0.827365 -0.555693 0.0816854 0.124683 -0.550926 0.825188 0.274635 -0.930842 -0.241058 -0.0894746 -0.973512 -0.2104 -0.218379 -0.829824 -0.513519 0 -1 0 0 -1 0 0 -1 0 0 -1 0 0 -1 0 0 -1 0 0 -1 0 0 -1 0 0 -1 0 0 -1 0 0 -1 0 0 -1 0 0 -1 0 0 -1 0 0 -1 0 0 -1 0 0 -1 0 -0.992296 -0.0188089 0.12245 -0.992547 0.00831912 -0.121577 -0.923264 -0.00572309 -0.384122 -0.88164 0.00198753 -0.471919 -0.714124 -0.00927811 -0.699958 -0.748652 -0.00243139 -0.662959 -0.392737 0.00274153 -0.919647 -0.348896 -0.00400906 -0.937153 -0.00184182 0.00830492 -0.999964 0.106314 -0.0100453 -0.994282 0.514607 0.00662614 -0.857401 0.616208 -0.00811301 -0.787541 0.826949 0.0117223 -0.562155 0.930887 -0.018695 -0.364828 0.999886 0.00835197 0.0126186 0.965598 -0.0261345 0.258721 0.862091 0.0107983 0.506639 0.526315 -0.0238749 0.849954 0.441998 -0.00292079 0.897011 -0.0944666 -0.0137906 0.995433 0.00426521 -0.0013912 0.99999 -0.418046 0.00741347 0.908396 -0.489992 -0.0012814 0.871726 -0.741607 0.0064185 0.670804 -0.837562 -0.0139939 0.546163 -0.952873 0.000323485 0.303368 0 -1 0 0 -1 0 0 -1 0 0 -1 0 0 -1 0 0 -1 0 0 -1 0 0 -1 0 0 -1 0 0 -1 0 0 -1 0 0 -1 0 0 -1 0 0 -1 0 0 -1 0 0 -1 0 0 -1 0 0 -1 0 -0.997975 -0.00659994 -0.0632637 -0.961464 0.0174566 -0.274378 -0.868629 -0.00489724 -0.495439 -0.700588 0.019331 -0.713305 -0.598197 0.000297453 -0.801349 -0.214333 0.00128694 -0.97676 -0.154337 0.00994812 -0.987968 0.250548 -0.0132337 -0.968014 0.353551 0.00561426 -0.935398 0.750812 -0.00960741 -0.660446 0.811732 0.00766519 -0.58398 0.981921 -0.000763471 -0.18929 0.998095 0.0229381 -0.0572701 0.956037 -0.00495235 0.293205 0.766267 -0.00518051 0.642502 0.859311 0.0130803 0.511286 0.570701 0.00101696 0.821157 0.351071 -0.0220796 0.936089 0.120718 0.0120728 0.992613 -0.166026 -0.0077289 0.986091 -0.329739 0.0131925 0.94398 -0.673518 -0.013584 0.739046 -0.779126 0.00680047 0.62683 -0.928981 -0.00649064 0.370072 -0.963841 0.00663513 0.266397 0 -1 0 0 -1 0 0 -1 0 0 -1 0 0 -1 0 0 -1 0 0 -1 0 0 -1 0 0 -1 0 0 -1 0 0 -1 0 0 -1 0 0 -1 0 0 -1 0 0 -1 0 0 -1 0 0 -1 0 0 -1 0 0 -1 0 0 -1 0 -0.967624 0.00157479 -0.252389 -0.928148 -0.00941812 -0.372091 -0.825949 0.00400444 -0.563731 -0.704517 -0.00538401 -0.709667 -0.590528 0.00722494 -0.806985 -0.288488 -0.0158524 -0.957352 -0.185905 0.00110934 -0.982567 0.231838 -0.00736812 -0.972726 0.226493 -0.00647961 -0.973991 0.66802 0.00546219 -0.744123 0.661556 0.00703185 -0.749863 0.912564 0.000471014 -0.408935 0.925486 0.00510927 -0.378747 0.999844 -0.00450662 0.0171036 0.996843 0.00419949 0.0792858 0.911334 -0.00337716 0.411655 0.897272 0.000362425 0.441478 0.679657 -0.00365009 0.733521 0.683861 -0.00274213 0.729607 0.396281 0.00153243 0.918128 0.30434 -0.00864496 0.952524 0.0498889 0.00365195 0.998748 -0.152486 -0.0121057 0.988231 -0.274913 0.00160616 0.961468 -0.549533 -0.00920678 0.835421 -0.552384 -0.00957191 0.833535 -0.684181 -0.000658859 0.729312 -0.843338 -0.0022103 0.537378 -0.867161 -0.00731719 0.497973 -0.947886 0.00248616 0.3186 -0.998512 -0.0137023 0.0527776 -0.999969 -0.00705728 0.00348272 -0.987002 0.00239156 -0.160693 -0.956236 -0.00272441 -0.292585 -0.87801 0.00310649 -0.478632 -0.796854 -0.00700193 -0.604132 -0.61986 0.00485926 -0.784697 -0.431233 -0.00772909 -0.902208 -0.356064 -0.00200933 -0.934459 -0.117877 -0.00305855 -0.993024 0.0543202 -0.0108332 -0.998465 0.038316 -0.0126367 -0.999186 0.249673 -0.00182432 -0.968328 0.468172 -0.00205782 -0.883635 0.427533 0.00235313 -0.903997 0.709427 -0.000632191 -0.704778 0.69333 -0.00288237 -0.720614 0.87259 -0.000578543 -0.488454 0.894015 -0.00387415 -0.448021 0.976809 0.00449814 -0.214064 0.993749 -0.00227064 -0.11161 0.997693 0.00255446 0.0678404 0.981153 -0.00447825 0.193179 0.938816 0.00100404 0.344418 0.892943 -0.00146099 0.450168 0.828055 0.00338381 0.560637 0.755847 -0.00106621 0.654747 0.57491 0.00372591 0.818208 0.502305 -0.00247525 0.864687 0.254687 0.00190126 0.967022 0.137189 -0.00450689 0.990535 -0.0221606 0.000881137 0.999754 -0.328285 -0.00420247 0.944569 -0.245893 0.00224899 0.969294 -0.519514 -0.000591427 0.854462 -0.568407 0.00196454 0.822745 -0.757803 -0.00258746 0.652479 -0.788285 -0.000358972 0.61531 -0.917939 0.000292615 0.396721 -0.921622 -0.000349389 0.388089 -0.98756 0.00020257 0.157243 -0.994274 0.00174527 0.10685 -0.999508 -0.000670633 -0.0313444 0 -1 0 0 -1 0 0 -1 0 0 -1 0 0 -1 0 0 -1 0 0 -1 0 0 -1 0 0 -1 0 0 -1 0 0 -1 0 0 -1 0 0 -1 0 0 -1 0 0 -1 0 0 -1 0 0 -1 0 0 -1 0 0 -1 0 0 -1 0 0 -1 0 0 -1 0 0 -1 0 0 -1 0 0 -1 0 0 -1 0 -0.995503 0.00207003 -0.0947111 -0.980045 -0.000914033 -0.198775 -0.877701 -0.00101124 -0.479207 -0.913315 0.00329184 -0.407241 -0.693818 0.00227004 -0.720147 -0.65875 -0.00206323 -0.752359 -0.338549 -0.000275875 -0.940949 -0.368864 0.00194362 -0.929481 -0.0482635 0.00125575 -0.998834 -0.0443438 0.00156232 -0.999015 0.223147 -9.37737e-05 -0.974785 0.214685 -0.00059265 -0.976683 0.388829 -0.000222747 -0.92131 0.403709 -0.000672136 -0.914887 0.469031 0.000269904 -0.883182 0.56861 -0.00105409 -0.822607 0.560247 -0.00147387 -0.828324 0.723465 0.00207403 -0.690358 0.730863 0.00139661 -0.682523 0.892808 0.00213938 -0.450432 0.88353 0.000258639 -0.468375 0.986519 0.00133476 -0.163639 0.990211 -0.000451523 -0.139578 0.984692 -0.0018418 0.174295 0.983897 -0.00141256 0.178733 0.84005 -0.000100843 0.542508 0.824005 -0.00237987 0.566578 0.633613 0.00119349 0.773649 0.579661 -0.0019275 0.814855 0.397729 0.00104551 0.917502 0.363553 -2.43351e-05 0.931573 0.174351 0.00040553 0.984683 0.186891 -0.00015625 0.982381 -0.0493176 0.00011412 0.998783 -0.0629004 -0.000422119 0.99802 -0.271501 -0.000526859 0.962438 -0.252211 0.000244891 0.967672 -0.52545 -0.00135357 0.850823 -0.473486 0.000488616 0.880801 -0.627675 0.000602628 0.778475 -0.700255 -0.00142753 0.713891 -0.752187 -5.33056e-06 0.65895 -0.854638 -0.00103235 0.519224 -0.844059 -0.000406909 0.53625 -0.952975 -0.00191432 0.303043 -0.925166 0.000718838 0.379562 -0.990804 0.000950964 0.135302 -0.999047 -0.00118877 0.0436363 0 -1 0 0 -1 0 0 -1 0 0 -1 0 0 -1 0 0 -1 0 0 -1 0 0 -1 0 0 -1 0 0 -1 0 0 -1 0 0 -1 0 0 -1 0 0 -1 0 0 -1 0 0 -1 0 0 -1 0 0 -1 0 0 -1 0 0 -1 0 0 -1 0 0 -1 0 0 -1 0 0 -1 0 0 -1 0 0 -1 0 0 -1 0 0 -1 0 0 -1 0 0 -1 0 0 -1 0 0 -1 0 0 -1 0 0 -1 0 0 -1 0 0 -1 0 0 -1 0 0 -1 0 0 -1 0 0 -1 0 0 -1 0 0 -1 0 0 -1 0 0 -1 0 0 -1 0 0 -1 0 0 -1 0 0 -1 0 0 -1 0 0 -1 0 -0.952891 -4.44139e-05 -0.303313 -0.935893 -0.00945707 -0.352158 -0.749064 -0.000222226 -0.662498 -0.754476 -0.00120439 -0.656327 -0.511163 0.000521297 -0.859484 -0.500326 -0.000474497 -0.865837 -0.198659 -0.0112435 -0.980004 -0.336243 0.0011142 -0.941775 0.0270158 0.00579844 -0.999618 0.251564 -0.00963288 -0.967793 0.378883 0.00749574 -0.925414 0.675625 -0.00679458 -0.737214 0.717668 -0.000197135 -0.696386 0.929656 -0.00543899 -0.368388 0.931214 -0.00613964 -0.364422 0.998871 0.00372778 -0.0473602 0.99589 -0.0102327 0.0899957 0.956837 0.000339107 0.290627 0.904013 -0.00564307 0.427467 0.897355 -0.00435017 0.441288 0.816197 -0.000271774 0.577774 0.714339 -0.00435617 0.699786 0.741198 -0.00122746 0.671286 0.545524 0.000739503 0.838095 0.452805 -0.00672187 0.891584 0.357011 -0.000736625 0.9341 0.0131535 -0.0163482 0.99978 0.0793638 -0.00931928 0.996802 -0.189173 0.0013024 0.981943 -0.508422 -0.0133354 0.861005 -0.434424 -0.00425535 0.900698 -0.669973 -0.00119095 0.742384 -0.817117 -0.00599377 0.576441 -0.812946 -0.00537561 0.582315 -0.933904 0.00230272 0.357515 -0.989832 -0.0124562 0.141696 -0.999794 3.46522e-05 0.0203141 -0.652693 -0.74026 -0.161266 -0.556241 -0.510873 -0.655442 0.274742 -0.00631205 -0.961497 -0.304094 -0.673148 -0.674091 -0.558583 -0.474056 -0.680629 -0.458935 -0.539826 -0.705668 -0.593128 -0.804149 -0.0392875 -0.295515 -0.683605 -0.66735 -0.543614 -0.838109 -0.0453624 -0.405289 -0.678343 -0.612855 -0.285837 -0.148613 -0.946684 -0.239682 -0.249911 -0.938135 -0.105067 -0.328885 -0.938507 -0.484925 -0.324301 -0.812205 -0.474153 -0.26906 -0.838323 -0.241471 -0.258368 -0.935381 -0.157702 -0.256667 -0.953547 -0.108 -0.313139 -0.943546 -0.564779 -0.764226 0.311422 -0.00504649 -0.277992 -0.96057 -0.491675 -0.751834 0.439319 0.0480463 -0.293412 -0.954778 -0.50798 -0.858916 0.0649575 -0.494683 -0.809163 0.317087 -0.469382 -0.795861 0.382473 0.193032 -0.0107574 -0.981134 -0.727849 -0.29083 -0.62101 -0.0814437 -0.996071 -0.0347845 -0.498833 -0.221255 -0.837981 0.237125 -0.91885 0.315413 -0.494183 -0.788735 0.365623 -0.683754 -0.273891 -0.676361 0.0847014 -0.967323 0.23898 -0.502776 -0.799591 -0.328437 -0.521867 -0.705626 -0.479319 -0.639202 -0.452707 -0.621672 -0.626137 -0.754965 -0.194887 -0.53354 -0.202001 -0.821298 -0.642436 -0.341528 -0.686028 -0.639905 -0.332664 -0.692717 -0.589051 -0.244074 -0.770355 -0.124038 -0.980719 0.151011 0.043996 0.997075 -0.0624907 -0.0703251 -0.994802 0.0736493 -0.329166 -0.857219 0.396012 -0.328403 -0.86654 0.375847 -0.288418 -0.860469 0.420009 -0.410322 -0.90953 0.0662652 -0.694934 -0.717735 -0.0438591 0.0453679 -0.530208 -0.846653 0.0646494 -0.69482 -0.716272 -0.012759 -0.881983 -0.471108 0.168715 -0.656379 -0.735324 0.179436 -0.606593 -0.774498 0.0806867 -0.989339 -0.121239 0.226142 -0.0408961 -0.973236 -0.209753 -0.940088 -0.268772 -0.223868 -0.935378 -0.273773 -0.418339 -0.908198 0.0129849 0.00315306 -0.923791 -0.382885 -0.369637 -0.926127 -0.0752136 0.184726 -0.129936 -0.974163 0.212999 -0.107529 -0.971117 0.221849 -0.261917 -0.939246 0.225718 -0.177872 -0.957817 -0.273921 -0.951255 0.141706 0.0259781 -0.992476 -0.119648 0.0398095 -0.983833 -0.174609 -0.0198838 -0.994586 -0.101999 0.102829 -0.427715 -0.898046 -0.501432 -0.62511 0.598167 -0.376695 -0.916692 0.13333 -0.318457 -0.936038 0.149724 0.209722 -0.380424 -0.900719 0.213105 -0.291411 -0.932559 0.206284 -0.405229 -0.890638 0.194905 -0.512183 -0.836469 -0.231122 -0.969006 0.0872348 -0.157292 -0.984194 -0.081377 -0.186911 -0.97806 -0.0919943 -0.144042 -0.984715 -0.0979166 -0.0989094 -0.98711 -0.125824 0.0589014 -0.963374 -0.261613 -0.101521 -0.986161 -0.131073 -0.0606968 -0.993657 -0.0946622 0.0506701 -0.973255 -0.224071 -0.378974 -0.92189 -0.0806087 -0.363558 -0.924869 0.111547 0.1618 -0.697392 -0.698187 0.159562 -0.70834 -0.687601 0.0937044 -0.907205 -0.410119 0.0723546 -0.943192 -0.324275 0.12288 -0.843962 -0.522138 0.0766328 -0.925517 -0.370871 -0.00935178 -0.644053 -0.764924 -0.083634 -0.593555 -0.800436 0.198158 -0.274424 0.94097 0.16739 -0.144207 0.975287 0.199411 -0.20222 0.958823 0.163806 -0.355924 0.920047 0.163879 -0.601158 0.782146 0.14402 -0.6867 0.712532 0.145158 -0.663054 0.734363 0.0704785 -0.164884 0.983792 0.107512 -0.844239 0.525073 0.0227485 -0.341572 0.93958 0.0229119 -0.98896 0.146401 -0.0369726 -0.214301 0.976068 0.0210522 -0.317695 0.947959 0.00936588 -0.997066 0.0759717 0.0342521 -0.932782 0.35881 -0.0475061 -0.659374 0.750313 -0.143528 -0.207225 0.967707 -0.0503621 -0.649816 0.758421 -0.184605 -0.314614 0.931096 -0.148735 -0.559886 0.815111 -0.252023 -0.224677 0.941278 -0.0447887 -0.872413 0.486712 -0.338598 -0.323986 0.883394 -0.0293573 -0.99653 0.0778811 -0.435796 -0.271677 0.858064 -0.362246 -0.407641 0.838217 -0.313352 -0.635517 0.70564 -0.0864829 -0.929284 0.359099 -0.520756 -0.25308 0.815331 -0.314991 -0.658761 0.683239 -0.292254 -0.736208 0.610398 -0.561984 -0.466984 0.682715 -0.301945 -0.841066 0.448818 -0.567002 -0.418477 0.709496 -0.607469 -0.236151 0.758428 -0.0251819 -0.999682 -0.00123061 -0.700752 -0.226748 0.676411 -0.0468419 -0.995853 0.0779964 -0.554185 -0.700901 0.449018 -0.764531 -0.334411 0.551055 -0.752077 -0.352518 0.556877 -0.80346 -0.340177 0.488602 -0.851654 -0.218111 0.476564 -0.538035 -0.691595 0.481886 -0.900825 -0.170616 0.399255 -0.489525 -0.802442 0.34125 -0.903797 -0.272869 0.329686 -0.918276 -0.233402 0.319833 -0.741322 -0.571969 0.351133 -0.333471 -0.920305 0.204537 -0.787712 -0.540488 0.295605 -0.956827 -0.152406 0.247496 -0.95095 -0.255532 0.174347 -0.768844 -0.604142 0.209505 -0.865581 -0.488962 0.108099 -0.917158 -0.382879 0.110571 -0.427415 -0.900896 0.0755177 -0.978506 -0.206184 -0.00385119 -0.954992 -0.291519 0.0548412 -0.281733 -0.956419 0.0767398 -0.957371 -0.275072 -0.0881869 -0.974322 -0.193095 -0.115807 -0.811641 -0.577655 -0.0869044 -0.782688 -0.619548 -0.0596603 -0.566655 -0.823617 -0.0235904 -0.0666506 -0.99777 0.00360681 -0.951694 -0.193369 -0.238512 -0.901576 -0.333554 -0.275506 -0.809001 -0.540352 -0.23138 -0.908606 -0.246787 -0.336944 -0.859311 -0.295192 -0.417667 -0.829298 -0.348809 -0.436574 -0.732988 -0.625426 -0.267528 -0.781677 -0.442593 -0.439423 -0.470554 -0.858648 -0.203229 -0.727153 -0.485215 -0.485607 -0.331365 -0.938587 -0.0961846 -0.741085 -0.422959 -0.52144 -0.716104 -0.423864 -0.554557 -0.141395 -0.989356 -0.0343927 -0.463047 -0.819385 -0.337929 0.00334691 -0.999913 -0.012762 0.230576 -0.0408972 -0.972194 0.230323 -0.0735668 -0.970329 0.00565923 -0.999405 0.0340385 0.0592361 -0.968985 0.239913 0.109176 -0.856638 0.504234 0.188067 -0.524426 0.830427 0.220819 -0.25065 0.942557 0.229949 -0.0750018 0.970308 0.000895887 0.999999 -0.00144683 0.22533 -0.276085 -0.934347 0.427931 -0.147842 -0.891638 0.234787 -0.177866 -0.955635 0.225766 -0.291416 -0.929573 0.215355 -0.40523 -0.888488 0.203584 -0.512178 -0.834402 0.389214 -0.147735 -0.909223 0.19012 -0.606585 -0.771952 0.194905 -0.584939 -0.787311 0.169079 -0.697393 -0.69646 0.467359 -0.487709 -0.737371 0.138792 -0.805764 -0.575743 0.146278 -0.780108 -0.608304 0.422269 -0.564146 -0.709527 0.137347 -0.812725 -0.566227 0.659709 -0.363965 -0.657505 0.0628529 -0.963705 -0.259467 0.112368 -0.903041 -0.414597 0.113731 -0.883533 -0.454352 0.0558188 -0.973254 -0.222849 0.0314527 -0.992474 -0.118349 0.0123651 -0.99944 -0.0310836 0.37282 -0.826623 -0.421545 0.714746 -0.577454 -0.394569 0.419088 -0.856513 -0.301249 0.766964 -0.530397 -0.361171 0.257344 -0.962478 -0.0860828 0.807503 -0.589649 0.015913 0.698246 -0.704931 0.1246 0.863231 -0.34449 0.368997 0.537132 -0.786959 -0.303621 0.291843 -0.956386 -0.0124073 0.647038 -0.275175 0.71107 0.649043 -0.475488 0.593848 0.401847 -0.803063 0.44001 0.361809 -0.075053 0.929226 0.456445 -0.336356 0.823725 0.244984 -0.0913268 0.965216 0.230426 -0.229464 0.945648 0.222255 -0.312989 0.923385 0.405784 -0.800892 0.440354 0.220441 -0.669571 0.709282 0.201275 -0.672462 0.712238 0.294358 -0.460255 0.837567 0.17594 -0.769147 0.614377 0.0422798 -0.995585 0.0838011 0.121305 -0.888882 0.441786 0.0792928 -0.972031 0.221063 0.0595164 -0.997261 0.0439022 0.0339772 -0.996033 0.0822436 0.388158 0.656533 -0.64676 0.132065 -0.135342 0.981958 -0.407998 -0.674105 0.615728 -0.36371 -0.645635 0.671469 -0.366549 -0.6874 0.626995 -0.314527 -0.777444 0.544659 0.174734 -0.235025 0.956154 0.20214 -0.102284 0.974001 -0.117962 -0.909321 0.399025 0.230383 -0.111072 0.96674 -0.188346 -0.94002 0.28441 0.0560862 -0.977961 0.201114 -0.00221039 -0.958556 0.284895 -0.133995 -0.510053 0.849642 0.0483743 -0.224674 0.973233 -0.192163 -0.490941 0.849735 -0.180873 -0.473393 0.862081 -0.121002 -0.497259 0.859123 -0.0394921 -0.707986 0.705121 0.218925 -0.330148 0.91819 -0.131662 -0.582694 0.801956 -0.335852 -0.717925 0.609744 -0.304637 -0.776687 0.551319 -0.239589 -0.794584 0.557883 0.0806502 -0.568567 0.818674 0.155905 -0.731198 0.664111 0.168003 -0.708107 0.685828 0.109713 -0.419638 0.901037 -0.0733183 -0.937679 0.339681 0.00599335 -0.999929 0.0102539 0.234771 -0.0380991 0.971304 -0.438316 -0.698692 0.565428 -0.181986 -0.464835 0.866493 0.207804 -0.035559 0.977524 0.450525 0.706751 -0.545463 0.0231955 -0.994077 0.106172 -0.354306 -0.653215 0.669161 -0.466891 0.639461 0.610821 -0.431244 -0.725562 0.536273 -0.15563 -0.789482 0.593715 -0.108434 -0.783499 0.611859 -0.109922 -0.810779 0.574939 -0.0947368 -0.866632 0.489872 0.0934638 -0.211463 0.972907 0.120265 -0.180803 0.976139 0.0195293 -0.970764 0.239241 0.076831 -0.921837 0.379887 -0.277727 -0.757191 0.59121 -0.266794 -0.579052 0.770402 -0.0597838 -0.904038 0.42325 0.0997507 -0.91597 0.388649 0.0858742 -0.889329 0.449133 -0.224298 -0.780299 0.583802 0.0731413 -0.241223 0.96771 -0.00682177 -0.652142 0.758066 0.0107625 -0.922997 0.384658 0.13209 -0.725519 0.675407 0.16284 -0.538355 0.826836 0.0148382 -0.635266 0.772151 0.15336 -0.580349 0.799798 0.140863 -0.61748 0.773871 0 1 0 0.973956 0.0218024 0.225685 0 1 0 0 1 0 0 1 0 0 1 0 0 1 0 0 1 0 0 1 0 0 1 0 0 1 0 0 1 0 0 1 0 0 1 0 0 1 0 0 1 0 0 1 0 0 1 0 0 1 0 0 1 0 0 1 0 0 1 0 -0.87572 0.00118338 -0.482817 0 1 0 0 1 0 0.402793 0.00253672 -0.915288 0.355494 -0.00290424 -0.934674 0.315636 0.000651348 -0.94888 0.221106 0.0014113 -0.975249 0.24623 -0.00238766 -0.969208 0.129567 0.0023874 -0.991568 0.15514 -0.00141094 -0.987891 0.0575671 -0.000651474 -0.998341 0.026591 0.00195389 -0.999645 -0.0199126 -0.00195416 -0.9998 -0.0699251 0.00225299 -0.99755 -0.106714 -0.00103526 -0.994289 -0.388842 -0.000739017 0.921304 -0.3559 0.00218997 0.934522 -0.315633 -0.00048515 0.948881 -0.221111 -0.00105077 0.975248 -0.246231 0.00177781 0.969209 -0.129564 -0.00177789 0.99157 -0.15514 0.00105104 0.987892 -0.0575647 0.000485068 0.998342 -0.016265 -0.00210104 0.999866 0.0310541 0.00159938 0.999516 0.0727532 -0.00107254 0.997349 0 1 0 0 1 0 0 1 0 0.998757 -0.000441399 -0.0498457 0 1 0 0 1 0 0 1 0 0 1 0 -0.456202 0.00616391 0.889855 0 1 0 0 1 0 0 1 0 0 1 0 0 1 0 0 1 0 0 1 0 0 1 0 0 1 0 0 1 0 0.282383 0.00355125 -0.959295 0 1 0 -0.957629 0.000752757 0.288005 0 1 0 0 1 0 0 1 0 0 1 0 0 1 0 0 1 0 0 1 0 0 1 0 0 1 0 0 1 0 0 1 0 0 1 0 0 1 0 0 1 0 0 1 0 -0.576977 0.00596584 -0.816739 0 1 0 0.976505 -0.00483562 -0.215441 0.972659 -0.00267798 -0.232221 0.911506 0.000716505 -0.411287 0.894246 -0.00317036 -0.447565 0.825154 0.00122496 -0.564907 0.74018 -0.00712567 -0.672371 0.691951 0.000172348 -0.721944 0.52656 -0.00545047 -0.85012 0.534921 -0.00402362 -0.844893 0.279497 0.0040247 -0.960138 0.0656026 -0.00116263 -0.997845 0.00577372 0.00526887 -0.999969 -0.139185 -0.00150275 -0.990265 -0.221819 0.00362119 -0.975081 -0.316664 -0.002038 -0.948536 -0.399897 0.00116377 -0.916559 -0.465484 -0.00249396 -0.885053 -0.629238 0.000316323 -0.777213 -0.715865 -0.00179052 -0.698236 -0.718266 -0.00205022 -0.695765 -0.771361 0.00023905 -0.636398 -0.811938 -0.000716898 -0.583743 -0.811938 -0.000716937 -0.583744 -0.840025 1.53466e-08 -0.542547 -0.874213 -0.00238656 -0.485536 -0.88216 -0.00119384 -0.470949 -0.916005 0.000318378 -0.401168 -0.947923 -0.00286241 -0.318485 -0.956239 -0.00071508 -0.292586 -0.98667 -0.000715636 -0.162731 -0.989114 -0.00173512 -0.147141 -0.998867 0.00113999 -0.0475787 -0.999387 -0.00300781 0.034887 -0.995254 0.000586344 0.097309 -0.965933 -0.0029459 0.258774 -0.873743 0 0.486389 -0.884091 -0.00272031 0.467307 -0.764807 0 0.644259 -0.756335 -0.00121729 0.654184 -0.642787 -0.00171434 0.766043 -0.625018 0.00140364 0.780609 -0.435258 0.00328657 0.9003 -0.276733 -0.00402844 0.960939 -0.258824 -0.00236417 0.965922 -0.0548409 -0.00161485 0.998494 -0.0150652 -0.00716187 0.999861 0.164574 0.00185582 0.986363 0.324717 0.000754182 0.945811 0.235408 -0.00358593 0.97189 0.45419 -0.000910409 0.890904 0.442836 -0.00200458 0.8966 0.601112 0.000334242 0.799165 0.616202 -0.00157304 0.787587 0.737512 0.0025762 0.675329 0.761923 -0.001523 0.647666 0.895472 0.00196509 0.445113 0.882367 -0.00213233 0.470556 0.954208 -0.000139225 0.299145 0.962207 -0.00254846 0.272307 0.992238 0.00179057 0.124344 0.999768 -0.00566562 0.0207634 0 1 0 0 1 0 0 1 0 0 1 0 0 1 0 0 1 0 0 1 0 0 1 0 0.697563 0.0040573 -0.716512 0 1 0 0 -1 0 0 1 0 0 1 0 0 1 0 0 1 0 0 1 0 0 1 0 0 1 0 0 1 0 0 1 0 -0.333686 0 -0.942684 -0.262439 0.00147244 -0.964948 -0.399069 -0.00029699 -0.916921 -0.646033 0.00241988 -0.763306 -0.680107 0.000251731 -0.733113 -0.920391 6.68224e-05 -0.391 -0.941805 0.00393386 -0.336136 -0.935743 0.00572034 0.352637 -0.98717 -0.00235479 0.159657 -0.765464 -0.0154519 0.643294 -0.609144 -0.014342 0.79293 -0.230769 1.88602e-07 -0.973009 -0.230769 0 -0.973009 0.608504 -0.0020773 0.793548 0.606017 -0.00174809 0.79545 0.645781 0.00163472 0.763521 0.682618 -0.00163474 0.730773 0.717797 0.00163469 0.696251 0.758415 -0.00236097 0.651768 0.796589 0.00267401 0.604515 0.818895 -0.00108955 0.573943 0.885251 0 0.465113 0.865989 0 0.500063 0.85156 0.0018688 0.524254 0.867264 -0.00317579 0.497838 -0.226439 1.26343e-06 0.974025 -0.226439 0 0.974025 0.998011 0.00648123 0.0627127 0 1 0 0 1 0 0 1 0 0 1 0 0 1 0 0 1 0 0 1 0 0 1 0 0 1 0 0 1 0 0 1 0 0 1 0 0 1 0 0 1 0 0 1 0 0 1 0 0 1 0 0 1 0 0 1 0 0.176987 0.0199156 -0.984012 0 1 0 0 1 0 0 1 0 0 1 0 -0.391444 0.00210376 0.9202 -0.402402 0.000539388 0.915463 -0.344894 6.00203e-09 0.938642 -0.300889 0.00195398 0.953657 -0.300892 0.00195357 0.953656 -0.241214 -0.000651503 0.970472 -0.200905 0.00282159 0.979607 -0.155148 -0.00206142 0.987889 -0.109048 0.00184506 0.994035 0.00957356 0.00303981 0.99995 -0.0627212 -0.00303942 0.998026 0.0464662 -0.000836952 0.998919 0.106814 0.00170405 0.994278 0.38909 -1.57445e-05 -0.9212 0.379636 -0.00116623 -0.925135 0.286067 0 -0.95821 0.300886 0.00145523 -0.953659 0.200909 0 -0.97961 0.200909 0 -0.97961 0.0846274 0 -0.996413 0.0846274 0 -0.996413 -0.0464825 0 -0.998919 -0.0460084 -8.60502e-05 -0.998941 0.730668 0.000837613 0.682732 0.999213 0.000296891 -0.0396574 0.999313 0 -0.0370746 0.992499 0 -0.122253 0.992499 0 -0.122253 0.976367 0 -0.21612 0.954591 0 -0.297918 0.976367 0 -0.21612 0.925969 -0.00144165 -0.377597 0.942898 0.00237498 -0.333072 0.885848 -0.00220419 -0.463971 0.906935 0.00161041 -0.421268 0.831715 -0.000719642 -0.555203 0.851427 0.0022573 -0.524468 0.226439 -2.14337e-09 -0.974025 0.226438 9.22319e-07 -0.974026 -0.574435 -0.0253864 0.818156 0.0181267 0.00205961 -0.999834 -0.456358 -0.000781302 -0.889796 0.57324 -0.0692698 -0.816454 -0.843801 0.00417265 -0.53664 -0.891388 0.0164687 -0.452942 -0.998299 -0.000653448 -0.0583007 -0.989198 0.00430272 0.146523 -0.930927 -0.00810972 0.365115 -0.540129 -0.00546263 0.841564 -0.803893 -0.00062623 0.594774 0.540132 -0.00438643 -0.841569 -0.661211 0.00165021 0.750198 -0.636311 3.34136e-07 0.771432 -0.636312 1.63168e-07 0.771432 0 1 0 0 1 0 0 1 0 0 1 0 0 1 0 0 1 0 0 1 0 0 1 0 0 1 0 0 1 0 0 1 0 0 1 0 0 1 0 0 1 0 0 1 0 0 1 0 0 1 0 0.360366 0.000744115 -0.932811 0 1 0 0 1 0 0 1 0 0 1 0 0 1 0 0 1 0 0 1 0 0 1 0 0 1 0 0 1 0 0 1 0 0 1 0 0 1 0 0 1 0 -0.983486 0.00807706 -0.180806 0 1 0 0 1 0 0 1 0 0 1 0 0 1 0 0 1 0 0 1 0 0 1 0 0 1 0 0 1 0 0 1 0 0 1 0 0 1 0 0 1 0 0 1 0 0 1 0 0 1 0 0.617227 0.0025088 0.786781 0.586021 -7.88969e-05 0.810296 0.686797 0.000651334 0.726849 0.652264 -0.00130304 0.75799 0.741016 0.00195429 0.671485 0.697981 -0.000651231 0.716116 0.751338 0 0.659918 0.800179 0 0.599761 0.800179 0 0.599761 0.852424 0 0.522851 0.852424 0 0.522851 0.89035 0 0.455277 0.89035 0 0.455277 0.920083 0.000199793 0.391723 0.919236 0 0.393706 -0.625834 -0.000801929 -0.779956 -0.708998 -0.00145488 -0.705209 -0.651653 0.00344395 -0.758509 -0.784708 -0.00119022 -0.619865 -0.761464 0.00339312 -0.648199 -0.84698 0 -0.531626 -0.83581 0.00290755 -0.54901 -0.890349 0 -0.455279 -0.890349 0 -0.455279 -0.916793 0 -0.399362 -0.916793 0 -0.399362 0 1 0 0 1 0 0 1 0 0 1 0 0 1 0 0 1 0 0 1 0 0 1 0 0 1 0 0 1 0 0 1 0 0 1 0 0 1 0 0 1 0 0 1 0 0 1 0 0 1 0 0 1 0 0 1 0 0 1 0 0 1 0 0 1 0 0 1 0 0 1 0 0 1 0 0.997763 0 -0.0668537 0.996434 -0.00170177 -0.0843608 0.992203 -7.20242e-08 -0.124635 0.980452 0.00223319 -0.196746 0.987861 -0.00130305 -0.155335 0.972868 -6.93732e-08 -0.231363 0.962472 0.00260474 -0.27137 0.956662 0 -0.2912 0.93124 0.00130302 -0.364404 0.936778 0 -0.349925 0.900228 0.00195366 -0.435415 0.919496 0 -0.3931 0.893373 0 -0.449315 0.855899 0 -0.517144 0.855899 0 -0.517144 0.806824 -0.000791789 -0.590792 0.803543 0 -0.595247 -0.991424 0.000631393 0.13068 -0.992006 0 0.126192 -0.971547 -0.00152071 0.23684 -0.974051 0 0.226327 -0.940343 0 0.340227 -0.943964 0.0015207 0.330044 -0.895683 0 0.444693 -0.895683 0 0.444693 -0.841848 0 0.539715 -0.841848 0 0.539715 0.584924 -0.00629774 0.811064 0.425658 0.00927172 0.904837 0.110426 -0.00520602 0.993871 -0.0662197 0.00525228 0.997791 -0.272475 -0.00315661 0.962158 -0.502673 0 0.864477 -0.408455 0.00335878 0.912772 -0.635538 -0.000677654 0.772069 -0.604231 0 0.796809 0.928214 0.00694519 -0.371981 0.957137 -0.000433549 -0.289635 0.804813 -0.00280001 -0.593522 0.668495 0.00831268 -0.74367 0.516468 -0.00170972 -0.856305 0.359366 0.000798433 -0.933196 0.850021 -0.00107608 0.526748 0.807451 -0.00489861 0.589915 0.934183 0.000287922 0.356793 0.96801 -0.00402 0.250881 0.999635 0.00425752 0.0266853 0.990892 -0.00504468 -0.134566 0.912901 0.00971322 -0.408066 0.847911 -0.00239024 -0.530133 -0.883585 0.00467978 -0.468247 -0.872432 0.00231414 -0.488731 -0.989106 -0.00107251 -0.147199 -0.998205 0.00343737 -0.0597891 -0.973313 -0.00362819 0.229453 -0.945665 0.00310366 0.325129 -0.868314 -0.00156461 0.496013 -0.795622 0.00313281 0.605786 -0.69217 -0.00153842 0.721733 -0.528785 0.00348963 0.848749 -0.491577 3.93949e-05 0.870834 0.355442 0.00055152 -0.934698 -0.0846052 -0.0038031 -0.996407 -0.489655 0.00967634 -0.871863 -0.55349 0.00129735 -0.832855 0.165654 -0.00579719 0.986167 0.500878 0.00728761 0.865487 0.50279 0.00710197 0.864379 0.782829 0.00150872 0.622235 0.830857 0.00733334 0.556438 0.959865 -0.00591081 0.280401 0.994439 -0.00218696 -0.105294 0.955468 0.00238248 -0.295086 0.898112 -0.00407873 -0.439749 0.810948 0.002043 -0.585115 0.586438 -0.0111892 -0.809917 0.51988 -0.00244553 -0.854236 0.0860185 0.000104255 -0.996294 0.0620134 0.00323144 -0.99807 0.726963 0.00431461 0.686663 0.832202 -0.0058244 0.554442 0.928761 0.00250795 0.370672 0.979013 -0.00249556 0.203784 0.998734 0.00361129 0.0501808 0.985673 -0.00454572 -0.168609 0.945412 0.0063266 -0.325816 -0.106779 0 0.994283 -0.107877 -4.59963e-05 0.994164 0.253608 0.00645241 0.967285 0.198606 0.000611376 0.980079 0.603188 -0.00441577 0.797587 0.681009 0.00477755 0.732259 0.821269 -0.00427391 0.570525 0.99885 0.002015 0.0479036 0.92622 0.000173891 -0.376982 0.917113 0.00245172 -0.398619 0.62461 0.00710838 -0.780905 0.751089 -0.0027237 -0.660195 0.454532 -0.00305025 -0.890725 -0.182118 0.0105061 0.983221 -0.311728 -0.00495287 0.950158 0.176915 -0.00363625 0.984219 0.315675 0.0074079 0.948839 0.574841 -0.00213965 0.818262 0.703171 0.00384847 0.711011 -0.247076 0.00607145 -0.968977 -0.333501 0.000349729 -0.94275 -0.617145 -0.000928951 -0.786849 -0.638597 -0.00351771 -0.769533 -0.907168 -0.00445286 -0.420744 -0.998178 0.00459038 -0.0601694 -0.996934 -0.00549341 0.0780578 -0.943062 0.00392433 0.332594 -0.879226 -0.00688983 0.476355 -0.657172 0.00635802 0.753714 -0.494613 -0.00800533 0.869077 -0.249543 0.00605715 0.968345 -0.0170346 -0.0100215 0.999805 -0.824576 -0.0016861 0.565749 -0.765119 0.00314075 0.643881 -0.633644 -0.00120215 0.773624 -0.497765 0.00574104 0.867293 -0.321301 -0.00406564 0.946968 -0.189406 0.00104117 0.981898 0.111453 0.0014486 0.993769 -0.0159464 -0.00374944 0.999866 0.487675 0.0077151 0.872991 0.410527 -0.0026395 0.911845 -0.635054 -0.00157228 -0.772466 -0.716682 0.00913848 -0.69734 -0.865004 -0.00327825 -0.501755 -0.994231 0.00128806 -0.107251 -0.957883 0.00514941 0.287113 -0.975633 -0.000571489 0.21941 0.991284 -0.000187202 0.131745 0.985072 -0.00345802 0.172108 0.97882 0.00111944 -0.204718 0.970075 -0.00266573 -0.242792 0.749011 0.00017337 -0.662558 0.721743 0.00536687 -0.692141 0.254605 0.0101054 -0.966992 0.360105 -0.00031317 -0.932912 -0.0888539 -0.00249648 -0.996042 -0.267079 0.00872801 -0.963635 -0.46022 -0.0044414 -0.887794 -0.621862 0.00107737 -0.783126 -0.782152 0 -0.623088 -0.740668 -0.00266698 -0.671866 -0.869046 0 -0.494731 -0.869046 0 -0.494731 0.145691 0.00216368 0.989328 0.152863 0.00286299 0.988243 0.531403 -0.00257207 0.847115 0.539635 -0.00186476 0.841897 0.741354 0.000165513 0.671115 0.834276 -0.00641064 0.551309 0.895903 0.000776561 0.444248 0.988379 -0.00553606 0.15191 0.976528 0 0.21539 -0.958536 -0.00476099 0.284932 -0.93949 0.00090586 0.342575 -0.716024 -0.00314575 0.698068 -0.697265 -0.00574345 0.71679 -0.285219 0.00487523 0.95845 -0.269263 0.00318482 0.963061 0.589296 0.000527854 -0.807917 0.544936 -0.0045118 -0.838465 0.176846 0.00267983 -0.984235 0.178117 0.00279962 -0.984005 -0.229305 -0.000401393 -0.973355 -0.346321 0.00962712 -0.938067 -0.560407 -0.000726279 -0.828217 -0.83786 0.0142526 -0.545698 -0.821216 0.0105901 -0.570518 -0.971335 -0.000832802 -0.237713 -0.999711 0.0114657 -0.0211402 -0.991117 0.000682084 0.132994 -0.87866 0 0.477448 -0.879126 -0.000104879 0.47659 0.927255 -0.00862521 -0.374332 -0.95242 -0.00343712 0.304768 0.754044 -0.0017693 -0.656821 0.434091 -0.00416427 -0.900859 0.282198 0.0058393 -0.959338 0.102773 -0.00238111 -0.994702 0.350579 -0.0218886 0.936277 -0.178481 -0.010872 -0.983883 0 -1 0 0 1 0 -0.620537 -0.0675659 0.781261 0 -1 0 -0.388939 -0.204682 -0.898238 0 1 0 0 1 0 0 1 0 0 1 0 0 1 0 0 1 0 0 1 0 0 1 0 0.636312 1.87474e-06 -0.771432 0.636312 0 -0.771432 -0.230848 -0.00055115 0.97299 -0.230769 3.94421e-06 0.973009 -0.938713 0.000129868 -0.344701 -0.945896 0.0109831 -0.324285 -0.952439 -0.00191303 -0.304723 -0.998872 0.0472617 0.00465723 -0.996938 0.0734567 0.0268023 -0.943718 -0.00596248 0.330697 -0.95044 -0.0229787 0.310057 0.109098 0.0122225 -0.993956 0.356616 0.0352774 -0.933585 0.496031 0 -0.868305 -0.367294 0.197326 -0.908932 -0.589741 0.065709 -0.804915 -0.960528 -0.0140255 -0.277828 -0.993934 0.106461 -0.0276013 0.906802 -0.0555335 -0.417884 0.996165 0.0121509 -0.086645 -0.308737 0.440728 -0.842876 0.771203 0.392047 0.501542 0.682015 -0.0347186 0.730514 0.320862 0.0452741 0.946043 0.215976 0.00694791 0.976374 -0.0668347 0.00656255 0.997742 0.242245 -0.0444164 -0.969198 -0.963516 -0.0369895 0.265083 -0.985142 0.0689031 0.157315 0.385778 -0.239594 0.890938 -0.669353 0.000184579 0.742945 -0.44323 0.000894825 0.896407 -0.16677 -0.106609 -0.980215 -0.413614 0.26649 -0.870578 -0.406634 0.263765 -0.874687 -0.878699 -0.394052 -0.269463 -0.962452 -0.215692 -0.164811 -0.795919 -0.102988 0.596579 -0.438113 -0.507436 0.742001 -0.19452 -0.0442404 0.9799 0.0887276 0.0213839 0.995826 0.677384 -0.0461406 0.734181 0.668302 -0.0194979 0.743635 0.959416 -0.0483742 -0.277815 0.933019 0.353261 -0.0684193 0.645218 -0.0113723 -0.763914 0.369284 0.155973 -0.916134 0.15186 -0.0325802 -0.987865 0.0375895 0.0246837 -0.998988 0 1 0 0 1 0 0 1 0 0 1 0 0.0723776 -0.00134154 0.997376 0.494786 0.0950519 0.863801 0.585835 0.0675125 0.807613 0.899599 0.12547 0.418305 0.993317 -0.0345246 0.110134 0.995317 -0.026977 0.0928228 0.929682 0.0190651 -0.367871 0.87825 -0.0299444 -0.477264 0.679396 0.024564 -0.73336 0.693658 0.03479 -0.719463 0.239573 0.0593931 -0.96906 0.0376009 -0.000316887 -0.999293 -0.12046 0.0560197 -0.991136 -0.429109 -0.010409 -0.903193 -0.649766 0.0873497 -0.755099 -0.895001 -0.045434 -0.443743 -0.92682 -0.00455648 -0.375477 -0.980306 -0.00282772 0.197464 -0.99208 0.0459023 0.11692 -0.829264 -0.0127034 0.558712 -0.703805 0.0716108 0.706774 -0.456552 -0.0241171 0.88937 -0.126414 0.0855797 0.988279 -0.715572 0.0103467 0.698463 -0.564094 0.176749 0.806572 -0.107408 -0.0884943 0.990269 0.413999 0.24549 0.87655 0.527422 0.129685 0.839647 0.930644 0.0196798 0.365396 0.956765 0.288653 -0.0357822 0.96308 0.0225954 -0.268265 0.517112 0.0410001 -0.854935 0.485935 0.0755971 -0.87072 -0.0589112 -0.0493764 -0.997041 -0.389789 0.218588 -0.894586 -0.724575 -0.0281502 -0.688621 -0.961663 0.242442 -0.128166 -0.998103 0.0613042 0.00569226 0 1 0 0 1 0 0 1 0 0 1 0 0 1 0 0 1 0 -0.3411 0.430035 -0.835895 0.308121 -0.951341 0.00356207 -0.0161559 -0.83089 0.556203 -0.531057 -0.770796 0.351927 -0.437465 -0.892785 0.107515 0.163179 0.707107 -0.688021 0.163179 0.707106 -0.688021 0.134774 0.706807 0.694449 0.134775 0.706807 0.694449 0.0772124 0.706567 0.703421 0.0597596 0.724976 0.686177 0.00748533 0.70132 0.712808 -0.0565999 0.747635 0.661693 -0.0674457 0.732966 0.676914 -0.150871 0.704174 0.693813 -0.170712 0.740271 0.650274 -0.220733 0.710235 0.668463 -0.284875 0.72038 0.632376 -0.284593 0.718995 0.634076 -0.357047 0.698143 0.620576 -0.367352 0.732645 0.57296 -0.430967 0.695138 0.57537 -0.457762 0.734663 0.500724 -0.479602 0.716234 0.506943 -0.547277 0.716234 0.43301 -0.539155 0.734662 0.411805 -0.611146 0.695137 0.37853 -0.603134 0.732644 0.315376 -0.622771 0.718591 0.309488 -0.654048 0.710233 0.260367 -0.643102 0.732643 0.222831 -0.661651 0.718593 0.214108 -0.685329 0.710235 0.160906 -0.66896 0.732644 0.125399 -0.699885 0.706566 0.104521 -0.66957 0.742704 0.00813715 -0.695942 0.7176 0.0267655 -0.697194 0.714894 -0.053349 -0.646904 0.754852 -0.108232 -0.597488 0.792899 -0.119663 -0.67677 0.706567 -0.206751 -0.662404 0.705797 -0.251141 -0.61605 0.744577 -0.257073 -0.566663 0.747605 -0.346381 -0.628221 0.706806 -0.325212 -0.570862 0.738919 -0.357934 -0.554133 0.716225 -0.424215 -0.495752 0.753884 -0.431148 -0.510963 0.703709 -0.49367 -0.413824 0.736676 -0.534844 -0.439217 0.71671 -0.541679 -0.381201 0.696444 -0.60799 -0.323121 0.73891 -0.591274 -0.311776 0.715319 -0.625392 -0.249803 0.720229 -0.647201 -0.180979 0.76711 -0.615459 -0.172142 0.777072 -0.605414 -0.137926 0.731332 -0.66793 -0.0840309 0.719406 -0.689488 -0.0368097 0.746928 -0.663885 -0.0214621 0.766178 -0.642269 0.0185277 0.726647 -0.686761 0.0763706 0.714211 -0.695752 0.0781797 0.716181 -0.693522 0.136083 0.699795 -0.701262 0.146153 0.707007 -0.69194 0.303337 0.699546 -0.64701 0.259845 0.891403 -0.371323 0.196306 0.828329 -0.524724 0.356675 0.70555 -0.612358 0.36441 0.85731 -0.363627 0.71599 0.395766 -0.575089 0.313379 0.915662 -0.251708 0.503947 0.808715 -0.303343 0.350187 0.927534 -0.130571 0.620536 0.767674 -0.160036 0.367375 0.92996 0.0145126 0.999168 -0.0348182 -0.0212555 0.457766 0.88902 -0.00973812 0.380852 0.907565 0.176856 0.68022 0.7062 0.196424 0.457848 0.83867 0.294971 0.569013 0.739658 0.359347 0.47321 0.828713 0.298844 0.514712 0.664033 0.542339 0.385734 0.734814 0.557905 0.32988 0.806802 0.490153 0.362183 0.761062 0.538152 0.348687 0.678763 0.646296 0.216615 0.697715 0.682841 0.219744 0.705899 0.673364 0.211627 0.714255 0.667123 0.163178 0.707107 0.688021 0.163178 0.707107 0.68802 0.144681 0.00153302 0.989477 0.17579 0.000157098 0.984428 0.354706 -0.000454497 0.934978 0.426042 0.00159657 0.904702 0.562791 -0.00113213 0.826599 0.656071 0.00150835 0.754698 0.745652 -0.000859096 0.666335 0.831019 0.00219039 0.55624 0.89289 -0.00130608 0.450273 0.949 0.000628245 0.315276 0.977804 -0.00204859 0.209514 0.996944 0.00106368 0.0781071 0.995973 -0.00132923 -0.0896409 0.982705 0.00171148 -0.18517 0.941731 -0.000593789 -0.336367 0.884879 0.00321396 -0.465811 0.822431 -0.000459614 -0.568864 0.656856 -0.000139582 -0.754016 0.677526 0.00111316 -0.735498 0.430429 0.000412447 -0.902624 0.410414 0.00140949 -0.911898 0.18824 -0.000489082 -0.982123 0.155354 0.000496739 -0.987859 -0.0373977 -0.000685875 -0.9993 -0.0149716 0 -0.999888 -0.209963 0 -0.977709 -0.248179 0.00124025 -0.968713 -0.391512 -0.000378819 -0.920173 -0.450456 0.00091189 -0.892798 -0.539453 -0.000655521 -0.842015 -0.631245 0.000732623 -0.775583 -0.674582 -0.000318157 -0.7382 -0.791707 0.000563296 -0.610901 -0.804949 -0.000207316 -0.593344 -0.927478 0.00171186 -0.373874 -0.929409 0.00195163 -0.369047 -0.976594 -0.000176869 -0.21509 -0.990772 0.00064748 -0.135541 -0.99947 -0.000619482 -0.0325463 -0.998416 0.000377379 0.0562549 -0.988836 -0.00152188 0.149001 -0.972916 0.00026589 0.23116 -0.909599 -0.00171945 0.415484 -0.919697 -0.000779928 0.392627 -0.810818 0 0.585299 -0.824532 0.000631494 0.565815 -0.691072 0 0.722785 -0.691072 0 0.722785 -0.550885 0 0.834581 -0.550885 0 0.834581 -0.340642 -8.53101e-05 0.940193 -0.342664 0 0.939458 -0.0929899 0.000559635 0.995667 -0.114172 -0.000434152 0.993461 0.156871 -0.975697 -0.15299 0.0500156 -0.99487 -0.0879328 0.138409 -0.986476 -0.0877924 0.12398 -0.979383 -0.159493 0.0129003 -0.997254 -0.0729228 0 -1 0 0 -1 0 -0.0116496 -0.997562 -0.0688058 -0.0359781 -0.996714 -0.0725739 0 -1 0 -0.0327602 -0.998349 -0.0471888 0 -1 0 0.0465074 -0.996731 0.0660672 0.0113579 -0.998223 0.0585038 -0.0351752 -0.999179 -0.0201099 0.0232196 -0.997725 0.0632937 -0.0478656 -0.998854 -0.00011287 0.00378456 -0.997788 0.0663643 -0.0207832 -0.996878 0.0761777 -0.0592057 -0.993179 0.100451 -0.149109 -0.985457 0.0814879 -0.10363 -0.993434 0.0484674 -0.0651442 -0.993984 0.0880432 0 -1 0 0 -1 0 0 -1 0 0 -1 0 0 -1 0 0 -1 0 0 -1 0 0 -1 0 0 -1 0 0 -1 0 0 -1 0 0 -1 0 0 -1 0 0 -1 0 0 -1 0 0 -1 0 0 -1 0 0 -1 0 0 -1 0 0.0127235 0.0377689 -0.999205 0.328252 -0.040508 -0.943721 0.630311 0.205766 -0.748577 0.77972 0.0382861 -0.624956 0.987575 0.143643 -0.0637403 0.990769 0.0987955 -0.0928224 0.8058 -0.0597559 0.589166 0.689997 0.107618 0.715767 0.368502 -0.0421434 0.928671 0.087155 0.160914 0.983113 0.0259106 0.0585426 -0.997949 -0.0177272 0.0279851 -0.999451 -0.307433 0.114945 0.944602 -0.522861 -0.13316 0.841953 -0.872989 0.0665835 0.483175 -0.950896 -0.18785 0.245985 -0.951756 0.100116 -0.290065 -0.83592 -0.173451 -0.520724 -0.391541 0.221343 -0.893142 -0.307891 0.116199 -0.944299 -0.0478983 0.00171645 0.998851 0.00660923 0.0395737 0.999195 4.06007e-16 1 4.05521e-16 6.72643e-17 1 7.58745e-16 3.96948e-16 1 4.11773e-16 4.56559e-16 1 1.0889e-15 4.38587e-16 1 1.97161e-16 5.06377e-16 1 2.49808e-17 5.47067e-16 1 -5.12532e-17 6.93539e-17 1 8.13054e-16 -2.0532e-16 1 6.78684e-16 4.98947e-16 1 -1.36768e-16 -4.62871e-16 1 6.23001e-16 4.41279e-16 1 -2.88777e-16 -2.05097e-16 1 6.30169e-16 4.00512e-16 1 -4.75661e-16 -4.28697e-16 1 2.95681e-16 3.81721e-16 1 -4.83781e-16 3.2929e-16 1 -9.84131e-16 9.11391e-18 1 -7.15734e-16 -5.78352e-16 1 1.35894e-16 -4.43832e-16 1 2.45649e-16 -1.05919e-16 1 -7.09305e-16 -4.67677e-16 1 -6.17459e-16 -4.89914e-16 1 -1.49311e-16 -5.62202e-16 1 -7.05915e-17 -2.69789e-16 1 -6.15413e-16 -4.43614e-16 1 -2.4341e-16 0 -1 0 0 -1 0 0 -1 0 0 -1 0 0 -1 0 0 -1 0 0 -1 0 0 -1 0 0 -1 0 0 -1 0 0 -1 0 0 -1 0 0 -1 0 0 -1 0 0 -1 0 0 -1 0 0.0935697 -0.76272 0.639924 0.210297 -0.805293 0.554327 0.0579806 -0.994679 0.085159 0.281149 -0.950807 0.130084 0.124315 0.989134 0.0784891 0.0964169 -0.991605 0.0861608 0.150368 -0.985718 0.0758287 0.21136 -0.976358 0.0452881 0.261079 -0.965031 -0.023498 0.251279 -0.963745 -0.0897516 0.19308 -0.972052 -0.133551 0.126262 -0.981351 -0.144939 0.0627551 -0.989315 -0.131599 0.193284 -0.961751 -0.194106 0.0918288 -0.87294 -0.479106 -0.00825039 -0.83446 -0.551006 -0.112365 -0.844745 -0.523239 -0.177041 -0.891918 -0.4161 -0.194217 -0.932942 -0.303147 -0.187751 -0.960488 -0.205458 -0.201136 -0.941084 -0.271855 -0.354061 -0.898069 -0.260986 -0.438009 -0.881461 -0.176565 -0.40073 -0.912273 0.0846985 -0.142547 -0.98929 -0.0313953 -0.187186 -0.982306 -0.00609541 -0.246379 -0.968462 0.037125 -0.329485 -0.933624 0.14066 -0.346519 -0.904077 0.250139 -0.308034 -0.895166 0.322169 -0.222567 -0.914752 0.337185 -0.106242 -0.950119 0.293233 -0.0200458 -0.976489 0.214635 -0.198986 -0.859069 0.471599 0.289566 -0.00055446 -0.957158 0.263205 0 -0.96474 0.594797 0.000313117 -0.803876 0.596383 0.000271315 -0.8027 0.823188 0.0001998 -0.567769 0.877508 0.00233054 -0.479557 0.973488 -0.000621219 -0.228739 0.999996 0.00183682 0.00235802 0.992209 -0.000521065 0.124584 0.876697 0.0012849 0.481041 0.868139 0.000834988 0.496321 0.60378 -0.000536495 0.797151 0.570281 0.000524031 0.82145 0.166936 -0.00107961 0.985967 0.14769 -0.00158155 0.989032 -0.174199 0.00026431 0.984711 -0.317308 -0.00142547 0.948321 -0.494411 0.00138423 0.869227 -0.619433 -0.000309812 0.785049 -0.836753 0.00139261 0.547579 -0.84445 0.00175268 0.535632 -0.964424 -0.000207514 0.264362 -0.984192 0.00096348 0.177101 -0.998785 -0.000818273 -0.0492725 -0.991445 -2.77676e-05 -0.130524 -0.926731 -0.000376187 -0.375726 -0.912079 -0.00112725 -0.410013 -0.783357 0.000291911 -0.621572 -0.70753 -0.0014076 -0.706682 -0.575623 0.000100677 -0.817715 -0.386671 -0.000297557 -0.922218 -0.34441 0.000516219 -0.938819 -0.0849919 -0.000465657 -0.996382 -0.0569345 0 -0.998378 0 -1 0 0 -1 0 0 -1 0 0 -1 0 0 -1 0 0 -1 0 0 -1 0 0 -1 0 -0.0766375 0.435039 0.897144 -0.158232 0.34874 0.923766 -0.403812 0.596845 0.693334 0.596821 0.104543 0.795535 -0.110162 0.729734 0.674798 -0.972216 0.0627791 0.225511 -0.979139 0.0701717 0.190692 -0.89634 -0.368688 0.246258 -0.163661 0.107317 -0.980662 -0.95439 -0.204155 0.217855 -0.582004 0.485622 -0.65226 -0.852458 0.0477816 -0.520607 0.602424 0.097663 -0.792179 -0.523014 0.624424 -0.580131 0.225143 0.463543 -0.856994 0.356905 0.613987 -0.704016 -0.301149 -0.108719 -0.947359 0.645381 0.639025 -0.418486 0.82041 0.511736 -0.255056 0.184079 0.752613 -0.63221 0.720512 0.0671865 -0.69018 0.921781 0.024264 -0.386951 0.96321 0.108181 0.246016 0.897849 0.345796 -0.272567 -0.995783 0.0824214 0.0402842 0.797812 0.0701211 0.598815 0.308899 0.620119 0.721134 0.648642 0.568295 0.506265 0.386407 -0.552652 0.738421 -0.212587 0.00736444 0.977114 -0.0851139 0.0010614 0.996371 -0.503282 -0.00136201 0.864121 -0.764426 0.0101893 0.644631 -0.944568 0.000108671 -0.328316 -0.663576 -0.000495686 -0.748109 -0.0685012 0.000763569 -0.997651 0.45217 -0.000393376 -0.891931 0.461793 0.000347528 -0.886988 0.844872 -0.000697618 -0.534968 0.839044 -0.000125177 -0.544063 0.986816 0.000856933 -0.161846 0.775075 0.00136639 0.631868 0.354317 -0.00352675 0.935119 0.393748 -0.000500016 0.919218 0.461539 -0.384615 0.799408 0.933407 0.155568 0.323341 0.461539 -0.384615 -0.799408 0.188982 0 -0.98198 -1 0 0 -0.854358 -0.427179 -0.295958 -0.186682 0.155568 0.970025 0 -1 0 -0.0236743 0.99378 0.108814 -0.859542 0.160677 -0.485149 -0.947933 0.2595 0.184615 -0.435383 0.12351 0.891732 0.406518 0.14681 -0.90177 -0.975267 0.146602 -0.165414 0.0618792 0.990982 -0.118854 0.111716 0.991219 -0.0707381 0.357242 0.119064 0.926392 0.944024 0.225125 0.241116 0.880687 0.132476 -0.454797 0.0406553 0.993395 0.107298 0.725192 -0.149365 -0.672151 0.714184 -0.149505 -0.683805 -0.189148 -0.179533 -0.965397 -0.857692 -0.238421 -0.455544 -0.858185 -0.329749 0.393427 -0.943624 -0.268675 0.193356 -0.108479 -0.161497 0.980893 0.505868 -0.153249 0.848889 0.971374 -0.235503 -0.0311596 0.9323 -0.146273 -0.330789 -0.888784 0.209867 0.407454 -0.862091 0.217125 -0.457881 -0.619066 0.230752 -0.750673 -0.647183 0.224454 -0.728543 0.903003 0.334028 -0.270205 0.842247 0.261723 0.471296 0.49614 0.246336 0.832564 -0.442088 0.214825 0.870866 -0.939843 -0.233368 -0.249467 -0.758383 -0.241953 0.605239 -0.00621141 -0.24029 0.970681 0.882391 -0.1961 0.427704 0.933327 -0.199331 -0.298609 0.0422601 -0.218123 -0.975006 -0.00616414 0.268391 0.96329 -0.759969 0.233662 0.606505 -0.898325 0.177266 -0.401982 -0.102811 0.185587 -0.977235 0.716332 0.274242 -0.641608 0.63026 0.295383 0.717998 -0.0984471 -0.211315 0.972447 0.787788 -0.200551 0.582383 0.949275 -0.201815 0.241138 0.712066 -0.267953 -0.648971 0.0211937 -0.277329 -0.960541 -0.736926 -0.251903 -0.627284 -0.897052 -0.19064 0.398691 0.0214 0.242614 -0.969887 0.718531 0.234238 -0.654863 0.955992 0.24399 -0.162939 0.313733 0.283177 0.906302 -0.0970057 0.269114 0.958211 -0.887963 0.23616 0.394652 -0.737907 0.246903 -0.628119 0.00459833 -0.999535 0.0301424 -0.0101925 -0.999785 0.0180588 0.00476658 -0.999813 0.0187152 0.0197293 -0.999724 0.0127224 -0.0210147 -0.999148 -0.0355197 -0.00824051 -0.998757 -0.0491513 0.0344972 -0.999382 -0.00681449 0.0256412 -0.998825 -0.0411272 -0.0177713 0.999368 0.0307808 -0.0272832 0.999628 0 0.0396665 0.996848 0.0687044 -0.0168775 0.99943 -0.0292328 0.177799 0.984067 0 0.0354819 0.997479 -0.0614564 0.872949 0.00155422 0.487808 0.840399 -0.00650938 0.54193 0.290625 0.00621626 0.956817 0.24681 0.000655417 0.969064 -0.483278 -0.000792952 0.875467 -0.491521 -0.00239392 0.870862 -0.937673 0.00230546 0.347511 -0.77903 0.0451935 0.625356 -0.919128 0.0270296 -0.393032 -0.780937 -0.0167758 -0.624384 -0.492751 0.0145421 -0.870049 -0.165342 -0.00867346 -0.986198 0.119537 0.00887788 -0.99279 0.529007 -0.0140801 -0.8485 0.649734 -0.000292647 -0.760161 0.975666 -0.0101995 -0.219025 0.981026 -0.00574717 -0.193789 0.499999 0 0.866026 0.499999 0 0.866026 1 0 0 1 0 0 0.5 0 -0.866026 0.5 0 -0.866026 -0.5 0 -0.866025 -0.5 0 -0.866025 -1 0 0 -1 0 0 -0.5 0 0.866025 -0.5 0 0.866025 0 -1 0 0 -1 0 0 -1 0 0 -1 0 0.351988 -0.758937 0.547832 0.679118 -0.691668 0.245751 0.527124 -0.75904 -0.382098 0.0142789 -0.852827 -0.521999 -0.0636434 -0.88394 -0.46325 -0.315153 -0.868426 0.382773 -0.353368 -0.884062 0.305885 0.506791 0.85832 0.0803137 0.480066 0.771193 -0.418088 -0.040197 0.691095 -0.721645 -0.233665 0.754881 -0.612826 -0.767756 0.425699 -0.478885 -0.96151 0.273487 -0.0265078 0.302116 0.570171 0.763957 -0.151656 0.885321 0.439553 0.0729158 0.884673 0.460475 0.103543 0.992941 0.0578603 0.0373153 0.991723 0.122852 -0.0707174 0.989236 0.128106 -0.131478 0.990121 0.0487271 -0.116442 0.991949 -0.0497921 -0.0594576 0.992695 -0.104984 0.0130828 0.993993 -0.108656 0.068843 0.994371 -0.0805434 0.110978 0.993511 -0.0249132 0.00802843 -0.999801 0.0182516 -0.0212884 -0.999394 0.027526 0.0198961 -0.999799 0.0026234 -0.0903064 -0.995911 0.00231191 0.0198936 -0.999597 -0.0202449 -0.0914775 -0.990185 -0.105669 0.00142211 -0.998436 -0.055895 0.106775 -0.994194 -0.0133534 -0.0209252 -0.994926 0.0984057 0.00504882 0.999949 0.00874481 -0.0204715 -0.999161 0.0354578 0.0177611 0.999842 0 -0.0485576 -0.99882 0 -0.0382124 0.998626 -0.0358669 0.700874 -0.00719704 -0.713249 0.907476 0.0170382 -0.419757 0.990975 -0.0299324 0.130665 0.922707 0.00442844 0.385478 0.40256 -0.0203625 0.915167 0.353408 -0.0113746 0.9354 -0.438479 0.00405261 0.898732 -0.611619 -0.0228193 0.790824 -0.975988 0.0211464 0.216796 -0.999656 -0.0058071 0.025592 -0.722926 -0.000517087 -0.690925 -0.654419 0.0167086 -0.755947 0.24817 0.0319782 -0.968189 0.0254342 0.000799407 -0.999676 1 0 0 1 0 0 0.499999 0 -0.866026 0.499999 0 -0.866026 -0.5 0 -0.866025 -0.5 0 -0.866025 -1 0 0 -1 0 0 -0.5 0 0.866025 -0.363597 0.10258 0.925891 0.499376 0.0499306 0.864945 0.427462 0 0.904033 0 -1 0 0 -1 0 0 -1 0 0 -1 0 0.515567 -0.849086 -0.115076 0.576841 -0.77134 -0.268867 0.0742892 -0.570638 -0.817835 -0.542016 -0.696566 -0.470122 -0.582453 -0.808565 -0.0834939 -0.726041 -0.419774 -0.54466 -0.785952 -0.0903276 0.611654 -0.262894 -0.414528 0.871237 -0.083251 -0.173122 0.981376 0.706327 -0.0998898 0.700803 0.407573 0.903628 0.131686 0.479297 0.869603 -0.118596 0.0972972 0.762416 -0.63973 -0.497563 0.703475 -0.507497 -0.644095 0.762635 0.0594122 -0.468648 0.826446 0.312019 -0.163749 0.898006 0.408377 0.102687 0.993579 -0.0474984 0.110591 0.992792 0.0462014 0.0459859 0.991499 0.121715 -0.0630079 0.989622 0.129145 -0.155795 0.987183 0.0346068 -0.0990223 0.990575 -0.0946389 0.0310103 0.99217 -0.120981 0.0490907 -0.998794 -0.000397895 0.0264507 -0.999296 0.0265891 0.0329161 -0.998496 -0.0438417 -0.00295632 -0.999606 0.0279129 -0.0130539 -0.99915 -0.0391035 -0.0204416 -0.999682 0.0147805 -0.0277491 -0.999575 -0.00891461 0.0252392 -0.998697 -0.044348 0.0212111 0.999775 0 0.0430324 0.99629 0.0745339 0.0316422 0.997426 0.0643404 0.0614481 0.99242 -0.106431 -0.0229273 -0.998948 0.039711 -0.0421593 -0.996439 -0.0730217 -0.0968536 -0.995299 0 -0.336188 0.937889 -0.0856814 -0.31665 -0.00208274 -0.94854 -0.291281 0.00272529 -0.956634 0.636697 -0.00809477 -0.771072 0.600406 0.000154998 -0.799695 0.999966 0.00152507 -0.00810502 0.993934 -0.0143586 -0.10904 0.790664 0.00153953 0.612248 0.70519 -0.0139656 0.70888 0.0478621 0.0221824 0.998608 -0.105323 -0.00131886 0.994437 -0.810316 0.0100387 0.585907 -0.774028 -0.000287054 0.633152 -0.941565 0.00639359 -0.336772 -0.952076 0.000424326 -0.305862 0.500002 0 -0.866024 0.500002 0 -0.866024 -0.500002 0 -0.866024 -0.500002 0 -0.866024 -1 0 0 -1 0 0 -0.500002 0 0.866024 -0.500002 0 0.866024 0.500002 0 0.866024 0.500002 0 0.866024 1 0 0 1 0 0 0 -1 0 0 -1 0 0 -1 0 0 -1 0 0.623163 -0.40255 -0.670538 0.236261 -0.703492 -0.670283 -0.289163 -0.367869 -0.883774 -0.695105 -0.383991 -0.607766 -0.700729 -0.690529 -0.179302 -0.927336 -0.22249 0.300908 -0.430323 -0.192939 0.881814 0.31277 -0.809649 0.496632 0.34871 -0.788549 0.506549 0.886468 -0.447193 0.119134 0.444658 0.7572 -0.478463 0.207516 0.819056 -0.534869 -0.462472 0.881616 0.0941952 -0.459179 0.887203 -0.045005 0.0136617 0.860577 0.509137 0.212645 0.830602 0.514666 0.597739 0.797656 0.0803315 -0.02551 0.996158 -0.0837809 0.060616 0.995458 -0.0734091 0.11118 0.993725 -0.0121971 0.107463 0.990721 0.0832133 0.00749231 0.987678 0.156322 -0.0901511 0.993194 0.0737433 -0.0878363 0.995639 -0.0314166 0.103673 0.985479 -0.134474 0.374254 0.70762 -0.59934 0.0476027 0.998511 -0.0266479 0.105787 0.754366 -0.647874 0.0453469 0.99897 0.00155211 0.174468 0.974123 0.143682 0.15889 0.978177 0.133881 -0.0887486 0.993865 -0.0659932 -0.0584711 0.997869 -0.0289621 0.0152442 0.996656 0.0802732 -0.0503855 0.998676 0.0103554 -0.0852712 0.974275 0.208605 -0.18512 0.943137 0.276086 -0.0662579 -0.99655 0.0499874 0.0150747 0.999545 -0.0261103 0.0369998 0.999315 0 -0.0173813 0.999396 -0.0301053 0.0303199 0.99816 0.0525157 -0.0548594 0.998494 0 -0.0413291 0.996578 0.0715841 -0.896096 0.00190402 -0.443857 -0.904832 -0.000764036 -0.425769 -0.366287 -0.0101137 -0.930447 -0.911785 0.114392 -0.394414 0.175915 -0.0028321 -0.984401 0.34071 0.0102819 -0.940112 0.610566 -0.00261278 -0.791961 0.766547 0.00655591 -0.642155 0.872575 -0.00373174 -0.488466 0.998534 0.0103194 -0.0531365 0.999415 0.000175431 0.0342073 0.764717 0.00436752 0.644352 0.827216 -0.0116854 0.561763 0.344532 0.0030502 0.93877 0.18656 -0.0103412 0.982389 -0.161512 0.00575363 0.986854 -0.37837 -0.00612113 0.925634 -0.663296 0.0110356 0.748276 -0.798289 -0.00444095 0.602258 -0.971592 0.0049204 0.236611 -0.979525 0.00152993 0.201316 -0.499999 0 -0.866026 -0.499999 0 -0.866026 -1 0 0 -1 0 0 -0.5 0 0.866026 -0.5 0 0.866026 0.5 0 0.866025 0.5 0 0.866025 1 0 0 1 0 0 0.5 0 -0.866025 0.5 0 -0.866025 0 -1 0 0 -1 0 0 -1 0 0 -1 0 -0.538339 -0.821429 -0.188269 -0.582943 -0.761242 0.284057 -0.178114 -0.806422 0.563878 0.461733 -0.851493 0.248519 0.462575 -0.852973 0.241786 -0.291429 -0.723919 -0.625309 0.11107 -0.815667 -0.56776 -0.280261 0.322802 -0.90402 -0.906146 0.108996 -0.408681 -0.653731 0.475798 -0.588431 -0.5605 0.0455566 0.826901 -0.572824 0.735729 0.361353 -0.0356671 0.217542 0.975399 0.691628 0.290419 0.661293 0.711636 0.410458 0.570174 0.775609 0.509969 -0.371971 0.796647 -0.241344 -0.554172 -0.171317 0.981912 -0.0806135 -0.0541892 0.988997 -0.137652 0.0336151 0.995122 -0.0927532 -0.0151201 0.986666 -0.162056 0.139824 0.983224 -0.117134 0.221899 0.974998 -0.0118083 0.161369 0.980791 0.109586 0.0505313 0.989186 0.137686 -0.0485085 0.992761 0.109876 -0.0156417 0.9953 0.0955723 -0.0851083 0.991735 0.0960122 -0.160434 0.986273 0.0390704 0.00301087 -0.999524 -0.0307086 -0.0310269 -0.998906 -0.0349805 0.0226105 -0.99964 -0.0144134 -0.0739792 -0.997184 -0.0123123 -0.112512 -0.990735 0.0760552 0.0314851 -0.999481 0.0067498 -0.00937681 -0.994546 0.10388 0 -1 0 0 1 0 -0.0122643 0.999699 -0.0212425 0.0182806 0.999331 -0.031663 -0.0257261 0.999669 0 0.0829656 0.996552 0 -0.0212243 0.999099 0.0367615 0.0491993 0.995147 0.0852158 -0.747058 0.0105668 0.664674 -0.828463 -0.00532158 0.560019 -0.986294 0.0167175 -0.164149 -0.999886 -0.00490707 -0.0142615 -0.723146 -6.99382e-05 -0.690696 -0.663521 -0.0115133 -0.748069 -0.0678838 0.0037378 -0.997686 0.0975647 -0.0167205 -0.995089 0.734052 0.022509 -0.67872 0.843237 -0.00257741 -0.537536 0.977764 0.00635483 0.209614 0.994753 -0.0200228 0.100326 -0.947941 0.0477887 0.314841 0.570063 0.00851941 0.821557 0.378213 -0.00819006 0.925682 0.0105584 0.0183793 0.999775 -0.36867 -0.0119639 0.929484 -1 0 0 -1 0 0 -0.499999 0 0.866026 -0.499999 0 0.866026 0.5 0 0.866025 0.5 0 0.866025 1 0 0 1 0 0 0.5 0 -0.866025 0.5 0 -0.866025 -0.5 0 -0.866026 -0.5 0 -0.866026 0 -1 0 0 -1 0 0 -1 0 0 -1 0 -0.467967 -0.870862 -0.150355 -0.22599 -0.829687 0.510438 0.444723 -0.664918 0.600088 0.595377 -0.770511 -0.227681 0.223942 -0.87246 -0.434354 -0.393901 -0.877841 -0.272466 -0.730333 0.673419 0.114545 -0.400668 0.64413 0.651583 0.418964 0.781507 0.462295 0.471502 0.878409 -0.0780012 0.0660269 0.894664 -0.441833 -0.118325 0.878533 -0.462795 -0.0740834 0.995071 0.0659136 -0.109895 0.993942 -0.00156745 -0.0967816 0.991004 -0.0924387 -0.0107744 0.987324 -0.158351 0.126199 0.985118 -0.116687 0.130631 0.991344 0.0131749 0.0583163 0.994754 0.0840436 0.00101806 0.995342 0.0964009 -0.590237 0.807222 0.00361067 -0.560213 0.711294 -0.424526 -0.578313 0.574813 -0.578916 -0.329671 -0.469322 0.819179 -0.00749174 -0.999955 0.00575958 -0.017203 0.996132 -0.0861742 -0.017794 -0.995765 0.0901922 0.0464202 0.992755 -0.110829 0.141616 -0.985713 -0.0911868 0.618853 0.524273 -0.584944 0.582994 0.810059 -0.0626286 0.639748 0.639118 0.426908 -0.0543785 0.99852 0 -0.0787308 0.987525 -0.136365 -0.0170916 0.999416 0.0296033 0.0970219 0.980993 -0.168046 0.0178324 0.999364 0.0308864 0.0626498 0.998036 0 0.351825 -0.000171479 0.936066 -0.169514 -0.0124416 0.985449 -0.193534 -0.0157526 0.980967 -0.731846 0.0108181 0.681384 -0.792792 0.000885501 0.609491 -0.999963 0.00602786 0.00611711 -0.990231 0.0259227 -0.137003 -0.796997 -0.00527737 -0.60396 -0.393924 0.0306804 -0.918631 -0.195768 0.00176778 -0.980649 0.511267 0.019242 -0.859206 0.386325 0.00299163 -0.922358 0.840778 -0.00087546 -0.541379 0.983561 0.0172832 -0.179745 0.994251 0.00758502 -0.106808 0.835958 -0.000163117 0.548793 0.816581 0.00525464 0.577207 0.1145 0.0151261 0.993308 -0.500002 0 0.866024 -0.500002 0 0.866024 0.500002 0 0.866024 0.500002 0 0.866024 1 0 0 1 0 0 0.500002 0 -0.866024 0.500002 0 -0.866024 -0.500002 0 -0.866024 -0.500002 0 -0.866024 -1 0 0 -1 0 0 0 -1 0 0 -1 0 0 -1 0 0 -1 0 -0.260485 -0.892053 0.36931 0.123172 -0.92116 0.36918 0.69008 -0.708959 -0.145491 0.581659 -0.756152 0.299843 0.403524 -0.765355 -0.501399 -0.0418874 -0.712462 -0.700459 -0.659972 -0.735756 -0.151989 -0.658821 -0.744253 -0.109735 -0.297472 0.621874 0.724419 0.382571 0.432897 0.816235 0.661777 0.564813 0.492988 0.579085 0.651027 -0.490739 0.541886 0.50299 -0.673321 -0.0809332 0.156362 -0.984378 -0.591035 0.512308 -0.623072 -0.401857 0.832588 0.381193 0.0457251 0.991518 0.121656 -0.0263626 0.987835 0.153256 -0.131984 0.983606 0.122883 -0.17005 0.985155 -0.0235273 -0.0485354 0.992388 -0.113185 0.049799 0.995247 -0.0836893 0.0995617 0.994865 -0.0181948 0.0935707 0.993413 0.0661413 -0.844517 0.11251 -0.523577 0.582617 0.802072 -0.131292 -0.586511 0.184625 -0.788618 0.346116 0.908789 -0.233037 0.0140755 0.99009 0.139731 -0.19357 0.980675 0.0284051 -0.0195386 0.996612 0.0798982 0.62608 0.724437 0.288469 -0.0768424 0.667252 -0.740858 0.746144 0.122592 -0.6544 0.722621 0.124439 -0.679951 0.870446 -0.19729 0.450999 0.110342 -0.975404 -0.190821 0.845293 -0.220038 0.486892 -0.0256296 -0.990534 -0.134851 -0.0171245 -0.985295 -0.169999 0.629004 -0.732528 -0.260301 0.19357 -0.980675 -0.0284051 0.0518763 -0.975862 -0.212135 0.335956 -0.941547 0.0249366 0.0280143 -0.908826 -0.416235 0.64498 0.0703115 0.760958 0.292469 -0.0565225 0.954603 -0.168775 0.143531 0.975148 -0.870446 0.19729 -0.450999 -0.64498 -0.0703115 -0.760958 -0.292469 0.0565225 -0.954603 0.168775 -0.143531 -0.975148 0.844517 -0.11251 0.523577 0.361033 -0.219133 0.906441 -0.376092 -0.134386 0.916785 -0.911975 -0.100118 0.397843 0.0438503 -0.619509 0.783764 -0.994653 -0.014785 -0.102214 0.855347 -0.0990682 0.508495 0.255103 -0.318184 0.913061 0.966323 -0.0536789 0.251669 0.976315 -0.21438 0.0291649 -0.936007 -0.316227 -0.154569 -0.72534 -0.476644 0.496682 -0.416651 -0.810722 0.411256 -0.410816 -0.861747 0.297695 -0.0144878 -0.995451 0.0941632 0.124809 -0.81946 -0.559381 -0.00236774 -0.9896 0.143829 0.127033 -0.906232 0.403244 0.0667287 -0.986761 0.147818 0.740708 -0.620502 0.257544 0.0540384 -0.995707 0.0751491 0.71028 -0.686236 0.156789 0.688929 0.18922 0.699694 0.576146 0.136577 0.805855 0.100813 0.648152 0.754808 -0.633699 0.75577 -0.165041 -0.245618 0.13128 0.960436 0.423637 0.462097 -0.779101 -0.381561 0.121261 0.916355 -0.508534 0.289334 0.810974 0.725339 0.476644 -0.496682 0.410816 0.861747 -0.297695 -0.844894 0.112741 0.522918 -0.941968 0.27321 0.195069 -0.124809 0.81946 0.559381 -0.143384 0.989641 -0.00724829 0.0144878 0.995451 -0.0941632 0.00236774 0.9896 -0.143829 -0.818678 0.445658 -0.362155 -0.766927 0.467633 -0.43948 -0.0667287 0.986761 -0.147818 -0.0540384 0.995707 -0.0751491 -0.71028 0.686236 -0.156789 0.941968 -0.27321 -0.195069 0.844894 -0.112741 -0.522918 0.508534 -0.289334 -0.810974 0.381561 -0.121261 -0.916355 -0.130998 -0.144424 -0.980807 -0.265739 -0.00484486 -0.964033 -0.688929 -0.18922 -0.699694 -0.855347 0.0990682 -0.508495 -0.998767 -0.000408795 0.0496404 0.126651 0.991328 0.0350463 0.416651 0.810722 -0.411256</float_array>
                    <technique_common>
                        <accessor count="3134" source="#shape0-lib-normals-array" stride="3">
                            <param name="X" type="float"/>
                            <param name="Y" type="float"/>
                            <param name="Z" type="float"/>
                        </accessor>
                    </technique_common>
                </source>
                <vertices id="shape0-lib-vertices">
                    <input semantic="POSITION" source="#shape0-lib-positions"/>
                </vertices>
                <triangles count="3134">
                    <input offset="0" semantic="VERTEX" source="#shape0-lib-vertices"/>
                    <input offset="1" semantic="NORMAL" source="#shape0-lib-normals"/>
                    <p>0 0 1 0 2 0 3 1 1 1 0 1 3 2 4 2 1 2 5 3 4 3 3 3 5 4 6 4 4 4 7 5 6 5 5 5 16 6 9 6 11 6 11 7 9 7 10 7 16 8 12 8 9 8 11 9 13 9 15 9 10 10 13 10 11 10 13 11 14 11 15 11 16 12 17 12 12 12 14 13 18 13 15 13 16 14 19 14 17 14 21 15 19 15 16 15 18 16 23 16 15 16 21 17 20 17 19 17 15 18 23 18 22 18 21 19 24 19 20 19 25 20 24 20 21 20 25 21 27 21 24 21 23 22 26 22 22 22 26 23 33 23 22 23 25 24 28 24 27 24 35 25 31 25 29 25 29 26 30 26 35 26 22 27 31 27 35 27 25 28 46 28 28 28 22 29 32 29 31 29 41 30 46 30 25 30 30 31 34 31 35 31 33 32 32 32 22 32 33 33 36 33 32 33 37 34 36 34 33 34 43 35 36 35 37 35 43 36 38 36 36 36 34 37 39 37 35 37 41 38 45 38 40 38 40 39 42 39 41 39 34 40 44 40 39 40 41 41 42 41 46 41 42 42 49 42 46 42 41 43 47 43 45 43 48 44 69 44 43 44 43 45 69 45 38 45 44 46 51 46 39 46 41 47 59 47 47 47 46 48 49 48 50 48 49 49 56 49 50 49 50 50 56 50 55 50 59 51 52 51 47 51 53 52 85 52 60 52 54 53 58 53 57 53 54 54 67 54 58 54 61 55 67 55 54 55 56 56 64 56 55 56 60 57 85 57 48 57 58 58 70 58 57 58 57 59 70 59 62 59 62 60 85 60 53 60 51 61 63 61 39 61 65 62 67 62 61 62 70 63 85 63 62 63 48 64 85 64 69 64 55 65 64 65 72 65 51 66 74 66 63 66 66 67 67 67 65 67 59 68 68 68 52 68 66 69 71 69 67 69 59 70 81 70 68 70 72 71 71 71 66 71 74 72 73 72 63 72 72 73 75 73 71 73 81 74 78 74 68 74 64 75 75 75 72 75 77 76 75 76 64 76 74 77 76 77 73 77 70 78 96 78 85 78 69 79 79 79 80 79 85 80 79 80 69 80 80 81 79 81 83 81 85 82 86 82 79 82 79 83 89 83 83 83 76 84 82 84 73 84 81 85 84 85 78 85 83 86 89 86 90 86 81 87 97 87 84 87 82 88 87 88 73 88 97 89 88 89 84 89 89 90 91 90 90 90 90 91 91 91 92 91 87 92 209 92 73 92 97 93 93 93 88 93 91 94 94 94 92 94 96 95 95 95 85 95 96 96 98 96 95 96 95 97 99 97 85 97 97 98 100 98 93 98 96 99 102 99 98 99 105 100 102 100 96 100 99 101 101 101 85 101 85 102 109 102 86 102 101 103 109 103 85 103 97 104 103 104 100 104 105 105 104 105 102 105 107 106 106 106 91 106 91 107 106 107 94 107 86 108 109 108 108 108 75 109 104 109 105 109 75 110 110 110 104 110 112 111 113 111 111 111 111 112 113 112 77 112 112 113 118 113 113 113 107 114 1000 114 106 114 109 115 116 115 108 115 103 116 115 116 100 116 77 117 113 117 75 117 114 118 118 118 112 118 75 119 113 119 110 119 117 120 118 120 114 120 119 121 110 121 113 121 119 122 122 122 110 122 117 123 142 123 118 123 116 124 123 124 108 124 108 125 123 125 107 125 117 126 120 126 142 126 103 127 121 127 115 127 103 128 137 128 121 128 119 129 124 129 122 129 123 130 934 130 107 130 125 131 124 131 119 131 121 132 137 132 127 132 120 133 145 133 142 133 129 134 128 134 126 134 127 135 137 135 138 135 128 136 130 136 126 136 129 137 131 137 128 137 125 138 147 138 124 138 126 139 130 139 132 139 136 140 131 140 129 140 136 141 135 141 131 141 132 142 130 142 134 142 130 143 133 143 134 143 138 144 137 144 146 144 134 145 204 145 140 145 133 146 204 146 134 146 107 147 141 147 1000 147 934 148 141 148 107 148 142 149 180 149 139 149 143 150 141 150 934 150 1000 151 141 151 136 151 143 152 153 152 141 152 135 153 141 153 144 153 136 154 141 154 135 154 139 155 180 155 125 155 141 156 148 156 144 156 125 157 180 157 147 157 145 158 180 158 142 158 149 159 153 159 143 159 137 160 162 160 146 160 159 161 180 161 145 161 144 162 148 162 151 162 150 163 153 163 149 163 147 164 180 164 154 164 152 165 151 165 148 165 156 166 155 166 158 166 156 167 157 167 155 167 155 168 160 168 158 168 146 169 157 169 156 169 158 170 160 170 159 170 150 171 168 171 153 171 160 172 161 172 159 172 154 173 180 173 170 173 162 174 157 174 146 174 159 175 161 175 180 175 162 176 163 176 157 176 152 177 164 177 151 177 162 178 165 178 163 178 161 179 166 179 180 179 162 180 176 180 165 180 152 181 167 181 164 181 165 182 176 182 171 182 180 183 169 183 170 183 150 184 192 184 168 184 172 185 192 185 150 185 175 186 167 186 152 186 169 187 173 187 170 187 168 188 192 188 175 188 170 189 173 189 174 189 180 190 179 190 169 190 178 191 192 191 172 191 171 192 176 192 187 192 166 193 177 193 180 193 181 194 192 194 178 194 174 195 173 195 183 195 180 196 177 196 179 196 192 197 182 197 175 197 175 198 182 198 167 198 173 199 184 199 183 199 183 200 184 200 186 200 176 201 189 201 187 201 177 202 185 202 179 202 192 203 196 203 182 203 186 204 184 204 188 204 190 205 195 205 181 205 191 206 195 206 190 206 195 207 197 207 181 207 181 208 197 208 192 208 193 209 195 209 191 209 189 210 194 210 187 210 193 211 198 211 195 211 202 212 198 212 193 212 199 213 205 213 200 213 185 214 201 214 179 214 179 215 201 215 211 215 200 216 205 216 204 216 202 217 207 217 198 217 192 218 203 218 196 218 204 219 205 219 140 219 188 220 207 220 202 220 205 221 208 221 140 221 140 222 208 222 206 222 197 223 222 223 192 223 201 224 210 224 211 224 184 225 207 225 188 225 206 226 208 226 209 226 189 227 216 227 194 227 219 228 207 228 184 228 209 229 208 229 73 229 216 230 217 230 194 230 192 231 214 231 203 231 208 232 212 232 73 232 210 233 215 233 211 233 192 234 218 234 214 234 211 235 215 235 219 235 215 236 220 236 219 236 217 237 216 237 221 237 221 238 216 238 226 238 223 239 227 239 222 239 222 240 227 240 192 240 224 241 223 241 222 241 192 242 227 242 218 242 218 243 227 243 228 243 216 244 225 244 226 244 224 245 229 245 223 245 228 246 233 246 232 246 227 247 233 247 228 247 224 248 230 248 229 248 238 249 230 249 224 249 219 250 231 250 207 250 219 251 235 251 231 251 220 252 235 252 219 252 207 253 234 253 238 253 231 254 234 254 207 254 238 255 237 255 230 255 234 256 236 256 238 256 240 257 235 257 220 257 238 258 236 258 237 258 226 259 225 259 243 259 240 260 239 260 235 260 232 261 241 261 1030 261 233 262 241 262 232 262 242 263 244 263 240 263 240 264 244 264 239 264 225 265 246 265 243 265 243 266 246 266 245 266 245 267 246 267 249 267 242 268 247 268 244 268 251 269 247 269 242 269 249 270 248 270 250 270 246 271 248 271 249 271 251 272 252 272 247 272 250 273 252 273 251 273 248 274 252 274 250 274 248 275 253 275 252 275 248 276 254 276 253 276 248 277 255 277 254 277 241 278 256 278 1030 278 241 279 973 279 256 279 256 280 258 280 257 280 973 281 258 281 256 281 257 282 258 282 271 282 258 283 259 283 271 283 261 284 260 284 265 284 266 285 260 285 261 285 261 286 262 286 263 286 263 287 262 287 264 287 264 288 262 288 1094 288 1094 289 262 289 212 289 261 290 265 290 262 290 265 291 267 291 262 291 273 292 260 292 266 292 273 293 276 293 260 293 269 294 268 294 294 294 259 295 268 295 271 295 270 296 268 296 269 296 271 297 268 297 270 297 272 298 268 298 259 298 272 299 274 299 268 299 275 300 274 300 272 300 279 301 276 301 273 301 262 302 267 302 281 302 275 303 285 303 274 303 279 304 278 304 276 304 277 305 285 305 275 305 267 306 282 306 281 306 280 307 278 307 279 307 282 308 283 308 281 308 277 309 284 309 285 309 285 310 284 310 280 310 280 311 284 311 278 311 278 312 284 312 286 312 284 313 287 313 286 313 288 314 283 314 282 314 286 315 287 315 288 315 288 316 289 316 283 316 287 317 289 317 288 317 248 318 284 318 290 318 248 319 290 319 255 319 290 320 284 320 291 320 291 321 284 321 277 321 262 322 73 322 212 322 268 323 1092 323 292 323 268 324 292 324 293 324 268 325 293 325 294 325 199 326 292 326 1092 326 199 327 1092 327 213 327 300 328 198 328 295 328 198 329 207 329 295 329 207 330 238 330 295 330 295 331 238 331 296 331 296 332 238 332 297 332 238 333 224 333 297 333 297 334 224 334 298 334 224 335 222 335 298 335 222 336 197 336 298 336 298 337 197 337 299 337 197 338 195 338 299 338 299 339 195 339 300 339 195 340 198 340 300 340 301 341 153 341 302 341 153 342 168 342 302 342 302 343 168 343 303 343 168 344 175 344 303 344 303 345 175 345 304 345 175 346 152 346 304 346 304 347 152 347 305 347 152 348 148 348 305 348 148 349 141 349 305 349 305 350 141 350 306 350 306 351 141 351 301 351 141 352 153 352 301 352 307 353 86 353 308 353 86 354 108 354 308 354 308 355 108 355 309 355 108 356 107 356 309 356 309 357 107 357 310 357 107 358 91 358 310 358 310 359 91 359 311 359 311 360 91 360 312 360 91 361 89 361 312 361 89 362 79 362 312 362 312 363 79 363 313 363 313 364 79 364 307 364 79 365 86 365 307 365 67 366 71 366 314 366 314 367 71 367 315 367 71 368 75 368 315 368 75 369 105 369 315 369 315 370 105 370 316 370 105 371 96 371 316 371 316 372 96 372 317 372 96 373 70 373 317 373 317 374 70 374 318 374 70 375 58 375 318 375 318 376 58 376 319 376 58 377 67 377 319 377 319 378 67 378 314 378 118 379 142 379 320 379 320 380 142 380 321 380 142 381 139 381 321 381 321 382 139 382 322 382 139 383 125 383 322 383 322 384 125 384 323 384 125 385 119 385 323 385 119 386 113 386 323 386 323 387 113 387 324 387 113 388 118 388 324 388 324 389 118 389 320 389 329 390 179 390 325 390 179 391 211 391 325 391 325 392 211 392 326 392 211 393 219 393 326 393 219 394 184 394 326 394 326 395 184 395 327 395 184 396 173 396 327 396 327 397 173 397 328 397 173 398 169 398 328 398 328 399 169 399 329 399 169 400 179 400 329 400 332 401 330 401 331 401 332 402 331 402 333 402 334 403 332 403 333 403 334 404 333 404 335 404 336 405 335 405 337 405 336 406 334 406 335 406 338 407 336 407 337 407 338 408 337 408 339 408 340 409 338 409 339 409 341 410 340 410 339 410 341 411 339 411 342 411 343 412 342 412 344 412 343 413 341 413 342 413 343 414 344 414 345 414 346 415 343 415 345 415 348 416 346 416 345 416 348 417 345 417 347 417 348 418 347 418 349 418 350 419 348 419 349 419 350 420 349 420 351 420 352 421 350 421 351 421 352 422 351 422 353 422 354 423 352 423 353 423 354 424 353 424 355 424 356 425 354 425 355 425 356 426 355 426 848 426 357 427 848 427 358 427 357 428 356 428 848 428 359 429 357 429 358 429 359 430 358 430 360 430 361 431 359 431 360 431 361 432 360 432 362 432 363 433 361 433 362 433 363 434 362 434 364 434 365 435 363 435 364 435 365 436 364 436 367 436 366 437 365 437 367 437 366 438 367 438 368 438 369 439 366 439 368 439 369 440 368 440 841 440 370 441 369 441 841 441 370 442 841 442 371 442 372 443 370 443 371 443 372 444 371 444 373 444 374 445 372 445 373 445 374 446 373 446 375 446 376 447 375 447 377 447 376 448 374 448 375 448 378 449 376 449 377 449 378 450 377 450 379 450 380 451 378 451 379 451 380 452 379 452 381 452 382 453 380 453 381 453 382 454 381 454 383 454 384 455 382 455 383 455 384 456 383 456 385 456 386 457 384 457 385 457 386 458 385 458 387 458 388 459 386 459 387 459 388 460 387 460 389 460 390 461 388 461 389 461 390 462 389 462 391 462 392 463 390 463 391 463 392 464 391 464 394 464 393 465 392 465 394 465 393 466 394 466 395 466 396 467 393 467 395 467 396 468 395 468 397 468 398 469 396 469 397 469 398 470 397 470 400 470 399 471 398 471 400 471 401 472 400 472 402 472 401 473 399 473 400 473 403 474 406 474 404 474 405 475 406 475 403 475 405 476 407 476 406 476 407 477 408 477 406 477 409 478 410 478 411 478 409 479 417 479 410 479 465 480 413 480 406 480 412 481 413 481 465 481 414 482 413 482 412 482 415 483 413 483 414 483 416 484 401 484 402 484 413 485 401 485 416 485 409 486 401 486 417 486 417 487 401 487 418 487 418 488 401 488 415 488 415 489 401 489 413 489 419 490 409 490 411 490 419 491 411 491 420 491 419 492 420 492 421 492 422 493 419 493 421 493 423 494 422 494 421 494 423 495 421 495 425 495 424 496 423 496 425 496 424 497 425 497 426 497 427 498 424 498 426 498 427 499 426 499 428 499 429 500 427 500 428 500 429 501 428 501 431 501 430 502 429 502 431 502 430 503 431 503 432 503 433 504 430 504 432 504 433 505 432 505 434 505 435 506 433 506 434 506 437 507 435 507 434 507 437 508 434 508 436 508 437 509 436 509 438 509 439 510 437 510 438 510 330 511 440 511 441 511 441 512 440 512 442 512 330 513 443 513 440 513 440 514 444 514 442 514 330 515 445 515 443 515 444 516 446 516 442 516 444 517 447 517 446 517 445 518 439 518 438 518 330 519 439 519 445 519 1117 520 449 520 448 520 450 521 1117 521 448 521 450 522 451 522 1117 522 453 523 449 523 1117 523 454 524 404 524 870 524 455 525 454 525 870 525 455 526 870 526 457 526 456 527 455 527 457 527 456 528 457 528 868 528 458 529 456 529 868 529 458 530 868 530 866 530 458 531 866 531 864 531 459 532 458 532 864 532 459 533 864 533 460 533 461 534 459 534 460 534 461 535 460 535 447 535 1116 536 462 536 1118 536 1118 537 462 537 451 537 451 538 462 538 453 538 453 539 462 539 1116 539 464 540 465 540 406 540 464 541 406 541 463 541 443 542 464 542 463 542 443 543 463 543 440 543 467 544 445 544 438 544 467 545 466 545 445 545 469 546 467 546 438 546 468 547 466 547 467 547 470 548 466 548 468 548 472 549 469 549 438 549 471 550 466 550 470 550 472 551 438 551 436 551 472 552 436 552 434 552 432 553 474 553 472 553 432 554 472 554 434 554 410 555 466 555 471 555 473 556 410 556 471 556 431 557 474 557 432 557 428 558 474 558 431 558 428 559 475 559 474 559 426 560 475 560 428 560 411 561 473 561 476 561 411 562 476 562 477 562 411 563 410 563 473 563 420 564 411 564 477 564 426 565 478 565 475 565 425 566 478 566 426 566 421 567 420 567 477 567 421 568 477 568 478 568 421 569 478 569 425 569 444 570 479 570 447 570 403 571 479 571 444 571 479 572 480 572 447 572 403 573 482 573 479 573 480 574 481 574 447 574 403 575 483 575 482 575 447 576 481 576 461 576 461 577 481 577 459 577 484 578 459 578 481 578 403 579 485 579 483 579 484 580 458 580 459 580 487 581 458 581 484 581 487 582 456 582 458 582 485 583 404 583 486 583 403 584 404 584 485 584 404 585 454 585 486 585 454 586 455 586 486 586 486 587 455 587 487 587 487 588 455 588 456 588 403 589 488 589 405 589 488 590 489 590 405 590 405 591 489 591 407 591 489 592 490 592 407 592 407 593 491 593 408 593 490 594 491 594 407 594 491 595 463 595 408 595 408 596 463 596 406 596 410 597 417 597 466 597 466 598 417 598 492 598 492 599 417 599 493 599 417 600 418 600 493 600 493 601 418 601 494 601 418 602 415 602 494 602 494 603 415 603 495 603 415 604 414 604 495 604 495 605 414 605 496 605 496 606 412 606 497 606 414 607 412 607 496 607 497 608 412 608 465 608 491 609 444 609 463 609 490 610 444 610 491 610 489 611 444 611 490 611 444 612 440 612 463 612 403 613 444 613 488 613 488 614 444 614 489 614 495 615 445 615 494 615 493 616 494 616 445 616 492 617 493 617 445 617 496 618 445 618 495 618 497 619 445 619 496 619 465 620 445 620 497 620 464 621 445 621 465 621 464 622 443 622 445 622 445 623 466 623 492 623 499 624 498 624 501 624 500 625 501 625 498 625 502 626 499 626 501 626 503 627 501 627 500 627 504 628 501 628 503 628 505 629 501 629 504 629 505 630 504 630 508 630 506 631 501 631 505 631 507 632 505 632 508 632 511 633 508 633 509 633 511 634 507 634 508 634 506 635 517 635 501 635 510 636 517 636 506 636 511 637 509 637 512 637 513 638 511 638 512 638 513 639 512 639 516 639 514 640 517 640 510 640 515 641 513 641 516 641 517 642 514 642 518 642 531 643 518 643 524 643 531 644 517 644 518 644 520 645 519 645 521 645 522 646 519 646 520 646 523 647 520 647 521 647 523 648 521 648 515 648 522 649 524 649 519 649 523 650 515 650 516 650 523 651 516 651 527 651 525 652 524 652 522 652 525 653 531 653 524 653 531 654 525 654 526 654 530 655 527 655 528 655 530 656 532 656 529 656 530 657 529 657 523 657 530 658 523 658 527 658 533 659 532 659 530 659 533 660 535 660 532 660 534 661 535 661 533 661 534 662 537 662 535 662 538 663 537 663 534 663 531 664 526 664 536 664 543 665 537 665 538 665 543 666 542 666 537 666 531 667 536 667 539 667 531 668 539 668 540 668 531 669 540 669 541 669 531 670 541 670 542 670 531 671 543 671 545 671 531 672 542 672 543 672 544 673 531 673 545 673 544 674 545 674 591 674 547 675 548 675 546 675 546 676 549 676 547 676 548 677 550 677 546 677 546 678 553 678 549 678 550 679 551 679 546 679 552 680 553 680 546 680 552 681 554 681 553 681 552 682 555 682 554 682 552 683 556 683 555 683 552 684 557 684 556 684 552 685 558 685 557 685 560 686 559 686 561 686 561 687 559 687 562 687 562 688 559 688 551 688 551 689 559 689 546 689 564 690 559 690 563 690 563 691 559 691 560 691 566 692 565 692 564 692 565 693 567 693 564 693 564 694 567 694 559 694 566 695 568 695 565 695 569 696 568 696 566 696 569 697 572 697 568 697 567 698 570 698 559 698 559 699 570 699 571 699 570 700 573 700 571 700 574 701 572 701 569 701 574 702 575 702 572 702 577 703 575 703 574 703 573 704 576 704 571 704 577 705 579 705 575 705 576 706 578 706 571 706 580 707 579 707 577 707 580 708 631 708 579 708 581 709 631 709 580 709 582 710 571 710 578 710 582 711 585 711 571 711 583 712 585 712 582 712 584 713 585 713 583 713 586 714 585 714 584 714 587 715 585 715 586 715 552 716 631 716 588 716 552 717 588 717 589 717 552 718 589 718 590 718 552 719 590 719 558 719 588 720 631 720 581 720 591 721 592 721 544 721 528 722 593 722 530 722 530 723 593 723 596 723 501 724 600 724 502 724 501 725 597 725 600 725 591 726 594 726 592 726 593 727 598 727 596 727 594 728 595 728 592 728 594 729 602 729 595 729 598 730 599 730 596 730 600 731 597 731 603 731 596 732 599 732 601 732 599 733 604 733 601 733 601 734 604 734 606 734 597 735 605 735 603 735 603 736 605 736 604 736 604 737 605 737 606 737 606 738 605 738 607 738 602 739 611 739 595 739 611 740 610 740 595 740 607 741 608 741 609 741 608 742 612 742 609 742 611 743 613 743 610 743 613 744 615 744 610 744 613 745 616 745 615 745 612 746 614 746 618 746 616 747 617 747 615 747 618 748 614 748 619 748 617 749 620 749 615 749 620 750 621 750 615 750 614 751 623 751 619 751 619 752 623 752 620 752 620 753 622 753 621 753 620 754 623 754 622 754 623 755 624 755 622 755 622 756 625 756 621 756 621 757 625 757 626 757 624 758 802 758 628 758 623 759 802 759 624 759 625 760 627 760 626 760 627 761 629 761 626 761 626 762 629 762 630 762 802 763 587 763 628 763 802 764 585 764 587 764 630 765 631 765 552 765 629 766 631 766 630 766 448 767 449 767 632 767 633 768 632 768 634 768 633 769 448 769 632 769 635 770 633 770 634 770 636 771 634 771 637 771 636 772 635 772 634 772 638 773 637 773 639 773 638 774 636 774 637 774 640 775 638 775 639 775 641 776 639 776 642 776 641 777 640 777 639 777 643 778 642 778 644 778 643 779 641 779 642 779 645 780 644 780 646 780 645 781 643 781 644 781 647 782 646 782 648 782 647 783 645 783 646 783 650 784 648 784 649 784 650 785 647 785 648 785 650 786 649 786 651 786 559 787 651 787 546 787 654 788 656 788 655 788 656 789 690 789 655 789 655 790 690 790 657 790 690 791 658 791 657 791 658 792 691 792 659 792 659 793 657 793 658 793 653 794 657 794 659 794 653 795 655 795 657 795 653 796 652 796 654 796 653 797 654 797 655 797 653 798 659 798 691 798 653 799 691 799 652 799 673 800 661 800 660 800 660 801 661 801 662 801 661 802 663 802 662 802 662 803 663 803 664 803 664 804 665 804 666 804 665 805 667 805 666 805 666 806 667 806 668 806 667 807 670 807 668 807 668 808 670 808 669 808 669 809 670 809 671 809 670 810 672 810 671 810 672 811 673 811 671 811 671 812 673 812 660 812 660 813 669 813 671 813 660 814 668 814 669 814 662 815 664 815 666 815 662 816 668 816 660 816 662 817 666 817 668 817 689 818 692 818 674 818 674 819 692 819 675 819 692 820 677 820 675 820 675 821 677 821 676 821 677 822 678 822 676 822 676 823 678 823 680 823 678 824 679 824 680 824 680 825 679 825 681 825 679 826 682 826 681 826 681 827 682 827 683 827 682 828 684 828 683 828 683 829 684 829 685 829 684 830 688 830 685 830 685 831 688 831 686 831 686 832 688 832 687 832 688 833 689 833 687 833 674 834 687 834 689 834 674 835 683 835 685 835 674 836 685 836 686 836 674 837 686 837 687 837 675 838 676 838 680 838 675 839 681 839 683 839 675 840 683 840 674 840 675 841 680 841 681 841 690 842 656 842 180 842 690 843 691 843 658 843 180 844 691 844 690 844 180 845 652 845 691 845 652 846 656 846 654 846 180 847 656 847 652 847 667 848 665 848 670 848 670 849 665 849 192 849 192 850 672 850 670 850 673 851 663 851 661 851 672 852 663 852 673 852 192 853 663 853 672 853 663 854 665 854 664 854 192 855 665 855 663 855 85 856 682 856 679 856 684 857 682 857 688 857 85 858 688 858 682 858 85 859 689 859 688 859 85 860 692 860 689 860 85 861 677 861 692 861 677 862 679 862 678 862 85 863 679 863 677 863 329 864 693 864 328 864 328 865 693 865 694 865 329 866 695 866 693 866 327 867 328 867 694 867 327 868 694 868 696 868 329 869 698 869 695 869 327 870 696 870 697 870 325 871 698 871 329 871 700 872 327 872 697 872 699 873 698 873 325 873 700 874 326 874 327 874 702 875 699 875 325 875 701 876 326 876 700 876 702 877 325 877 326 877 704 878 326 878 701 878 703 879 702 879 326 879 704 880 703 880 326 880 700 881 537 881 701 881 537 882 542 882 701 882 701 883 542 883 704 883 542 884 541 884 704 884 541 885 540 885 704 885 704 886 540 886 703 886 540 887 539 887 703 887 703 888 539 888 702 888 539 889 536 889 702 889 702 890 536 890 699 890 536 891 526 891 699 891 699 892 526 892 698 892 526 893 525 893 698 893 698 894 525 894 695 894 525 895 522 895 695 895 695 896 522 896 693 896 522 897 520 897 693 897 693 898 520 898 694 898 520 899 523 899 694 899 694 900 529 900 696 900 523 901 529 901 694 901 529 902 532 902 696 902 696 903 532 903 697 903 532 904 535 904 697 904 697 905 535 905 700 905 535 906 537 906 700 906 324 907 706 907 705 907 324 908 705 908 708 908 320 909 706 909 324 909 320 910 707 910 706 910 320 911 710 911 707 911 323 912 324 912 708 912 323 913 708 913 709 913 323 914 709 914 711 914 320 915 712 915 710 915 712 916 320 916 321 916 711 917 322 917 323 917 713 918 322 918 711 918 715 919 712 919 321 919 714 920 322 920 713 920 716 921 715 921 321 921 717 922 322 922 714 922 717 923 716 923 321 923 717 924 321 924 322 924 713 925 521 925 714 925 521 926 519 926 714 926 714 927 519 927 717 927 519 928 524 928 717 928 717 929 524 929 716 929 716 930 524 930 715 930 524 931 518 931 715 931 715 932 518 932 712 932 518 933 514 933 712 933 712 934 514 934 710 934 514 935 510 935 710 935 710 936 510 936 707 936 510 937 506 937 707 937 707 938 506 938 706 938 706 939 505 939 705 939 506 940 505 940 706 940 505 941 507 941 705 941 705 942 507 942 708 942 507 943 511 943 708 943 708 944 511 944 709 944 511 945 513 945 709 945 709 946 513 946 711 946 513 947 515 947 711 947 711 948 515 948 713 948 515 949 521 949 713 949 319 950 718 950 719 950 319 951 720 951 718 951 318 952 319 952 719 952 318 953 719 953 721 953 314 954 720 954 319 954 314 955 722 955 720 955 318 956 721 956 724 956 314 957 723 957 722 957 315 958 723 958 314 958 318 959 724 959 725 959 727 960 723 960 315 960 725 961 317 961 318 961 726 962 317 962 725 962 729 963 727 963 315 963 728 964 317 964 726 964 729 965 315 965 316 965 728 966 316 966 317 966 731 967 729 967 316 967 730 968 316 968 728 968 731 969 316 969 730 969 528 970 527 970 728 970 728 971 527 971 730 971 527 972 516 972 730 972 730 973 516 973 731 973 516 974 512 974 731 974 731 975 512 975 729 975 512 976 509 976 729 976 509 977 508 977 729 977 729 978 508 978 727 978 508 979 504 979 727 979 727 980 504 980 723 980 723 981 504 981 722 981 504 982 503 982 722 982 722 983 503 983 720 983 503 984 500 984 720 984 720 985 500 985 718 985 500 986 498 986 718 986 718 987 499 987 719 987 498 988 499 988 718 988 499 989 502 989 719 989 719 990 502 990 721 990 502 991 600 991 721 991 721 992 600 992 724 992 600 993 603 993 724 993 603 994 604 994 724 994 724 995 604 995 725 995 604 996 599 996 725 996 599 997 598 997 725 997 725 998 598 998 726 998 598 999 593 999 726 999 726 1000 593 1000 728 1000 593 1001 528 1001 728 1001 568 1002 572 1002 732 1002 732 1003 572 1003 733 1003 572 1004 575 1004 733 1004 733 1005 575 1005 734 1005 575 1006 579 1006 734 1006 734 1007 579 1007 735 1007 579 1008 631 1008 735 1008 631 1009 629 1009 735 1009 735 1010 629 1010 736 1010 629 1011 627 1011 736 1011 627 1012 625 1012 736 1012 625 1013 622 1013 736 1013 736 1014 622 1014 737 1014 737 1015 622 1015 738 1015 622 1016 624 1016 738 1016 624 1017 628 1017 738 1017 738 1018 628 1018 739 1018 628 1019 587 1019 739 1019 739 1020 587 1020 740 1020 587 1021 586 1021 740 1021 740 1022 586 1022 741 1022 586 1023 584 1023 741 1023 741 1024 584 1024 742 1024 584 1025 583 1025 742 1025 742 1026 583 1026 743 1026 583 1027 582 1027 743 1027 743 1028 582 1028 744 1028 582 1029 578 1029 744 1029 744 1030 578 1030 745 1030 578 1031 576 1031 745 1031 576 1032 573 1032 745 1032 745 1033 573 1033 746 1033 746 1034 573 1034 747 1034 573 1035 570 1035 747 1035 747 1036 570 1036 748 1036 570 1037 567 1037 748 1037 748 1038 565 1038 749 1038 567 1039 565 1039 748 1039 749 1040 565 1040 750 1040 565 1041 568 1041 750 1041 750 1042 568 1042 732 1042 313 1043 742 1043 743 1043 313 1044 743 1044 744 1044 313 1045 741 1045 742 1045 312 1046 313 1046 744 1046 307 1047 741 1047 313 1047 307 1048 740 1048 741 1048 312 1049 744 1049 745 1049 307 1050 739 1050 740 1050 312 1051 745 1051 746 1051 307 1052 738 1052 739 1052 312 1053 746 1053 747 1053 738 1054 307 1054 308 1054 737 1055 738 1055 308 1055 748 1056 311 1056 312 1056 748 1057 312 1057 747 1057 736 1058 737 1058 308 1058 749 1059 311 1059 748 1059 750 1060 311 1060 749 1060 750 1061 310 1061 311 1061 735 1062 736 1062 308 1062 732 1063 310 1063 750 1063 735 1064 308 1064 309 1064 733 1065 310 1065 732 1065 733 1066 309 1066 310 1066 734 1067 735 1067 309 1067 734 1068 309 1068 733 1068 549 1069 553 1069 751 1069 751 1070 553 1070 752 1070 752 1071 554 1071 753 1071 553 1072 554 1072 752 1072 554 1073 555 1073 753 1073 753 1074 555 1074 754 1074 754 1075 556 1075 755 1075 555 1076 556 1076 754 1076 755 1077 556 1077 756 1077 556 1078 557 1078 756 1078 756 1079 557 1079 757 1079 557 1080 558 1080 757 1080 558 1081 590 1081 757 1081 757 1082 590 1082 758 1082 590 1083 589 1083 758 1083 758 1084 589 1084 759 1084 589 1085 588 1085 759 1085 588 1086 581 1086 759 1086 759 1087 581 1087 760 1087 760 1088 581 1088 761 1088 581 1089 580 1089 761 1089 761 1090 577 1090 762 1090 580 1091 577 1091 761 1091 762 1092 577 1092 763 1092 577 1093 574 1093 763 1093 574 1094 569 1094 763 1094 763 1095 569 1095 764 1095 569 1096 566 1096 764 1096 764 1097 566 1097 765 1097 566 1098 564 1098 765 1098 765 1099 564 1099 766 1099 766 1100 564 1100 767 1100 564 1101 563 1101 767 1101 563 1102 560 1102 767 1102 767 1103 560 1103 768 1103 768 1104 561 1104 769 1104 560 1105 561 1105 768 1105 769 1106 562 1106 770 1106 561 1107 562 1107 769 1107 562 1108 551 1108 770 1108 770 1109 551 1109 771 1109 551 1110 550 1110 771 1110 771 1111 548 1111 772 1111 550 1112 548 1112 771 1112 772 1113 547 1113 773 1113 548 1114 547 1114 772 1114 547 1115 549 1115 773 1115 773 1116 549 1116 751 1116 306 1117 763 1117 764 1117 306 1118 764 1118 765 1118 301 1119 763 1119 306 1119 306 1120 765 1120 766 1120 305 1121 306 1121 766 1121 301 1122 762 1122 763 1122 305 1123 766 1123 767 1123 305 1124 767 1124 768 1124 301 1125 761 1125 762 1125 305 1126 768 1126 769 1126 301 1127 760 1127 761 1127 305 1128 769 1128 770 1128 304 1129 305 1129 770 1129 759 1130 301 1130 302 1130 759 1131 760 1131 301 1131 771 1132 304 1132 770 1132 772 1133 304 1133 771 1133 758 1134 759 1134 302 1134 757 1135 758 1135 302 1135 773 1136 304 1136 772 1136 756 1137 757 1137 302 1137 756 1138 302 1138 303 1138 751 1139 304 1139 773 1139 755 1140 756 1140 303 1140 752 1141 304 1141 751 1141 752 1142 303 1142 304 1142 754 1143 755 1143 303 1143 753 1144 303 1144 752 1144 753 1145 754 1145 303 1145 300 1146 775 1146 774 1146 299 1147 300 1147 774 1147 300 1148 777 1148 775 1148 299 1149 774 1149 776 1149 300 1150 779 1150 777 1150 299 1151 776 1151 778 1151 295 1152 779 1152 300 1152 295 1153 781 1153 779 1153 298 1154 778 1154 780 1154 298 1155 299 1155 778 1155 782 1156 781 1156 295 1156 783 1157 298 1157 780 1157 782 1158 295 1158 296 1158 785 1159 782 1159 296 1159 784 1160 298 1160 783 1160 784 1161 297 1161 298 1161 787 1162 785 1162 296 1162 787 1163 296 1163 297 1163 786 1164 297 1164 784 1164 788 1165 787 1165 297 1165 786 1166 788 1166 297 1166 784 1167 602 1167 786 1167 611 1168 602 1168 784 1168 786 1169 602 1169 788 1169 602 1170 594 1170 788 1170 594 1171 591 1171 788 1171 788 1172 591 1172 787 1172 787 1173 545 1173 785 1173 591 1174 545 1174 787 1174 545 1175 543 1175 785 1175 785 1176 543 1176 782 1176 543 1177 538 1177 782 1177 782 1178 538 1178 781 1178 538 1179 534 1179 781 1179 534 1180 533 1180 781 1180 781 1181 533 1181 779 1181 533 1182 530 1182 779 1182 779 1183 530 1183 777 1183 530 1184 596 1184 777 1184 777 1185 596 1185 775 1185 596 1186 601 1186 775 1186 601 1187 606 1187 775 1187 775 1188 607 1188 774 1188 606 1189 607 1189 775 1189 607 1190 609 1190 774 1190 774 1191 609 1191 776 1191 609 1192 612 1192 776 1192 776 1193 618 1193 778 1193 612 1194 618 1194 776 1194 618 1195 619 1195 778 1195 778 1196 620 1196 780 1196 619 1197 620 1197 778 1197 620 1198 617 1198 780 1198 617 1199 616 1199 780 1199 780 1200 616 1200 783 1200 616 1201 613 1201 783 1201 783 1202 613 1202 784 1202 613 1203 611 1203 784 1203 799 1204 795 1204 791 1204 795 1205 799 1205 790 1205 819 1206 331 1206 330 1206 789 1207 794 1207 793 1207 790 1208 799 1208 798 1208 793 1209 795 1209 790 1209 791 1210 795 1210 792 1210 794 1211 789 1211 796 1211 794 1212 792 1212 795 1212 794 1213 795 1213 793 1213 790 1214 342 1214 339 1214 790 1215 339 1215 337 1215 789 1216 793 1216 333 1216 798 1217 344 1217 342 1217 790 1218 798 1218 342 1218 793 1219 790 1219 337 1219 793 1220 337 1220 335 1220 793 1221 335 1221 333 1221 792 1222 585 1222 791 1222 789 1223 333 1223 331 1223 792 1224 571 1224 585 1224 819 1225 789 1225 331 1225 794 1226 797 1226 792 1226 792 1227 797 1227 571 1227 797 1228 559 1228 571 1228 441 1229 819 1229 330 1229 353 1230 800 1230 355 1230 597 1231 501 1231 851 1231 798 1232 345 1232 344 1232 851 1233 801 1233 597 1233 791 1234 585 1234 802 1234 800 1235 353 1235 351 1235 801 1236 605 1236 597 1236 801 1237 851 1237 849 1237 800 1238 801 1238 849 1238 799 1239 800 1239 798 1239 799 1240 801 1240 800 1240 798 1241 347 1241 345 1241 798 1242 351 1242 349 1242 798 1243 800 1243 351 1243 798 1244 349 1244 347 1244 801 1245 607 1245 605 1245 801 1246 608 1246 607 1246 801 1247 612 1247 608 1247 801 1248 614 1248 612 1248 802 1249 614 1249 801 1249 802 1250 623 1250 614 1250 799 1251 802 1251 801 1251 791 1252 802 1252 799 1252 806 1253 803 1253 819 1253 803 1254 806 1254 809 1254 805 1255 803 1255 809 1255 806 1256 808 1256 809 1256 806 1257 807 1257 808 1257 651 1258 559 1258 797 1258 810 1259 441 1259 442 1259 796 1260 803 1260 804 1260 805 1261 804 1261 803 1261 804 1262 647 1262 650 1262 817 1263 805 1263 809 1263 796 1264 804 1264 797 1264 811 1265 819 1265 441 1265 811 1266 441 1266 810 1266 811 1267 810 1267 813 1267 811 1268 813 1268 812 1268 804 1269 641 1269 643 1269 817 1270 852 1270 814 1270 817 1271 814 1271 448 1271 817 1272 448 1272 633 1272 806 1273 819 1273 811 1273 797 1274 650 1274 651 1274 804 1275 650 1275 797 1275 804 1276 643 1276 645 1276 806 1277 811 1277 812 1277 806 1278 812 1278 857 1278 806 1279 857 1279 815 1279 806 1280 815 1280 807 1280 804 1281 640 1281 641 1281 805 1282 640 1282 804 1282 805 1283 638 1283 640 1283 805 1284 636 1284 638 1284 817 1285 636 1285 805 1285 817 1286 816 1286 818 1286 817 1287 635 1287 636 1287 817 1288 633 1288 635 1288 817 1289 818 1289 852 1289 796 1290 797 1290 794 1290 804 1291 645 1291 647 1291 809 1292 808 1292 856 1292 809 1293 856 1293 855 1293 809 1294 855 1294 854 1294 809 1295 854 1295 853 1295 809 1296 853 1296 816 1296 809 1297 816 1297 817 1297 819 1298 796 1298 789 1298 796 1299 819 1299 803 1299 820 1300 821 1300 402 1300 820 1301 402 1301 400 1301 820 1302 822 1302 821 1302 826 1303 822 1303 820 1303 826 1304 823 1304 822 1304 828 1305 823 1305 826 1305 828 1306 824 1306 823 1306 820 1307 400 1307 397 1307 825 1308 824 1308 828 1308 827 1309 820 1309 397 1309 830 1310 858 1310 825 1310 827 1311 397 1311 395 1311 826 1312 820 1312 827 1312 830 1313 531 1313 858 1313 830 1314 825 1314 828 1314 831 1315 826 1315 827 1315 827 1316 395 1316 394 1316 831 1317 828 1317 826 1317 829 1318 827 1318 394 1318 829 1319 831 1319 827 1319 829 1320 394 1320 391 1320 830 1321 828 1321 831 1321 829 1322 391 1322 389 1322 833 1323 531 1323 830 1323 832 1324 389 1324 387 1324 832 1325 829 1325 389 1325 832 1326 831 1326 829 1326 833 1327 830 1327 831 1327 832 1328 387 1328 385 1328 835 1329 831 1329 832 1329 833 1330 831 1330 835 1330 832 1331 385 1331 383 1331 836 1332 833 1332 835 1332 834 1333 832 1333 383 1333 835 1334 832 1334 834 1334 836 1335 531 1335 833 1335 834 1336 383 1336 381 1336 836 1337 517 1337 531 1337 836 1338 835 1338 834 1338 837 1339 381 1339 379 1339 837 1340 834 1340 381 1340 839 1341 837 1341 379 1341 839 1342 379 1342 377 1342 837 1343 836 1343 834 1343 839 1344 377 1344 375 1344 838 1345 836 1345 837 1345 840 1346 839 1346 375 1346 840 1347 375 1347 373 1347 838 1348 837 1348 839 1348 838 1349 517 1349 836 1349 838 1350 839 1350 840 1350 840 1351 373 1351 371 1351 841 1352 840 1352 371 1352 842 1353 838 1353 840 1353 843 1354 840 1354 841 1354 843 1355 842 1355 840 1355 845 1356 838 1356 842 1356 843 1357 368 1357 367 1357 843 1358 841 1358 368 1358 517 1359 838 1359 845 1359 844 1360 843 1360 367 1360 844 1361 367 1361 364 1361 846 1362 843 1362 844 1362 846 1363 842 1363 843 1363 845 1364 842 1364 846 1364 845 1365 501 1365 517 1365 362 1366 844 1366 364 1366 847 1367 844 1367 362 1367 846 1368 844 1368 847 1368 847 1369 362 1369 360 1369 847 1370 360 1370 358 1370 848 1371 847 1371 358 1371 850 1372 846 1372 847 1372 850 1373 847 1373 848 1373 851 1374 846 1374 850 1374 849 1375 850 1375 848 1375 851 1376 845 1376 846 1376 849 1377 355 1377 800 1377 849 1378 848 1378 355 1378 851 1379 501 1379 845 1379 849 1380 851 1380 850 1380 814 1381 450 1381 448 1381 446 1382 810 1382 442 1382 446 1383 813 1383 810 1383 858 1384 531 1384 544 1384 825 1385 858 1385 881 1385 824 1386 825 1386 881 1386 822 1387 823 1387 859 1387 821 1388 822 1388 860 1388 402 1389 821 1389 416 1389 452 1390 450 1390 814 1390 861 1391 813 1391 446 1391 861 1392 446 1392 447 1392 861 1393 812 1393 813 1393 861 1394 857 1394 812 1394 861 1395 815 1395 857 1395 861 1396 807 1396 815 1396 460 1397 861 1397 447 1397 862 1398 808 1398 807 1398 862 1399 807 1399 861 1399 862 1400 856 1400 808 1400 865 1401 861 1401 460 1401 862 1402 855 1402 856 1402 862 1403 854 1403 855 1403 865 1404 862 1404 861 1404 862 1405 853 1405 854 1405 865 1406 460 1406 864 1406 863 1407 816 1407 853 1407 863 1408 853 1408 862 1408 863 1409 818 1409 816 1409 863 1410 852 1410 818 1410 863 1411 814 1411 852 1411 863 1412 452 1412 814 1412 863 1413 862 1413 865 1413 867 1414 865 1414 864 1414 863 1415 865 1415 867 1415 867 1416 864 1416 866 1416 867 1417 452 1417 863 1417 867 1418 866 1418 868 1418 872 1419 867 1419 868 1419 457 1420 869 1420 868 1420 869 1421 872 1421 868 1421 452 1422 867 1422 872 1422 871 1423 457 1423 870 1423 871 1424 869 1424 457 1424 872 1425 869 1425 871 1425 874 1426 870 1426 404 1426 874 1427 871 1427 870 1427 874 1428 404 1428 886 1428 874 1429 886 1429 406 1429 874 1430 406 1430 873 1430 876 1431 872 1431 871 1431 874 1432 876 1432 871 1432 876 1433 874 1433 873 1433 876 1434 873 1434 885 1434 876 1435 885 1435 884 1435 876 1436 452 1436 872 1436 876 1437 884 1437 883 1437 876 1438 883 1438 875 1438 876 1439 875 1439 453 1439 876 1440 453 1440 452 1440 630 1441 552 1441 887 1441 879 1442 877 1442 413 1442 878 1443 630 1443 887 1443 878 1444 887 1444 888 1444 878 1445 626 1445 630 1445 880 1446 615 1446 621 1446 860 1447 879 1447 413 1447 860 1448 413 1448 416 1448 881 1449 610 1449 880 1449 860 1450 416 1450 821 1450 881 1451 595 1451 610 1451 881 1452 858 1452 544 1452 881 1453 544 1453 592 1453 882 1454 877 1454 879 1454 882 1455 889 1455 877 1455 878 1456 889 1456 882 1456 878 1457 888 1457 889 1457 882 1458 879 1458 880 1458 859 1459 881 1459 880 1459 860 1460 822 1460 859 1460 878 1461 882 1461 880 1461 878 1462 621 1462 626 1462 878 1463 880 1463 621 1463 880 1464 610 1464 615 1464 859 1465 880 1465 879 1465 859 1466 823 1466 881 1466 823 1467 824 1467 881 1467 860 1468 859 1468 879 1468 881 1469 592 1469 595 1469 875 1470 449 1470 453 1470 406 1471 886 1471 404 1471 552 1472 546 1472 887 1472 889 1473 888 1473 893 1473 413 1474 877 1474 406 1474 651 1475 887 1475 546 1475 875 1476 632 1476 449 1476 890 1477 888 1477 887 1477 890 1478 651 1478 649 1478 890 1479 887 1479 651 1479 890 1480 646 1480 644 1480 891 1481 890 1481 644 1481 891 1482 644 1482 642 1482 891 1483 642 1483 639 1483 892 1484 877 1484 889 1484 892 1485 406 1485 877 1485 891 1486 875 1486 883 1486 875 1487 891 1487 632 1487 890 1488 649 1488 648 1488 890 1489 893 1489 888 1489 891 1490 639 1490 637 1490 891 1491 634 1491 632 1491 891 1492 883 1492 884 1492 890 1493 648 1493 646 1493 893 1494 892 1494 889 1494 890 1495 891 1495 893 1495 891 1496 637 1496 634 1496 891 1497 884 1497 885 1497 892 1498 873 1498 406 1498 892 1499 893 1499 891 1499 892 1500 885 1500 873 1500 892 1501 891 1501 885 1501 895 1502 896 1502 894 1502 157 1503 897 1503 895 1503 897 1504 899 1504 895 1504 899 1505 900 1505 895 1505 895 1506 900 1506 896 1506 896 1507 900 1507 898 1507 898 1508 901 1508 902 1508 900 1509 901 1509 898 1509 902 1510 903 1510 904 1510 901 1511 903 1511 902 1511 903 1512 906 1512 904 1512 904 1513 906 1513 905 1513 906 1514 908 1514 905 1514 905 1515 908 1515 909 1515 909 1516 912 1516 913 1516 908 1517 912 1517 909 1517 907 1518 911 1518 910 1518 913 1519 914 1519 907 1519 912 1520 914 1520 913 1520 914 1521 917 1521 907 1521 907 1522 917 1522 911 1522 911 1523 917 1523 915 1523 916 1524 918 1524 250 1524 915 1525 918 1525 916 1525 917 1526 918 1526 915 1526 900 1527 187 1527 901 1527 187 1528 194 1528 901 1528 901 1529 194 1529 903 1529 903 1530 217 1530 906 1530 194 1531 217 1531 903 1531 906 1532 221 1532 908 1532 217 1533 221 1533 906 1533 221 1534 226 1534 908 1534 908 1535 226 1535 912 1535 226 1536 243 1536 912 1536 912 1537 243 1537 914 1537 243 1538 245 1538 914 1538 166 1539 898 1539 902 1539 177 1540 166 1540 902 1540 177 1541 902 1541 904 1541 185 1542 904 1542 905 1542 185 1543 177 1543 904 1543 201 1544 905 1544 909 1544 201 1545 185 1545 905 1545 210 1546 201 1546 909 1546 210 1547 909 1547 913 1547 215 1548 210 1548 913 1548 215 1549 913 1549 907 1549 921 1550 925 1550 922 1550 919 1551 927 1551 921 1551 921 1552 927 1552 925 1552 110 1553 928 1553 926 1553 923 1554 928 1554 924 1554 926 1555 928 1555 923 1555 928 1556 931 1556 924 1556 929 1557 933 1557 930 1557 930 1558 933 1558 934 1558 932 1559 935 1559 931 1559 927 1560 937 1560 929 1560 929 1561 937 1561 933 1561 919 1562 937 1562 927 1562 935 1563 936 1563 931 1563 919 1564 938 1564 937 1564 920 1565 938 1565 919 1565 920 1566 940 1566 938 1566 924 1567 940 1567 920 1567 936 1568 942 1568 931 1568 170 1569 942 1569 939 1569 939 1570 942 1570 936 1570 940 1571 941 1571 150 1571 940 1572 943 1572 941 1572 943 1573 946 1573 944 1573 943 1574 948 1574 946 1574 931 1575 948 1575 924 1575 940 1576 948 1576 943 1576 924 1577 948 1577 940 1577 931 1578 951 1578 948 1578 947 1579 949 1579 945 1579 951 1580 950 1580 952 1580 951 1581 953 1581 950 1581 951 1582 954 1582 953 1582 945 1583 955 1583 942 1583 931 1584 955 1584 951 1584 949 1585 955 1585 945 1585 951 1586 955 1586 954 1586 188 1587 955 1587 949 1587 942 1588 955 1588 931 1588 110 1589 122 1589 928 1589 928 1590 122 1590 931 1590 931 1591 122 1591 932 1591 122 1592 124 1592 932 1592 932 1593 124 1593 935 1593 124 1594 147 1594 935 1594 935 1595 147 1595 936 1595 936 1596 147 1596 939 1596 147 1597 154 1597 939 1597 939 1598 154 1598 170 1598 170 1599 174 1599 942 1599 942 1600 174 1600 945 1600 174 1601 183 1601 945 1601 945 1602 183 1602 947 1602 183 1603 186 1603 947 1603 947 1604 186 1604 949 1604 186 1605 188 1605 949 1605 188 1606 202 1606 955 1606 955 1607 202 1607 954 1607 202 1608 193 1608 954 1608 954 1609 193 1609 953 1609 953 1610 191 1610 950 1610 193 1611 191 1611 953 1611 950 1612 191 1612 952 1612 952 1613 190 1613 951 1613 191 1614 190 1614 952 1614 951 1615 190 1615 948 1615 190 1616 181 1616 948 1616 948 1617 181 1617 946 1617 946 1618 181 1618 944 1618 181 1619 178 1619 944 1619 944 1620 178 1620 943 1620 178 1621 172 1621 943 1621 943 1622 172 1622 941 1622 172 1623 150 1623 941 1623 940 1624 149 1624 938 1624 150 1625 149 1625 940 1625 938 1626 149 1626 937 1626 149 1627 143 1627 937 1627 937 1628 934 1628 933 1628 143 1629 934 1629 937 1629 934 1630 123 1630 930 1630 123 1631 116 1631 930 1631 930 1632 116 1632 929 1632 929 1633 116 1633 927 1633 116 1634 109 1634 927 1634 927 1635 109 1635 925 1635 925 1636 101 1636 922 1636 109 1637 101 1637 925 1637 922 1638 99 1638 921 1638 101 1639 99 1639 922 1639 921 1640 99 1640 919 1640 99 1641 95 1641 919 1641 919 1642 95 1642 920 1642 95 1643 98 1643 920 1643 98 1644 102 1644 920 1644 920 1645 102 1645 924 1645 924 1646 102 1646 923 1646 102 1647 104 1647 923 1647 923 1648 104 1648 926 1648 104 1649 110 1649 926 1649 956 1650 961 1650 957 1650 956 1651 962 1651 961 1651 963 1652 962 1652 956 1652 964 1653 962 1653 963 1653 965 1654 962 1654 964 1654 960 1655 966 1655 959 1655 959 1656 970 1656 958 1656 966 1657 970 1657 959 1657 252 1658 968 1658 967 1658 968 1659 969 1659 967 1659 969 1660 970 1660 967 1660 971 1661 970 1661 965 1661 972 1662 970 1662 971 1662 958 1663 970 1663 972 1663 965 1664 970 1664 962 1664 970 1665 976 1665 962 1665 962 1666 976 1666 974 1666 976 1667 977 1667 974 1667 974 1668 977 1668 975 1668 977 1669 978 1669 975 1669 976 1670 290 1670 977 1670 290 1671 291 1671 977 1671 291 1672 277 1672 977 1672 977 1673 277 1673 978 1673 277 1674 275 1674 978 1674 275 1675 272 1675 978 1675 978 1676 272 1676 975 1676 975 1677 259 1677 974 1677 272 1678 259 1678 975 1678 259 1679 258 1679 974 1679 974 1680 258 1680 973 1680 255 1681 290 1681 970 1681 970 1682 290 1682 976 1682 234 1683 231 1683 958 1683 234 1684 958 1684 972 1684 236 1685 234 1685 972 1685 236 1686 972 1686 971 1686 237 1687 236 1687 971 1687 237 1688 971 1688 965 1688 230 1689 237 1689 965 1689 230 1690 965 1690 964 1690 229 1691 963 1691 956 1691 229 1692 964 1692 963 1692 229 1693 230 1693 964 1693 223 1694 229 1694 956 1694 973 1695 962 1695 974 1695 973 1696 241 1696 962 1696 32 1697 981 1697 980 1697 982 1698 983 1698 981 1698 981 1699 983 1699 980 1699 980 1700 983 1700 979 1700 983 1701 984 1701 979 1701 984 1702 986 1702 979 1702 979 1703 986 1703 985 1703 985 1704 986 1704 987 1704 986 1705 988 1705 987 1705 987 1706 988 1706 989 1706 989 1707 991 1707 990 1707 988 1708 991 1708 989 1708 991 1709 993 1709 990 1709 990 1710 993 1710 992 1710 993 1711 994 1711 992 1711 992 1712 994 1712 995 1712 994 1713 998 1713 995 1713 995 1714 998 1714 996 1714 996 1715 998 1715 997 1715 997 1716 998 1716 999 1716 1000 1717 1001 1717 998 1717 998 1718 1001 1718 999 1718 999 1719 1003 1719 1002 1719 999 1720 1004 1720 1003 1720 1001 1721 1004 1721 999 1721 996 1722 87 1722 995 1722 209 1723 87 1723 996 1723 87 1724 82 1724 995 1724 995 1725 76 1725 992 1725 82 1726 76 1726 995 1726 76 1727 74 1727 992 1727 992 1728 74 1728 990 1728 74 1729 51 1729 990 1729 990 1730 51 1730 989 1730 989 1731 44 1731 987 1731 51 1732 44 1732 989 1732 44 1733 34 1733 987 1733 987 1734 34 1734 985 1734 94 1735 106 1735 998 1735 94 1736 998 1736 994 1736 92 1737 994 1737 993 1737 92 1738 94 1738 994 1738 90 1739 993 1739 991 1739 90 1740 92 1740 993 1740 90 1741 991 1741 988 1741 83 1742 90 1742 988 1742 83 1743 988 1743 986 1743 80 1744 83 1744 986 1744 128 1745 1020 1745 1018 1745 214 1746 1027 1746 1005 1746 203 1747 214 1747 1005 1747 203 1748 1005 1748 1006 1748 196 1749 203 1749 1006 1749 196 1750 1006 1750 1007 1750 182 1751 1007 1751 1008 1751 182 1752 196 1752 1007 1752 167 1753 1008 1753 1009 1753 167 1754 182 1754 1008 1754 164 1755 1009 1755 1010 1755 164 1756 167 1756 1009 1756 151 1757 1010 1757 1026 1757 151 1758 164 1758 1010 1758 1030 1759 256 1759 1011 1759 1011 1760 256 1760 1012 1760 1012 1761 256 1761 1013 1761 256 1762 257 1762 1013 1762 257 1763 271 1763 1013 1763 1013 1764 271 1764 1012 1764 1012 1765 270 1765 1014 1765 271 1766 270 1766 1012 1766 270 1767 269 1767 1014 1767 1014 1768 269 1768 1015 1768 269 1769 294 1769 1015 1769 1015 1770 294 1770 1016 1770 294 1771 293 1771 1016 1771 1016 1772 292 1772 1015 1772 293 1773 292 1773 1016 1773 1015 1774 199 1774 1017 1774 292 1775 199 1775 1015 1775 1019 1776 1022 1776 1020 1776 1022 1777 1024 1777 1020 1777 1018 1778 1023 1778 1021 1778 1018 1779 1025 1779 1023 1779 1024 1780 1026 1780 1020 1780 1026 1781 1017 1781 1020 1781 1020 1782 1017 1782 1018 1782 1018 1783 1017 1783 1025 1783 1026 1784 1010 1784 1017 1784 1010 1785 1009 1785 1017 1785 1009 1786 1008 1786 1017 1786 1008 1787 1007 1787 1017 1787 1007 1788 1006 1788 1017 1788 1028 1789 1029 1789 1027 1789 1005 1790 1011 1790 1006 1790 1027 1791 1011 1791 1005 1791 1029 1792 1011 1792 1027 1792 1030 1793 1011 1793 1029 1793 1011 1794 1015 1794 1006 1794 1006 1795 1015 1795 1017 1795 1011 1796 1012 1796 1015 1796 1012 1797 1014 1797 1015 1797 1031 1798 1034 1798 1032 1798 1044 1799 1034 1799 1031 1799 1044 1800 1037 1800 1034 1800 1044 1801 1038 1801 1037 1801 1036 1802 1039 1802 1035 1802 1044 1803 1040 1803 1038 1803 1041 1804 1045 1804 1042 1804 1041 1805 1042 1805 1043 1805 1043 1806 1042 1806 1044 1806 1046 1807 1045 1807 1041 1807 1040 1808 1047 1808 48 1808 1044 1809 1047 1809 1040 1809 1042 1810 1050 1810 1044 1810 1046 1811 1049 1811 1045 1811 1048 1812 1049 1812 1046 1812 1044 1813 1050 1813 1047 1813 1051 1814 1053 1814 1048 1814 1048 1815 1053 1815 1049 1815 1054 1816 1053 1816 1051 1816 1054 1817 1055 1817 1053 1817 1054 1818 1056 1818 1055 1818 1033 1819 1056 1819 1054 1819 1052 1820 1058 1820 1039 1820 1035 1821 1058 1821 1033 1821 1039 1822 1058 1822 1035 1822 1033 1823 1058 1823 1056 1823 1056 1824 1059 1824 1057 1824 1058 1825 1059 1825 1056 1825 1044 1826 13 1826 1043 1826 14 1827 13 1827 1044 1827 1043 1828 10 1828 1041 1828 13 1829 10 1829 1043 1829 1041 1830 9 1830 1046 1830 10 1831 9 1831 1041 1831 9 1832 12 1832 1046 1832 1046 1833 17 1833 1048 1833 12 1834 17 1834 1046 1834 1048 1835 19 1835 1051 1835 17 1836 19 1836 1048 1836 1051 1837 19 1837 1054 1837 19 1838 20 1838 1054 1838 1054 1839 24 1839 1033 1839 20 1840 24 1840 1054 1840 53 1841 1050 1841 1042 1841 62 1842 1042 1842 1045 1842 62 1843 53 1843 1042 1843 57 1844 1045 1844 1049 1844 57 1845 62 1845 1045 1845 54 1846 1049 1846 1053 1846 54 1847 57 1847 1049 1847 54 1848 1053 1848 1055 1848 61 1849 54 1849 1055 1849 65 1850 1055 1850 1056 1850 65 1851 61 1851 1055 1851 1061 1852 1062 1852 1060 1852 1064 1853 1063 1853 1061 1853 1062 1854 1066 1854 1065 1854 1063 1855 1067 1855 1061 1855 1062 1856 1067 1856 1066 1856 1061 1857 1067 1857 1062 1857 1063 1858 1068 1858 1067 1858 1069 1859 1068 1859 1063 1859 1070 1860 1071 1860 1069 1860 1069 1861 1071 1861 1068 1861 1072 1862 1071 1862 1070 1862 1072 1863 1073 1863 1071 1863 1074 1864 1073 1864 1072 1864 1074 1865 1075 1865 1073 1865 1076 1866 1075 1866 1074 1866 1076 1867 1078 1867 1075 1867 1077 1868 1078 1868 1076 1868 1080 1869 1078 1869 1077 1869 1080 1870 1079 1870 1078 1870 1080 1871 1081 1871 1079 1871 1079 1872 1085 1872 1083 1872 1082 1873 1085 1873 1081 1873 1081 1874 1085 1874 1079 1874 1084 1875 1086 1875 1082 1875 1082 1876 1086 1876 1085 1876 1063 1877 47 1877 1069 1877 47 1878 52 1878 1069 1878 1069 1879 52 1879 1070 1879 1070 1880 68 1880 1072 1880 52 1881 68 1881 1070 1881 68 1882 78 1882 1072 1882 1072 1883 78 1883 1074 1883 78 1884 84 1884 1074 1884 1074 1885 88 1885 1076 1885 84 1886 88 1886 1074 1886 1076 1887 93 1887 1077 1887 88 1888 93 1888 1076 1888 93 1889 100 1889 1077 1889 1077 1890 115 1890 1080 1890 100 1891 115 1891 1077 1891 1080 1892 121 1892 1081 1892 115 1893 121 1893 1080 1893 77 1894 1068 1894 1071 1894 111 1895 77 1895 1071 1895 112 1896 1071 1896 1073 1896 112 1897 111 1897 1071 1897 114 1898 1073 1898 1075 1898 114 1899 112 1899 1073 1899 114 1900 1075 1900 1078 1900 117 1901 114 1901 1078 1901 117 1902 1078 1902 1079 1902 120 1903 117 1903 1079 1903 128 1904 1018 1904 130 1904 1018 1905 1021 1905 130 1905 130 1906 1021 1906 133 1906 1021 1907 1023 1907 133 1907 133 1908 1023 1908 204 1908 204 1909 1025 1909 200 1909 1023 1910 1025 1910 204 1910 200 1911 1017 1911 199 1911 1025 1912 1017 1912 200 1912 1027 1913 218 1913 1028 1913 214 1914 218 1914 1027 1914 218 1915 228 1915 1028 1915 1028 1916 228 1916 1029 1916 228 1917 232 1917 1029 1917 1029 1918 232 1918 1030 1918 1020 1919 131 1919 1019 1919 128 1920 131 1920 1020 1920 1019 1921 131 1921 1022 1921 131 1922 135 1922 1022 1922 1022 1923 135 1923 1024 1923 135 1924 144 1924 1024 1924 1024 1925 144 1925 1026 1925 144 1926 151 1926 1026 1926 1004 1927 126 1927 1003 1927 129 1928 126 1928 1004 1928 126 1929 132 1929 1003 1929 1003 1930 132 1930 1002 1930 132 1931 134 1931 1002 1931 1002 1932 134 1932 999 1932 134 1933 140 1933 999 1933 999 1934 140 1934 997 1934 140 1935 206 1935 997 1935 997 1936 206 1936 996 1936 206 1937 209 1937 996 1937 998 1938 106 1938 1000 1938 1000 1939 136 1939 1001 1939 1001 1940 136 1940 1004 1940 136 1941 129 1941 1004 1941 34 1942 30 1942 985 1942 985 1943 30 1943 979 1943 30 1944 29 1944 979 1944 29 1945 31 1945 979 1945 979 1946 31 1946 980 1946 31 1947 32 1947 980 1947 32 1948 36 1948 981 1948 981 1949 36 1949 982 1949 36 1950 38 1950 982 1950 982 1951 38 1951 983 1951 38 1952 69 1952 983 1952 983 1953 69 1953 984 1953 984 1954 80 1954 986 1954 69 1955 80 1955 984 1955 958 1956 231 1956 959 1956 231 1957 235 1957 959 1957 959 1958 235 1958 960 1958 235 1959 239 1959 960 1959 960 1960 239 1960 966 1960 239 1961 244 1961 966 1961 966 1962 244 1962 970 1962 241 1963 233 1963 962 1963 962 1964 233 1964 961 1964 961 1965 227 1965 957 1965 233 1966 227 1966 961 1966 227 1967 223 1967 957 1967 957 1968 223 1968 956 1968 155 1969 157 1969 895 1969 157 1970 163 1970 897 1970 163 1971 165 1971 897 1971 897 1972 165 1972 899 1972 899 1973 171 1973 900 1973 165 1974 171 1974 899 1974 171 1975 187 1975 900 1975 898 1976 161 1976 896 1976 166 1977 161 1977 898 1977 161 1978 160 1978 896 1978 896 1979 160 1979 894 1979 160 1980 155 1980 894 1980 894 1981 155 1981 895 1981 914 1982 245 1982 917 1982 245 1983 249 1983 917 1983 917 1984 249 1984 918 1984 249 1985 250 1985 918 1985 250 1986 251 1986 916 1986 916 1987 251 1987 915 1987 251 1988 242 1988 915 1988 915 1989 242 1989 911 1989 242 1990 240 1990 911 1990 911 1991 240 1991 910 1991 240 1992 220 1992 910 1992 910 1993 220 1993 907 1993 220 1994 215 1994 907 1994 37 1995 33 1995 1038 1995 1038 1996 33 1996 1037 1996 33 1997 26 1997 1037 1997 1037 1998 26 1998 1034 1998 26 1999 23 1999 1034 1999 1034 2000 23 2000 1032 2000 1032 2001 18 2001 1031 2001 23 2002 18 2002 1032 2002 1031 2003 14 2003 1044 2003 18 2004 14 2004 1031 2004 53 2005 60 2005 1050 2005 1050 2006 60 2006 1047 2006 60 2007 48 2007 1047 2007 48 2008 43 2008 1040 2008 1040 2009 37 2009 1038 2009 43 2010 37 2010 1040 2010 24 2011 27 2011 1033 2011 1033 2012 27 2012 1035 2012 1035 2013 27 2013 1036 2013 27 2014 28 2014 1036 2014 1036 2015 46 2015 1039 2015 28 2016 46 2016 1036 2016 1039 2017 50 2017 1052 2017 46 2018 50 2018 1039 2018 50 2019 55 2019 1052 2019 1052 2020 55 2020 1058 2020 55 2021 72 2021 1058 2021 1058 2022 72 2022 1059 2022 1059 2023 66 2023 1057 2023 72 2024 66 2024 1059 2024 1057 2025 65 2025 1056 2025 66 2026 65 2026 1057 2026 49 2027 42 2027 1065 2027 1065 2028 42 2028 1062 2028 1062 2029 40 2029 1060 2029 42 2030 40 2030 1062 2030 1060 2031 40 2031 1061 2031 40 2032 45 2032 1061 2032 1061 2033 45 2033 1064 2033 1064 2034 45 2034 1063 2034 45 2035 47 2035 1063 2035 77 2036 64 2036 1068 2036 1068 2037 64 2037 1067 2037 1067 2038 64 2038 1066 2038 64 2039 56 2039 1066 2039 1066 2040 56 2040 1065 2040 56 2041 49 2041 1065 2041 1081 2042 121 2042 1082 2042 121 2043 127 2043 1082 2043 1082 2044 127 2044 1084 2044 127 2045 138 2045 1084 2045 138 2046 146 2046 1084 2046 1084 2047 146 2047 1086 2047 146 2048 156 2048 1086 2048 156 2049 158 2049 1086 2049 1086 2050 158 2050 1085 2050 158 2051 159 2051 1085 2051 1085 2052 159 2052 1083 2052 159 2053 145 2053 1083 2053 1083 2054 120 2054 1079 2054 145 2055 120 2055 1083 2055 244 2056 247 2056 970 2056 970 2057 247 2057 967 2057 247 2058 252 2058 967 2058 252 2059 253 2059 968 2059 968 2060 253 2060 969 2060 253 2061 254 2061 969 2061 969 2062 254 2062 970 2062 254 2063 255 2063 970 2063 1087 2064 1091 2064 1089 2064 1088 2065 1090 2065 1087 2065 1092 2066 1091 2066 1090 2066 1090 2067 1091 2067 1087 2067 1093 2068 1095 2068 1094 2068 1093 2069 1097 2069 1096 2069 1093 2070 1098 2070 1097 2070 1091 2071 1098 2071 1093 2071 1091 2072 1100 2072 1098 2072 1100 2073 1099 2073 1101 2073 1091 2074 1099 2074 1100 2074 1099 2075 1103 2075 1101 2075 1102 2076 1103 2076 1099 2076 1092 2077 1099 2077 1091 2077 1092 2078 268 2078 1099 2078 1094 2079 212 2079 1093 2079 1093 2080 212 2080 1091 2080 261 2081 1096 2081 1097 2081 266 2082 261 2082 1097 2082 266 2083 1097 2083 1098 2083 266 2084 1098 2084 1100 2084 273 2085 266 2085 1100 2085 273 2086 1100 2086 1101 2086 279 2087 273 2087 1101 2087 285 2088 1102 2088 274 2088 1102 2089 1099 2089 274 2089 274 2090 1099 2090 268 2090 1102 2091 285 2091 1103 2091 285 2092 280 2092 1103 2092 280 2093 279 2093 1103 2093 1103 2094 279 2094 1101 2094 1092 2095 1090 2095 213 2095 1090 2096 1088 2096 213 2096 213 2097 1088 2097 199 2097 1088 2098 1087 2098 199 2098 199 2099 1087 2099 205 2099 1087 2100 1089 2100 205 2100 205 2101 1089 2101 208 2101 208 2102 1089 2102 212 2102 1089 2103 1091 2103 212 2103 1096 2104 261 2104 1093 2104 261 2105 263 2105 1093 2105 1093 2106 263 2106 1095 2106 263 2107 264 2107 1095 2107 264 2108 1094 2108 1095 2108 286 2109 288 2109 8 2109 8 2110 288 2110 7 2110 7 2111 288 2111 6 2111 288 2112 282 2112 6 2112 6 2113 282 2113 4 2113 4 2114 282 2114 1 2114 282 2115 267 2115 1 2115 1 2116 267 2116 2 2116 2 2117 267 2117 265 2117 1107 2118 265 2118 1104 2118 265 2119 260 2119 1104 2119 1104 2120 260 2120 1105 2120 260 2121 276 2121 1105 2121 276 2122 278 2122 1105 2122 1105 2123 278 2123 1106 2123 278 2124 286 2124 1106 2124 1106 2125 286 2125 8 2125 1104 2126 1108 2126 1107 2126 1105 2127 1106 2127 1109 2127 1105 2128 1108 2128 1104 2128 1105 2129 1109 2129 1108 2129 2 2130 265 2130 469 2130 469 2131 265 2131 467 2131 265 2132 1107 2132 467 2132 467 2133 1107 2133 468 2133 1107 2134 1108 2134 468 2134 468 2135 1108 2135 470 2135 470 2136 1108 2136 471 2136 1108 2137 1109 2137 471 2137 471 2138 1109 2138 473 2138 1109 2139 1106 2139 473 2139 473 2140 1106 2140 476 2140 1106 2141 8 2141 476 2141 476 2142 8 2142 477 2142 8 2143 7 2143 477 2143 477 2144 7 2144 478 2144 7 2145 5 2145 478 2145 478 2146 5 2146 475 2146 475 2147 5 2147 474 2147 5 2148 3 2148 474 2148 3 2149 0 2149 474 2149 474 2150 0 2150 472 2150 0 2151 2 2151 472 2151 472 2152 2 2152 469 2152 484 2153 481 2153 1110 2153 1110 2154 481 2154 1111 2154 481 2155 480 2155 1111 2155 1111 2156 480 2156 1112 2156 480 2157 479 2157 1112 2157 479 2158 482 2158 1112 2158 1112 2159 482 2159 1113 2159 482 2160 483 2160 1113 2160 483 2161 485 2161 1113 2161 1113 2162 485 2162 1114 2162 485 2163 486 2163 1114 2163 1114 2164 486 2164 1115 2164 486 2165 487 2165 1115 2165 1115 2166 487 2166 1110 2166 487 2167 484 2167 1110 2167 1112 2168 462 2168 1111 2168 1113 2169 462 2169 1112 2169 1111 2170 462 2170 1110 2170 1113 2171 1114 2171 462 2171 462 2172 1115 2172 1110 2172 1114 2173 1115 2173 462 2173 453 2174 1116 2174 452 2174 453 2175 1117 2175 451 2175 450 2176 1118 2176 451 2176 452 2177 1118 2177 450 2177 452 2178 1116 2178 1118 2178 439 2179 73 2179 262 2179 439 2180 330 2180 73 2180 399 2181 401 2181 248 2181 399 2182 248 2182 246 2182 398 2183 399 2183 246 2183 398 2184 246 2184 225 2184 396 2185 398 2185 225 2185 396 2186 225 2186 216 2186 393 2187 396 2187 216 2187 392 2188 393 2188 216 2188 392 2189 216 2189 189 2189 390 2190 392 2190 189 2190 388 2191 390 2191 189 2191 388 2192 189 2192 176 2192 386 2193 388 2193 176 2193 386 2194 176 2194 162 2194 384 2195 386 2195 162 2195 384 2196 162 2196 137 2196 382 2197 384 2197 137 2197 380 2198 382 2198 137 2198 380 2199 137 2199 103 2199 378 2200 380 2200 103 2200 378 2201 103 2201 97 2201 376 2202 378 2202 97 2202 374 2203 376 2203 97 2203 374 2204 97 2204 81 2204 372 2205 374 2205 81 2205 370 2206 372 2206 81 2206 370 2207 81 2207 59 2207 369 2208 370 2208 59 2208 366 2209 59 2209 41 2209 366 2210 369 2210 59 2210 365 2211 366 2211 41 2211 363 2212 41 2212 25 2212 363 2213 365 2213 41 2213 361 2214 363 2214 25 2214 359 2215 25 2215 21 2215 359 2216 361 2216 25 2216 357 2217 21 2217 16 2217 357 2218 359 2218 21 2218 356 2219 357 2219 16 2219 354 2220 356 2220 16 2220 354 2221 16 2221 11 2221 352 2222 354 2222 11 2222 350 2223 11 2223 15 2223 350 2224 352 2224 11 2224 348 2225 350 2225 15 2225 348 2226 15 2226 22 2226 346 2227 348 2227 22 2227 343 2228 346 2228 22 2228 341 2229 343 2229 22 2229 341 2230 22 2230 35 2230 340 2231 341 2231 35 2231 338 2232 340 2232 35 2232 336 2233 338 2233 35 2233 336 2234 35 2234 39 2234 334 2235 336 2235 39 2235 332 2236 334 2236 39 2236 332 2237 39 2237 63 2237 330 2238 332 2238 63 2238 330 2239 63 2239 73 2239 1119 2240 439 2240 262 2240 1119 2241 262 2241 281 2241 1119 2242 437 2242 439 2242 1119 2243 435 2243 437 2243 1119 2244 433 2244 435 2244 1120 2245 1119 2245 281 2245 1120 2246 433 2246 1119 2246 1120 2247 430 2247 433 2247 1120 2248 281 2248 283 2248 1120 2249 429 2249 430 2249 1120 2250 427 2250 429 2250 1121 2251 1120 2251 283 2251 1121 2252 427 2252 1120 2252 1121 2253 283 2253 289 2253 1121 2254 424 2254 427 2254 1121 2255 423 2255 424 2255 1122 2256 1121 2256 289 2256 1122 2257 423 2257 1121 2257 1122 2258 422 2258 423 2258 1123 2259 289 2259 287 2259 1123 2260 422 2260 1122 2260 1123 2261 1122 2261 289 2261 1123 2262 419 2262 422 2262 1123 2263 287 2263 284 2263 1123 2264 284 2264 409 2264 1123 2265 409 2265 419 2265 248 2266 409 2266 284 2266 401 2267 409 2267 248 2267 1125 2268 1124 2268 1126 2268 1125 2269 1177 2269 1124 2269 1125 2270 1126 2270 1128 2270 1127 2271 1125 2271 1128 2271 1127 2272 1128 2272 1129 2272 1130 2273 1127 2273 1129 2273 1130 2274 1129 2274 1131 2274 1132 2275 1130 2275 1131 2275 1132 2276 1131 2276 1133 2276 1134 2277 1132 2277 1133 2277 1134 2278 1133 2278 1135 2278 1136 2279 1134 2279 1135 2279 1136 2280 1135 2280 1137 2280 1138 2281 1136 2281 1137 2281 1138 2282 1137 2282 1139 2282 1140 2283 1138 2283 1139 2283 1140 2284 1139 2284 1141 2284 1142 2285 1141 2285 1143 2285 1142 2286 1140 2286 1141 2286 1142 2287 1143 2287 1145 2287 1144 2288 1142 2288 1145 2288 1144 2289 1145 2289 1146 2289 1147 2290 1144 2290 1146 2290 1148 2291 1147 2291 1146 2291 1148 2292 1146 2292 1149 2292 1148 2293 1149 2293 1151 2293 1150 2294 1148 2294 1151 2294 1150 2295 1151 2295 1152 2295 1153 2296 1150 2296 1152 2296 1153 2297 1152 2297 1154 2297 1155 2298 1153 2298 1154 2298 1155 2299 1154 2299 1156 2299 1157 2300 1155 2300 1156 2300 1157 2301 1156 2301 1158 2301 1157 2302 1158 2302 1160 2302 1159 2303 1157 2303 1160 2303 1159 2304 1160 2304 1161 2304 1162 2305 1159 2305 1161 2305 1162 2306 1161 2306 1164 2306 1163 2307 1162 2307 1164 2307 1163 2308 1164 2308 1165 2308 1166 2309 1163 2309 1165 2309 1167 2310 1166 2310 1165 2310 1167 2311 1165 2311 1168 2311 1169 2312 1168 2312 1170 2312 1169 2313 1167 2313 1168 2313 1171 2314 1170 2314 1172 2314 1171 2315 1169 2315 1170 2315 1173 2316 1172 2316 1174 2316 1173 2317 1171 2317 1172 2317 1175 2318 1174 2318 1176 2318 1175 2319 1173 2319 1174 2319 1175 2320 1176 2320 1124 2320 1177 2321 1175 2321 1124 2321 1178 2322 1235 2322 1234 2322 1179 2323 1235 2323 1178 2323 1180 2324 1178 2324 1234 2324 1180 2325 1234 2325 1185 2325 1181 2326 1235 2326 1179 2326 1182 2327 1180 2327 1185 2327 1184 2328 1182 2328 1185 2328 1183 2329 1235 2329 1181 2329 1183 2330 1236 2330 1235 2330 1186 2331 1184 2331 1185 2331 1188 2332 1236 2332 1183 2332 1187 2333 1186 2333 1185 2333 1233 2334 1189 2334 1187 2334 1233 2335 1187 2335 1185 2335 1236 2336 1188 2336 1191 2336 1233 2337 1190 2337 1189 2337 1236 2338 1191 2338 1193 2338 1233 2339 1192 2339 1190 2339 1233 2340 1194 2340 1192 2340 1237 2341 1194 2341 1233 2341 1236 2342 1193 2342 1195 2342 1237 2343 1236 2343 1195 2343 1237 2344 1195 2344 1194 2344 1177 2345 1196 2345 1175 2345 1196 2346 1173 2346 1175 2346 1196 2347 1171 2347 1173 2347 1196 2348 1169 2348 1171 2348 1196 2349 1197 2349 1169 2349 1197 2350 1167 2350 1169 2350 1167 2351 1197 2351 1166 2351 1166 2352 1197 2352 1163 2352 1197 2353 1199 2353 1163 2353 1150 2354 1198 2354 1148 2354 1163 2355 1199 2355 1162 2355 1162 2356 1199 2356 1159 2356 1153 2357 1198 2357 1150 2357 1155 2358 1200 2358 1153 2358 1153 2359 1200 2359 1198 2359 1159 2360 1199 2360 1157 2360 1157 2361 1200 2361 1155 2361 1199 2362 1200 2362 1157 2362 1198 2363 1147 2363 1148 2363 1201 2364 1215 2364 1202 2364 1203 2365 1201 2365 1202 2365 1203 2366 1202 2366 1204 2366 1205 2367 1203 2367 1204 2367 1207 2368 1205 2368 1204 2368 1207 2369 1204 2369 1206 2369 1209 2370 1207 2370 1206 2370 1209 2371 1206 2371 1208 2371 1210 2372 1209 2372 1208 2372 1210 2373 1208 2373 1211 2373 1201 2374 1147 2374 1215 2374 1147 2375 1198 2375 1215 2375 1196 2376 1211 2376 1212 2376 1197 2377 1196 2377 1212 2377 1197 2378 1212 2378 1213 2378 1199 2379 1197 2379 1213 2379 1199 2380 1213 2380 1214 2380 1200 2381 1199 2381 1214 2381 1200 2382 1214 2382 1215 2382 1198 2383 1200 2383 1215 2383 1196 2384 1177 2384 1211 2384 1177 2385 1210 2385 1211 2385 1216 2386 1208 2386 1217 2386 1216 2387 1211 2387 1208 2387 1217 2388 1208 2388 1206 2388 1218 2389 1211 2389 1216 2389 1219 2390 1217 2390 1206 2390 1221 2391 1219 2391 1206 2391 1221 2392 1206 2392 1204 2392 1220 2393 1211 2393 1218 2393 1222 2394 1211 2394 1220 2394 1223 2395 1221 2395 1204 2395 1225 2396 1211 2396 1222 2396 1204 2397 1224 2397 1223 2397 1225 2398 1212 2398 1211 2398 1202 2399 1224 2399 1204 2399 1212 2400 1225 2400 1226 2400 1202 2401 1228 2401 1224 2401 1215 2402 1227 2402 1228 2402 1215 2403 1228 2403 1202 2403 1212 2404 1226 2404 1229 2404 1213 2405 1212 2405 1229 2405 1215 2406 1230 2406 1227 2406 1215 2407 1231 2407 1230 2407 1214 2408 1213 2408 1229 2408 1214 2409 1229 2409 1232 2409 1214 2410 1231 2410 1215 2410 1214 2411 1232 2411 1231 2411 1209 2412 1127 2412 1130 2412 1210 2413 1127 2413 1209 2413 1130 2414 1132 2414 1209 2414 1209 2415 1132 2415 1207 2415 1210 2416 1125 2416 1127 2416 1132 2417 1134 2417 1207 2417 1210 2418 1177 2418 1125 2418 1134 2419 1136 2419 1207 2419 1207 2420 1136 2420 1205 2420 1136 2421 1138 2421 1205 2421 1138 2422 1140 2422 1205 2422 1205 2423 1140 2423 1203 2423 1142 2424 1203 2424 1140 2424 1142 2425 1201 2425 1203 2425 1144 2426 1201 2426 1142 2426 1144 2427 1147 2427 1201 2427 1233 2428 1126 2428 1124 2428 1233 2429 1128 2429 1126 2429 1234 2430 1129 2430 1128 2430 1234 2431 1128 2431 1233 2431 1234 2432 1233 2432 1185 2432 1234 2433 1131 2433 1129 2433 1234 2434 1133 2434 1131 2434 1234 2435 1135 2435 1133 2435 1234 2436 1137 2436 1135 2436 1234 2437 1139 2437 1137 2437 1234 2438 1141 2438 1139 2438 1234 2439 1143 2439 1141 2439 1234 2440 1145 2440 1143 2440 1235 2441 1145 2441 1234 2441 1235 2442 1146 2442 1145 2442 1235 2443 1149 2443 1146 2443 1235 2444 1151 2444 1149 2444 1235 2445 1152 2445 1151 2445 1235 2446 1154 2446 1152 2446 1235 2447 1156 2447 1154 2447 1236 2448 1156 2448 1235 2448 1236 2449 1158 2449 1156 2449 1236 2450 1160 2450 1158 2450 1237 2451 1160 2451 1236 2451 1237 2452 1161 2452 1160 2452 1237 2453 1164 2453 1161 2453 1237 2454 1165 2454 1164 2454 1237 2455 1168 2455 1165 2455 1237 2456 1170 2456 1168 2456 1237 2457 1172 2457 1170 2457 1237 2458 1174 2458 1172 2458 1237 2459 1176 2459 1174 2459 1237 2460 1124 2460 1176 2460 1237 2461 1233 2461 1124 2461 1220 2462 1194 2462 1222 2462 1192 2463 1194 2463 1220 2463 1194 2464 1195 2464 1222 2464 1222 2465 1195 2465 1225 2465 1225 2466 1195 2466 1226 2466 1195 2467 1193 2467 1226 2467 1226 2468 1193 2468 1229 2468 1193 2469 1191 2469 1229 2469 1229 2470 1191 2470 1232 2470 1232 2471 1188 2471 1231 2471 1191 2472 1188 2472 1232 2472 1231 2473 1188 2473 1230 2473 1188 2474 1183 2474 1230 2474 1183 2475 1181 2475 1230 2475 1230 2476 1181 2476 1227 2476 1181 2477 1179 2477 1227 2477 1227 2478 1179 2478 1228 2478 1179 2479 1178 2479 1228 2479 1228 2480 1178 2480 1224 2480 1224 2481 1178 2481 1223 2481 1178 2482 1180 2482 1223 2482 1223 2483 1180 2483 1221 2483 1180 2484 1182 2484 1221 2484 1221 2485 1182 2485 1219 2485 1182 2486 1184 2486 1219 2486 1184 2487 1186 2487 1219 2487 1219 2488 1186 2488 1217 2488 1186 2489 1187 2489 1217 2489 1217 2490 1187 2490 1216 2490 1187 2491 1189 2491 1216 2491 1216 2492 1189 2492 1218 2492 1189 2493 1190 2493 1218 2493 1218 2494 1190 2494 1220 2494 1190 2495 1192 2495 1220 2495 1239 2496 1238 2496 1241 2496 1241 2497 1240 2497 1245 2497 1238 2498 1240 2498 1241 2498 1239 2499 1242 2499 1238 2499 1239 2500 1243 2500 1242 2500 1240 2501 1244 2501 1245 2501 1242 2502 1243 2502 1244 2502 1244 2503 1243 2503 1245 2503 1246 2504 1260 2504 1247 2504 1250 2505 1246 2505 1247 2505 1250 2506 1247 2506 1248 2506 1250 2507 1248 2507 1263 2507 1250 2508 1245 2508 1246 2508 1249 2509 1250 2509 1263 2509 1249 2510 1263 2510 1264 2510 1250 2511 1241 2511 1245 2511 1249 2512 1264 2512 1251 2512 1249 2513 1241 2513 1250 2513 1256 2514 1249 2514 1251 2514 1256 2515 1251 2515 1252 2515 1256 2516 1252 2516 1253 2516 1256 2517 1241 2517 1249 2517 1254 2518 1256 2518 1253 2518 1254 2519 1253 2519 1255 2519 1256 2520 1239 2520 1241 2520 1254 2521 1255 2521 1257 2521 1258 2522 1254 2522 1257 2522 1254 2523 1239 2523 1256 2523 1258 2524 1257 2524 1269 2524 1254 2525 1243 2525 1239 2525 1258 2526 1269 2526 1270 2526 1258 2527 1243 2527 1254 2527 1246 2528 1270 2528 1259 2528 1246 2529 1258 2529 1270 2529 1246 2530 1259 2530 1260 2530 1246 2531 1243 2531 1258 2531 1246 2532 1245 2532 1243 2532 1247 2533 1261 2533 1262 2533 1247 2534 1260 2534 1261 2534 1248 2535 1247 2535 1262 2535 1248 2536 1262 2536 1263 2536 1251 2537 1264 2537 1265 2537 1251 2538 1265 2538 1252 2538 1253 2539 1252 2539 1266 2539 1255 2540 1253 2540 1266 2540 1255 2541 1266 2541 1267 2541 1255 2542 1267 2542 1268 2542 1257 2543 1255 2543 1268 2543 1269 2544 1257 2544 1268 2544 1259 2545 1270 2545 1271 2545 1259 2546 1271 2546 1261 2546 1260 2547 1259 2547 1261 2547 1274 2548 1272 2548 1238 2548 1238 2549 1272 2549 1240 2549 1272 2550 1273 2550 1240 2550 1240 2551 1273 2551 1244 2551 1273 2552 1274 2552 1244 2552 1244 2553 1274 2553 1242 2553 1242 2554 1274 2554 1238 2554 1274 2555 1273 2555 1272 2555 1275 2556 1262 2556 1261 2556 1275 2557 1263 2557 1262 2557 1275 2558 1264 2558 1263 2558 1275 2559 1265 2559 1264 2559 1275 2560 1252 2560 1265 2560 1275 2561 1266 2561 1252 2561 1275 2562 1267 2562 1266 2562 1275 2563 1268 2563 1267 2563 1275 2564 1269 2564 1268 2564 1275 2565 1270 2565 1269 2565 1275 2566 1271 2566 1270 2566 1275 2567 1261 2567 1271 2567 1278 2568 1284 2568 1285 2568 1278 2569 1283 2569 1284 2569 1278 2570 1282 2570 1283 2570 1278 2571 1277 2571 1282 2571 1278 2572 1279 2572 1277 2572 1276 2573 1279 2573 1278 2573 1276 2574 1281 2574 1279 2574 1276 2575 1280 2575 1281 2575 1278 2576 1285 2576 1280 2576 1278 2577 1280 2577 1276 2577 1286 2578 1277 2578 1279 2578 1286 2579 1282 2579 1277 2579 1286 2580 1283 2580 1282 2580 1286 2581 1284 2581 1283 2581 1286 2582 1285 2582 1284 2582 1286 2583 1280 2583 1285 2583 1286 2584 1281 2584 1280 2584 1286 2585 1279 2585 1281 2585 1287 2586 1289 2586 1288 2586 1287 2587 1293 2587 1289 2587 1287 2588 1290 2588 1293 2588 1287 2589 1292 2589 1290 2589 1287 2590 1291 2590 1292 2590 1287 2591 1288 2591 1291 2591 1294 2592 1293 2592 1290 2592 1294 2593 1289 2593 1293 2593 1294 2594 1288 2594 1289 2594 1294 2595 1291 2595 1288 2595 1294 2596 1292 2596 1291 2596 1294 2597 1290 2597 1292 2597 1297 2598 1302 2598 1298 2598 1297 2599 1301 2599 1302 2599 1297 2600 1300 2600 1301 2600 1297 2601 1295 2601 1300 2601 1297 2602 1296 2602 1295 2602 1297 2603 1299 2603 1296 2603 1297 2604 1298 2604 1299 2604 1303 2605 1295 2605 1296 2605 1303 2606 1300 2606 1295 2606 1303 2607 1301 2607 1300 2607 1303 2608 1302 2608 1301 2608 1303 2609 1298 2609 1302 2609 1303 2610 1299 2610 1298 2610 1303 2611 1296 2611 1299 2611 1310 2612 1340 2612 1341 2612 1311 2613 1310 2613 1341 2613 1312 2614 1311 2614 1341 2614 1315 2615 1312 2615 1341 2615 1341 2616 1340 2616 1313 2616 1341 2617 1313 2617 1314 2617 1341 2618 1316 2618 1315 2618 1341 2619 1314 2619 1316 2619 1317 2620 1319 2620 1318 2620 1318 2621 1320 2621 1317 2621 1319 2622 1321 2622 1318 2622 1318 2623 1322 2623 1320 2623 1323 2624 1318 2624 1321 2624 1322 2625 1318 2625 1323 2625 1315 2626 1324 2626 1325 2626 1312 2627 1315 2627 1325 2627 1312 2628 1325 2628 1326 2628 1311 2629 1312 2629 1326 2629 1311 2630 1326 2630 1327 2630 1310 2631 1311 2631 1327 2631 1310 2632 1327 2632 1328 2632 1340 2633 1310 2633 1328 2633 1340 2634 1328 2634 1329 2634 1313 2635 1340 2635 1329 2635 1313 2636 1329 2636 1330 2636 1314 2637 1313 2637 1330 2637 1314 2638 1330 2638 1331 2638 1316 2639 1314 2639 1331 2639 1316 2640 1331 2640 1332 2640 1315 2641 1332 2641 1324 2641 1315 2642 1316 2642 1332 2642 1333 2643 1334 2643 1322 2643 1322 2644 1334 2644 1320 2644 1334 2645 1335 2645 1320 2645 1320 2646 1335 2646 1317 2646 1335 2647 1336 2647 1317 2647 1317 2648 1336 2648 1319 2648 1336 2649 1337 2649 1319 2649 1319 2650 1337 2650 1321 2650 1337 2651 1338 2651 1321 2651 1321 2652 1338 2652 1323 2652 1338 2653 1333 2653 1323 2653 1323 2654 1333 2654 1322 2654 1335 2655 1337 2655 1336 2655 1334 2656 1333 2656 1338 2656 1334 2657 1338 2657 1337 2657 1334 2658 1337 2658 1335 2658 1318 2659 1304 2659 1305 2659 1318 2660 1309 2660 1304 2660 1318 2661 1308 2661 1309 2661 1339 2662 1308 2662 1318 2662 1307 2663 1339 2663 1318 2663 1318 2664 1306 2664 1307 2664 1318 2665 1305 2665 1306 2665 1341 2666 1304 2666 1309 2666 1341 2667 1309 2667 1308 2667 1341 2668 1308 2668 1339 2668 1340 2669 1341 2669 1339 2669 1340 2670 1339 2670 1307 2670 1340 2671 1307 2671 1306 2671 1341 2672 1340 2672 1306 2672 1341 2673 1306 2673 1305 2673 1304 2674 1341 2674 1305 2674 1342 2675 1325 2675 1324 2675 1342 2676 1326 2676 1325 2676 1342 2677 1327 2677 1326 2677 1342 2678 1328 2678 1327 2678 1342 2679 1329 2679 1328 2679 1342 2680 1330 2680 1329 2680 1342 2681 1331 2681 1330 2681 1342 2682 1332 2682 1331 2682 1342 2683 1324 2683 1332 2683 1350 2684 1349 2684 1379 2684 1351 2685 1379 2685 1349 2685 1352 2686 1350 2686 1379 2686 1379 2687 1351 2687 1353 2687 1379 2688 1354 2688 1352 2688 1379 2689 1353 2689 1355 2689 1379 2690 1355 2690 1354 2690 1378 2691 1356 2691 1377 2691 1357 2692 1356 2692 1378 2692 1356 2693 1358 2693 1377 2693 1357 2694 1359 2694 1356 2694 1358 2695 1360 2695 1377 2695 1357 2696 1361 2696 1359 2696 1357 2697 1377 2697 1361 2697 1352 2698 1354 2698 1362 2698 1352 2699 1362 2699 1363 2699 1350 2700 1352 2700 1363 2700 1350 2701 1363 2701 1364 2701 1349 2702 1350 2702 1364 2702 1349 2703 1364 2703 1365 2703 1349 2704 1365 2704 1366 2704 1351 2705 1349 2705 1366 2705 1351 2706 1366 2706 1367 2706 1353 2707 1351 2707 1367 2707 1355 2708 1367 2708 1368 2708 1355 2709 1353 2709 1367 2709 1354 2710 1368 2710 1362 2710 1354 2711 1355 2711 1368 2711 1370 2712 1371 2712 1361 2712 1361 2713 1371 2713 1359 2713 1371 2714 1372 2714 1359 2714 1359 2715 1372 2715 1356 2715 1372 2716 1373 2716 1356 2716 1356 2717 1373 2717 1358 2717 1373 2718 1374 2718 1358 2718 1358 2719 1374 2719 1360 2719 1374 2720 1375 2720 1360 2720 1360 2721 1375 2721 1377 2721 1375 2722 1370 2722 1377 2722 1377 2723 1370 2723 1361 2723 1372 2724 1374 2724 1373 2724 1371 2725 1370 2725 1375 2725 1371 2726 1375 2726 1374 2726 1371 2727 1374 2727 1372 2727 1376 2728 1378 2728 1377 2728 1377 2729 1343 2729 1376 2729 1377 2730 1348 2730 1343 2730 1377 2731 1347 2731 1348 2731 1377 2732 1346 2732 1347 2732 1357 2733 1346 2733 1377 2733 1357 2734 1345 2734 1346 2734 1378 2735 1345 2735 1357 2735 1378 2736 1344 2736 1345 2736 1378 2737 1376 2737 1344 2737 1379 2738 1344 2738 1376 2738 1379 2739 1376 2739 1343 2739 1379 2740 1343 2740 1348 2740 1379 2741 1348 2741 1347 2741 1379 2742 1347 2742 1346 2742 1379 2743 1346 2743 1345 2743 1379 2744 1345 2744 1344 2744 1369 2745 1363 2745 1362 2745 1369 2746 1364 2746 1363 2746 1369 2747 1365 2747 1364 2747 1369 2748 1366 2748 1365 2748 1369 2749 1367 2749 1366 2749 1369 2750 1368 2750 1367 2750 1369 2751 1362 2751 1368 2751 1387 2752 1386 2752 1390 2752 1388 2753 1390 2753 1386 2753 1391 2754 1387 2754 1390 2754 1389 2755 1390 2755 1388 2755 1390 2756 1392 2756 1391 2756 1390 2757 1389 2757 1393 2757 1390 2758 1393 2758 1392 2758 1415 2759 1394 2759 1400 2759 1394 2760 1395 2760 1400 2760 1415 2761 1396 2761 1394 2761 1414 2762 1396 2762 1415 2762 1395 2763 1397 2763 1400 2763 1414 2764 1398 2764 1396 2764 1399 2765 1400 2765 1397 2765 1398 2766 1414 2766 1399 2766 1399 2767 1414 2767 1400 2767 1391 2768 1392 2768 1401 2768 1391 2769 1401 2769 1402 2769 1391 2770 1402 2770 1403 2770 1387 2771 1391 2771 1403 2771 1386 2772 1387 2772 1403 2772 1386 2773 1403 2773 1404 2773 1386 2774 1404 2774 1405 2774 1388 2775 1386 2775 1405 2775 1388 2776 1405 2776 1406 2776 1389 2777 1388 2777 1406 2777 1393 2778 1389 2778 1406 2778 1393 2779 1406 2779 1407 2779 1392 2780 1407 2780 1401 2780 1392 2781 1393 2781 1407 2781 1408 2782 1409 2782 1398 2782 1398 2783 1409 2783 1396 2783 1409 2784 1410 2784 1396 2784 1396 2785 1410 2785 1394 2785 1410 2786 1411 2786 1394 2786 1394 2787 1411 2787 1395 2787 1411 2788 1412 2788 1395 2788 1395 2789 1412 2789 1397 2789 1412 2790 1413 2790 1397 2790 1397 2791 1413 2791 1399 2791 1413 2792 1408 2792 1399 2792 1399 2793 1408 2793 1398 2793 1408 2794 1413 2794 1412 2794 1409 2795 1412 2795 1411 2795 1409 2796 1411 2796 1410 2796 1409 2797 1408 2797 1412 2797 1415 2798 1381 2798 1382 2798 1400 2799 1381 2799 1415 2799 1400 2800 1380 2800 1381 2800 1400 2801 1385 2801 1380 2801 1414 2802 1385 2802 1400 2802 1414 2803 1416 2803 1385 2803 1414 2804 1384 2804 1416 2804 1384 2805 1414 2805 1415 2805 1415 2806 1383 2806 1384 2806 1415 2807 1382 2807 1383 2807 1390 2808 1382 2808 1381 2808 1380 2809 1390 2809 1381 2809 1390 2810 1380 2810 1385 2810 1416 2811 1390 2811 1385 2811 1390 2812 1416 2812 1384 2812 1390 2813 1384 2813 1383 2813 1390 2814 1383 2814 1382 2814 1417 2815 1402 2815 1401 2815 1417 2816 1403 2816 1402 2816 1417 2817 1404 2817 1403 2817 1417 2818 1405 2818 1404 2818 1417 2819 1406 2819 1405 2819 1417 2820 1407 2820 1406 2820 1417 2821 1401 2821 1407 2821 1426 2822 1424 2822 1461 2822 1426 2823 1461 2823 1462 2823 1425 2824 1461 2824 1424 2824 1427 2825 1426 2825 1462 2825 1428 2826 1461 2826 1425 2826 1428 2827 1429 2827 1461 2827 1432 2828 1429 2828 1428 2828 1431 2829 1430 2829 1427 2829 1431 2830 1434 2830 1430 2830 1429 2831 1432 2831 1433 2831 1431 2832 1436 2832 1434 2832 1429 2833 1433 2833 1435 2833 1429 2834 1436 2834 1431 2834 1429 2835 1435 2835 1436 2835 1437 2836 1438 2836 1460 2836 1460 2837 1439 2837 1437 2837 1438 2838 1440 2838 1460 2838 1460 2839 1441 2839 1439 2839 1442 2840 1460 2840 1440 2840 1441 2841 1460 2841 1442 2841 1430 2842 1434 2842 1443 2842 1430 2843 1443 2843 1444 2843 1430 2844 1444 2844 1445 2844 1427 2845 1430 2845 1445 2845 1426 2846 1427 2846 1445 2846 1426 2847 1445 2847 1446 2847 1424 2848 1426 2848 1446 2848 1424 2849 1446 2849 1447 2849 1425 2850 1424 2850 1447 2850 1425 2851 1447 2851 1448 2851 1428 2852 1425 2852 1448 2852 1432 2853 1428 2853 1448 2853 1432 2854 1448 2854 1449 2854 1432 2855 1449 2855 1450 2855 1433 2856 1432 2856 1450 2856 1433 2857 1450 2857 1451 2857 1435 2858 1433 2858 1451 2858 1435 2859 1451 2859 1452 2859 1436 2860 1435 2860 1452 2860 1436 2861 1452 2861 1443 2861 1434 2862 1436 2862 1443 2862 1454 2863 1455 2863 1441 2863 1441 2864 1455 2864 1439 2864 1455 2865 1456 2865 1439 2865 1439 2866 1456 2866 1437 2866 1456 2867 1457 2867 1437 2867 1437 2868 1457 2868 1438 2868 1457 2869 1458 2869 1438 2869 1438 2870 1458 2870 1440 2870 1458 2871 1459 2871 1440 2871 1440 2872 1459 2872 1442 2872 1459 2873 1454 2873 1442 2873 1442 2874 1454 2874 1441 2874 1456 2875 1458 2875 1457 2875 1455 2876 1454 2876 1459 2876 1455 2877 1459 2877 1458 2877 1455 2878 1458 2878 1456 2878 1460 2879 1418 2879 1419 2879 1460 2880 1423 2880 1418 2880 1460 2881 1422 2881 1423 2881 1460 2882 1421 2882 1422 2882 1420 2883 1421 2883 1460 2883 1460 2884 1462 2884 1420 2884 1460 2885 1419 2885 1462 2885 1427 2886 1462 2886 1419 2886 1431 2887 1419 2887 1418 2887 1431 2888 1427 2888 1419 2888 1429 2889 1431 2889 1418 2889 1429 2890 1418 2890 1423 2890 1429 2891 1423 2891 1422 2891 1429 2892 1422 2892 1421 2892 1461 2893 1429 2893 1421 2893 1462 2894 1421 2894 1420 2894 1462 2895 1461 2895 1421 2895 1463 2896 1444 2896 1443 2896 1463 2897 1445 2897 1444 2897 1463 2898 1446 2898 1445 2898 1453 2899 1446 2899 1463 2899 1453 2900 1447 2900 1446 2900 1453 2901 1448 2901 1447 2901 1453 2902 1449 2902 1448 2902 1453 2903 1450 2903 1449 2903 1463 2904 1450 2904 1453 2904 1463 2905 1451 2905 1450 2905 1463 2906 1452 2906 1451 2906 1463 2907 1443 2907 1452 2907 1469 2908 1473 2908 1468 2908 1470 2909 1468 2909 1473 2909 1472 2910 1473 2910 1469 2910 1471 2911 1470 2911 1473 2911 1473 2912 1474 2912 1471 2912 1473 2913 1472 2913 1475 2913 1475 2914 1474 2914 1473 2914 1475 2915 1477 2915 1474 2915 1475 2916 1476 2916 1477 2916 1478 2917 1479 2917 1499 2917 1499 2918 1480 2918 1478 2918 1479 2919 1481 2919 1499 2919 1499 2920 1482 2920 1480 2920 1483 2921 1499 2921 1481 2921 1482 2922 1499 2922 1483 2922 1474 2923 1491 2923 1484 2923 1471 2924 1474 2924 1484 2924 1470 2925 1471 2925 1484 2925 1470 2926 1484 2926 1485 2926 1470 2927 1485 2927 1486 2927 1468 2928 1470 2928 1486 2928 1468 2929 1486 2929 1487 2929 1469 2930 1468 2930 1487 2930 1469 2931 1487 2931 1488 2931 1472 2932 1469 2932 1488 2932 1475 2933 1472 2933 1488 2933 1475 2934 1488 2934 1489 2934 1476 2935 1475 2935 1489 2935 1476 2936 1489 2936 1490 2936 1477 2937 1476 2937 1490 2937 1477 2938 1490 2938 1491 2938 1474 2939 1477 2939 1491 2939 1493 2940 1494 2940 1482 2940 1482 2941 1494 2941 1480 2941 1494 2942 1495 2942 1480 2942 1480 2943 1495 2943 1478 2943 1495 2944 1496 2944 1478 2944 1478 2945 1496 2945 1479 2945 1496 2946 1497 2946 1479 2946 1479 2947 1497 2947 1481 2947 1497 2948 1498 2948 1481 2948 1481 2949 1498 2949 1483 2949 1498 2950 1493 2950 1483 2950 1483 2951 1493 2951 1482 2951 1495 2952 1497 2952 1496 2952 1493 2953 1498 2953 1497 2953 1493 2954 1497 2954 1495 2954 1494 2955 1493 2955 1495 2955 1499 2956 1464 2956 1501 2956 1499 2957 1467 2957 1464 2957 1499 2958 1500 2958 1467 2958 1499 2959 1466 2959 1500 2959 1499 2960 1465 2960 1466 2960 1501 2961 1465 2961 1499 2961 1473 2962 1501 2962 1464 2962 1473 2963 1464 2963 1467 2963 1473 2964 1467 2964 1500 2964 1473 2965 1500 2965 1466 2965 1473 2966 1466 2966 1465 2966 1473 2967 1465 2967 1501 2967 1492 2968 1484 2968 1491 2968 1492 2969 1485 2969 1484 2969 1492 2970 1486 2970 1485 2970 1492 2971 1487 2971 1486 2971 1492 2972 1488 2972 1487 2972 1492 2973 1489 2973 1488 2973 1492 2974 1490 2974 1489 2974 1492 2975 1491 2975 1490 2975 1510 2976 1508 2976 1503 2976 1509 2977 1503 2977 1508 2977 1509 2978 1541 2978 1503 2978 1510 2979 1503 2979 1516 2979 1512 2980 1510 2980 1516 2980 1511 2981 1541 2981 1509 2981 1516 2982 1513 2982 1512 2982 1541 2983 1511 2983 1514 2983 1541 2984 1514 2984 1515 2984 1518 2985 1541 2985 1515 2985 1518 2986 1515 2986 1517 2986 1518 2987 1517 2987 1516 2987 1519 2988 1520 2988 1539 2988 1539 2989 1521 2989 1519 2989 1520 2990 1522 2990 1539 2990 1539 2991 1523 2991 1521 2991 1524 2992 1539 2992 1522 2992 1523 2993 1539 2993 1524 2993 1513 2994 1532 2994 1525 2994 1513 2995 1525 2995 1526 2995 1512 2996 1513 2996 1526 2996 1512 2997 1526 2997 1527 2997 1510 2998 1512 2998 1527 2998 1508 2999 1510 2999 1527 2999 1508 3000 1527 3000 1528 3000 1509 3001 1508 3001 1528 3001 1509 3002 1528 3002 1529 3002 1511 3003 1509 3003 1529 3003 1514 3004 1529 3004 1530 3004 1514 3005 1511 3005 1529 3005 1515 3006 1514 3006 1530 3006 1515 3007 1530 3007 1531 3007 1517 3008 1515 3008 1531 3008 1516 3009 1517 3009 1531 3009 1516 3010 1531 3010 1532 3010 1513 3011 1516 3011 1532 3011 1533 3012 1534 3012 1523 3012 1523 3013 1534 3013 1521 3013 1534 3014 1535 3014 1521 3014 1521 3015 1535 3015 1519 3015 1535 3016 1536 3016 1519 3016 1519 3017 1536 3017 1520 3017 1536 3018 1537 3018 1520 3018 1520 3019 1537 3019 1522 3019 1537 3020 1538 3020 1522 3020 1522 3021 1538 3021 1524 3021 1538 3022 1533 3022 1524 3022 1524 3023 1533 3023 1523 3023 1535 3024 1537 3024 1536 3024 1534 3025 1533 3025 1538 3025 1534 3026 1538 3026 1537 3026 1534 3027 1537 3027 1535 3027 1540 3028 1502 3028 1539 3028 1539 3029 1507 3029 1540 3029 1539 3030 1518 3030 1507 3030 1539 3031 1506 3031 1518 3031 1539 3032 1505 3032 1506 3032 1539 3033 1504 3033 1505 3033 1539 3034 1503 3034 1504 3034 1539 3035 1502 3035 1503 3035 1540 3036 1516 3036 1502 3036 1516 3037 1540 3037 1507 3037 1516 3038 1507 3038 1518 3038 1541 3039 1518 3039 1506 3039 1541 3040 1506 3040 1505 3040 1541 3041 1505 3041 1504 3041 1541 3042 1504 3042 1503 3042 1502 3043 1516 3043 1503 3043 1542 3044 1525 3044 1532 3044 1542 3045 1526 3045 1525 3045 1542 3046 1527 3046 1526 3046 1542 3047 1528 3047 1527 3047 1542 3048 1529 3048 1528 3048 1542 3049 1530 3049 1529 3049 1542 3050 1531 3050 1530 3050 1542 3051 1532 3051 1531 3051 1545 3052 1543 3052 1560 3052 1546 3053 1560 3053 1554 3053 1546 3054 1545 3054 1560 3054 1557 3055 1558 3055 1547 3055 1548 3056 1546 3056 1554 3056 1550 3057 1557 3057 1547 3057 1549 3058 1548 3058 1554 3058 1550 3059 1561 3059 1557 3059 1549 3060 1554 3060 1561 3060 1551 3061 1561 3061 1550 3061 1551 3062 1549 3062 1561 3062 1555 3063 1558 3063 1553 3063 1545 3064 1546 3064 1554 3064 1555 3065 1547 3065 1558 3065 1554 3066 1546 3066 1556 3066 1546 3067 1548 3067 1556 3067 1557 3068 1547 3068 1555 3068 1557 3069 1550 3069 1547 3069 1548 3070 1549 3070 1556 3070 1551 3071 1550 3071 1557 3071 1556 3072 1549 3072 1551 3072 1553 3073 1558 3073 1544 3073 1552 3074 1553 3074 1544 3074 1552 3075 1544 3075 1559 3075 1555 3076 1553 3076 1558 3076 1558 3077 1553 3077 1544 3077 1553 3078 1552 3078 1544 3078 1544 3079 1552 3079 1559 3079 1543 3080 1545 3080 1560 3080 1560 3081 1545 3081 1554 3081 1556 3082 1551 3082 1561 3082 1551 3083 1557 3083 1561 3083 1561 3084 1554 3084 1556 3084 1558 3085 1557 3085 1555 3085 1562 3086 1573 3086 1563 3086 1576 3087 1563 3087 1564 3087 1562 3088 1574 3088 1573 3088 1562 3089 1565 3089 1574 3089 1583 3090 1565 3090 1562 3090 1577 3091 1565 3091 1583 3091 1577 3092 1583 3092 1584 3092 1567 3093 1577 3093 1584 3093 1567 3094 1584 3094 1570 3094 1568 3095 1581 3095 1582 3095 1579 3096 1567 3096 1570 3096 1569 3097 1581 3097 1568 3097 1580 3098 1579 3098 1570 3098 1569 3099 1571 3099 1581 3099 1580 3100 1570 3100 1571 3100 1569 3101 1580 3101 1571 3101 1563 3102 1573 3102 1572 3102 1563 3103 1572 3103 1564 3103 1572 3104 1575 3104 1564 3104 1574 3105 1583 3105 1573 3105 1564 3106 1575 3106 1576 3106 1574 3107 1565 3107 1583 3107 1575 3108 1566 3108 1576 3108 1575 3109 1578 3109 1566 3109 1565 3110 1577 3110 1583 3110 1577 3111 1567 3111 1584 3111 1578 3112 1582 3112 1566 3112 1581 3113 1582 3113 1578 3113 1581 3114 1568 3114 1582 3114 1585 3115 1568 3115 1581 3115 1584 3116 1567 3116 1570 3116 1567 3117 1579 3117 1570 3117 1585 3118 1569 3118 1568 3118 1571 3119 1569 3119 1585 3119 1579 3120 1580 3120 1570 3120 1570 3121 1580 3121 1571 3121 1571 3122 1580 3122 1569 3122 1581 3123 1578 3123 1582 3123 1582 3124 1578 3124 1566 3124 1578 3125 1575 3125 1566 3125 1566 3126 1575 3126 1576 3126 1575 3127 1572 3127 1576 3127 1576 3128 1572 3128 1563 3128 1572 3129 1573 3129 1563 3129 1563 3130 1573 3130 1562 3130 1562 3131 1573 3131 1583 3131 1581 3132 1571 3132 1585 3132 1584 3133 1583 3133 1577 3133</p>
                </triangles>
            </mesh>
        </geometry>
    </library_geometries>
    <library_visual_scenes>
        <visual_scene id="VisualSceneNode" name="VisualScene">
            <node id="node" name="node">
                <instance_geometry url="#shape0-lib"/>
            </node>
        </visual_scene>
    </library_visual_scenes>
    <scene>
        <instance_visual_scene url="#VisualSceneNode"/>
    </scene>
</COLLADA>
