<?xml version="1.0" encoding="UTF-8"?>
<COLLADA xmlns="http://www.collada.org/2005/11/COLLADASchema" version="1.4.1">
    <asset>
        <contributor>
            <author>VCGLab</author>
            <authoring_tool>VCGLib | MeshLab</authoring_tool>
        </contributor>
        <created>월 1 13 13:21:18 2025 GMT</created>
        <modified>월 1 13 13:21:18 2025 GMT</modified>
        <up_axis>Y_UP</up_axis>
    </asset>
    <library_geometries>
        <geometry id="shape0-lib" name="shape0">
            <mesh>
                <source id="shape0-lib-positions" name="position">
                    <float_array id="shape0-lib-positions-array" count="4221">0.00599254 -0.000299075 0.0205 0.006 1.19904e-17 0.1725 0.00599254 -0.000299075 0.1725 0.006 1.19904e-17 0.0205 0.00597019 -0.000597407 0.0205 0.00597019 -0.000597407 0.1725 0.00593298 -0.000894254 0.0205 0.00593298 -0.000894254 0.1725 0.00588103 -0.00118888 0.0205 0.00588103 -0.00118888 0.1725 0.00581446 -0.00148054 0.0205 0.00581446 -0.00148054 0.1725 0.00573344 -0.00176853 0.0205 0.00573344 -0.00176853 0.1725 0.00563816 -0.00205212 0.0205 0.00563816 -0.00205212 0.1725 0.00552886 -0.00233061 0.0205 0.00552886 -0.00233061 0.1725 0.00540581 -0.0026033 0.0205 0.00540581 -0.0026033 0.1725 0.00526933 -0.00286952 0.0205 0.00526933 -0.00286952 0.1725 0.00511975 -0.00312861 0.0205 0.00511975 -0.00312861 0.1725 0.00495743 -0.00337992 0.0205 0.00495743 -0.00337992 0.1725 0.00478279 -0.00362283 0.0205 0.00478279 -0.00362283 0.1725 0.00459627 -0.00385673 0.0205 0.00459627 -0.00385673 0.1725 0.00439831 -0.00408104 0.0205 0.00439831 -0.00408104 0.1725 0.00418942 -0.0042952 0.0205 0.00418942 -0.0042952 0.1725 0.00397011 -0.00449869 0.0205 0.00397011 -0.00449869 0.1725 0.00374094 -0.00469099 0.0205 0.00374094 -0.00469099 0.1725 0.00350246 -0.00487163 0.0205 0.00350246 -0.00487163 0.1725 0.00325528 -0.00504015 0.0205 0.00325528 -0.00504015 0.1725 0.003 -0.00519615 0.0205 0.003 -0.00519615 0.1725 0.00273726 -0.00533923 0.0205 0.00273726 -0.00533923 0.1725 0.00246772 -0.00546903 0.0205 0.00246772 -0.00546903 0.1725 0.00219205 -0.00558524 0.0205 0.00219205 -0.00558524 0.1725 0.00191092 -0.00568756 0.0205 0.00191092 -0.00568756 0.1725 0.00162504 -0.00577575 0.0205 0.00162504 -0.00577575 0.1725 0.00133513 -0.00584957 0.0205 0.00133513 -0.00584957 0.1725 0.00104189 -0.00590885 0.0205 0.00104189 -0.00590885 0.1725 0.000746062 -0.00595343 0.0205 0.000746062 -0.00595343 0.1725 0.000448381 -0.00598322 0.0205 0.000448381 -0.00598322 0.1725 0.000149584 -0.00599814 0.0205 0.000149584 -0.00599814 0.1725 -0.000149584 -0.00599814 0.0205 -0.000149584 -0.00599814 0.1725 -0.000448381 -0.00598322 0.0205 -0.000448381 -0.00598322 0.1725 -0.000746062 -0.00595343 0.0205 -0.000746062 -0.00595343 0.1725 -0.00104189 -0.00590885 0.0205 -0.00104189 -0.00590885 0.1725 -0.00133513 -0.00584957 0.0205 -0.00133513 -0.00584957 0.1725 -0.00162504 -0.00577575 0.0205 -0.00162504 -0.00577575 0.1725 -0.00191092 -0.00568756 0.0205 -0.00191092 -0.00568756 0.1725 -0.00219205 -0.00558524 0.0205 -0.00219205 -0.00558524 0.1725 -0.00246772 -0.00546903 0.0205 -0.00246772 -0.00546903 0.1725 -0.00273726 -0.00533923 0.0205 -0.00273726 -0.00533923 0.1725 -0.003 -0.00519615 0.0205 -0.003 -0.00519615 0.1725 -0.00325528 -0.00504015 0.0205 -0.00325528 -0.00504015 0.1725 -0.00350246 -0.00487163 0.0205 -0.00350246 -0.00487163 0.1725 -0.00374094 -0.00469099 0.0205 -0.00374094 -0.00469099 0.1725 -0.00397011 -0.00449869 0.0205 -0.00397011 -0.00449869 0.1725 -0.00418942 -0.0042952 0.0205 -0.00418942 -0.0042952 0.1725 -0.00439831 -0.00408104 0.0205 -0.00439831 -0.00408104 0.1725 -0.00459627 -0.00385673 0.0205 -0.00459627 -0.00385673 0.1725 -0.00478279 -0.00362283 0.0205 -0.00478279 -0.00362283 0.1725 -0.00495743 -0.00337992 0.0205 -0.00495743 -0.00337992 0.1725 -0.00511975 -0.00312861 0.0205 -0.00511975 -0.00312861 0.1725 -0.00526933 -0.00286952 0.0205 -0.00526933 -0.00286952 0.1725 -0.00540581 -0.0026033 0.0205 -0.00540581 -0.0026033 0.1725 -0.00552886 -0.00233061 0.0205 -0.00552886 -0.00233061 0.1725 -0.00563816 -0.00205212 0.0205 -0.00563816 -0.00205212 0.1725 -0.00573344 -0.00176853 0.0205 -0.00573344 -0.00176853 0.1725 -0.00581446 -0.00148054 0.0205 -0.00581446 -0.00148054 0.1725 -0.00588103 -0.00118888 0.0205 -0.00588103 -0.00118888 0.1725 -0.00593298 -0.000894254 0.0205 -0.00593298 -0.000894254 0.1725 -0.00597019 -0.000597407 0.0205 -0.00597019 -0.000597407 0.1725 -0.00599254 -0.000299075 0.0205 -0.00599254 -0.000299075 0.1725 -0.006 8.59108e-18 0.1725 -0.006 -3.25719e-17 0.0205 -0.00599254 0.000299075 0.0205 -0.00599254 0.000299075 0.1725 -0.00597019 0.000597407 0.1725 -0.00597019 0.000597407 0.0205 -0.00593298 0.000894254 0.0205 -0.00593298 0.000894254 0.1725 -0.00588103 0.00118888 0.1725 -0.00588103 0.00118888 0.0205 -0.00581446 0.00148054 0.0205 -0.00581446 0.00148054 0.1725 -0.00573344 0.00176853 0.1725 -0.00573344 0.00176853 0.0205 -0.00563816 0.00205212 0.0205 -0.00563816 0.00205212 0.1725 -0.00552886 0.00233061 0.0205 -0.00552886 0.00233061 0.1725 -0.00540581 0.0026033 0.0205 -0.00540581 0.0026033 0.1725 -0.00526933 0.00286952 0.1725 -0.00526933 0.00286952 0.0205 -0.00511975 0.00312861 0.0205 -0.00511975 0.00312861 0.1725 -0.00495743 0.00337992 0.0205 -0.00495743 0.00337992 0.1725 -0.00478279 0.00362283 0.0205 -0.00478279 0.00362283 0.1725 -0.00459627 0.00385673 0.0205 -0.00459627 0.00385673 0.1725 -0.00439831 0.00408104 0.0205 -0.00439831 0.00408104 0.1725 -0.00418942 0.0042952 0.1725 -0.00418942 0.0042952 0.0205 -0.00397011 0.00449869 0.0205 -0.00397011 0.00449869 0.1725 -0.00374094 0.00469099 0.1725 -0.00374094 0.00469099 0.0205 -0.00350246 0.00487163 0.0205 -0.00350246 0.00487163 0.1725 -0.00325528 0.00504015 0.1725 -0.00325528 0.00504015 0.0205 -0.003 0.00519615 0.0205 -0.003 0.00519615 0.1725 -0.00273726 0.00533923 0.0205 -0.00273726 0.00533923 0.1725 -0.00246772 0.00546903 0.0205 -0.00246772 0.00546903 0.1725 -0.00219205 0.00558524 0.0205 -0.00219205 0.00558524 0.1725 -0.00191092 0.00568756 0.0205 -0.00191092 0.00568756 0.1725 -0.00162504 0.00577575 0.0205 -0.00162504 0.00577575 0.1725 -0.00133513 0.00584957 0.0205 -0.00133513 0.00584957 0.1725 -0.00104189 0.00590885 0.0205 -0.00104189 0.00590885 0.1725 -0.000746062 0.00595343 0.0205 -0.000746062 0.00595343 0.1725 -0.000448381 0.00598322 0.1725 -0.000448381 0.00598322 0.0205 -0.000149584 0.00599814 0.0205 -0.000149584 0.00599814 0.1725 0.000149584 0.00599814 0.0205 0.000149584 0.00599814 0.1725 0.000448381 0.00598322 0.0205 0.000448381 0.00598322 0.1725 0.000746062 0.00595343 0.0205 0.000746062 0.00595343 0.1725 0.00104189 0.00590885 0.0205 0.00104189 0.00590885 0.1725 0.00133513 0.00584957 0.0205 0.00133513 0.00584957 0.1725 0.00162504 0.00577575 0.0205 0.00162504 0.00577575 0.1725 0.00191092 0.00568756 0.0205 0.00191092 0.00568756 0.1725 0.00219205 0.00558524 0.0205 0.00219205 0.00558524 0.1725 0.00246772 0.00546903 0.0205 0.00246772 0.00546903 0.1725 0.00273726 0.00533923 0.0205 0.00273726 0.00533923 0.1725 0.003 0.00519615 0.1725 0.003 0.00519615 0.0205 0.00325528 0.00504015 0.0205 0.00325528 0.00504015 0.1725 0.00350246 0.00487163 0.0205 0.00350246 0.00487163 0.1725 0.00374094 0.00469099 0.0205 0.00374094 0.00469099 0.1725 0.00397011 0.00449869 0.0205 0.00397011 0.00449869 0.1725 0.00418942 0.0042952 0.0205 0.00418942 0.0042952 0.1725 0.00439831 0.00408104 0.0205 0.00439831 0.00408104 0.1725 0.00459627 0.00385673 0.0205 0.00459627 0.00385673 0.1725 0.00478279 0.00362283 0.1725 0.00478279 0.00362283 0.0205 0.00495743 0.00337992 0.0205 0.00495743 0.00337992 0.1725 0.00511975 0.00312861 0.0205 0.00511975 0.00312861 0.1725 0.00526933 0.00286952 0.0205 0.00526933 0.00286952 0.1725 0.00540581 0.0026033 0.1725 0.00540581 0.0026033 0.0205 0.00552886 0.00233061 0.0205 0.00552886 0.00233061 0.1725 0.00563816 0.00205212 0.0205 0.00563816 0.00205212 0.1725 0.00573344 0.00176853 0.0205 0.00573344 0.00176853 0.1725 0.00581446 0.00148054 0.1725 0.00581446 0.00148054 0.0205 0.00588103 0.00118888 0.0205 0.00588103 0.00118888 0.1725 0.00593298 0.000894254 0.0205 0.00593298 0.000894254 0.1725 0.00597019 0.000597407 0.0205 0.00597019 0.000597407 0.1725 0.00599254 0.000299075 0.0205 0.00599254 0.000299075 0.1725 -0.00241809 -0.00235854 0.173 -0.00509941 -0.00204523 0.172875 -0.00149099 -0.00304749 0.173 -0.00277971 -0.00481924 0.172875 -0.000837672 -0.00328974 0.173 -0.00313964 -0.00125473 0.173 -0.0033689 -0.000400927 0.173 -0.000211595 -0.0033905 0.173 0.000211595 -0.0033905 0.173 -0.00334473 0.000568355 0.173 0.000857585 -0.0032825 0.173 -0.00316005 0.00124023 0.173 0.00147475 -0.00306234 0.173 0.00208073 -0.00266008 0.173 -0.00278899 0.00192714 0.173 -0.0022921 0.0025013 0.173 0.00283844 -0.00185836 0.173 -0.0015158 0.00302558 0.173 0.00316005 -0.00124023 0.173 -0.000340959 0.00540853 0.172875 -0.000714559 0.00332109 0.173 0.00333003 -0.000651675 0.173 -6.33363e-05 0.00338944 0.173 0.000733685 0.00330969 0.173 0.00336392 0.00038981 0.173 0.00516346 -0.000744785 0.172977 0.00248919 0.00486723 0.172875 0.00143285 0.00307314 0.173 0.00300837 0.00155459 0.173 0.00255767 0.00222903 0.173 0.00215101 0.00262933 0.173 0.00455264 0.00302352 0.172875 -0.00268946 -0.00206376 0.02 -0.0021003 -0.00266775 0.02 -0.00529366 -0.00027482 0.02 -0.00167831 -0.00294908 0.02 -0.00307882 -0.00143566 0.02 -0.00097984 -0.0032481 0.02 -0.00333048 -0.000576281 0.02 -0.00339789 8.4738e-05 0.02 -0.000169213 -0.0033905 0.02 0.000380334 -0.00337574 0.02 0.00120422 -0.00315521 0.02 -0.0043483 0.0032107 0.02 -0.00325478 0.000888003 0.02 -0.00285165 0.00184179 0.02 0.00204975 -0.00270604 0.02 0.00328364 -0.00441011 0.020125 -0.00260455 0.00218548 0.02 -0.00211184 0.00264842 0.02 0.00265644 -0.00209164 0.02 -0.00162556 0.00298502 0.02 -0.00116106 0.00318999 0.02 0.00314656 -0.0012804 0.02 0.00533495 0.000178265 0.02 0.00333899 -0.000588754 0.02 -0.000442541 0.00336102 0.02 0.0033905 0.000211634 0.02 -0.000654234 0.00527334 0.0200156 0.000358776 0.00337365 0.02 0.00328263 0.000835696 0.02 0.00104168 0.00323344 0.02 0.00296291 0.00166176 0.02 0.0036815 0.00394211 0.02 0.00173022 0.00291241 0.02 0.0026393 0.00213174 0.02 0.00224973 0.00254926 0.02 -0.00338523 0.000253688 0.04225 -0.0031617 0.00120718 0.04225 -0.00279332 0.00193016 0.04225 -4.67442e-05 0.00163173 0.0431629 -0.00254846 0.00224903 0.04225 -0.00197721 0.0027504 0.04225 -0.00121877 0.00316337 0.04225 -0.000347287 0.00336208 0.04225 0.000609971 0.00333792 0.04225 0.00142041 0.00307152 0.04225 0.00215101 0.00262933 0.04225 0.00258325 0.00219526 0.04225 0.00300343 0.00158734 0.04225 0.00328263 0.000835696 0.04225 -0.00100948 -0.00178331 0.0429827 0.00338997 -2.11845e-05 0.04225 0.00162718 -0.000671886 0.0429597 0.00330009 -0.000763902 0.04225 0.00293626 -0.00169525 0.04225 0.00225835 -0.00251104 0.04225 0.00139331 -0.00308751 0.04225 0.000631579 -0.00333787 0.04225 -2.10858e-05 -0.00339261 0.04225 -0.000938533 -0.00325753 0.04225 -0.00171601 -0.00292975 0.04225 -0.00218208 -0.0026005 0.04225 -0.00268946 -0.00206376 0.04225 -0.00208411 0.000133776 0.0429576 -0.00307882 -0.00143566 0.04225 -0.00333048 -0.000576281 0.04225 -0.00166707 -0.000369242 0.14993 0.00338127 0.000137278 0.15075 0.00322266 0.00106051 0.15075 0.00288158 0.00178573 0.15075 0.00243017 0.00237032 0.15075 0.00172837 0.00289841 0.15075 0.000599181 0.00333849 0.15075 0.000134816 0.00191787 0.149997 -8.42907e-05 0.00338628 0.15075 -0.000838714 0.00329384 0.15075 -0.0015158 0.00302558 0.15075 -0.00222938 0.00255806 0.15075 -0.00272564 0.00201164 0.15075 -0.00312039 0.0013384 0.15075 0.00103725 -0.00105031 0.150098 -0.00332662 0.000661926 0.15075 -0.0033905 -0.000211634 0.15075 -0.00330286 -0.000775483 0.15075 -0.00302086 -0.00154871 0.15075 -0.0026541 -0.00211657 0.15075 -0.00208444 -0.00266388 0.15075 -0.00132027 -0.00313205 0.15075 -0.000774992 -0.00330026 0.15075 -4.23295e-05 -0.00339683 0.15075 0.000671814 -0.00332327 0.15075 0.00135845 -0.00311366 0.15075 0.00195485 -0.00275609 0.15075 0.00287709 -0.00178298 0.15075 0.00330286 -0.000775483 0.15075 0.00529697 -0.00215443 0.17275 0.00238207 -0.00490945 0.172875 -0.000149904 -0.00551317 0.172844 -0.000997236 -0.00565561 0.17275 -0.0050453 0.00193524 0.172875 -0.00279108 0.00497457 0.17275 0.00572857 -0.000143129 0.17275 0.00536066 0.00176106 0.02025 0.0035988 0.00439797 0.02025 0.0010595 0.00560481 0.02025 -0.00266126 0.004788 0.02025 -0.00533568 0.00201667 0.02025 -0.00564375 -0.000599148 0.02025 -0.00351877 -0.00411329 0.0200625 -0.00374378 -0.00429147 0.02025 -0.00027082 -0.00539124 0.0200625 0.000103187 -0.00566727 0.02025 0.00527214 -0.00180867 0.02025 -0.00450512 -0.00339544 0.174978 -0.000970655 -0.00506596 0.175012 0.00196434 -0.00466915 0.173448 0.00486614 -0.00270603 0.174967 -0.00427353 0.00131191 0.177 0.00451035 -0.00140564 0.176802 0.00216288 -0.00433467 0.176769 -0.000490096 -0.00479386 0.176813 -0.00392317 -0.00282995 0.176802 -0.00496855 0.00022187 0.175032 -0.000816225 0.00456843 0.176901 0.00379027 0.00296007 0.176818 -0.00445425 -0.00175418 0.173187 0.00372847 0.0011118 0.173 0.00499082 0.000287343 0.174982 0.00250449 0.00434375 0.175062 0.0028392 0.00368858 0.173104 -0.00135871 -0.00428514 0.173104 0.00359124 -0.00282859 0.173094 -0.00033662 0.00484923 0.173187 -0.00445425 0.00271187 0.175348 -0.00393539 0.00228727 0.173 -0.0021162 0.00460488 0.174226 -5.73328e-05 0.0033144 0.173 0.00192005 0.00279091 0.173 -0.00191575 0.00272663 0.173 0.00322568 -0.000158857 0.173 -0.00327564 0.000346939 0.173 -0.00281383 -0.00171822 0.173 0.00137525 -0.00303651 0.173 -0.000617963 -0.00329955 0.173 0.00139602 0.00308529 0.177 -0.000790894 0.00322467 0.177 0.00291683 0.00151941 0.177 -0.00253066 0.00220989 0.177 0.0032038 -0.000836916 0.177 -0.00326727 -0.00034141 0.177 0.00205843 -0.00267157 0.177 -0.00248077 -0.00222356 0.177 -0.000333888 -0.00325562 0.177 -0.0028983 0.000981882 0.156228 -0.000312392 -0.000873892 0.156 -0.00578957 0.00450001 0.187313 0.00296687 0.0045 0.1835 0.00648039 0.0045 0.18814 0.00521339 0.0045 0.192776 0.010784 0.00450003 0.196499 6.75189e-05 0.0045 0.190752 0.00732571 0.0045 0.198896 0.0107381 0.00450002 0.200924 -0.00625172 0.0045 0.194313 0.00803837 0.00449986 0.205979 -0.0107693 0.00450007 0.196233 0.00405951 0.0045 0.204068 -0.00739961 0.0045 0.199098 -0.00997683 0.00449998 0.20261 0.00185943 0.00449987 0.209221 -0.00248668 0.0045 0.204512 -0.00447468 0.00450015 0.208487 0.00572839 -0.00449971 0.187078 -0.00275549 -0.00449849 0.183301 0.00114197 -0.00472951 0.182698 -0.00511362 -0.0045 0.19275 -0.00782391 -0.0045 0.190114 -0.00409931 -0.0045 0.184772 -0.00706905 -0.0045 0.198955 0.00031394 -0.0045 0.190618 -0.0107203 -0.00449999 0.196212 -0.0104885 -0.00449994 0.201817 -0.00417508 -0.0045 0.204144 -0.00809737 -0.00449996 0.205939 0.00538858 -0.0045 0.193225 -0.00461856 -0.00449992 0.208587 -0.000544014 -0.00449982 0.209522 0.010412 -0.00450014 0.194849 0.000305935 -0.0045 0.205326 0.0106183 -0.00449996 0.201213 0.00640876 -0.0045 0.201151 0.00882813 -0.00449968 0.205214 0.00505151 -0.00450009 0.208228 -0.0105165 -0.00283056 0.19363 -0.0108998 -0.000436484 0.193591 -0.011427 -0.00258921 0.196334 -0.0100999 0.0029224 0.192805 -0.0117715 -0.00142851 0.19871 -0.0113499 0.00171597 0.195287 -0.0109491 -0.00305521 0.202085 -0.0112902 0.0016077 0.201785 -0.0116109 0.00269442 0.198378 -0.0100055 -0.00238286 0.204482 -0.00826418 -0.00158461 0.206851 -0.00989408 0.00230882 0.204704 -0.00210867 -0.00279849 0.20989 -0.00540186 -0.000398803 0.209003 -0.00770476 0.0030528 0.207024 -0.00351584 0.00351131 0.209337 -0.00144837 0.000833238 0.210238 0.00142365 -0.00228121 0.210104 0.00384052 -0.00147933 0.20965 0.00146355 0.00279696 0.209983 0.00678539 -0.00235716 0.20796 0.00584505 0.00277088 0.20844 0.00916038 -0.00310471 0.205513 0.010616 -0.000730384 0.203868 0.00873782 0.00103539 0.2064 0.0106141 0.0025943 0.203191 0.0112619 -0.00254087 0.201433 0.0116112 -0.00280065 0.198054 0.0116574 0.00147685 0.200097 0.0111329 -0.0020426 0.195023 0.00988407 -0.00319414 0.192573 0.01163 0.00171081 0.197008 0.0102455 0.0016436 0.192741 -9.95678e-05 0.00399254 0.181 -0.00135252 0.00464022 0.182678 -0.000959965 0.00387102 0.181 -0.00188548 0.00351444 0.181 -0.00357166 0.00367051 0.183048 -0.00249318 0.00312635 0.181 -0.00282599 0.00282603 0.181 -0.00327382 0.00229233 0.181 -0.0036756 0.0015494 0.181 -0.00629943 0.00310796 0.186484 -0.00721439 0.000894632 0.186945 -0.00396034 0.000471178 0.181 -0.003969 -0.000422089 0.181 -0.00380405 -0.00122551 0.181 -0.00356591 -0.00180006 0.181 -0.00315549 -0.00245266 0.181 -0.00720186 -0.00131909 0.187029 -0.00279208 -0.00286258 0.181 -0.00222604 -0.00330924 0.181 -0.00150636 -0.00370183 0.181 -0.00103441 -0.0038604 0.181 -0.00105151 -0.00466068 0.182511 -0.00371221 -0.00377223 0.183356 -0.000223687 -0.003982 0.181 -0.0061 -0.00315198 0.186213 0.000644902 -0.00394421 0.181 0.00127197 -0.00378582 0.181 0.00210742 -0.00337772 0.181 0.00339609 -0.00370875 0.182921 0.00297666 -0.00265999 0.181 0.00349339 -0.00193064 0.181 0.00381635 -0.00117719 0.181 0.00397891 -0.000273185 0.181 0.00397889 0.000398148 0.181 0.00390717 0.000840658 0.181 0.00593967 -0.00297632 0.185832 0.00679725 -0.000748256 0.186187 0.0036068 0.00170941 0.181 0.00643924 0.0033012 0.18682 0.00397754 0.00364455 0.183624 0.00321563 0.00237327 0.181 0.00282599 0.00282603 0.181 0.00195925 0.00346828 0.181 0.00078945 0.00390612 0.181 0.00150445 0.00463702 0.182714 0.00662792 0.00199577 0.186291 -9.95678e-05 0.00399254 0.156767 0.00078945 0.00390612 0.156767 0.00184295 0.00354043 0.156767 0.00260694 0.00302928 0.156767 0.00307346 0.00254656 0.156767 0.0036068 0.00170941 0.156767 0.00388498 0.00093785 0.156767 0.00397889 0.000398148 0.156767 0.00397397 -0.000297621 0.156767 0.0037723 -0.00132001 0.156767 0.00337453 -0.00212038 0.156767 0.00273338 -0.00290942 0.156767 0.00205832 -0.00341609 0.156767 0.00127197 -0.00378582 0.156767 0.000644902 -0.00394421 0.156767 -0.000124305 -0.00398944 0.156767 -0.000937805 -0.003885 0.156767 -0.00164259 -0.00364036 0.156767 -0.00253065 -0.00307344 0.156767 -0.00309333 -0.00253061 0.156767 -0.00350743 -0.00191004 0.156767 -0.0037723 -0.00132001 0.156767 -0.00396034 -0.000471178 0.156767 -0.00397394 0.000397653 0.156767 -0.00382632 0.00112802 0.156767 -0.00336371 0.00214285 0.156767 -0.0028956 0.00275466 0.156767 -0.00237323 0.00321565 0.156767 -0.00182201 0.00355396 0.156767 -0.000959965 0.00387102 0.156767 -0.00177132 -0.00284024 0.156286 0.00181004 -0.00272728 0.156259 0.00340535 -3.78431e-06 0.156241 0.00123115 0.00285823 0.15625 0.0068495 -0.00319297 0.200373 0.0057183 -0.00283093 0.202528 0.00317914 -0.00320557 0.204381 -0.000653864 -0.00314648 0.20508 -0.00449345 -0.0039512 0.203269 -0.0059807 -0.0037276 0.194249 0.00646036 -0.0038596 0.195117 0.00700915 0.000843848 0.201168 0.00737411 0.000831731 0.19629 0.00402905 0.000996107 0.204564 0.0036859 0.00352568 0.204096 0.00664443 0.00324759 0.195162 0.00743343 -0.00225982 0.197246 -0.00230503 0.00184631 0.205208 0.00584716 0.000134679 0.19285 0.00497264 -0.0032465 0.192769 -0.00520903 0.00380877 0.202713 0.00232788 -0.00340782 0.191302 -0.00119582 0.00187643 0.190533 0.0024448 2.88282e-05 0.190665 0.00105181 0.00345608 0.190998 -0.00609965 0.000652394 0.202584 -0.00687578 0.00378349 0.199113 -0.00164358 -0.00321197 0.191032 -0.00739448 -0.000270501 0.199743 -0.00446766 0.00314473 0.192357 -0.00349747 -0.000919366 0.1912 -0.00676217 -0.000826919 0.194342 0.00049035 0.000510914 0.205733 -0.00689899 0.00309865 0.195885 -0.00444543 -0.000266348 0.204283 -0.00722693 -0.00308056 0.198155 0.000289403 0.00369858 0.205005 0.00579948 0.00361709 0.202018 0.00698497 0.00340325 0.199496 0.00463667 0.00351098 0.19263 -0.0043315 0.00555335 0.201515 -0.00581887 0.00511314 0.198233 -0.00109873 0.006 0.20286 -0.0022172 -0.00592974 0.196058 0.000555919 -0.00568801 0.192831 -0.00429383 -0.00543998 0.194485 -0.00448779 0.00514888 0.19428 -0.00387832 0.00231757 0.191662 -0.00642945 0.00237842 0.194258 -0.0073846 0.00141194 0.199014 0.00760569 0.0013346 0.198594 0.00652704 -0.00207099 0.194572 0.00648596 -0.00427773 0.197609 0.00416264 -0.00225395 0.19181 0.00617 -0.00381898 0.200662 0.00753412 -0.000542041 0.200037 0.00404005 -0.00515449 0.193845 0.00465344 -0.00567694 0.200798 0.00595154 -0.000580504 0.203104 0.00162077 -0.00130675 0.190453 0.00106403 -0.00452848 0.191677 -0.00179272 -0.00279717 0.190948 0.00575905 0.00164022 0.202962 0.0039042 -0.00392917 0.20343 -0.00172026 -0.000827265 0.190474 0.00309374 -0.00153182 0.205031 0.00393275 0.00518855 0.202134 0.00573748 0.00503621 0.198646 -0.00388959 -0.00383255 0.192493 0.00268007 0.00224492 0.204838 -0.00550544 0.000185132 0.192531 0.00109115 -0.00494026 0.203787 0.00702519 0.00174919 0.194999 0.00650465 0.00376882 0.196102 -0.00121838 0.00102557 0.205615 0.00542523 0.0015648 0.192688 -0.00138589 -0.00187014 0.205339 -0.00317809 -0.00487007 0.203155 0.000497292 0.00428225 0.204491 0.00437705 0.00431603 0.193114 -0.0051057 -0.00551868 0.200138 0.00293547 0.00581639 0.193763 -0.00704609 -0.00131484 0.195064 0.00163607 0.00433558 0.191711 0.00279219 0.000760939 0.190735 -0.00556906 -0.0022675 0.202915 -0.00667959 -0.00374038 0.19854 -0.00300725 0.00403669 0.203956 -0.00161076 0.0049152 0.192185 -0.000206137 0.00255615 0.190606 -0.00527469 0.00168509 0.203351 0.00122518 0.00579367 0.194203 0.00245041 0.0057 0.194868 0.00358838 0.000767959 0.196236 0.00164427 0.00595697 0.200002 0.00272149 0.00144861 0.200903 0.00179728 0 0.20156 0.000586377 0 0.201934 -0.000553319 0.00574645 0.201961 -0.00293978 0.00147501 0.200676 -0.00383293 0 0.199066 -0.00190093 0.00290064 0.194502 0.000418575 -0.001425 0.194059 0.00395628 0 0.197775 0.00370796 0.0007125 0.199469 -0.000666922 -0.004275 0.201926 -0.00191259 0.001425 0.201487 -0.00332685 -0.00285 0.200193 -0.00395913 -0.00575362 0.197915 -0.00398969 0.00287614 0.19779 -0.003679 -0.001425 0.196476 -0.00314461 0.00289728 0.195536 -0.00104674 -0.001425 0.194165 0.00205124 -0.00286917 0.194587 0.00312625 -0.00289924 0.195497 0.00419542 -0.005962 0.197592 -0.000572848 -0.0058952 0.201661 0.00398633 -0.000149352 0.014 0.00391026 -0.000815966 0.02 0.00390716 -0.000840703 0.014 0.0037427 -0.00138862 0.014 0.0036483 -0.00161896 0.02 0.00267308 -0.00282165 0.02 0.00300573 -0.00249891 0.014 -2.48533e-05 -0.00395228 0.02 0.000910376 -0.00387661 0.014 -0.00014946 -0.00399379 0.014 -0.00106767 -0.0038404 0.0173642 -0.00138061 -0.00371858 0.014 -0.00178254 -0.00355851 0.02 -0.00301622 -0.00252321 0.014 -0.0031952 -0.00229672 0.02 -0.00385872 -0.00100827 0.014 -0.00389811 -0.000813446 0.02 -0.00384948 0.000826353 0.02 -0.00399068 -7.47069e-05 0.014 -0.00364454 0.00153441 0.014 -0.00228794 0.00319044 0.02 -0.00217764 0.00328989 0.014 -0.00124898 0.0037958 0.0176297 0.000159107 0.00393145 0.02 4.98244e-05 0.00399672 0.0167714 0.000952029 0.00388015 0.0173624 0.000214143 0.00390278 0.014 0.00213713 0.00335487 0.014 0.00206004 0.00341868 0.02 0.00313841 0.00240751 0.02 0.00387803 0.000784748 0.02 0.00360065 0.00155034 0.014 0.0100004 -0.008 0.00488804 0.0100001 -0.00799997 -0.000644637 0.00991098 -0.008 0.0116632 0.00947856 -0.008 0.0126564 0.007893 -0.008 0.0138497 0.00869118 -0.008 0.013465 -0.007 -0.00799999 0.0201595 0.007 -0.008 0.014 0.00733041 -0.008 0.0139793 -0.007 -0.008 0.014 -0.00699997 0.00311214 0.0210009 -0.00484621 0.00320972 0.021 -0.000743851 0.00584597 0.021 -0.007 -0.00716084 0.0209995 -0.00592744 -0.000452378 0.021 0.00875736 0.007 0.021 0.00491147 0.00317318 0.021 0.00258029 0.00536012 0.021 -0.00396001 -0.00413837 0.021 0.00597998 5.63088e-05 0.021 0.00875736 -0.007 0.021 0.00468109 -0.00325204 0.021 0.000353012 -0.00594884 0.021 0.00999991 0.00800004 0.0141273 -0.007 0.008 0.0200421 0.007 0.008 0.014 -0.007 0.008 0.014 0.00742122 0.008 0.0139644 0.00992166 0.008 0.011628 0.00957542 0.008 0.0125118 0.00908773 0.008 0.0131396 0.0082499 0.008 0.0137063 0.01 -0.00793923 -0.000844286 0.016 -0.00766684 -0.00226058 0.01 -0.00760807 -0.00245111 0.01 -0.00685268 -0.00407119 0.016 -0.00681921 -0.00407958 0.01 -0.00571804 -0.00557722 0.016 -0.00543293 -0.00585531 0.0161824 -0.00375799 -0.00696909 0.01 -0.0039083 -0.0069188 0.01 -0.00148182 -0.00783186 0.016 -0.00137862 -0.00781107 0.01 0.000892494 -0.00792069 0.0160129 0.00212573 -0.00764132 0.01 0.00318751 -0.00730573 0.016 0.00504699 -0.00616942 0.01 0.0051993 -0.00604162 0.016 0.0068632 -0.00404805 0.01 0.0068933 -0.00400831 0.01 0.00783642 -0.00135595 0.0100002 0.00799984 -0.00110093 0.017 0.00592251 -0.000798205 0.017 0.00595443 0.000633214 0.017 0.00558669 0.00215264 0.017 0.00496386 0.00333906 0.011 0.00440983 0.00402125 0.011 0.00251718 0.00538276 0.017 0.00358971 0.00477051 0.017 0.00140802 0.00575903 0.010875 -0.000376079 0.00600761 0.017 -0.00103461 0.00586572 0.011 -0.00338378 0.00488012 0.017 -0.00326851 0.00499173 0.017 -0.00466239 0.00374243 0.011 -0.00559986 0.00211854 0.017 -0.00546634 0.00240578 0.017 -0.00595443 0.000633214 0.011 -0.00594694 0.000548154 0.017 -0.00587035 -0.0010351 0.011 -0.00576524 -0.00142746 0.017 -0.00510052 -0.00311719 0.011 -0.00435932 -0.00404529 0.017 -0.00417401 -0.004279 0.017 -0.00286507 -0.00526114 0.011 -0.00240154 -0.00547427 0.017 -0.00176578 -0.00572453 0.011 -0.000839204 -0.00593171 0.011 0.00136348 -0.00578254 0.017 0.000268005 -0.00592522 0.017 0.00249452 -0.00543752 0.011 0.00324097 -0.00502867 0.017 0.00364461 -0.00474993 0.017 0.00523363 -0.00285972 0.010875 0.00539455 -0.00271606 0.011 0.00598809 -3.85531e-05 0.0169994 0.00577861 -0.00303352 0.017 0.007 0.0127574 0.0169979 -0.00618346 -0.00237718 0.017 -0.007 0.0127574 0.010125 0.00500453 -0.00454426 0.01025 0.000697181 -0.00657533 0.01025 0.00662712 -0.000497009 0.01 0.00622429 0.0029151 0.01 0.00112458 0.00664557 0.010375 -0.00636723 0.000808568 0.01 -0.00529675 0.00422967 -0.007 0.00767483 0.0207266 -0.000106155 0.00796653 0.0202421 -0.007 0.00724152 0.0209642 -0.007 0.00603816 0.0181752 -0.007 0.00520512 0.018663 -0.007 0.00564018 0.0164498 -0.00699997 0.00474668 0.0162841 -0.00699998 -0.00435472 0.0186009 -0.007 -0.00380679 0.0175763 -0.007 -0.00524924 0.0187037 -0.007 0.00387217 0.0169726 -0.007 -0.00574116 0.0185032 -0.007 -0.0076699 0.0206958 -0.007 -0.00423548 0.0165464 -0.007 -0.00798799 0.0201466 -0.007 -0.00611551 0.0179809 -0.007 -0.0048594 0.0162729 -0.007 -0.0054351 0.0163374 -0.00699942 -0.00616643 0.0167795 0.00182666 -0.00501098 0.0176246 0.0015 -0.0060105 0.0182159 0.0015 -0.00570064 0.0185319 0.0015 -0.00510909 0.0187216 0.000599652 -0.00407891 0.0183258 0.000927391 -0.00389203 0.0172903 0.00110667 -0.00419071 0.0165773 0.0015 -0.00485263 0.0162704 -0.00699994 0.00394418 0.0184084 0.0015 0.0055928 0.0185659 -0.00699953 0.00634555 0.0173868 0.00179462 0.00496454 0.0174434 0.0015 0.00558212 0.0164152 0.0121893 0 0.0188107 0.0162757 0.00796907 0.0147243 0.00900539 0.00175 0.0209876 0.00952134 0 0.0208985 0.010087 0 0.0206823 0.0106215 0.00175 0.0203438 0.0169739 0 0.013087 0.0167749 0.000875 0.0138769 0.0164197 0.000875 0.0145176 0.0105 0.00390037 0.00514921 0.010875 0.00553308 0.00249572 0.01025 -0.00398248 -0.00529829 0.01025 -0.00592713 -0.00314035 0.01075 -0.00451781 0.00415357 0.0105 -0.00159397 0.00625991 0.00543541 0.00221015 0.02 0.0036963 0.0046641 0.02 -0.000134834 0.00583198 0.02 0.00575825 -0.00154296 0.02 0.00285347 -0.00496232 0.02 -0.00431372 0.00374729 0.02 -0.00598137 -0.000149166 0.02 -0.00150584 -0.0056922 0.02 -0.00460825 -0.00355116 0.02 0.00875736 -0.00770165 0.0206757 0.00986123 -0.00753465 0.020478 0.0140157 -0.00799764 0.0151699 0.0145134 -0.0079172 0.0154546 0.0134241 -0.00738975 0.0174241 0.0165317 -0.00755855 0.0135919 0.0163527 -0.00790248 0.00432069 0.0168803 -0.00742125 0.00530534 0.016969 0.00721748 0.00558134 0.0166203 0.00758732 -0.000858487 0.0166151 0.00618506 -0.00416906 0.0166581 0.00130237 -0.0072424 0.0169682 -0.00211976 -0.00658194 0.0165612 -0.00695876 -0.00302095 0.0167439 0.00764551 0.00637868 0.0131262 0.00731505 0.0177815 0.0112313 0.00798183 0.0184133 0.01251 0.00776725 0.0179189 0.00875736 0.00717035 0.020982 0.00963742 0.00746081 0.0206204 0.00580286 0.00769056 0.020681 -0.01 -0.0079429 -0.000894996 -0.0100001 -0.00800002 -0.000343043 -0.016 -0.00767893 -0.00213507 -0.01 -0.00750075 -0.00267701 -0.016 -0.00710792 -0.00364402 -0.01 -0.00648541 -0.00466269 -0.016 -0.00568962 -0.0055495 -0.01 -0.00478168 -0.00635481 -0.016 -0.00368327 -0.00707523 -0.01 -0.00263255 -0.00752353 -0.016 -0.00111154 -0.00787514 -0.01 -0.000148717 -0.00796276 -0.01 0.00234706 -0.00760898 -0.016 0.00138364 -0.00784917 -0.016 0.00410611 -0.0068139 -0.01 0.00501741 -0.00613283 -0.016 0.00574913 -0.00553823 -0.01 0.00693795 -0.00394834 -0.0160268 0.00693549 -0.00393948 -0.016 0.00760807 -0.00245111 -0.01 0.00780304 -0.00155243 -0.0100004 0.00800005 -0.000578437 -0.017 0.00594052 0.000669301 -0.017 0.00525298 0.0027974 -0.011 0.00578254 0.00141565 -0.017 0.00385377 0.00453319 -0.011 0.00321365 0.0050111 -0.017 0.00176617 0.00569131 -0.017 -0.000316984 0.00597019 -0.010875 -0.00165648 0.00580263 -0.017 -0.00178037 0.00570736 -0.017 -0.00381533 0.00451709 -0.010875 -0.00463717 0.00382987 -0.017 -0.00527092 0.00280722 -0.017 -0.00584513 0.00129595 -0.017 -0.00587175 -0.000941687 -0.010875 -0.00603445 9.31193e-05 -0.011 -0.00538181 -0.00255025 -0.017 -0.00513951 -0.00305339 -0.017 -0.00425988 -0.00420695 -0.011 -0.00401117 -0.00443264 -0.017 -0.00318376 -0.00506639 -0.011 -0.00209805 -0.00557593 -0.017 -0.00161926 -0.00575415 -0.011 -0.000242401 -0.0059674 -0.017 0.000195894 -0.00598622 -0.017 0.00218923 -0.00552689 -0.017 0.00404489 -0.00441406 -0.011 0.00275652 -0.00523207 -0.017 0.00486406 -0.00349702 -0.011 0.00446776 -0.00396857 -0.011 0.00555923 -0.00218184 -0.017 0.00575691 -0.00146541 -0.011 0.00596557 -0.000559281 -0.011 0 0.02 -0.0155067 0.00300317 0.0154933 -0.0159439 -0.00365828 0.0150537 -0.0129817 -0.00256021 0.0178997 -0.0130384 0.00220704 0.0179334 -0.017 0.007 0.00637868 -0.0169946 -0.00680717 -0.00110499 -0.017 -0.007 0.0127574 -0.007 0.00554051 0.0161308 -0.007 0.00415045 0.0161971 -0.007 0.00799998 0.021 -0.007 0.00655456 0.0175262 -0.007 0.00581327 0.0187878 -0.007 0.0043403 0.0188847 -0.007 0.00350701 0.0173085 -0.007 -0.0048404 0.0159789 -0.007 -0.00356405 0.0176873 -0.007 -0.00612025 0.0164393 -0.007 -0.0064724 0.0175743 -0.007 -0.008 0.02 -0.007 -0.00576142 0.0188831 -0.007 -0.00447416 0.018966 -0.007 -0.00757827 0.0206665 -0.00999978 -0.00800009 0.0196861 -0.00770584 -0.008 0.0138936 -0.00994855 -0.008 0.0114836 -0.00861709 -0.008 0.0135194 -0.00947359 -0.008 0.0126247 -0.00875736 0 0.021 -0.0099999 0.00800007 0.012913 -0.00991098 0.008 0.0116632 -0.00952161 0.008 0.0125968 -0.00784509 0.008 0.0138485 -0.00887334 0.008 0.0133257 -0.0104786 0.00799384 0.0188112 -0.0132736 0.00651568 0.0151939 -0.0169445 -0.00175 0.0132776 -0.0166704 0.000875 0.0140964 -0.0162599 0.00491094 0.0147233 -0.0162935 -0.00576352 0.0146873 -0.0163121 0.00735998 0.0141643 -0.010386 -0.0004375 0.0204956 -0.00940478 -0.00360206 0.0208813 -0.0151504 -0.00716506 0.015747 -0.0162405 -0.00796075 0.00558134 -0.0162917 -0.00743759 0.0142143 -0.0168424 -0.0074673 0.00470476 -0.0166213 0.00767096 0.00254612 -0.0167458 0.00658079 -0.00330164 -0.0165466 0.00306565 -0.00680472 -0.0165782 -0.00455964 -0.00576284 -0.0164854 -0.00760428 -0.00154459 -0.0161883 0.00797816 0.00478401 -0.0169782 0.0071574 0.00801015 -0.0140413 0.00777332 0.0163812 -0.0103951 0.00732432 0.0201837 -0.00807343 0.00776421 0.0204165 -0.011 0.00518649 0.0190367 -0.011 0.00631532 0.0181329 -0.011 0.00552142 0.0161303 -0.011 0.00417932 0.0161783 -0.011 0.00381126 0.0181877 -0.011 0.00245797 0.0170266 -0.011 0.00390602 0.0149673 -0.011 0.00764047 0.016651 -0.011 0.00738595 0.0188906 -0.011 -0.00648164 0.0176236 -0.011 -0.00582099 0.0188424 -0.011 -0.00442044 0.0189426 -0.011 -0.00290368 0.0178193 -0.011 -0.00383972 0.0165454 -0.011 -0.00542335 0.0160891 -0.011 -0.00761833 0.0165795 -0.0107478 -0.00750589 0.019261 -0.011 -0.00522156 0.0148635 -0.011 -0.00293823 0.0156304 -0.01025 -0.00182136 -0.00641583 -0.01 -0.00678789 0.000484077 -0.01 -0.00410635 0.0054083 -0.01 -0.000474835 0.00687443 -0.01 0.00313386 0.00616777 -0.010375 0.00611721 0.00198885 -0.01075 0.0042678 0.0044272 -0.01075 0.000938318 0.00608295 -0.0105 -0.0060299 0.00236689 -0.01025 -0.00527468 -0.0040609 -0.0105 -0.00350466 -0.00542628 -0.01025 0.00302216 -0.00570479 -0.01025 0.00639151 -0.00178363 0.008 -0.00154201 0.00475179 0.008 -0.000601878 0.00736126 0.008 -0.000537874 0.00495624 0.008 -0.00272138 0.00416494 0.008 -0.00376539 0.00326734 0.008 -0.00438934 0.00237826 0.008 -0.00626135 0.00452329 0.008 0.00109509 0.00484521 0.008 -0.00488533 0.000835481 0.008 0.00256384 0.00427555 0.008 0.00669771 0.00208945 0.008 -0.0047572 -0.00144618 0.008 0.00371125 0.00328058 0.008 0.00477538 0.00141904 0.008 -0.00746671 -0.00052319 0.008 -0.00428952 -0.00256072 0.008 -0.00367123 -0.00337853 0.008 -0.00486503 -0.00577939 0.008 -0.00247459 -0.00430717 0.008 0.00492686 -0.000482464 0.008 0.00438388 -0.0023753 0.008 -0.00119099 -0.00484579 0.008 0.00446562 -0.0060687 0.008 0.000429194 -0.00496074 0.008 0.00379354 -0.0032506 0.008 0.00304602 -0.00395245 0.008 0.00197183 -0.00457037 0.009 -0.00721306 -0.00321861 0.0081 -0.000106156 -0.00780624 0.009 0.00276399 -0.00747232 0.009 0.0004917 0.00794555 0.009 -0.00214914 0.00766858 0.009 -0.00524884 0.00591414 0.0092 -0.0071568 0.00349701 0.0092 -0.00793781 0.000465989 0.0092 -0.00482062 -0.00627799 0.0094 -0.00106306 -0.00781848 0.009 0.00560784 -0.00555849 0.009 0.00732305 -0.00314999 0.0091 0.00779858 0.00108179 0.009 0.00676796 0.0041836 0.0088 0.00380346 0.00688292 0.01 -0.00675644 0.00339028 0.0100375 -0.000694151 0.006568 0.01 0.00604598 0.00285413 0.01 0.004624 -0.00564972 0.01 -0.00534402 -0.00452438 0.01 -0.000312945 -0.00171158 0.0145625 -0.00589439 -0.000845197 0.0103121 -0.00523874 -0.00290362 0.0103334 -0.00225342 -0.00556882 0.0105 0.000273996 -0.00598173 0.010337 0.00184616 -0.00571397 0.01375 0.00354313 -0.00477927 0.0120842 0.00499791 -0.00328261 0.013709 0.00575408 -0.00165905 0.01375 0.00595929 0.000115132 0.01375 0.00551302 0.00221554 0.0103304 0.00565644 0.00206525 0.0104154 0.00298745 0.00517917 0.0104865 -0.000823677 0.0058803 0.0104149 -0.00332123 0.004989 0.0105 -0.00475881 0.00358974 0.0120444 -0.00578007 0.00153688 0.01375 -0.00422792 -0.00419235 0.017 -0.00317873 -0.00508273 0.015375 -0.00151385 -0.00576912 0.017375 0.000434856 -0.00587163 0.017 0.00157648 -0.0057634 0.017375 0.00508977 0.00290536 0.01375 0.00438283 0.00408399 0.01375 0.00082418 0.00592881 0.017 -0.00119184 0.00583108 0.017 -0.00472732 0.00361301 0.018 0.00473226 0.00156824 0.018 0.00493692 -0.000173622 0.017625 0.00375863 0.00439992 0.018 0.00363069 0.003363 0.01775 0.00565669 0.000189298 0.017375 0.00192975 0.00550532 0.018 0.00240232 0.00436835 0.018 0.00451072 -0.00210868 0.018 0.000976462 0.00488473 0.018 0.00372786 -0.0033171 0.018 -0.000258612 0.00497465 0.018 0.00274172 -0.00416837 0.018 -0.00142301 0.00478877 0.017875 -0.00140362 0.00548412 0.018 0.00162836 -0.00471602 0.018 -0.00228692 0.00443761 0.018 -0.00325751 0.00376916 0.018 0.000289754 -0.00496915 0.018 -0.00144115 -0.0047615 0.018 -0.00409834 0.00285673 0.018 -0.00463813 0.00179257 0.01775 -0.00174011 -0.00544793 0.018 -0.002929 -0.00403898 0.018 -0.00497273 0.000299819 0.018 -0.0039105 -0.00309219 0.018 -0.00485417 -0.00111852 0.0176875 -0.00451742 -0.00354213 0.018 -0.00441183 -0.00234373 0.017375 -0.00551447 -0.00192664 0.01775 -0.00539847 0.00162683 0.0173125 -0.00326174 0.00484522 0.01775 0.00490715 -0.00295294 0.01775 0.00262936 -0.00510942 -0.008 0.00237308 0.00436704 -0.008 0.00552615 0.00513943 -0.008 0.00361661 0.00342608 -0.008 0.000753102 0.00492411 -0.008 0.000642734 0.00766345 -0.008 0.00465724 0.00173293 -0.008 -0.00109509 0.00484521 -0.008 -0.00547716 0.00474826 -0.008 0.00495627 0.000579203 -0.008 -0.00282098 0.00410104 -0.008 0.00759468 -0.000353665 -0.008 0.00487126 -0.00101164 -0.008 -0.00398777 0.00297525 -0.008 -0.00469871 0.0016553 -0.008 0.00449325 -0.00217558 -0.008 0.00397307 -0.00302276 -0.008 0.00365467 -0.00662061 -0.008 -0.00496643 0.000476429 -0.008 0.00306034 -0.00392876 -0.008 0.00163543 -0.00470567 -0.008 -0.0047605 -0.00137699 -0.008 -0.00711985 -0.00253054 -0.008 -0.0040757 -0.00287902 -0.008 0.000269127 -0.00498274 -0.008 -0.000846238 -0.00491694 -0.008 -0.00278715 -0.00701462 -0.008 -0.00306794 -0.0039051 -0.008 -0.00191945 -0.00460606 -0.0089 0.00786133 0.000350629 -0.009 0.00721341 -0.00334125 -0.0086 -0.00742702 -0.00284424 -0.009 -0.00663976 0.00433794 -0.009 -0.00332273 0.00713923 -0.009 0.000228274 0.00797128 -0.009 0.00279884 0.0074246 -0.0097 0.0057491 -0.00530988 -0.0088 0.00355878 -0.00708746 -0.009 0.000875797 -0.00792381 -0.009 -0.00256347 -0.00742187 -0.0088 -0.00603724 -0.00518943 -0.009 -0.00782257 0.000722651 -0.009 0.00511005 0.00614093 -0.009 0.00682094 0.00404674 -0.01 0.00269266 0.00714109 -0.01 -0.00329252 0.00668151 -0.01 -0.00726625 -0.000691561 -0.01 -0.00199332 -0.0071209 -0.0100214 0.00692804 0.00110003 -0.01 -0.00228054 0.00284937 -0.0128554 0.00600147 -5.84657e-05 -0.0101679 0.0035863 -0.00490439 -0.0120436 0.0032973 -0.00497212 -0.01375 -0.00149008 -0.00580048 -0.0120509 -6.10382e-05 -0.00598986 -0.0103456 -0.00283473 -0.00530936 -0.0105 -0.00403183 -0.00443653 -0.0104179 -0.0050156 -0.00330011 -0.0104206 -0.00595187 0.000473855 -0.0137084 -0.00545957 0.00237045 -0.0120858 -0.00139267 0.00580365 -0.0137024 -0.00367431 0.00469927 -0.0120626 0.0011317 0.00586752 -0.015375 0.00236613 0.00543961 -0.0102548 0.00445703 0.00400778 -0.015375 0.00437824 0.00404518 -0.01375 0.0056769 0.00181502 -0.0137211 0.00565127 -0.0019751 -0.01375 0.00502386 -0.00325986 -0.015375 0.00171603 -0.00566853 -0.017 -0.00309347 -0.00510965 -0.017 -0.00451847 -0.0039208 -0.01375 -0.0054247 -0.00253587 -0.01375 -0.00570912 -0.00180662 -0.017 -0.00594235 -0.000395172 -0.017375 -0.00460837 0.0035519 -0.0173906 -0.00123472 0.00572307 -0.018 -0.00377812 0.00320484 -0.018 -0.00482314 0.00125492 -0.01775 -0.00562996 0.000749253 -0.018 -0.00498324 -0.000144869 -0.018 -0.00223148 0.0044433 -0.018 -0.00460756 -0.00184752 -0.018 -0.00029893 0.00494643 -0.018 -0.00355763 -0.00347737 -0.018 -0.00242292 -0.00436229 -0.018 0.00206838 0.00451975 -0.018 -0.00139127 -0.00479132 -0.018 0.00317541 0.00384088 -0.018 -0.000569892 -0.00496311 -0.018 0.000269127 -0.00498274 -0.018 0.00426412 0.00255729 -0.01775 0.00430088 0.00383003 -0.018 0.00154953 -0.0047425 -0.018 0.00281377 -0.00409096 -0.018 0.00488925 0.000977603 -0.017875 0.00162732 -0.0054196 -0.018 0.00496643 -0.000476429 -0.018 0.00397307 -0.00302276 -0.018 0.004658 -0.00173938 -0.01775 0.00470317 -0.00320261 -0.0176875 0.00159245 0.00548596 -0.017625 -0.00512915 -0.00258082 -0.01775 -0.0032327 -0.00469512 -0.01775 -0.000960134 -0.0056705 -0.01775 0.0056356 0.000599649 -0.01395 -0.00489453 0.0148799 -0.014 -0.00391737 0.0168752 -0.014 -0.00572148 0.0162499 -0.014 -0.00557986 0.0170766 -0.014 -0.00427852 0.0187501 -0.014 -0.00644338 0.0174998 -0.014 -0.00572189 0.0187499 -0.011 -0.00376399 0.0167207 -0.011 -0.00479094 0.0163081 -0.01105 -0.00549329 0.0148616 -0.011 -0.00403738 0.0182333 -0.011 -0.0049684 0.0186358 -0.011 -0.00591385 0.016775 -0.011 -0.00620349 0.0176449 -0.011 -0.00480938 0.0183238 -0.01285 -0.00653112 0.0153328 -0.0125 -0.00333655 0.0154668 -0.01215 -0.0023518 0.0175608 -0.0125 -0.00340374 0.0195992 -0.012675 -0.00572999 0.0199924 -0.0125 -0.00758837 0.0174878 -0.012 -0.00572189 0.0187499 -0.012 -0.00427852 0.0187501 -0.012 -0.00355662 0.0175002 -0.012 -0.00427811 0.0162501 -0.012 -0.00608243 0.0168748 -0.0031 -0.00620348 0.0176634 -0.0031 -0.00506903 0.0186058 -0.0031 -0.00401286 0.0182238 -0.0031 -0.00392449 0.0170809 -0.0031 -0.00471512 0.016305 -0.0031 -0.00582054 0.0167204 -0.00302727 -0.00501873 0.0174023 -0.014 0.00608263 0.0168752 -0.014 0.00572148 0.0187501 -0.014 0.00391737 0.0181248 -0.014 0.0046494 0.0165704 -0.011 0.00498771 0.0166272 -0.011 0.00597902 0.0167546 -0.011 0.00492108 0.0163226 -0.011 0.0061873 0.0175749 -0.011 0.0057002 0.0185202 -0.011 0.00391637 0.0169255 -0.011 0.00381711 0.0178134 -0.011 0.004648 0.0186163 -0.0125 0.00364486 0.0154585 -0.0125 0.00673124 0.0154896 -0.0124125 0.00749959 0.018239 -0.0125 0.00597956 0.0199305 -0.0125 0.00285797 0.0189237 -0.012 0.00427811 0.0187499 -0.012 0.00608243 0.0181252 -0.012 0.00572189 0.0162501 -0.012 0.00391757 0.0168748 -0.0031 0.0037843 0.0174636 -0.0031 0.00405085 0.0182675 -0.0031 0.00522492 0.0186544 -0.0031 0.00609649 0.0178906 -0.0031 0.00590893 0.0166927 -0.0031 0.00466082 0.0164421 -0.00301956 0.00500063 0.0178225 0.000209211 -0.00229991 0.0125 -0.00464069 -0.00254161 0.0125 0.00209638 -0.000968771 0.0125 0.00485932 -0.00342802 0.0125 -0.00188717 -0.00133113 0.0125 0.00188717 0.00133113 0.0125 -0.00209638 0.000968771 0.0125 -0.000209211 0.00229991 0.0125 0.00465851 0.00371616 0.0125 -0.00103881 0.00562409 0.0125 0.00455517 -0.00402788 0.014 0.00123933 -0.00312597 0.014 0.00210567 -0.0026218 0.014 0.000147793 -0.00335475 0.014 -0.0008208 -0.0032707 0.014 0.00264367 -0.00209336 0.014 0.00295309 -0.00161891 0.014 -0.00152375 -0.00299764 0.014 0.00486951 0.00298626 0.014 0.00326892 -0.000798804 0.014 -0.00228704 -0.00246681 0.014 0.00336495 3.25277e-05 0.014 -0.0032957 -0.00480499 0.014 -0.00302794 -0.00144767 0.014 0.00322441 0.00092971 0.014 -0.00330883 -0.000637892 0.014 0.00280123 0.00187307 0.014 -0.00337076 -9.57144e-05 0.014 0.00211412 0.00260253 0.014 -0.00327917 0.000714995 0.014 -0.0030265 0.00149126 0.014 0.00103927 0.0031951 0.014 -0.00244283 0.00229377 0.014 -0.00108677 0.00615228 0.014 0.000282466 0.00336211 0.014 -5.36956e-05 0.00337352 0.014 -0.000706574 0.00327987 0.014 -0.00165849 0.00293337 0.014 -0.00546595 0.00221144 0.014 -0.00640206 0.000416318 0.01325 -0.00626099 -0.00170079 0.01325 -0.00430315 -0.00467475 0.0132094 -0.000419497 -0.00626118 0.0131688 0.00331451 -0.00555534 0.012925 0.00541183 -0.00342512 0.01325 0.00639806 -0.000962258 0.01325 0.0058085 0.00258571 0.0132094 0.00303815 0.00551027 0.0134125 -0.000385482 0.00646745 0.01325 -0.00301802 0.00567138 0.0133312 -0.00542861 0.00340321 0.0131688 -0.000209211 0.00229991 0.0175 -0.00209638 0.000968771 0.0175 0.00188717 0.00133113 0.0175 0.00209638 -0.000968771 0.0175 0.000209211 -0.00229991 0.0175 -0.00188717 -0.00133113 0.0175 -0.00260994 0.00211994 0.0339 -0.00194232 0.00275366 0.0339 -0.00120863 0.00313323 0.0339 -0.000263575 0.0033618 0.0339 0.000114527 0.00337201 0.0339 0.000552677 0.0033226 0.0339 0.00155652 0.00296984 0.0339 0.00237455 0.00239098 0.0339 0.00276444 0.00192432 0.0339 0.00327069 0.000736405 0.0339 0.0033187 -0.000477647 0.0339 0.00291794 -0.00167131 0.0339 0.00244944 -0.0023142 0.0339 0.00194232 -0.00275366 0.0339 0.00120128 -0.00314388 0.0339 0.000147539 -0.00334533 0.0339 -0.000941881 -0.00323545 0.0339 -0.00190646 -0.00276053 0.0339 -0.00269021 -0.00202592 0.0339 -0.00304911 -0.00143465 0.0339 -0.00326826 -0.000790247 0.0339 -0.00337076 -9.57144e-05 0.0339 -0.0032983 0.000654913 0.0339 -0.00304873 0.00143191 0.0339 0.00100404 -0.000717641 0.034 -0.00217969 0.00152508 0.034</float_array>
                    <technique_common>
                        <accessor count="1407" source="#shape0-lib-positions-array" stride="3">
                            <param name="X" type="float"/>
                            <param name="Y" type="float"/>
                            <param name="Z" type="float"/>
                        </accessor>
                    </technique_common>
                </source>
                <source id="shape0-lib-normals" name="normal">
                    <float_array id="shape0-lib-normals-array" count="8448">0.999689 -0.0249323 0 0.999689 -0.0249323 0 0.997204 -0.074727 0 0.997204 -0.074727 0 0.992239 -0.124346 0 0.992239 -0.124346 0 0.984808 -0.173648 0 0.984808 -0.173648 0 0.974928 -0.222521 0 0.974928 -0.222521 0 0.962624 -0.27084 0 0.962624 -0.27084 0 0.947928 -0.318486 0 0.947928 -0.318486 0 0.930873 -0.365343 0 0.930873 -0.365343 0 0.911506 -0.411288 0 0.911506 -0.411288 0 0.889873 -0.456208 0 0.889873 -0.456208 0 0.866024 -0.500002 0 0.866024 -0.500002 0 0.840026 -0.542546 0 0.840026 -0.542546 0 0.811938 -0.583743 0 0.811938 -0.583743 0 0.781832 -0.623489 0 0.781832 -0.623489 0 0.749781 -0.661686 0 0.749781 -0.661686 0 0.715866 -0.698237 0 0.715866 -0.698237 0 0.680173 -0.733052 0 0.680173 -0.733052 0 0.642788 -0.766044 0 0.642788 -0.766044 0 0.603803 -0.797133 0 0.603803 -0.797133 0 0.56332 -0.826239 0 0.56332 -0.826239 0 0.521435 -0.853291 0 0.521435 -0.853291 0 0.478256 -0.878221 0 0.478256 -0.878221 0 0.433884 -0.900969 0 0.433884 -0.900969 0 0.388433 -0.921477 0 0.388433 -0.921477 0 0.342022 -0.939692 0 0.342022 -0.939692 0 0.294754 -0.955573 0 0.294754 -0.955573 0 0.246757 -0.969078 0 0.246757 -0.969078 0 0.198146 -0.980173 0 0.198146 -0.980173 0 0.149043 -0.988831 0 0.149043 -0.988831 0 0.0995705 -0.995031 0 0.0995705 -0.995031 0 0.0498444 -0.998757 0 0.0498444 -0.998757 0 0 -1 0 0 -1 0 -0.0498444 -0.998757 0 -0.0498444 -0.998757 0 -0.0995705 -0.995031 0 -0.0995705 -0.995031 0 -0.149043 -0.988831 0 -0.149043 -0.988831 0 -0.198146 -0.980173 0 -0.198146 -0.980173 0 -0.246757 -0.969078 0 -0.246757 -0.969078 0 -0.294754 -0.955573 0 -0.294754 -0.955573 0 -0.342022 -0.939692 0 -0.342022 -0.939692 0 -0.388433 -0.921477 0 -0.388433 -0.921477 0 -0.433884 -0.900969 0 -0.433884 -0.900969 0 -0.478256 -0.878221 0 -0.478256 -0.878221 0 -0.521435 -0.853291 0 -0.521435 -0.853291 0 -0.56332 -0.826239 0 -0.56332 -0.826239 0 -0.603803 -0.797133 0 -0.603803 -0.797133 0 -0.642788 -0.766044 0 -0.642788 -0.766044 0 -0.680173 -0.733052 0 -0.680173 -0.733052 0 -0.715866 -0.698237 0 -0.715866 -0.698237 0 -0.749781 -0.661686 0 -0.749781 -0.661686 0 -0.781832 -0.623489 0 -0.781832 -0.623489 0 -0.811938 -0.583743 0 -0.811938 -0.583743 0 -0.840026 -0.542546 0 -0.840026 -0.542546 0 -0.866024 -0.500002 0 -0.866024 -0.500002 0 -0.889873 -0.456208 0 -0.889873 -0.456208 0 -0.911506 -0.411288 0 -0.911506 -0.411288 0 -0.930873 -0.365343 0 -0.930873 -0.365343 0 -0.947928 -0.318486 0 -0.947928 -0.318486 0 -0.962624 -0.27084 0 -0.962624 -0.27084 0 -0.974928 -0.222521 0 -0.974928 -0.222521 0 -0.984808 -0.173648 0 -0.984808 -0.173648 0 -0.992239 -0.124346 0 -0.992239 -0.124346 0 -0.997204 -0.074727 0 -0.999689 -0.0249323 0 -0.997204 -0.074727 0 -0.999689 -0.0249323 6.7519e-18 -0.999689 0.0249323 0 -0.999689 0.0249323 0 -0.997204 0.074727 0 -0.997204 0.074727 0 -0.992239 0.124346 0 -0.992239 0.124346 0 -0.984808 0.173648 0 -0.984808 0.173648 0 -0.974928 0.222521 0 -0.974928 0.222521 0 -0.962624 0.27084 0 -0.962624 0.27084 0 -0.947928 0.318486 0 -0.947928 0.318486 0 -0.930873 0.365343 0 -0.930873 0.365343 0 -0.911506 0.411288 0 -0.911506 0.411288 0 -0.889873 0.456208 0 -0.889873 0.456208 0 -0.866024 0.500002 0 -0.866024 0.500002 0 -0.840026 0.542546 0 -0.840026 0.542546 0 -0.811938 0.583743 0 -0.811938 0.583743 0 -0.781832 0.623489 0 -0.781832 0.623489 0 -0.749781 0.661686 0 -0.749781 0.661686 0 -0.715866 0.698237 0 -0.715866 0.698237 0 -0.680173 0.733052 0 -0.680173 0.733052 0 -0.642788 0.766044 0 -0.642788 0.766044 0 -0.603803 0.797133 0 -0.603803 0.797133 0 -0.56332 0.826239 0 -0.56332 0.826239 0 -0.521435 0.853291 0 -0.521435 0.853291 0 -0.478256 0.878221 0 -0.478256 0.878221 0 -0.433884 0.900969 0 -0.433884 0.900969 0 -0.388433 0.921477 0 -0.388433 0.921477 0 -0.342022 0.939692 0 -0.342022 0.939692 0 -0.294754 0.955573 0 -0.294754 0.955573 0 -0.246757 0.969078 0 -0.246757 0.969078 0 -0.198146 0.980173 0 -0.198146 0.980173 0 -0.149043 0.988831 0 -0.149043 0.988831 0 -0.0995705 0.995031 0 -0.0995705 0.995031 0 -0.0498444 0.998757 0 -0.0498444 0.998757 0 0 1 0 0 1 0 0.0498444 0.998757 0 0.0498444 0.998757 0 0.0995705 0.995031 0 0.0995705 0.995031 0 0.149043 0.988831 0 0.149043 0.988831 0 0.198146 0.980173 0 0.198146 0.980173 0 0.246757 0.969078 0 0.246757 0.969078 0 0.294754 0.955573 0 0.294754 0.955573 0 0.342022 0.939692 0 0.342022 0.939692 0 0.388433 0.921477 0 0.388433 0.921477 0 0.433884 0.900969 0 0.478256 0.878221 0 0.433884 0.900969 0 0.478256 0.878221 0 0.521435 0.853291 0 0.521435 0.853291 0 0.56332 0.826239 0 0.56332 0.826239 0 0.603803 0.797133 0 0.603803 0.797133 0 0.642788 0.766044 0 0.642788 0.766044 0 0.680173 0.733052 0 0.680173 0.733052 0 0.715866 0.698237 0 0.715866 0.698237 0 0.749781 0.661686 0 0.749781 0.661686 0 0.781832 0.623489 0 0.781832 0.623489 0 0.811938 0.583743 0 0.811938 0.583743 0 0.840026 0.542546 0 0.840026 0.542546 0 0.866024 0.500002 0 0.866024 0.500002 0 0.889873 0.456208 0 0.889873 0.456208 0 0.911506 0.411288 0 0.911506 0.411288 0 0.930873 0.365343 0 0.930873 0.365343 0 0.947928 0.318486 0 0.962624 0.27084 0 0.947928 0.318486 0 0.962624 0.27084 0 0.974928 0.222521 0 0.974928 0.222521 0 0.984808 0.173648 0 0.984808 0.173648 0 0.992239 0.124346 0 0.992239 0.124346 0 0.997204 0.074727 0 0.997204 0.074727 0 0.999689 0.0249323 0 0.999689 0.0249323 0 -0.0515529 -0.0431099 0.997739 -0.0339792 -0.0457248 0.998376 -0.050385 -0.0329359 0.998187 -0.0205689 -0.0554701 0.998249 -0.00723458 -0.0723279 0.997355 -0.0574503 -0.0154268 0.998229 -0.0118686 -0.0737509 0.997206 0.00516092 -0.0732628 0.997299 0 -0.0820203 0.996631 -0.0737879 0.00184016 0.997272 -0.0725222 0.000985888 0.997366 0.0110808 -0.0662778 0.99774 -0.0600896 0.0165165 0.998056 0.0205039 -0.0574787 0.998136 -0.0551866 0.0298115 0.998031 0.0338144 -0.0509399 0.998129 -0.0550844 0.0476709 0.997343 0.0388157 -0.0502617 0.997982 0.0184129 -0.017402 0.999679 -0.0625771 0.0847566 0.994435 -0.0528759 0.0782928 0.995527 0.013426 -0.00698561 0.999885 -0.0235923 0.0639679 0.997673 0.0125987 -0.00363862 0.999914 -0.00639352 0.0609167 0.998122 0.0127624 -0.000415254 0.999918 0.00719823 0.0719354 0.997383 0.0121359 0.0634514 0.997911 0.0161273 0.00492292 0.999858 0.0196207 0.0579935 0.998124 0.0478378 0.03466 0.998254 0.0407186 0.0455716 0.998131 0.0410019 0.0663484 0.996954 0.0494022 0.0330135 0.998233 0.0445221 0.0452284 0.997984 -0.0220854 -0.0215434 -0.999524 -0.0174165 -0.0261242 -0.999507 -0.0163849 -0.0238518 -0.999581 0 0 -1 -0.0136979 -0.0319967 -0.999394 0 0 -1 -0.0131829 -0.0335049 -0.999352 -0.00543622 -0.0309465 -0.999506 0 0 -1 0.000839824 -0.0312654 -0.999511 0 0 -1 0.00908028 -0.0339237 -0.999383 0 0 -1 0.0308805 -0.0482759 -0.998357 0 0 -1 0.0280921 -0.0528813 -0.998206 0 0 -1 0 0 -1 0.0427807 -0.0422444 -0.998191 0 0 -1 0.000546679 0.00659548 -0.999978 0.0614807 -0.037144 -0.997417 -0.00370705 0.00840093 -0.999958 0.0258386 -0.0387649 -0.998914 0 0 -1 -0.00189478 0.00796011 -0.999967 -0.000128502 0.00815564 -0.999967 0 0 -1 0 0 -1 0.00189606 0.00923514 -0.999956 -0.00168092 0.00626151 -0.999979 0 0 -1 0 0 -1 0 0 -1 0 0 -1 0 0 -1 0 0 -1 0.47978 0.0316477 -0.876818 0.46709 -0.109502 -0.877403 0.39133 -0.199391 -0.89839 0.2801 -0.254077 -0.925737 0.286134 -0.219717 -0.932658 0.261502 -0.297958 -0.918062 0.206613 -0.379446 -0.901849 0.102643 -0.450169 -0.887024 -0.0118143 -0.46821 -0.883538 -0.13965 -0.424836 -0.894434 -0.215777 -0.356517 -0.90903 -0.180102 -0.179338 -0.967161 -0.320329 -0.150241 -0.935317 -0.231782 -0.160204 -0.959485 -0.303126 -0.112595 -0.946275 -0.035058 0.0625314 -0.997427 -0.358764 -0.0449424 -0.932346 -0.387913 0.0469447 -0.9205 -0.379304 0.148174 -0.913331 -0.302205 0.251125 -0.91957 0.0778959 0.0306392 -0.996491 -0.195804 0.293822 -0.93559 -0.0950046 0.289057 -0.952586 -0.135445 0.301794 -0.943703 -0.0333065 0.397109 -0.917167 0.0657599 0.446631 -0.892298 0.18735 0.444393 -0.876022 0.276166 0.39093 -0.878013 0.334423 0.316129 -0.88782 0.358373 0.222152 -0.906762 0.43398 0.127086 -0.891914 0.355674 0.187407 -0.915628 0.984497 -0.175398 0.00077162 0.973603 -0.228246 -0.000798875 0.891007 -0.453988 -0.000532813 0.921104 -0.389312 0.00173125 0.793141 -0.609038 -0.000259693 0.811931 -0.583754 0.000189854 0.684752 -0.728777 0.000355555 0.659631 -0.75159 -0.000546896 0.569146 -0.822236 0.000324421 0.478214 -0.878242 -0.00170329 0.40371 -0.914887 -4.74418e-05 0.222304 -0.974977 -0.000905481 0.231564 -0.97282 -0.000563264 0.0157542 -0.999876 -2.00377e-05 -0.0252248 -0.999681 -0.00132033 -0.201115 -0.979567 0.000697702 -0.312276 -0.94999 -0.00159803 -0.422576 -0.906327 0.00059718 -0.517786 -0.855509 -0.00109195 -0.57293 -0.819604 0.000407739 -0.708607 -0.705603 -0.000604507 -0.731152 -0.682215 0.000105533 -0.822624 -0.568585 -0.000403401 -0.82364 -0.567113 -0.000456038 -0.93742 -0.3482 0 -0.932585 -0.360949 0.000491353 -0.992244 -0.124299 -0.00132419 -0.985388 -0.170326 0 -0.997936 0.0642194 0.000648283 -0.992756 0.120142 -0.000790099 -0.963407 0.268043 0.000425465 -0.931449 0.363867 -0.00201949 -0.855919 0.517109 0.00155153 -0.769111 0.639113 -0.00171372 -0.711553 0.702633 0.000513397 -0.554547 0.83215 0.00218077 -0.469139 0.883118 -0.00334116 -0.312239 0.950004 -0.000237061 -0.258565 0.965993 0.00127558 -0.083579 0.996501 -0.000752267 -0.0268515 0.999639 0.000273554 0.145665 0.989334 -0.000875932 0.173016 0.984919 9.614e-05 0.388475 0.921459 -0.000142237 0.393556 0.9193 -0.000341094 0.576984 0.816755 -0.000347674 0.554707 0.832046 0.000217123 0.726704 0.686951 0 0.715836 0.698268 0.000520818 0.849944 0.526874 0 0.849944 0.526874 0 0.959697 0.281036 0 0.959697 0.281036 0 0.997831 0.0658198 -0.00106759 0.994841 0.10145 0 -0.0581364 0.0164202 0.998174 -0.247513 -0.0425209 0.967951 -0.199942 -0.0940363 0.975285 -0.158243 -0.122194 0.97981 -0.107931 -0.143433 0.983757 -0.382496 -0.0848657 0.920051 -0.163578 -0.419717 0.892793 -0.0321533 -0.459831 0.887424 0.0550271 -0.449067 0.891802 0.153853 -0.38833 0.908586 0.208412 -0.318098 0.924867 0.241934 -0.218435 0.945386 0.240819 -0.218711 0.945607 0.311612 -0.182712 0.932478 0.38114 -0.116194 0.917187 0.427217 -0.0312386 0.903609 0.4338 0.0674258 0.898483 0.412994 0.150618 0.898193 0.352037 0.22737 0.90795 0.269357 0.280355 0.92133 0.184364 0.300934 0.935654 0.0122544 0.286008 0.958149 0.0695361 0.225405 0.971781 0.0333627 0.253116 0.96686 -0.0288113 0.279719 0.95965 -0.0877698 0.287506 0.953749 -0.164106 0.273715 0.947707 -0.242349 0.229679 0.942611 -0.287933 0.121682 0.949888 -0.278987 0.023966 0.959996 -0.985562 -0.169312 0.00115336 -0.956429 -0.291954 -0.0027285 -0.904913 -0.425596 0.000735288 -0.831438 -0.555617 -0.00103406 -0.791491 -0.611181 0.000654539 -0.60127 -0.799044 0.00175815 -0.70152 -0.71265 -0.000505342 -0.525697 -0.850672 -0.000301713 -0.363131 -0.931738 0.000988973 -0.320479 -0.94725 0.00318245 -0.0697539 -0.997564 0.000207305 -0.0995678 -0.995031 -0.000686237 0.121627 -0.992576 0.000537115 0.104382 -0.994537 4.28794e-05 0.34603 -0.938223 -0.000781636 0.368336 -0.929693 0 0.559678 -0.82871 0 0.548032 -0.836457 -0.000588904 0.740269 -0.672311 0.00037169 0.756157 -0.65439 -0.000332273 0.862646 -0.505809 0.000535177 0.879834 -0.475281 -0.0005286 0.956537 -0.29161 0.000418529 0.964239 -0.265035 -0.000329845 0.999689 -0.0249308 0.000708752 0.997336 -0.0729263 -0.0015884 0.988135 0.153587 0.000347598 0.965786 0.259337 -0.00149893 0.939473 0.342624 0.000488015 0.840023 0.542544 -0.00268432 0.837028 0.547153 -0.00292819 0.692821 0.721109 0.000493172 0.596461 0.802639 -0.00207068 0.522398 0.852701 0.000767783 0.294786 0.955562 -0.00136964 0.347677 0.937614 0.000536304 0.158884 0.987297 -1.9018e-05 0.130678 0.991425 0.000711954 0 1 -0.000284608 -0.102459 0.994737 0.000886185 -0.164899 0.98631 -0.000430785 -0.291977 0.956425 0.000684992 -0.335984 0.941867 -0.000416118 -0.514211 0.857664 0.00070961 -0.553051 0.833147 -0.00046593 -0.725825 0.687878 0.00113839 -0.726776 0.686874 0.00106478 -0.887107 0.461564 2.2952e-05 -0.921121 0.38927 0.00221902 -0.960734 0.27747 -0.000370451 -0.99633 0.0855885 0.000740734 -0.99947 0.03252 -0.00114823 0.682211 -0.0170144 0.730958 0.672574 0.0167741 0.73984 0.670939 -0.0502779 0.739806 0.639948 -0.0801972 0.764221 0.51163 -0.0902142 0.854457 0.499678 -0.114048 0.858671 0.499757 -0.148038 0.853421 0.522723 -0.0867929 0.848073 0.597681 -0.168161 0.7839 0.617917 -0.207608 0.758339 0.619701 -0.243216 0.746202 0.602481 -0.27185 0.750409 0.567853 -0.291119 0.769931 0.519335 -0.29984 0.800242 0.461975 -0.298375 0.835196 0.401318 -0.288527 0.869308 0.257556 -0.205394 0.944181 0.271918 -0.23997 0.93192 0.281671 -0.256064 0.924712 0.174253 -0.140146 0.974677 0.284752 -0.277739 0.917484 0.295004 -0.317939 0.901048 0.301482 -0.359292 0.883186 0.303003 -0.400021 0.86497 0.298591 -0.437954 0.847962 0.287691 -0.470786 0.834023 0.270312 -0.496375 0.82495 0.247068 -0.513043 0.822037 0.219109 -0.519789 0.825718 0.187966 -0.51643 0.835446 0.119625 -0.387817 0.913941 0.10972 -0.4309 0.895705 0.104265 -0.482295 0.869782 0.0956084 -0.472948 0.875888 0.0770792 -0.511384 0.855888 0.0543764 -0.543396 0.837714 0.0282651 -0.566362 0.823672 0 -0.57827 0.815845 -0.028848 -0.578042 0.815497 0.0110602 -0.594818 0.803784 -0.0674681 -0.674223 0.735439 -0.10391 -0.689392 0.716897 -0.138143 -0.683356 0.716897 -0.1672 -0.656637 0.73544 -0.13209 -0.428228 0.893965 -0.140001 -0.384648 0.912385 -0.156665 0.984434 -0.079657 -0.239881 -0.569068 0.786523 -0.124988 -0.511939 0.84988 -0.277732 -0.576717 0.768285 -0.311705 -0.572384 0.758431 -0.339795 -0.556051 0.758516 -0.360421 -0.528642 0.768527 -0.372608 -0.491912 0.786884 -0.376154 -0.448281 0.810896 -0.371685 -0.400582 0.837487 -0.344803 -0.288333 0.893294 -0.270306 -0.26365 0.925972 -0.31138 -0.274795 0.909687 -0.354898 -0.283022 0.891037 -0.399338 -0.287104 0.87069 -0.442618 -0.285873 0.849921 -0.482268 -0.278439 0.830595 -0.515748 -0.264407 0.814919 -0.54077 -0.244005 0.805003 -0.555647 -0.218077 0.802308 -0.559474 -0.187972 0.807252 -0.552242 -0.155377 0.819077 -0.53486 -0.122078 0.836075 -0.260782 -0.045983 0.964302 -0.288788 -0.0361904 0.956709 -0.427362 0.00580969 0.904062 -0.31876 -0.0238868 0.947534 -0.350189 -0.00873371 0.936638 -0.382257 0.00953348 0.924007 -0.413745 0.0310046 0.909865 -0.443091 0.0555273 0.894755 -0.468446 0.0825998 0.879622 -0.487913 0.111363 0.865759 -0.499794 0.14062 0.854653 -0.502865 0.168953 0.847692 -0.496575 0.194892 0.845831 -0.481138 0.217098 0.849338 -0.45751 0.23455 0.857713 -0.427246 0.246672 0.869835 -0.39231 0.25338 0.884246 -0.35476 0.255055 0.899496 -0.316519 0.252415 0.914387 -0.279161 0.246362 0.928103 -0.243828 0.237823 0.940206 -0.211222 0.227643 0.95056 -0.181683 0.216521 0.959224 -0.32068 0.275117 0.906352 -0.0666905 0.090328 0.993677 -0.352629 0.465536 0.811745 -0.349722 0.512949 0.78395 -0.335118 0.548396 0.766132 -0.309494 0.568323 0.76238 -0.27494 0.570918 0.773603 -0.234539 0.556394 0.797131 -0.19185 0.527101 0.827864 -0.15026 0.487135 0.860303 -0.126009 0.457981 0.879986 -0.120143 0.471833 0.873464 -0.101431 0.501752 0.859044 -0.0790669 0.524572 0.847687 -0.0538946 0.53858 0.840849 -0.0270844 0.542704 0.839487 0 0.536656 0.843801 0.0260004 0.520983 0.853171 0.0497316 0.496979 0.866336 0.0703146 0.466505 0.88172 0.0872682 0.431691 0.89779 0.110186 0.357216 0.9275 0.10049 0.394649 0.91332 0.116765 0.320809 0.939919 0.120728 0.286402 0.950473 0.249692 0.51849 0.817816 0.275133 0.505227 0.817953 0.101126 0.528725 0.842748 0.294826 0.482461 0.824808 0.30793 0.451651 0.837371 0.314216 0.414824 0.853926 0.314075 0.3743 0.8725 0.308403 0.332379 0.891298 0.298398 0.29105 0.908982 0.319668 0.357767 0.877391 0.405097 0.357501 0.841481 0.438461 0.349661 0.827943 0.465024 0.334329 0.819742 0.483112 0.312026 0.818072 0.491706 0.283889 0.823184 0.490572 0.2515 0.834318 0.480295 0.216718 0.849912 0.462184 0.181395 0.868033 0.438053 0.147177 0.886819 0.409918 0.115333 0.904801 0.378883 0.0864775 0.921395 0.409448 0.0721968 0.909472 0.379318 0.0863153 0.921232 0.59707 0.0748237 0.798692 0.643087 0.0481907 0.764275 0.176137 0.19768 0.964312 0.307726 0.00767471 -0.951444 0.343829 -0.00857512 -0.938993 0.431499 0.032335 -0.901534 0.473727 0.0593665 -0.878669 0.99823 -0.0247519 0.0540689 0.350434 -0.0086893 -0.936547 0.509874 0.0899046 -0.855539 0.535829 0.122299 -0.835422 0.548183 0.154235 -0.822014 0.545029 0.183119 -0.818175 0.526366 0.206585 -0.824779 0.494095 0.222944 -0.840337 0.451641 0.231541 -0.861632 0.403253 0.232819 -0.884976 0.324256 0.142445 -0.935183 0.353138 0.22808 -0.907344 0.304651 0.219029 -0.926938 0.34209 0.228569 -0.911444 0.669032 0.447017 -0.593778 0.384648 0.306746 -0.870605 0.404813 0.35725 -0.841723 0.415261 0.405034 -0.814559 0.413593 0.445748 -0.793883 0.398945 0.475443 -0.78409 0.372158 0.491318 -0.787467 0.335566 0.492186 -0.803211 0.292553 0.478742 -0.82778 0.246958 0.45349 -0.856364 0.202332 0.420146 -0.884612 0.0791983 0.269209 -0.95982 0.197686 0.415948 -0.887642 0.19802 0.469762 -0.860298 0.191851 0.527103 -0.827862 0.237571 0.499868 -0.832882 0.177977 0.57699 -0.797124 0.156364 0.614083 -0.773597 0.128228 0.634306 -0.762374 0.0957885 0.635512 -0.766126 0.0618164 0.617746 -0.783944 0.02911 0.58329 -0.811742 0.00797988 0.549487 -0.835464 0 0.555637 -0.831425 -0.0283971 0.569005 -0.821843 -0.233442 0.593337 -0.770361 -0.0248758 0.248589 -0.96829 -0.0412955 0.273976 -0.960849 -0.0606365 0.299951 -0.952025 -0.0828351 0.325315 -0.941971 -0.107474 0.348426 -0.931155 -0.133693 0.367317 -0.920437 -0.16016 0.379946 -0.911038 -0.185212 0.384597 -0.904313 -0.20708 0.38026 -0.901399 -0.224216 0.366914 -0.902829 -0.191799 0.350446 -0.916734 -0.2356 0.345561 -0.908339 -0.2409 0.318032 -0.916964 -0.240486 0.2866 -0.927376 -0.235264 0.253554 -0.938276 -0.226413 0.220837 -0.948666 -0.215144 0.189866 -0.957948 -0.202516 0.161501 -0.96587 -0.18936 0.13614 -0.972424 -0.650069 0.627337 0.428788 -0.250089 0.241343 -0.937662 -0.428238 0.276585 -0.860298 -0.48578 0.280467 -0.827862 -0.53732 0.275466 -0.797123 -0.577601 0.260624 -0.773597 -0.602402 0.236427 -0.762374 -0.609223 0.204687 -0.766127 -0.350978 0.0951934 -0.931533 -0.597626 0.168146 -0.783945 -0.569376 0.129956 -0.811741 -0.486608 0.0573086 -0.871738 -0.623745 0.0734593 -0.778169 -0.411126 0.0724926 -0.908692 -0.463898 0.0581349 -0.883979 -0.514626 0.0385642 -0.856547 -0.558565 0.0139306 -0.829344 -0.590849 -0.0147358 -0.806648 -0.607543 -0.0455271 -0.792981 -0.606517 -0.0760077 -0.791429 -0.587773 -0.10364 -0.80236 -0.553433 -0.126317 -0.823259 -0.507403 -0.142761 -0.849801 -0.454593 -0.152734 -0.877506 -0.399824 -0.15692 -0.90306 -0.346928 -0.15654 -0.924736 -0.298323 -0.15294 -0.942132 -0.380623 -0.219754 -0.898239 -0.39897 -0.257682 -0.880013 -0.429491 -0.212884 -0.87762 -0.344006 -0.158639 -0.925469 -0.413215 -0.297081 -0.860812 -0.421948 -0.336492 -0.841863 -0.434556 -0.383499 -0.814917 -0.439333 -0.428514 -0.789533 -0.4226 -0.34727 -0.837146 -0.430465 -0.463931 -0.774253 -0.408104 -0.486358 -0.772597 -0.37408 -0.493856 -0.784965 -0.331544 -0.486286 -0.808458 -0.284432 -0.465452 -0.838125 -0.236754 -0.434751 -0.868872 -0.191799 -0.398275 -0.896989 -0.15167 -0.359806 -0.920617 -0.15808 -0.43432 -0.886779 -0.146101 -0.47365 -0.86851 -0.220706 -0.560934 -0.797898 -0.169005 -0.378549 -0.910021 -0.129875 -0.510054 -0.85028 -0.109464 -0.541486 -0.833553 -0.0776564 -0.515214 -0.853536 -0.0558178 -0.5578 -0.828096 -0.0464395 -0.603585 -0.795945 -0.0293562 -0.588224 -0.808165 0 -0.602857 -0.797849 0.0299394 -0.599911 -0.799507 0.0580112 -0.579719 -0.812749 0.0821002 -0.544696 -0.834605 0.100855 -0.4989 -0.860772 0.113865 -0.447177 -0.887168 0.121562 -0.394097 -0.910994 0.156127 -0.428953 -0.889732 0.192144 -0.45582 -0.869085 0.121331 -0.397392 -0.909592 0.13351 -0.4267 -0.894484 0.229945 -0.477486 -0.848017 0.267865 -0.49188 -0.828434 0.303911 -0.497329 -0.81259 0.336013 -0.492841 -0.802623 0.362273 -0.478268 -0.800011 0.381211 -0.454309 -0.80516 0.391946 -0.422417 -0.817277 0.394327 -0.384616 -0.834612 0.211927 -0.187027 -0.959222 0.247677 -0.197516 -0.948496 0.372792 -0.241913 -0.895826 0.286971 -0.206318 -0.935457 0.328628 -0.21225 -0.920301 0.37061 -0.213973 -0.903805 0.410077 -0.210233 -0.88749 0.228951 -0.128643 -0.9649 0.443673 -0.200193 -0.873543 0.468157 -0.183739 -0.864332 0.481048 -0.161623 -0.861668 0.481172 -0.135381 -0.86611 0.468915 -0.107027 -0.876735 0.44611 -0.0786613 -0.891515 0.41559 -0.0520809 -0.90806 0.380525 -0.0285152 -0.924331 0.179343 -0.979847 0.0879525 -0.48071 -0.83897 0.255045 -0.920704 -0.0959559 0.378282 -0.553203 0.604721 0.572956 -0.525964 0.80765 0.266576 0.3026 0.843703 0.443394 0.171276 -0.979892 0.102354 -0.39735 -0.832983 0.385035 -0.933426 -0.124583 0.336444 -0.955112 0.166143 0.245271 0.0591506 0.998134 -0.0151416 0.83277 0.514489 -0.204439 0.912958 0.149225 0.379789 0.974933 -0.041708 0.218557 0.667279 -0.540557 0.512383 -0.924716 0.101702 -0.36682 -0.442267 0.665271 -0.60151 -0.941736 0.226118 -0.249005 -0.982201 -0.123738 -0.141314 -0.625198 -0.758624 -0.183349 -0.321642 -0.693452 -0.644725 -0.0694439 -0.928105 -0.365786 0.0711168 -0.248601 -0.965992 0.647845 -0.649252 -0.398458 0.827235 -0.0316366 -0.560965 0.834662 -0.0421334 -0.549148 0.854841 0.31178 -0.414778 0.851963 0.522782 -0.0292858 0.326655 0.911698 -0.249205 0.0102836 0.969279 0.24575 -0.681134 0.679216 -0.273354 0.0195623 0.124746 -0.991996 0.0240636 0.0908962 -0.99557 -0.0362698 0.114677 -0.99274 -0.0227952 0.104785 -0.994234 0.055056 0.0592956 -0.996721 0 0 -1 0.0657605 -0.0260211 -0.997496 -0.0985103 -0.0334954 -0.994572 -0.112978 -0.0252641 -0.993276 0.044955 -0.0289076 -0.998571 -0.110732 -0.102888 -0.98851 0.0614827 -0.215921 -0.974473 -0.049211 -0.0683354 -0.996448 0.0153768 -0.116521 -0.993069 0.00468625 0.0735311 0.997282 0.0844538 0.19122 0.977907 0.0797125 0.0774175 0.993807 -0.0423374 0.0725844 0.996463 -0.0344644 0.066891 0.997165 0.166304 0.0239041 0.985785 0.157911 0.0192317 0.987266 0 0 1 -0.0906629 -0.0551803 0.994352 0.117946 -0.0736335 0.990286 -0.115779 -0.048381 0.992096 0.14483 -0.127117 0.981257 0.0330524 -0.135384 0.990242 -0.0793935 -0.133547 0.987857 -0.0554068 -0.115257 0.991789 0.0377915 -0.124683 0.991477 0.540669 -0.839612 0.0522328 -0.236897 0.970345 -0.0480693 -0.130832 0.991403 -0.0015958 0.583638 0.810452 -0.0503491 0.431958 0.898553 0.0775518 0.922316 0.385413 -0.0281055 0.975283 0.218092 0.0354908 0.959571 -0.277047 -0.0496833 0.866151 -0.494967 0.069209 0.503546 -0.863294 -0.0341147 0.30138 -0.952901 0.033894 -0.0635656 -0.997397 -0.0340315 -0.25574 -0.966015 0.0375901 -0.716705 -0.69607 -0.0426664 -0.679061 -0.731351 -0.0632619 -0.906944 0.358872 -0.220599 -0.992332 -0.120854 -0.0259149 -0.845208 0.527663 0.0848229 -0.837394 0.538474 0.0938945 -0.030692 0.079487 -0.996363 -0.124345 -0.0516841 -0.990892 0.0225525 0.998404 0.0517836 -0.0011402 0.984764 0.173893 -4.66505e-06 1 -1.2749e-06 0 1 0 -7.17172e-06 1 2.47558e-06 0 1 0 9.01463e-07 1 3.60398e-07 -7.48247e-06 1 2.0271e-06 -4.56384e-06 1 -2.88208e-06 5.45145e-07 1 9.67307e-07 1.61034e-05 1 4.10286e-05 1.9705e-05 1 3.35312e-05 1.63147e-05 1 2.00842e-06 1.72163e-05 1 4.1307e-06 1.75601e-06 1 2.58687e-05 9.7101e-06 1 1.29591e-05 4.56607e-05 1 -1.46505e-05 -3.55458e-06 1 3.22544e-06 6.01962e-06 1 -3.44752e-05 -0.043771 -0.994222 0.0980148 -0.0410079 -0.992494 0.115216 -6.09572e-07 -1 6.26877e-07 -1.23746e-06 -1 -3.89973e-07 0 -1 0 0 -1 0 0.000616555 -1 -0.000465521 -6.3881e-05 -1 -0.000180054 -9.75953e-06 -1 1.09541e-05 2.36927e-05 -1 -4.61081e-05 -1.64974e-05 -1 2.90495e-06 -7.56677e-06 -1 4.21989e-06 -1.86119e-06 -1 1.66888e-05 -1.15311e-05 -1 -4.80551e-05 -4.33662e-06 -1 1.64417e-05 1.53418e-05 -1 4.61587e-05 -2.8243e-05 -1 3.63538e-06 9.98576e-06 -1 2.79214e-05 -4.12419e-05 -1 3.4699e-05 9.31686e-06 -1 7.31819e-05 -1.05681e-05 -1 -1.54487e-05 0.000117066 -1 9.02764e-06 -0.899916 -0.086148 -0.427468 0.749383 -0.484191 -0.451645 0.815409 0.398598 -0.419795 -0.729862 -0.5463 -0.410924 -0.906819 -0.317688 -0.277045 -0.940284 -0.155507 -0.302793 -0.976014 -0.0347816 -0.214911 -0.935351 -0.351598 0.0386824 -0.936621 -0.348639 0.0345095 -0.909109 0.123362 -0.397873 -0.945549 -0.315967 0.0781152 -0.990572 -0.0153606 -0.136127 -0.719084 0.567214 -0.40148 -0.903379 0.29434 -0.311881 -0.995093 0.0312321 -0.0938817 -0.976003 -0.0578974 0.209919 -0.793395 -0.398335 0.460275 -0.836054 -0.345603 0.426114 -0.953876 0.253528 -0.160759 -0.992955 0.0474264 0.10859 -0.925382 -0.0434855 0.376533 -0.847544 0.520168 0.105334 -0.74247 -0.238372 0.626033 -0.902223 0.000955956 0.431269 -0.912354 0.35731 0.199851 -0.804265 -0.00910163 0.594201 -0.582702 -0.272873 0.765505 -0.539884 -0.186376 0.820847 -0.886163 0.302254 0.351222 -0.735932 0.0635358 0.674068 -0.365556 -0.162776 0.916446 -0.206627 -0.384421 0.899736 -0.711992 0.470956 0.520833 -0.61197 0.044254 0.789642 -0.532307 0.684352 0.498308 -0.0248269 -0.232879 0.972189 -0.28673 -0.0395303 0.957196 -0.490389 0.163428 0.856043 0.205045 -0.414341 0.886723 -0.488923 0.245028 0.837207 -0.0476324 -0.0866318 0.995101 0.275615 -0.316629 0.907625 -0.317974 0.0726407 0.945313 0.428973 -0.238091 0.871375 -0.0924413 0.595696 0.797873 -0.0575516 0.418633 0.90633 -0.0882156 0.255858 0.962681 0.0716508 0.0232782 0.997158 0.177549 0.0221283 0.983863 0.577799 -0.376954 0.723916 0.330594 0.110826 0.937243 0.635853 -0.303368 0.709689 0.500007 0.0106373 0.865956 0.315728 0.325176 0.89139 0.703112 -0.079601 0.706609 0.873133 -0.291588 0.39066 0.589037 0.0324386 0.807455 0.857896 -0.326439 0.396802 0.87476 -0.247895 0.416344 0.784158 -0.0524216 0.618344 0.385815 0.557261 0.73526 0.646815 0.2193 0.730437 0.938826 -0.322134 0.121801 0.833553 0.110657 0.541243 0.965076 -0.00788782 0.26185 0.840223 -0.541557 -0.0272138 0.787909 0.228521 0.571819 0.952317 0.0613893 0.298871 0.992291 -0.061967 0.107327 0.941353 -0.261009 -0.213843 0.787966 0.449424 0.420865 0.999936 -0.00632716 -0.00934684 0.985182 -0.0426219 -0.166135 0.945389 0.2222 0.238469 0.90581 -0.241058 -0.348424 0.899419 -0.0521211 -0.433968 0.956398 0.291899 0.00992035 0.957666 0.287575 0.0132882 0.95033 0.0375146 -0.308974 0.925655 0.225372 -0.303926 -0.125749 0.89031 -0.437648 0.00565521 0.934285 -0.356483 -0.320013 0.830604 -0.455729 -0.500657 0.783976 -0.367048 -0.586985 0.65047 -0.482015 -0.420573 0.797084 -0.43333 -0.422865 0.822741 -0.379846 -0.672903 0.564633 -0.477903 -0.768747 0.415745 -0.485987 -0.699224 0.541826 -0.466381 -0.843858 0.249937 -0.4748 -0.848094 0.223968 -0.480182 -0.701514 0.53652 -0.469068 -0.877644 -0.0231708 -0.478753 -0.88179 0.00854453 -0.471565 -0.856429 -0.175834 -0.485398 -0.810009 -0.335734 -0.4808 -0.831947 -0.289466 -0.473364 -0.741873 -0.466561 -0.481606 -0.699857 -0.539861 -0.467708 -0.656115 -0.58168 -0.480793 -0.543934 -0.689304 -0.478535 -0.547698 -0.685219 -0.480106 -0.442618 -0.811395 -0.381743 -0.305749 -0.815332 -0.491681 -0.736415 0.52445 -0.42737 -0.542746 -0.677458 -0.496465 -0.284204 -0.845887 -0.451334 -0.834672 0.241986 -0.494738 -0.679336 -0.56047 -0.473683 -0.714743 -0.500274 -0.488743 -0.131301 -0.875395 -0.465235 -0.878521 0.099863 -0.46715 0.0400033 -0.919455 -0.391156 -0.870051 -0.147017 -0.470529 -0.872299 -0.0235077 -0.488408 0.00763001 -0.906794 -0.421505 0.217278 -0.860215 -0.461325 -0.829145 -0.284204 -0.481401 0.397884 -0.814552 -0.42213 0.409125 -0.812927 -0.414448 0.411776 -0.824561 -0.387995 0.555558 -0.672831 -0.488522 0.686622 -0.564575 -0.458044 0.718501 -0.509039 -0.473958 0.805132 -0.34512 -0.482344 0.847941 -0.251866 -0.466432 0.862045 -0.155009 -0.482546 0.70971 -0.502396 -0.493873 0.878691 2.8685e-05 -0.477391 0.86765 0.14062 -0.476874 0.882996 0.0719753 -0.46383 0.825544 0.285425 -0.486836 0.817009 0.314176 -0.483518 0.771815 0.45479 -0.444374 0.701714 0.522471 -0.484377 0.668047 0.574908 -0.472435 0.529973 0.715224 -0.455613 0.465693 0.783827 -0.410786 0.458402 0.42834 -0.778712 0.751926 -0.476732 -0.45534 0.606213 0.649456 -0.459034 0.30774 0.822196 -0.478842 0.834076 -0.241836 -0.495815 0.891373 -0.0509491 -0.450398 0.0877485 0.902626 -0.421386 0.705625 0.513417 -0.488362 0.871601 0.0720661 -0.48489 0.941515 0.2343 -0.242185 0.818116 0.372007 -0.438518 0.0967586 0.995308 0 0.0967586 0.995308 0 0.35054 0.936548 0 0.327923 0.944704 0.00123919 0.556074 0.831133 -0.000193904 0.595355 0.803461 0.00135727 0.719069 0.694938 -0.000671291 0.757968 0.652292 0.000217764 0.843381 0.537315 -0.00110551 0.861553 0.507668 0 0.945106 0.326762 0.00044538 0.940725 0.339171 0 0.98712 0.159983 0 0.985199 0.171412 -0.000214391 1 3.26009e-05 0 0.999975 -0.00706871 -0.000196729 0.984215 -0.176977 -2.21818e-05 0.981095 -0.193524 -0.000643037 0.919119 -0.39398 0.000651051 0.895506 -0.445049 -0.000907586 0.81597 -0.578094 0.000524237 0.776084 -0.630628 -0.00130043 0.636705 -0.771106 0.00154478 0.600285 -0.799786 4.9795e-05 0.425499 -0.904959 0.000570478 0.438907 -0.898533 0 0.244894 -0.96955 0 0.244894 -0.96955 0 0.0434665 -0.999055 0 0.0587098 -0.998275 0.000547586 -0.12735 -0.991858 -0.000217437 -0.148331 -0.988938 0.000412554 -0.327914 -0.944708 -0.000348282 -0.318488 -0.947927 -0.000614082 -0.478885 -0.877878 0.000465334 -0.538082 -0.842891 -0.00143798 -0.619466 -0.785023 0.000148105 -0.748277 -0.663386 0.000214376 -0.694303 -0.719682 -0.00122782 -0.846513 -0.532368 0.000373408 -0.831809 -0.555062 -0.000348289 -0.923792 -0.382895 0.000282785 -0.912295 -0.409534 -0.000342848 -0.976329 -0.216291 -0.000435749 -0.979568 -0.201116 5.751e-05 -0.999953 0.0096895 0.000531605 -0.999878 -0.0156461 -0.000325449 -0.98018 0.198109 -5.11699e-05 -0.966853 0.25533 0.00157353 -0.909917 0.414788 -0.00155332 -0.879608 0.4757 0.000328464 -0.766045 0.642787 0.000307424 -0.794201 0.607655 -0.000802305 -0.661686 0.749781 -0.00030744 -0.669949 0.742407 -0.000580387 -0.538224 0.842802 0.000441609 -0.523074 0.852287 1.97215e-05 -0.345196 0.93853 0.000626288 -0.359517 0.933139 0 -0.139853 0.990172 0 -0.139853 0.990172 0 -0.0513481 0.363548 -0.930159 -0.109747 0.253049 -0.961208 -0.0881257 0.239599 -0.966864 -0.164377 0.267832 -0.94934 -0.249055 0.282213 -0.92646 -0.356097 0.272455 -0.893847 -0.465775 0.212325 -0.859053 -0.488324 0.0986976 -0.867063 -0.445153 -0.00696573 -0.895427 -0.361913 -0.0801763 -0.928758 -0.307247 -0.104931 -0.945827 -0.338935 -0.15215 -0.928425 -0.383067 -0.255619 -0.887648 -0.3953 -0.40975 -0.822097 -0.334963 -0.52471 -0.78261 -0.183362 -0.528258 -0.829049 -0.00284605 -0.141686 -0.989908 -0.058533 -0.455882 -0.888114 0.00515178 -0.380041 -0.924955 0.0237777 -0.404306 -0.914315 0.120901 -0.478654 -0.86964 0.243213 -0.517271 -0.820536 0.352514 -0.46967 -0.809409 0.404522 -0.328705 -0.853414 0.0765378 -0.0515934 -0.995731 0.366829 -0.182307 -0.91225 0.401661 -0.241274 -0.883434 0.638066 -0.12586 -0.759626 0.677934 -0.00479226 -0.735107 0.629313 0.109493 -0.7694 0.530574 0.191294 -0.825771 0.0541728 0.0444674 -0.997541 0.317413 0.244175 -0.916312 0.294599 0.187688 -0.937008 0.30392 0.293721 -0.906289 0.275246 0.411395 -0.868904 0.17108 0.492859 -0.853125 0.0444151 0.456876 -0.888421 -0.942168 0.33402 0.0273955 -0.883897 0.0198373 -0.467261 -0.584283 0.35882 -0.727916 -0.473159 0.545628 -0.691673 -0.175807 -0.294982 -0.93919 0.402671 0.121004 -0.907312 0.14869 -0.81246 -0.563738 0.84321 -0.260509 -0.470248 0.854566 -0.179518 -0.48733 0.933949 0.248571 0.25681 0.857401 0.438012 0.270201 0.522923 -0.595947 0.609425 0.354162 0.248394 0.901593 -0.0822112 -0.416084 0.905602 -0.439515 0.274283 0.855334 -0.486389 0.151906 0.860436 -0.851998 -0.0952592 0.514806 -0.609809 0.788652 0.0784933 -0.995547 -0.0579678 -0.0743416 -0.75105 0.0195907 -0.659955 -0.748364 -0.126937 -0.651029 -0.881238 -0.264311 -0.391867 -0.964109 -0.251605 0.0847894 -0.678879 -0.221492 -0.700046 -0.28038 -0.211118 -0.936385 -0.90521 -0.0783829 0.417673 -0.262463 -0.230454 -0.937019 -0.772853 -0.238759 0.587956 -0.929982 0.0921961 0.355857 -0.916988 0.0809794 0.39061 0.079023 -0.217127 -0.97294 -0.996335 -0.0421379 -0.0744399 -0.532216 -0.136345 0.835557 -0.804844 0.194721 0.560634 -0.852474 0.52276 -0.00318844 0.317129 -0.53022 -0.786318 -0.53903 0.119419 0.833778 0.553135 -0.207172 -0.806921 -0.984134 0.0709567 -0.162618 -0.39835 -0.247491 0.883213 -0.485597 0.175214 0.856444 -0.106065 -0.138524 0.984663 -0.869063 0.128484 -0.477726 0.663726 -0.1573 -0.731248 -0.0577828 0.183787 0.981266 0.883222 -0.232517 -0.407254 0.0586247 0.185718 0.980853 0.227961 -0.558749 0.797391 0.0897199 -0.000631132 0.995967 0.916188 -0.173398 -0.361294 -0.597277 0.155009 -0.786913 0.437112 -0.148237 0.887107 0.992102 -0.123959 0.0191658 -0.325028 0.106577 -0.93968 0.692278 -0.0398929 0.720527 0.525237 0.368363 0.767095 0.809534 -0.190133 0.555432 0.68661 0.162257 0.708689 -0.171443 0.224793 -0.959206 0.993013 -0.0115573 0.117438 0.229957 0.100779 -0.967969 0.934942 0.243611 0.257948 0.29111 0.120519 -0.949068 0.372094 0.241779 -0.896152 0.74998 0.16641 -0.640186 0.864611 0.285331 -0.413562 0.855397 0.229342 -0.464432 0.993111 -0.00690364 0.11697 0.198288 0.397535 0.895906 0.418926 -0.521481 0.743343 0.795478 0.251104 0.551509 0.790682 0.582093 0.189708 0.93271 -0.354078 0.0684157 0.481645 -0.759611 -0.437046 0.758302 0.546834 -0.354895 0.308772 0.632487 -0.710366 -0.0516419 -0.646974 -0.760761 -0.254577 0.0692821 -0.964568 -0.68553 0.242709 -0.686396 -0.777724 -0.392342 -0.491135 -0.90252 0.0459899 -0.428185 -0.942937 0.327084 0.0623415 -0.859246 -0.416803 0.2966 -0.722257 0.331263 0.607132 -0.364995 0.0754308 0.927949 -0.406035 -0.171884 0.897547 -0.0933384 0.990134 -0.104514 -0.0902916 0.99165 -0.0920749 -0.106052 0.994001 -0.0267237 0.179338 0.971092 0.157539 -0.0120449 0.99181 -0.127153 0.245329 0.965728 0.0847534 -0.174609 0.982912 -0.0582805 0.227308 0.973499 0.025106 -0.0271068 -0.995356 0.0923642 -0.0720464 -0.984976 0.156942 -0.0373715 -0.989071 0.142624 0.0834734 -0.983871 0.158209 0.0106721 -0.99779 -0.0655845 -0.198952 -0.9791 -0.0422032 -0.106375 -0.980558 -0.164895 -0.276302 0.415498 -0.866613 -0.28254 0.163271 -0.945258 -0.464027 0.54545 -0.69797 -0.476484 0.00521002 -0.879167 -0.632264 0.448195 -0.631952 -0.789569 0.555459 -0.260858 -0.688178 0.247028 -0.682193 -0.923488 0.367272 -0.110821 -0.862588 0.033902 -0.504771 -0.97725 0.125936 -0.170655 0.97793 -0.175089 -0.114005 0.758988 -0.103127 -0.642886 0.972233 -0.164797 -0.166146 0.922665 -0.355683 0.148927 0.763172 -0.527616 -0.373082 0.699751 -0.429936 -0.570529 0.431394 -0.122608 -0.893793 0.582023 -0.789616 -0.194311 0.208485 -0.954258 -0.214304 0.422366 -0.532558 -0.733477 0.581949 -0.793189 0.179404 0.319206 -0.384266 -0.866284 0.856331 -0.27285 0.438464 0.77162 -0.633798 -0.0538767 0.88313 0.105798 0.457042 0.899058 0.244774 0.363015 0.674743 -0.511643 0.531925 0.290621 -0.736027 -0.611395 -0.0394671 -0.232544 -0.971785 0.0209794 -0.358228 -0.933399 0.721594 -0.385124 0.57531 0.84523 0.422019 0.327852 0.338902 -0.73638 0.585568 -0.202805 -0.644803 -0.736953 0.599773 -0.294198 0.744123 0.781913 0.491798 0.383076 -0.215882 -0.650002 -0.728624 0.533242 0.0999783 0.840034 0.892089 0.449611 0.0450277 0.532077 0.101332 0.84061 0.944381 0.307317 -0.117048 -0.254738 -0.726602 -0.638089 0.979325 -0.108622 -0.170656 0.528538 0.441203 0.72525 -0.523811 -0.181153 -0.832349 -0.508302 -0.19646 -0.83847 0.274703 -0.468066 0.839912 0.0923065 -0.388915 0.916638 0.0640175 0.0580371 0.99626 -0.73239 -0.288693 -0.616654 0.707591 0.470323 -0.527363 0.22621 -0.10562 0.968335 0.378181 0.533761 0.756359 0.587153 0.781189 -0.21212 0.10475 0.274715 0.955803 0.823052 -0.0440058 -0.566259 -0.751045 -0.430949 -0.500215 0.786131 0.375455 -0.490949 -0.132652 -0.530332 0.837348 0.616717 0.72515 -0.306297 -0.693455 -0.71213 -0.109506 -0.818285 -0.508323 -0.268361 0.211061 0.769093 0.603282 -0.165812 0.398674 0.901978 0.598381 -0.0136487 -0.801095 -0.44824 -0.335424 0.828596 -0.16197 0.596288 0.786261 0.43651 0.297649 -0.849037 0.354683 0.637056 -0.684368 -0.493407 -0.0544129 0.868095 -0.647703 -0.546071 0.531308 0.477145 0.371809 -0.796299 -0.450061 0.210927 0.867729 -0.496299 -0.0586536 0.866168 -0.835104 -0.421201 0.353825 -0.99061 -0.136402 0.00926563 0.0532064 0.793444 -0.606314 -0.355901 0.69479 0.624981 0.234579 0.325998 -0.915805 -0.0247232 0.545829 -0.837532 0.0923213 0.0829076 -0.992272 -0.000637541 0.0392191 -0.99923 -0.943593 -0.155979 0.292066 -0.635603 0.451995 0.625866 -0.899535 0.0188139 0.436442 -0.838668 0.386568 0.383668 -0.844243 0.425845 0.325438 0.677486 -0.734992 -0.0282631 -0.477034 -0.00660045 0.87886 0.464202 -0.135752 -0.875265 -0.913913 -0.398488 0.0772693 -0.8018 -0.0192725 0.597282 -0.927116 -0.373094 0.035466 -0.929752 -0.367727 0.0183802 -0.851546 -0.29067 -0.436326 -0.268977 -0.250155 -0.930094 -0.285465 -0.249347 -0.925384 -0.653191 -0.126082 -0.746623 0.330352 -0.000474851 -0.943858 0.612902 -0.10699 -0.782882 0.596294 -0.517668 0.613558 0.884527 -0.02716 -0.465699 0.557932 -0.648468 -0.517882 0.911587 -0.124081 -0.391934 0.427618 -0.891096 0.151958 0.935752 -0.0394807 0.350441 0.273716 -0.904755 0.32634 0.14039 -0.0494674 0.98886 0.0718048 -0.0279253 0.997028 -0.00561414 0.0035281 -0.999978 0.993014 0.00181603 -0.117983 0.9777 0.00648878 0.209908 -0.296113 0.014023 0.95505 -0.64634 0.00508469 0.763033 0.0666841 0.371773 0.925926 0.0421696 0.384455 0.92218 -0.39141 0.780325 0.487741 -0.198418 0.505152 0.839912 -0.962111 0.0680574 0.264029 -0.916764 -0.0489173 0.396424 -0.990841 -0.0357552 -0.130216 -0.791376 0.111206 -0.60113 0.00699673 0.999942 -0.00821729 -0.723391 0.156595 -0.672446 -0.628197 0.239938 -0.740134 -0.293248 0.101684 -0.950614 -0.414875 0.123325 -0.901482 0.823914 0.137733 -0.549723 0.619718 0.0949121 -0.779065 0.512181 0.0499053 -0.857426 0.071793 0.997048 -0.0272154 0.704871 0.336464 -0.624459 0.947353 0.0426886 -0.317332 0.726405 0.173962 0.664886 0.566027 0.107761 0.817313 0.635047 0.111882 0.764328 0.733612 0.0923129 0.67327 -0.999686 -0.0201277 -0.0149116 -0.993506 0.11378 4.41977e-05 -0.950686 0.31014 -0.00305121 -0.957786 0.287482 -0.000690408 -0.833137 0.553007 0.00812183 -0.776703 0.6298 -0.0091843 -0.539856 0.841618 0.0153404 -0.549376 0.835548 0.00675636 -0.383962 0.916215 -0.114558 -0.922266 -0.203547 -0.328626 -0.545194 -0.813215 0.203582 -0.109886 0.993931 0.00522577 0.158431 0.987368 -0.00177592 0.218125 0.975805 0.0150439 0.151816 0.988243 -0.0181159 0.218388 0.974823 -0.0450243 0.365795 0.930695 -0.000325551 0.589958 0.807233 0.0179846 0.666136 0.745785 -0.00828137 0.873919 0.486011 0.00772318 0.903638 0.428222 -0.00797309 0.990155 0.13996 0.00195482 0.999379 -0.0296332 -0.0190684 0.9776 -0.210296 0.00857543 0.83385 -0.550782 -0.0365154 0.767355 -0.641213 0.00347832 0.494341 -0.869252 -0.0053207 0.287845 -0.950553 -0.116598 0.247596 -0.966235 0.0713253 0.181094 -0.982479 0.04404 0.0166686 0.997614 -0.0669959 -0.00571878 -0.999827 0.0177241 -0.144178 -0.989236 0.0249833 -0.259977 -0.963785 -0.0594138 -0.273628 -0.960342 0.0535855 -0.394011 -0.919094 0.00471228 -0.684013 -0.729469 -0.00103069 -0.77632 -0.629618 0.0301393 -0.909889 -0.41471 -0.0108529 -0.97507 -0.221256 0.016845 0.000599687 -1 -4.57463e-06 0.00056944 -1 7.23742e-06 0.000419558 -1 0.000182683 0.000266624 -1 0.000553207 0.000338289 -1 0.000329382 7.75356e-08 -1 1.23463e-06 5.20995e-07 -1 2.2629e-06 0.000255601 -1 0.000604327 0 -1 1.0584e-06 0.000444414 -0.000131213 1 -0.000114082 -6.08922e-05 1 0 0 1 0 0 1 5.8108e-05 -0.00047841 -1 0 0 1 0 0 1 0 0 1 -3.11473e-05 -0.000249033 1 -5.18397e-05 -0.000123496 1 0 0 1 0.000403237 -0.000143603 1 0 1 1.54139e-07 1.61929e-08 1 1.9166e-07 -3.69926e-05 1 -1.44926e-05 -2.32903e-05 1 -1.8093e-05 0.00134155 0.999992 0.00386258 -1.6487e-05 1 -2.4376e-05 -1.26115e-05 1 -4.04847e-05 -1.32e-05 1 -3.1168e-05 0 0 -1 0 0 -1 0 0 -1 0 0 -1 0 0 -1 0 0 -1 0 0 -1 0 0 -1 0 0 -1 0 0 -1 0 0 -1 0 0 -1 0 0 -1 0 0 -1 0 0 -1 0 0 -1 0 0 -1 0 0 -1 0 0 -1 -0.02526 -0.956403 -0.290956 -0.00318344 -0.97941 -0.201855 0.00453404 -0.90641 -0.422376 0.00446551 -0.906314 -0.422582 0.00361455 -0.798688 -0.601734 0.00893448 -0.788209 -0.615342 -0.00893445 -0.5955 -0.803305 0.00670333 -0.554216 -0.832346 0.00044067 -0.333566 -0.942727 0.00930034 -0.352168 -0.93589 0.00410571 -0.0373847 -0.999293 0.0364869 0.0482166 -0.99817 -0.00820659 0.258816 -0.965892 0.029622 0.449875 -0.8926 -0.00452976 0.532032 -0.846712 -0.000384906 0.7683 -0.64009 0.00543025 0.759618 -0.650346 0.00250763 0.942205 -0.335028 -0.104908 0.837341 -0.536521 0.0141852 -0.984284 -0.17602 -0.00810464 -0.999719 0.0222914 -0.0046683 -0.971929 -0.235226 -0.0182822 -0.885262 -0.464734 0.00687709 -0.804974 -0.59327 -0.0121243 -0.721344 -0.692471 0.0215466 -0.583832 -0.811589 -0.0191685 -0.412636 -0.910694 0.022088 -0.211962 -0.977028 -0.0278251 -0.0436194 -0.998661 0.0161137 0.351558 -0.936028 0.0103231 0.364328 -0.931214 0.00102984 0.66743 -0.744672 -0.0424374 0.545588 -0.836978 -0.0140808 0.856854 -0.515367 0.00281054 0.883087 -0.469202 -0.0113967 0.976372 -0.215795 0.00496609 0.964106 -0.265472 0.000532235 0.998732 0.0503316 0.0114545 0.995732 0.0915783 -0.00624684 0.937924 0.346785 0.0356222 0.880429 0.472838 0.000138767 0.781832 0.62349 0.012619 0.60012 0.79981 0.0168517 0.589473 0.807612 -0.00272398 0.388434 0.921473 0.0102548 0.280977 0.95966 -0.0191941 0.0981814 0.994983 0.0113882 -0.0675609 0.99765 -0.0158353 -0.213941 0.976718 0.0168753 -0.37256 0.927855 -0.00535376 -0.513135 0.858291 0.0175133 -0.731237 0.681898 -0.00501724 -0.765446 0.643481 -0.0174817 -0.948303 0.316884 0.016632 -0.976329 0.215651 0.999999 0.00087327 -0.000734124 -0.999999 0.000818923 -0.00136976 0.910246 0.244687 -0.334037 0.999999 0.00100074 -0.000334407 0.975251 0.0473078 -0.215978 0.975163 0.0465685 -0.216536 -0.999979 0.00641592 -0.00014306 0.999359 -0.00351415 -0.0356129 -1 0.0005676 0.000137371 0.999413 -0.0133085 -0.0315714 0.997962 -0.042219 -0.0478503 -0.999978 -0.00400741 -0.00534088 0.999985 -0.0042711 -0.00340608 0.999996 -0.00260067 -0.000961564 1 0 0 1 0.000683401 -9.10778e-05 1 0 0 1 0 0 1 0 0 0.999985 -0.00552805 -0.000278589 -0.999993 -0.00350855 0.0009661 1 0 0 1 0 0 0.999999 -0.00147627 -0.00021872 1 0 0 1 0 0 -0.993697 -0.0861238 0.071752 -0.995872 -0.0482915 0.0768544 -0.994373 -0.0840892 0.0644238 -0.985002 -0.162572 0.0578072 -0.993053 -0.0725133 0.0926646 -0.983284 -0.047127 0.175876 -0.986065 -0.139764 0.0902274 -0.982966 0.0068708 0.183657 -0.970805 -0.219369 -0.0970282 -0.990343 0.0364982 0.133746 -0.986224 0.0582556 0.154815 -0.980809 0.11611 0.156628 -0.987306 0.126858 0.095575 -0.982291 0.139183 0.125427 -1 -5.11856e-06 -6.99729e-06 -1 5.80554e-05 -1.70026e-05 -0.980033 0.180211 0.0840259 -0.982246 0.180475 0.0512056 -0.986521 0.160266 0.0330306 -0.982661 0.177266 0.0543514 -0.887743 0.402568 -0.223274 -1 -0.000120932 4.94889e-05 -1 -4.51332e-05 2.97748e-05 0.000823335 0.851509 0.52434 0.00253613 0.480728 0.876866 -0.00806339 0.903245 0.429049 -1 -5.04238e-07 -9.19751e-07 -1 -6.82049e-06 -6.11515e-06 -1 9.04192e-08 1.54414e-07 -1 -3.9745e-06 8.39245e-06 -1 0.000410943 -0.000431596 -1 -4.42674e-05 -2.76787e-05 -1 -0.000281865 7.70262e-08 -1 0.000290186 0.000279524 -1 -2.91822e-05 -2.811e-05 -1 5.22456e-06 2.68803e-05 -1 4.48414e-06 -5.0435e-06 -1 2.72153e-06 -1.2598e-05 -1 3.05093e-05 2.5404e-05 -1 3.42853e-06 4.3609e-05 -1 0 0 -1 0 0 -1 2.19969e-06 -4.1845e-05 -1 0 0 -1 0 0 1 0 0 -1 0 0 -1 0 0 -1 3.9801e-06 1.91247e-05 -1 -0.000528398 -0.000457064 -1 0 0 -1 0.000314154 -3.32501e-10 -1 0 0 -1 0 0 -1 -0.000473498 0.000519591 -0.149939 0.539294 0.828662 -0.960515 0.198646 -0.194811 -0.956773 0.0888206 -0.276942 -0.0862153 -0.989712 -0.114183 -0.0502315 0.557373 -0.828741 -0.683688 -0.649101 -0.333526 -0.786704 -0.614448 0.0595854 -0.823355 -0.55145 0.134128 -0.142351 0.978573 0.148764 -0.0111725 0.999041 -0.0423417 -0.00103893 0.713964 -0.700182 0.00606544 0.812749 -0.582582 0.00175976 0.305397 -0.952224 -0.0042721 0.377456 -0.926018 0.00397541 -0.114145 -0.993456 0.0149305 -0.881735 -0.471509 -0.0133501 -0.975665 -0.218862 0.00850553 -0.923184 0.384263 0.0034438 -0.909994 0.414606 -0.00127897 -0.401422 0.915893 0.000605232 -0.420375 0.90735 -0.0286952 0.517149 0.855414 0.000207815 0.111275 0.99379 -0.127121 0.171695 -0.976914 -0.154266 0.844367 -0.513076 -0.140998 -0.879215 0.455084 -0.13289 -0.865985 -0.48209 -0.0909603 0.841966 0.531808 -0.107618 -0.428793 0.89697 -0.0202179 0.197837 -0.980026 -0.0321015 -0.931203 -0.363084 0.0131882 -0.505261 -0.862866 -0.00300906 -0.798912 0.60144 0.0027562 -0.182399 0.983221 -0.489878 0.320119 0.810891 0.0114927 0.618545 0.785665 -0.0112215 0.977253 0.21178 0.0189839 0.998565 -0.0500785 0.0499604 0 0.998751 0.996877 0 0.0789693 0.712883 -0.00596071 0.701257 -0.113188 -0.205071 -0.97218 -0.769835 -0.189823 -0.609361 0.653007 -0.447144 -0.611265 -0.777492 -0.367253 -0.510521 -0.676128 -0.581022 -0.45306 -0.407076 -0.75113 -0.519705 -0.653395 -0.744738 -0.135797 -0.575908 -0.799237 -0.171902 -0.700522 -0.68911 0.185462 -0.41528 -0.839862 0.349536 -0.762757 -0.493305 0.418153 -0.354689 -0.407171 0.84167 -0.544931 -0.312429 0.778099 -0.705194 -0.0479048 0.707394 -0.240683 0.272732 0.931498 -0.312158 0.250109 0.916517 -0.72519 0.405938 0.55616 -0.59751 0.595675 0.536799 -0.78585 0.544818 0.292597 -0.449332 0.886191 0.112986 -0.533928 0.841976 0.0774372 -0.598219 0.78245 -0.172935 -0.0789711 0.876136 -0.475552 -0.7049 0.651252 -0.281046 -0.984921 0.0408149 0.168124 -0.208941 0.559793 -0.801857 -0.546866 0.458085 -0.700782 -0.846909 0.155429 -0.508514 0.261584 0.182563 -0.947757 -0.5787 0.00925249 -0.815488 -0.0841879 0 -0.99645 -0.0626771 -0.000569819 -0.998034 -0.224364 0.000369652 -0.974505 -0.297415 -0.00192599 -0.954746 -0.434165 0.00160783 -0.900832 -0.560246 -0.00296273 -0.828321 -0.716472 0.00356802 -0.697606 -0.789708 -0.00076157 -0.613482 -0.916855 0.001944 -0.399216 -0.931096 -0.000181233 -0.364775 -0.999913 0.00063855 -0.0131913 0.999347 0.0180964 -0.03129 0 0 1 0 0 1 0 0 1 0 0 1 0 0 1 0 0 1 0 0 1 0 0 1 0 0 1 0 0 1 0 0 1 0 0 1 0 0 1 0 0 1 0 0 1 0 0 1 0 0 1 0 0 1 0 0 1 0 0 1 0 0 1 0 0 1 0.925452 0.373533 0.0633429 0.846063 0.451591 -0.283271 0.564269 0.817635 0.114343 0.348549 0.830336 -0.434805 -0.144074 0.860501 0.488652 -0.475817 0.763636 -0.436416 -0.732825 0.622542 0.274608 -0.870683 0.341836 -0.353638 -0.938031 -0.0806909 0.337027 -0.930452 -0.318972 -0.180321 -0.809142 -0.573437 0.128294 -0.66282 -0.706534 -0.247949 -0.276042 -0.905531 0.322203 -0.144226 -0.986772 -0.0740279 0.377662 -0.757047 0.533152 0.387879 -0.887539 0.248644 -0.0400679 0.888831 0.456479 0.9065 -0.387974 -0.166533 0.902817 -0.266555 0.337445 6.11426e-05 -0.512296 0.858809 -0.00104862 -0.851601 0.52419 0.0254192 -0.993978 0.106592 0.0333938 -0.847703 -0.529419 0.0378885 0.649207 0.759668 0.00703018 -0.691127 0.722699 0.423245 -0.0107127 0.905952 -0.0196624 -0.0566026 0.998203 0.0761134 -0.98641 0.145609 0.356884 -0.0360026 0.933455 0.41024 -0.798412 0.440729 0.624475 -0.0398604 0.780027 0.651211 -0.0334464 0.758159 0.672675 -0.0444057 0.738604 0.570729 -0.657586 0.491782 0.776912 0.0116978 0.6295 0.717459 -0.0665849 0.693411 0.165437 -0.986163 -0.0106256 0.191685 -0.980912 0.032687 0.873837 -0.0415693 0.484439 0.658183 -0.752705 0.0152119 0.958496 -0.0371909 0.282669 0.997608 -0.0556179 0.0410383 -0.999857 -0.00449869 0.0163209 0.018999 -0.999809 -0.00467653 0.989734 -0.142706 -0.00783698 0.967826 0.248714 -0.0381233 0.870084 0.492544 -0.0188278 0.387072 0.921943 -0.0140268 0.063018 0.997746 -0.0230495 0.905468 0.390295 -0.166729 0.0714807 0.918408 -0.389123 0.465276 0.271698 0.842436 0.578669 0.619526 -0.530406 0.950167 0.172016 -0.259986 0.865027 0.272703 -0.421143 0.748904 0.300813 -0.590469 0.560137 0.0380272 -0.827527 0.598473 -0.0992015 -0.794977 0.86403 -0.107791 -0.491766 0.872826 -0.334746 -0.355134 0.877 -0.328605 -0.350556 0.917013 -0.283549 -0.280513 0.694304 -0.567283 -0.442869 0.496075 -0.787025 -0.366744 0.890003 -0.452094 -0.0592121 0.160924 0.66024 0.733612 0.736528 -0.673217 -0.0656142 0.11172 -0.986026 -0.123574 0.00493617 0.999988 -1.26979e-05 0.999204 0.0397722 -0.00311449 0.909976 0.413179 0.0350359 0.814387 0.580152 0.0140619 0.940307 0.0125085 0.340097 0.00465816 0.999985 0.00290965 0.303493 0.859146 0.41202 0.979471 0.0454648 0.196391 0.874587 0.00362706 0.484855 0.533671 0.525893 0.662293 0.695165 0.0120943 0.718749 0.704566 0.00959922 0.709573 0.915206 0.0422904 0.400761 0.306576 0.852821 0.422739 0.54267 0.545266 0.638901 0.631347 0.0713916 0.772207 0.451382 0.0345963 0.89166 0.00390699 0.999461 0.0325846 0.0401422 0.965593 0.256942 0.056895 0.987811 -0.144887 0.356962 0.0292552 0.933661 0.273144 0.0315956 0.961454 0.0536732 0.71073 0.701415 0.374921 0.0181083 0.92688 0.00131181 0.506434 0.862278 -0.00213559 0.00889836 0.999958 -0.000651042 0.104942 0.994478 -0.0224794 -0.994436 -0.102916 0.00707065 -0.970547 -0.240807 -0.00419391 -0.935266 -0.353922 -0.0181425 -0.80205 -0.596981 0.0150781 -0.890255 -0.455214 0.0114041 -0.704638 -0.709475 -0.0152367 -0.605239 -0.795898 0.0180196 -0.477662 -0.878359 -0.0193308 -0.296949 -0.954698 0.0135614 -0.174117 -0.984632 -0.0162706 0.010405 -0.999814 0.0170976 0.140329 -0.989957 -0.0196505 0.355369 -0.93452 0.0258551 0.483633 -0.874889 -0.00348524 0.613268 -0.789868 0.0389311 0.802756 -0.595035 -0.00127682 0.751022 -0.660276 -0.000977216 0.911282 -0.411783 0.0202991 0.940372 -0.33954 -0.0021543 0.980147 -0.198259 0.0131848 -0.951487 -0.307407 -0.0241842 -0.893904 -0.447606 0.0408971 -0.777898 -0.627058 0.0175005 -0.487643 -0.872868 0.0178939 -0.485033 -0.874313 0.000243861 -0.426133 -0.904661 0.0444878 -0.132561 -0.990176 -0.00367115 0.107577 -0.99419 0.0117335 0.176765 -0.984183 0.00321448 0.504884 -0.863181 -0.0195046 0.551811 -0.833741 0.0294279 0.761126 -0.647936 -0.0408214 0.934019 -0.354883 -0.0384092 0.935967 -0.349987 0.0285602 0.999521 -0.0118896 -0.0148212 0.970577 0.240334 0.0106814 0.944758 0.327595 -0.0101531 0.795148 0.60633 -0.0167123 0.80829 0.588547 0.00352379 0.624045 0.781381 -0.0199229 0.512881 0.858229 0.00492158 0.402431 0.915437 0.00615287 0.126816 0.991907 -0.0125911 0.206404 0.978386 -0.0266421 -0.224468 0.974117 -0.0204381 -0.238095 0.971027 0.0064864 -0.514293 0.85759 -0.0178641 -0.593891 0.804347 0.00309873 -0.745776 0.666189 -0.0153929 -0.853271 0.52124 0.0178759 -0.915344 0.402275 -0.00295285 -0.97004 0.242928 0.0217013 -0.996087 0.0856768 -0.0147382 -0.995625 -0.0922724 -0.775084 -0.172571 0.607836 -0.614321 0.0309626 0.788449 -0.714021 0.000657409 0.700124 -0.705154 -0.0134038 0.708928 -0.6924 -0.0021729 0.721511 -0.665433 -0.0952446 0.740356 1 0 0 1 0 0 -0.92845 0.174777 -0.327772 -0.985815 0.153652 -0.0675271 -0.974375 0.222158 -0.0352064 -1 0 0 -1 0 0 1 0 0 1 0 0 0.999996 -0.00103676 -0.00259634 -0.999301 -0.0297323 -0.0226719 -0.999983 -0.00545615 -0.00189192 -1 0 0 -1 0 0 -1 0 0 -0.999983 -0.00579847 6.89744e-05 -0.993308 -0.107965 0.0410216 -0.999997 -0.00244251 -0.000424446 -1 0 0 -1 0 0 -1 0 0 -1 0 0 1 0 0 1 0 0 1 0 0 1 0 0 1 0 0 1 0 0 1 0 0 1 0 0 1 0 0 1 0 0 1 0 0 1 0 0 1 0 0 1 0 0 1 0 0 1 0 0 1 0 0 1 0 0 1 0 0 0 -1 0 3.14264e-05 -1 -3.63255e-06 1.27821e-05 -1 -1.22365e-05 5.67833e-06 -1 -1.38293e-05 2.68756e-05 -1 -1.11862e-05 0.000109894 1 -4.58351e-05 8.82855e-05 1 -7.85167e-05 0.000212984 1 -0.000418913 -0.000412468 0.999999 0.00102177 -0.00190713 0.999998 0.00022862 -5.96262e-07 1 3.32615e-06 -0.999901 0.00583326 0.0128029 -0.999748 0.00851195 0.0207921 -0.83894 0.000798191 0.544223 -0.723359 -5.91725e-05 0.690473 -0.261081 0.209518 0.942305 0.0969817 -0.0213054 0.995058 0.0268346 -0.0377424 0.998927 -0.3437 -0.256673 0.903321 -0.211914 -0.825834 0.522581 -0.0853553 0.572322 0.815574 -0.631172 -0.101985 0.768909 -0.494567 -0.714224 0.495266 -0.139737 -0.988425 0.0590702 -0.668529 -0.742553 0.0410341 -0.902712 -0.0329606 0.428981 -0.577797 -0.815386 0.0360074 -0.907977 -0.0354527 0.417518 -0.988036 -0.0429191 0.148133 -0.00629562 -0.99998 -3.62246e-06 -0.966228 -0.25766 -0.00396143 -0.103637 0.98788 -0.115556 -0.948281 0.315084 -0.0385454 -0.923954 0.381719 -0.0244761 -0.0589978 0.99806 -0.0198945 -0.762522 0.638736 -0.102838 -0.627906 0.713417 -0.311079 -0.923386 0.300699 -0.238616 -0.702391 0.482081 -0.523684 -0.763072 0.396366 -0.510506 -0.980487 0.108077 -0.164209 -0.569199 0.292241 -0.76851 -0.882739 0.00488956 -0.469837 -0.944959 -0.0404493 -0.324679 -0.691532 -0.0949773 -0.716074 -0.864163 -0.149456 -0.480506 -0.664545 -0.452316 -0.594802 -0.986607 -0.0937839 -0.133457 -0.803027 -0.478055 -0.355825 -0.498074 -0.811008 -0.3069 -0.845805 -0.441237 -0.299873 -0.871903 -0.405956 -0.273833 -0.0729293 -0.99516 0.065866 -0.0519541 -0.99749 -0.048114 -0.618022 -0.785953 -0.0180763 -0.851318 -0.523332 -0.037159 -0.00353893 0.999994 -1.11282e-06 -0.102308 0.994726 -0.00725304 0.196615 0.907726 -0.370642 -0.951076 0.0493627 0.304988 -0.0880445 0.994036 0.0643464 -0.700515 0.71264 0.0377178 -0.985599 0.0527817 0.160649 -0.589835 0.806662 0.0372889 -0.992687 0.0586404 0.105516 -0.390048 -0.746728 0.538758 -0.336927 0.0295452 0.941067 -0.115274 0.0845298 0.989731 -0.558573 -0.0766436 0.825907 -0.206838 0.928633 0.307992 -0.255533 0.0385161 0.966033 -0.505735 0.315667 0.802862 -0.493015 0.1083 0.863254 -0.0354552 0.883501 -0.467086 0.0785583 0.523703 -0.848271 -0.0517391 -0.0655986 -0.996504 0.0492938 -0.624251 -0.779667 -0.0252682 -0.86191 -0.506432 0.136273 -0.801402 0.582396 0.00439157 -0.929607 0.368526 -0.000348371 0.0476596 0.998864 -0.00444081 0.0357431 0.999351 0.0038891 0.865424 0.501024 0.113676 0.977259 0.179002 -1 0 0 -1 0 0 -1 0 0 -0.507988 -0.503275 0.699044 -0.450284 -0.213058 0.867093 -0.385475 0.600822 -0.700301 -1 0 0 -0.410841 0.391522 0.823359 -1 0 0 -1 0 0 -1 0 0 -1 0 0 -0.902762 0.0638926 0.425368 -0.14192 -0.989691 0.0192259 -0.0333698 -0.993051 -0.112854 -0.0927994 -0.712881 0.695118 -0.0744782 -0.150495 0.985801 0.0306624 0.384495 0.922618 -0.0962884 0.814209 0.572531 0.0145143 0.954813 0.296853 -0.0082285 0.878673 -0.477354 -0.00789683 0.879119 -0.476537 0.00908652 0.07136 -0.997409 0.0067106 0.0642951 -0.997908 -0.00754287 -0.814676 -0.579867 -0.123807 -0.590546 -0.797451 -0.112776 -0.800707 0.588345 -0.114884 -0.795811 0.594548 0.066672 -0.27628 0.958762 -0.0234016 0.338363 0.940725 0.0933133 0.819619 0.565259 0.00144314 0.955091 0.296311 -1 0 0 -1 0 0 -0.991297 -0.089055 0.0969492 -1 0 0 -1 0 0 -0.988933 -0.130432 0.0707025 -0.94646 -0.0629681 0.316622 -1 0 0 -1 0 0 -0.589722 -0.187892 0.785445 -0.134495 -0.589717 -0.796332 -0.719036 -0.0134694 0.694842 -0.170146 -0.985296 0.0155513 0.11001 -0.960383 0.256051 -0.0640629 -0.31774 0.946011 -0.0155025 -0.168974 0.985499 -0.0844648 0.556212 0.826737 -0.099023 0.57928 0.809092 0.0896422 0.991623 0.0929956 -0.583651 -0.807143 0.0887247 0.98146 0.135064 0.135991 0.983329 0.161897 0.0827829 0.988265 0.0860609 0.126201 0.983536 0.0863326 0.158755 0.994941 0.0979983 -0.0220999 1 0 0 0.980027 0.0346289 0.195826 1 -0.000177516 0.000148674 0.99021 -0.0202743 0.138106 0.990394 -0.0194071 0.136909 0.983035 -0.0887357 0.160522 0.990292 -0.104392 0.0917787 1 1.85963e-05 -1.01268e-05 1 -6.55309e-05 -1.54377e-05 0.99075 -0.102924 0.0884401 0.980554 -0.184586 0.0666486 1 5.52733e-06 -1.36909e-05 0.982954 -0.180127 0.0368298 0.985535 -0.168235 0.0204228 1 -9.13373e-08 -1.69912e-05 1 -2.62964e-06 -1.34288e-05 1 2.95655e-05 -3.66552e-05 0.149083 0 -0.988825 0.176452 -0.0012374 -0.984308 0.37983 0.000699572 -0.925056 0.453207 -0.0035331 -0.891399 0.722353 0.00319727 -0.691517 0.747238 0.00108245 -0.664556 0.922937 0.00209792 -0.384944 0.92322 0.00214644 -0.384266 -0.997474 0.00313901 -0.0709684 -0.999977 -0.00265118 -0.00624613 0.525603 -0.8471 -0.0785075 0.680303 -0.630548 -0.373626 0.0669363 -0.809205 -0.583702 0.146192 -0.798885 -0.583447 -0.20902 -0.435443 -0.875614 0.814667 -0.25823 -0.519264 0.558648 -0.159388 -0.813946 0.755316 0.0343141 -0.654462 0.533203 0.316708 -0.784468 0.760029 0.358684 -0.541942 0.517922 0.681943 -0.51644 -0.425007 0.794961 -0.432904 0.903831 0.400787 -0.149867 0.676852 0.727381 -0.113086 0.573922 0.78592 0.230096 0.300694 0.929129 0.21518 0.730646 0.551942 0.401891 0.613159 0.534971 0.581242 0.76457 0.330638 0.553273 -0.463657 0.499182 0.732011 0.65744 0.306909 0.688172 0.713936 0.144538 0.685131 0.274781 -0.139654 0.951311 0.57154 -0.195416 0.796966 0.582934 -0.482625 0.653652 0.0467566 -0.757627 0.65101 0.556739 -0.708886 0.433039 0.68779 -0.704165 0.176344 0.428426 -0.902114 -0.0513984 -1 0 0 -1 0 0 -1 0 0 -1 0 0 -1 0 0 -1 0 0 -1 0 0 -1 0 0 -1 0 0 -1 0 0 -1 0 0 -1 0 0 -1 0 0 -1 0 0 -1 0 0 -1 0 0 -1 0 0 -1 0 0 -1 0 0 -1 0 0 -0.999492 0.00784825 -0.0308855 -1 0 0 -0.999396 -0.002459 -0.0346592 -1 0 0 -1 0 0 -0.999276 0.00933066 -0.0368731 -0.999662 -0.0133936 -0.0222921 -1 0 0 -0.505488 -0.835541 0.215296 -0.230858 -0.956991 -0.175706 -0.695657 -0.643823 -0.318675 -0.22502 -0.760342 -0.6093 -0.350198 -0.339292 -0.873065 -0.281417 -0.371001 -0.884965 -0.594331 0.27432 -0.755989 -0.209666 0.545907 -0.811188 -0.535713 0.68781 -0.489825 -0.893153 0.433809 -0.118691 -0.732594 0.678114 -0.0588883 -0.565463 0.787982 0.243588 -0.830391 0.40472 0.382953 -0.939365 0.200772 0.277999 -0.646483 0.197419 0.736943 -0.42316 -0.094509 0.901112 -0.717341 -0.343188 0.606337 -0.619623 -0.351834 0.701627 -0.0601614 -0.785924 0.615389 -0.466295 -0.860426 0.205515 0.061524 0.0962887 -0.99345 0.424619 -0.693238 0.582339 0.834518 -0.259839 0.485863 0.850062 -0.259431 0.458357 0.768565 -0.0667334 0.636281 0.864188 0.246506 0.43865 0.913289 0.173411 0.368553 0.830661 0.343181 0.43844 0.751682 0.618249 0.229656 0.913389 0.401585 -0.0667103 0.913799 0.400604 -0.0669872 0.599212 0.652125 -0.464411 0.428024 0.504588 -0.749791 0.803196 0.136401 -0.579889 0.977696 -0.0235614 -0.208701 0.856144 -0.234373 -0.460529 0.60094 -0.648224 -0.467628 0.823273 -0.546847 -0.15225 0.902535 -0.423918 -0.0756508 0.459888 -0.859889 0.22157 0.999985 0.0031469 -0.00438288 1 0 0 0.999982 -0.00372064 -0.00469906 1 0 0 1 0 0 -0.9279 -0.1422 0.344647 -0.116266 -0.990354 -0.0753739 -0.996917 -0.0481813 -0.0619301 -0.0837378 -0.663308 -0.743647 -0.0157109 -0.160205 -0.986959 -0.891335 -0.0152684 -0.453089 -0.996375 -0.00214595 -0.0850425 -0.114324 0.64576 -0.754933 -0.907486 0.396874 0.137694 -0.728738 0.440974 0.523911 -0.149849 0.98255 -0.110183 -0.677743 0.419562 -0.603847 -0.998679 0.0509249 0.00686653 0.0131392 0.855572 0.517517 -0.102332 0.753898 0.648973 -0.972716 0.162359 0.165719 0.017482 0.351331 0.936088 0.404633 -0.813649 0.41743 0.796382 -0.223393 0.562024 -0.990005 -0.141019 -0.00201022 -0.462893 0.604043 -0.648739 -0.900823 -0.414209 -0.130184 0.00666825 -0.948747 -0.315966 0.0425194 -0.838066 -0.543909 -0.0250805 -0.600539 -0.799202 0.0168806 -0.366973 -0.930079 0.0176224 -0.0705497 -0.997353 0.0136224 0.0988058 -0.995014 -0.00051984 0.16784 -0.985814 0.0121877 0.463509 -0.886008 0.0318752 0.977668 0.207722 0.00141368 0.855645 0.517561 0.0264571 0.577299 0.816104 0.0377962 0.513111 0.85749 0.00713188 0.337217 0.9414 0.00529591 -0.0398978 0.99919 -0.0118615 -0.335786 0.941864 0.0225244 -0.427117 0.903916 0.021475 -0.64607 0.762976 0.000813933 -0.697465 0.716618 0.0027333 -0.894503 0.447053 0.848982 0.45036 0.276416 0.80107 0.554156 0.226269 0.857353 0.447192 0.254882 0.949583 0.311374 0.0365845 0.920508 0.247469 0.302365 0.816086 0.213132 0.537195 0.918697 0.384186 -0.0916422 0.928448 0.362766 -0.0798998 0.823756 0.19305 0.533064 0.781766 0.113364 0.613181 0.953592 0.252707 -0.163712 0.959361 0.0204913 0.281438 0.909316 0.286075 -0.302169 0.931249 0.238105 -0.275828 0.98369 -0.0283558 0.177625 0.953926 0.132432 -0.269234 0.981277 -0.0725255 0.178423 0.916445 0.0743542 -0.393192 0.944918 -0.18565 0.269563 0.82496 0.054424 -0.562565 0.772036 -0.402768 0.491669 0.729069 -0.503317 0.463822 0.94427 -0.039209 -0.326827 0.824079 0.0319069 -0.565575 0.923782 -0.341498 0.173223 0.66719 -0.575578 0.472829 0.948439 -0.138458 -0.285119 0.942597 -0.325846 0.0730378 0.86544 -0.29657 -0.403808 0.767509 -0.638208 -0.0601631 0.922196 -0.268488 -0.278332 0.757551 -0.650507 -0.0543752 0.923918 -0.317873 -0.212915 0.820022 -0.538322 -0.194353 0.828642 -0.53364 -0.169058 -0.00318743 0.975783 -0.21872 0.00784419 0.998396 0.0560631 0.0131707 0.996438 0.0832913 -0.00200619 0.940575 0.33958 0.00288185 0.922104 0.386933 -0.00191409 0.830841 0.556506 0.00181779 0.797681 0.603077 -0.00399657 0.694259 0.719714 0.00667138 0.613073 0.789999 -0.00427499 0.436827 0.899535 0.00190726 0.386929 0.922108 -0.00538891 0.119113 0.992866 0.00182647 0.0707699 0.997491 -0.00176382 -0.185811 0.982584 0.00569326 -0.245311 0.969428 -0.00209113 -0.441376 0.89732 0.00354322 -0.498629 0.866808 -0.00353948 -0.653443 0.756967 0.000352918 -0.68449 0.729022 -0.00172613 -0.829058 0.55916 -0.00385136 -0.839267 0.543705 0.00484021 -0.961221 0.275738 -0.00566113 -0.976577 0.215092 0.0034548 -0.996836 -0.0794136 -0.00254144 -0.993165 -0.116691 0.00366096 -0.868158 -0.496274 -0.00255407 -0.85227 -0.523096 0.000949319 -0.655139 -0.755507 -0.00304887 -0.633356 -0.773854 0.00281116 -0.361605 -0.932327 -0.000323897 -0.34051 -0.940241 0.00307976 -0.0726166 -0.997355 0.00373127 -0.0678358 -0.99769 0.00124965 0.199518 -0.979893 -0.00258423 0.157642 -0.987493 0.00505705 0.445487 -0.895274 -0.00105501 0.37656 -0.926392 -0.00218606 0.567203 -0.823575 0.00494118 0.651928 -0.758265 -0.00334132 0.735366 -0.677662 0.00366618 0.818538 -0.574441 -0.00430692 0.891819 -0.452372 0.00575966 0.951995 -0.306058 0.0574575 -0.939028 0.339007 0.717202 -0.531682 0.450484 0.258828 -0.383219 0.886652 0.0875064 0.0929905 0.991814 0.378756 0.0509352 0.924094 0.0673253 0.750625 0.657289 0.0731297 0.974215 0.213443 0.0699714 0.975768 0.207318 0.0770652 0.990219 -0.116308 0.128499 0.964645 -0.230103 0.0407267 0.889531 -0.455057 0.0506959 0.743758 -0.666524 0.0966622 0.684285 -0.72278 0.0440233 0.504307 -0.862402 0.439517 0.22677 -0.869138 0.116074 -0.1706 -0.97848 0.100569 -0.293741 -0.95058 0.577914 -0.470552 -0.66678 0.0559833 -0.74115 -0.669001 0.0234636 -0.852765 -0.521768 0.140451 -0.989933 0.0174915 0.0644663 -0.991188 0.11572 1 0 0 1 0 0 1 0 0 1 0 0 1 0 0 1 0 0 1 0 0 1 0 0 1 0 0 1 0 0 1 0 0 1 0 0 1 0 0 1 0 0 1 0 0 1 0 0 1 0 0 1 0 0 1 0 0 1 0 0 1 0 0 1 0 0 1 0 0 1 0 0 1 0 0 1 0 0 1 0 0 1 0 0 0.483965 0.818947 0.30839 0.675673 0.704655 0.216628 0.151422 0.972884 -0.17484 0.785047 0.524408 -0.329693 0.354328 0.685585 -0.635944 0.311141 0.672681 -0.671336 0.469663 0.230635 -0.852188 0.749195 0.0404366 -0.661114 0.347566 -0.135411 -0.927826 0.22056 -0.518305 -0.826265 0.800633 -0.430877 -0.416331 0.58211 -0.676769 -0.450701 0.473567 -0.879636 -0.0444392 0.814058 -0.566536 0.127856 0.698969 -0.679699 0.222377 0.400154 -0.591305 0.700168 0.77644 -0.271013 0.56894 0.366788 -0.212236 0.905771 0.210086 0.203376 0.956296 0.613949 0.36243 0.701221 0.55861 0.402726 0.725097 0.297308 0.739399 0.604067 -0.812997 0.475406 0.336192 -0.867505 0.385217 0.31471 -0.286823 0.465144 0.83748 -0.286817 0.199279 0.937029 -0.712845 -0.0536933 0.699263 -0.412284 -0.207845 0.88703 -0.346336 -0.605282 0.716718 -0.878042 -0.421293 0.227057 -0.695697 -0.682724 0.223367 -0.32276 -0.93607 -0.139999 -0.627706 -0.691995 -0.356551 -0.845742 -0.412582 -0.338373 -0.495185 -0.489697 -0.717627 -0.355344 -0.134989 -0.924937 -0.860798 0.165318 -0.48135 -0.824703 0.223434 -0.519559 -0.843983 0.0832335 -0.529873 -0.800962 0.580409 -0.146917 -0.677959 0.726941 -0.109213 -0.535631 0.816532 0.215347 -1 0 0 -1 0 0 -1 0 0 -0.999558 -0.0297332 -0.000856518 -0.999996 -0.00190795 0.00221091 -0.977032 0.195433 -0.0849401 -0.133308 0.760467 0.635546 -0.315752 0.948744 0.0135845 -0.0875222 0.871342 -0.482808 0.285945 0.911483 -0.295693 0.155372 0.88628 -0.43631 0.0623423 0.289335 -0.955196 -0.0101287 0.290028 -0.956964 0.0611341 -0.202219 -0.97743 0.432312 0.0448361 -0.900608 0.99886 -0.0250827 -0.0406045 0.818847 -0.403384 -0.408376 0.996995 -0.0677192 -0.0376293 0.0310248 -0.931197 -0.363193 0.0937029 -0.966324 -0.239663 0.994842 -0.098623 -0.0237381 0.360411 -0.535491 0.763776 0.516093 -0.680412 0.520276 0.522201 -0.641825 0.561575 0.813565 -0.0221686 0.581052 0.0582763 0.462964 0.884459 0.78036 -0.0771756 0.62055 0.995008 0.0208564 0.0975954 -0.00970741 0.86718 0.4979 -0.0753691 0.663613 -0.744269 -0.0133546 -0.372704 -0.927854 -0.00134983 -0.589032 -0.808109 -0.0129628 -0.640559 -0.7678 0.00464611 -0.755886 -0.654687 -0.0151348 -0.852585 -0.52237 0.0154952 -0.99163 -0.128178 -0.0284478 -0.97842 0.204657 0.0117846 -0.793594 0.608334 -0.0159311 -0.0251444 0.999557 -0.00276185 0.569604 0.821915 -0.820093 -0.504364 0.270305 -0.856646 -0.437151 0.273966 -0.947932 -0.316409 0.0361876 -0.78419 -0.387855 0.484371 -0.868914 -0.483338 -0.106645 -0.657335 -0.409983 0.632317 -0.871424 -0.479209 -0.104778 -0.850975 -0.132325 0.508264 -0.912338 -0.344201 -0.221731 -0.885013 -0.371368 -0.280781 -0.806384 -0.0351655 0.590346 -0.949979 -0.192062 -0.246275 -0.94069 0.0601807 0.333888 -0.932643 -0.138542 -0.333141 -0.928524 -0.146432 -0.341176 -0.890212 0.222497 0.397515 -0.918101 0.207196 0.337877 -0.951394 -0.0630502 -0.301453 -0.945163 -0.0140202 -0.326299 -0.955521 -0.00689579 -0.294843 -0.959481 0.214887 0.182261 -0.983513 0.0333478 -0.177737 -0.90125 0.400462 0.165462 -0.911744 0.38194 0.151146 -0.981314 0.0881453 -0.171035 -0.902974 0.274797 -0.330341 -0.94541 0.325424 0.0172729 -0.928883 0.250972 -0.272377 -0.844849 0.519731 -0.126923 -0.945894 0.28626 -0.152775 -0.843359 0.521887 -0.127983 0.00622006 -0.929821 -0.367959 -0.00350797 -0.968007 -0.250898 0.00458109 -0.998584 -0.053003 -0.0066468 -0.998553 0.0533591 0.00345243 -0.971446 0.237236 -0.00219622 -0.951095 0.308891 0.0060023 -0.882206 0.470826 0 -0.852184 0.523243 0.00585918 -0.704474 0.709706 0 -0.67762 0.735412 -0.00243722 -0.478698 0.877976 0.000660618 -0.458105 0.888898 0 -0.198745 0.980051 -0.0020365 -0.184407 0.982848 0 0.0233816 0.999727 -0.00298239 0.0588934 0.99826 0.00113736 0.204724 0.978819 -0.00309874 0.278227 0.96051 0.00317598 0.383985 0.923334 -0.00542097 0.52096 0.853564 0.0036149 0.614963 0.788548 -0.0049648 0.713437 0.700702 0.0111486 0.840616 0.541518 -0.00560322 0.909882 0.41483 0.00479674 0.976501 0.215458 -0.00853133 0.993848 0.110423 0.00538941 0.993509 -0.113627 -0.00326771 0.975165 -0.221455 0.00757008 0.88039 -0.474191 0.00794503 0.881373 -0.472355 -0.00196552 0.694348 -0.719636 0.0101294 0.625015 -0.780547 -0.00808794 0.395932 -0.918244 0.0102629 0.251935 -0.96769 -0.00671701 0.0426512 -0.999067 0.0164625 -0.17736 -0.984008 -0.00453167 -0.325182 -0.945641 0.00291134 -0.522761 -0.852474 -0.00645505 -0.603394 -0.797417 0.00681611 -0.76261 -0.646823 -0.00967242 -0.851913 -0.523594 -0.0707187 0.883546 0.462974 -0.12459 0.917017 0.378891 -0.0938982 0.517745 0.850366 -0.171517 0.561165 0.809738 -0.0494009 0.206199 0.977262 -0.0611943 0.0770359 0.995149 -0.0262925 -0.420369 0.906972 -0.123924 -0.537414 0.834164 -0.102274 -0.930122 0.352722 -0.051802 -0.971515 0.231247 -0.5594 -0.816335 -0.143766 -0.0752189 -0.941414 -0.328758 -0.0666934 -0.929572 -0.362559 -0.0633063 -0.896661 -0.438168 -0.714193 -0.448396 -0.537466 -0.220006 -0.732607 -0.644115 -0.453237 0.661043 -0.597996 -0.0818389 -0.393084 -0.915854 -0.0430593 -0.0807691 -0.995802 -0.0650446 0.0584591 -0.996169 -0.101871 0.091137 -0.990614 -0.100908 0.584429 -0.805146 -0.107078 0.580945 -0.806869 -0.0642984 0.669945 -0.739621 -0.0781194 0.896523 -0.436055 -0.154123 0.959618 -0.235329 -0.0923227 0.986055 -0.138464 -0.0543195 0.987909 0.145209 0.999716 0.00286531 0.023649 -0.99949 0.0104559 -0.0301672 0.99886 -0.0470437 0.00805902 1 0 0 1 0 0 1 0 0 1 0 0 0.998931 0.0172352 -0.0428987 -1 0 0 0.999515 -0.0119534 -0.0287461 -0.999409 -0.0279938 0.0199629 -1 0 0 -1 0 0 -1 0 0 -0.0698572 -0.309425 -0.948354 0.0569975 0.305046 -0.95063 -0.2299 0.955707 -0.183764 0 0.866107 -0.499858 0 0.000166472 -1 0 0.000166472 -1 0 -0.865943 -0.500143 0.229901 -0.955647 -0.184077 3.29826e-07 -0.866107 0.499858 -0.2299 0.318406 0.919654 0.2299 -0.318712 0.919548 0 0.865943 0.500143 -1 0 0 -1 0 0 -1 0 0 -0.00179643 -0.639026 0.769183 -0.00501611 -0.625764 0.779996 7.53215e-05 0.340194 0.940355 0.00853177 0.396824 0.917855 -0.00300173 0.997019 0.077094 0.0118813 0.983986 0.17785 0.0498236 0.372339 -0.926758 -0.00700288 0.700423 -0.713694 0.00300758 -0.351767 -0.936083 -0.0018517 -0.383953 -0.923351 0.00902173 -0.948751 -0.315896 0.000879631 -0.926514 -0.37626 0.727803 -0.525421 0.440721 0.684024 0.0712329 0.725973 0.783898 0.486566 0.38569 0.819058 0.480565 0.31337 0.559635 0.71001 -0.427428 0.617168 0.567771 -0.544739 0.523915 -0.83703 0.157777 0.869867 -0.372105 -0.323834 -0.771365 -0.611884 -0.174912 -0.786622 -0.5841 -0.200132 -0.752973 0.632868 0.180303 -0.857562 0.505636 -0.0944468 -0.869662 0.483385 0.10013 -0.899019 0.137875 0.415637 -0.787298 -0.520203 0.330984 0.99713 -0.0483814 0.0582357 0.997878 0.0221509 0.0612289 0.997682 0.0678529 0.00524669 0.997344 0.0510191 -0.0519858 0.996893 -0.0277097 -0.0737379 0.997363 -0.0672423 -0.0273073 1 0 0 1 0 0 -1 0 0 -1 0 0 -1 0 0 -1 0 0 -1 0 0 -1 0 0 -1 0 0 -0.117298 0.975232 -0.187518 0.2299 0.318712 -0.919548 -0.2299 -0.318406 -0.919654 0.117299 -0.975171 -0.187838 -0.117299 -0.975232 0.187518 -0.0240861 0.327075 0.944691 0.259032 -0.200872 0.94475 0.257242 0.874245 0.41173 -1 0 0 -1 0 0 0.00999453 -0.949132 0.314721 -0.0207672 -0.694711 0.718989 0.0182729 -0.312933 0.949599 -0.0114446 0.0909457 0.99579 0.0268648 0.658834 0.751809 -0.00808633 0.888891 0.458048 0.017535 0.987813 -0.154657 0.00666845 0.969223 -0.246095 0.0213104 0.196791 -0.980214 -0.00390926 0.378079 -0.925765 -0.00398121 -0.514547 -0.857453 0.0316526 -0.758536 -0.650861 -0.00904648 -0.993768 -0.111097 0.884197 -0.143387 0.444563 0.898942 0.301704 0.317614 0.801352 0.569021 -0.184527 0.610131 0.00797693 -0.79226 0.722671 -0.674031 -0.153064 -0.632793 -0.755096 -0.171472 -0.591968 0.00811447 -0.805921 -0.834432 0.537085 -0.123542 -0.899998 0.346341 0.264671 -0.880742 -0.145376 0.450731 0.997031 -0.0730911 0.0242362 0.993814 -0.0347584 0.105475 0.994635 0.068179 0.0778004 0.997197 0.0739215 -0.0115735 0.998051 0.0122839 -0.0611863 0.997591 -0.0526487 -0.0451751 0 0 -1 0 0 -1 0 0 -1 0 0 -1 0 0 -1 0 0 -1 0 0 -1 0 0 -1 0 0 -1 0 0 -1 0 0 1 0 0 1 0 0 1 0 0 1 0 0 1 0 0 1 0 0 1 0 0 1 0 0 1 0 0 1 0 0 1 0 0 1 0 0 1 0 0 1 0 0 1 0 0 1 0 0 1 0 0 1 0 0 1 0 0 1 0 0 1 0 0 1 0 0 1 0 0 1 0 0 1 0 0 1 0 0 1 0 0 1 0 0 1 0.576398 -0.817169 0 0.576398 -0.817169 0 -0.41949 -0.90776 0 -0.41949 -0.90776 0 -0.995888 -0.0905911 0 -0.995888 -0.0905911 0 -0.576398 0.817169 0 -0.576398 0.817169 0 0.41949 0.90776 0 0.41949 0.90776 0 0.995888 0.0905911 0 0.995888 0.0905911 0 -0.843128 0.537708 -0.00238284 -0.808727 0.588184 0.000850691 -0.688457 0.725277 0.000554497 -0.631972 0.774989 -0.00201502 -0.459492 0.888181 0.0014672 -0.342047 0.939681 -0.00170498 -0.235082 0.971975 0.00123161 -0.141993 0.989867 -0.000914343 -0.0269863 0.999636 0.000304348 0.0339456 0.999424 -0.000210751 0.112056 0.993702 0.000451278 0.215485 0.976507 -0.000987263 0.331535 0.943441 0.00206225 0.482794 0.87573 -0.00263584 0.577632 0.816296 0.00111854 0.727924 0.685654 -0.00223707 0.767409 0.641158 -0.000232423 0.9124 0.409299 0.000632763 0.919941 0.392054 0.00166893 0.987953 0.154754 -0.000794329 0.999214 0.0395133 0.00333514 0.993395 -0.114747 -0.000633134 0.947993 -0.318279 0.00276516 0.933188 -0.359387 0.000701705 0.837619 -0.546255 4.09312e-05 0.808168 -0.588951 0.00135236 0.700735 -0.713421 -0.00107756 0.654898 -0.755717 0.000368042 0.502988 -0.864292 -0.00159836 0.46593 -0.884822 9.48694e-05 0.187779 -0.982211 -0.000524677 0.20513 -0.978735 0.000465583 -0.0864511 -0.996256 0.000470145 -0.100357 -0.994951 0.00115171 -0.362084 -0.932145 -0.000552008 -0.441719 -0.897151 0.00219464 -0.570949 -0.820985 -0.00119823 -0.683862 -0.729607 0.00230988 -0.808844 -0.588014 -0.00335934 -0.854847 -0.51888 -0.000569754 -0.946748 -0.321974 -0.000796418 -0.944775 -0.32772 -0.000582775 -0.989285 -0.146 0 -0.99354 -0.113481 0.00115687 -0.995373 0.0960883 0 -0.993679 0.112261 -0.00061619 -0.952093 0.305808 8.14164e-06 -0.950896 0.30951 -0.000139082 -0.517575 0.500347 0.694096 -0.389317 0.432621 0.813186 -0.283023 0.949645 0.134431 0.203813 0.819835 0.535099 0.18508 0.348194 0.91897 0.653512 0.585758 0.479385 0.668814 0.119538 0.733756 0.402484 -0.0180374 0.915249 0.738538 -0.29574 0.605887 0.6799 -0.701826 0.212545 0.172052 -0.656583 0.734369 0.0426119 -0.430495 0.901587 -0.356816 -0.881424 0.309474 -0.596809 -0.402379 0.694197 -0.348297 -0.107732 0.931173 -0.578713 -0.0385633 0.814619 -0.874611 0.295499 0.384365 -0.19175 0.0845805 -0.977793 -0.29079 0.0688121 -0.954309 -0.432154 -0.0287971 -0.90134 -0.534958 -0.341622 -0.772731 -0.145722 -0.332877 -0.931643 -0.0183913 -0.197106 -0.98021 -0.0313899 -0.173845 -0.984273 0.659481 -0.575515 -0.483597 0.766791 -0.307054 -0.563692 0.422659 0.0118805 -0.906211 0.584081 0.0878169 -0.806931 0.72156 0.688547 -0.0724848 0.193567 0.578014 -0.792737 0.195472 0.562807 -0.803143 -0.243949 0.743114 -0.623114 -0.342127 0.423697 -0.838708 -0.122212 0.0779412 0.989439 -0.093735 0.098748 0.990688 -0.0465451 0.08997 0.994856 -0.0175628 0.0726156 0.997205 -0.00151005 0.0559358 0.998433 0.020329 0.0288588 0.999377 0.00282584 0.0250593 0.999682 0.00904997 0.0257532 0.999627 0.0173429 0.0245086 0.999549 0.0251903 0.0210461 0.999461 0.0346221 0.014755 0.999292 0.0429874 0.00169991 0.999074 0.044712 -0.0150116 0.998887 0.0382882 -0.0279024 0.998877 0.0303838 -0.0350613 0.998923 0.0207923 -0.0394854 0.999004 0.00775262 -0.0405514 0.999147 -0.00371392 -0.0368202 0.999315 -0.0141579 -0.0287553 0.999486 -0.0196384 -0.0209521 0.999588 -0.0222727 -0.0135192 0.999661 -0.0228376 -0.03242 0.999213 -0.0232655 -0.00791222 0.999698 -0.0697443 -0.010293 0.997512 -0.0962044 0.00928709 0.995318 -0.118253 0.0379822 0.992257 0 0 -1 0 0 -1 0 0 -1 0 0 -1</float_array>
                    <technique_common>
                        <accessor count="2816" source="#shape0-lib-normals-array" stride="3">
                            <param name="X" type="float"/>
                            <param name="Y" type="float"/>
                            <param name="Z" type="float"/>
                        </accessor>
                    </technique_common>
                </source>
                <vertices id="shape0-lib-vertices">
                    <input semantic="POSITION" source="#shape0-lib-positions"/>
                </vertices>
                <triangles count="2816">
                    <input offset="0" semantic="VERTEX" source="#shape0-lib-vertices"/>
                    <input offset="1" semantic="NORMAL" source="#shape0-lib-normals"/>
                    <p>0 0 1 0 2 0 0 1 3 1 1 1 4 2 2 2 5 2 4 3 0 3 2 3 6 4 5 4 7 4 6 5 4 5 5 5 8 6 7 6 9 6 8 7 6 7 7 7 10 8 9 8 11 8 10 9 8 9 9 9 12 10 11 10 13 10 12 11 10 11 11 11 14 12 13 12 15 12 14 13 12 13 13 13 16 14 15 14 17 14 16 15 14 15 15 15 18 16 17 16 19 16 18 17 16 17 17 17 20 18 19 18 21 18 20 19 18 19 19 19 22 20 20 20 21 20 22 21 21 21 23 21 24 22 22 22 23 22 24 23 23 23 25 23 26 24 24 24 25 24 26 25 25 25 27 25 28 26 27 26 29 26 28 27 26 27 27 27 30 28 29 28 31 28 30 29 28 29 29 29 32 30 31 30 33 30 32 31 30 31 31 31 34 32 33 32 35 32 34 33 32 33 33 33 36 34 35 34 37 34 36 35 34 35 35 35 38 36 37 36 39 36 38 37 36 37 37 37 40 38 39 38 41 38 40 39 38 39 39 39 42 40 41 40 43 40 42 41 40 41 41 41 44 42 43 42 45 42 44 43 42 43 43 43 46 44 45 44 47 44 46 45 44 45 45 45 48 46 47 46 49 46 48 47 46 47 47 47 50 48 49 48 51 48 50 49 48 49 49 49 52 50 51 50 53 50 52 51 50 51 51 51 54 52 53 52 55 52 54 53 52 53 53 53 56 54 55 54 57 54 56 55 54 55 55 55 58 56 57 56 59 56 58 57 56 57 57 57 60 58 59 58 61 58 60 59 58 59 59 59 62 60 61 60 63 60 62 61 60 61 61 61 64 62 63 62 65 62 64 63 62 63 63 63 66 64 65 64 67 64 66 65 64 65 65 65 68 66 67 66 69 66 68 67 66 67 67 67 70 68 69 68 71 68 70 69 68 69 69 69 72 70 71 70 73 70 72 71 70 71 71 71 74 72 72 72 73 72 74 73 73 73 75 73 76 74 74 74 75 74 76 75 75 75 77 75 78 76 76 76 77 76 78 77 77 77 79 77 80 78 78 78 79 78 80 79 79 79 81 79 82 80 80 80 81 80 82 81 81 81 83 81 84 82 82 82 83 82 84 83 83 83 85 83 86 84 84 84 85 84 86 85 85 85 87 85 88 86 86 86 87 86 88 87 87 87 89 87 90 88 88 88 89 88 90 89 89 89 91 89 92 90 90 90 91 90 92 91 91 91 93 91 94 92 92 92 93 92 94 93 93 93 95 93 96 94 95 94 97 94 96 95 94 95 95 95 98 96 97 96 99 96 98 97 96 97 97 97 100 98 99 98 101 98 100 99 98 99 99 99 102 100 101 100 103 100 102 101 100 101 101 101 104 102 103 102 105 102 104 103 102 103 103 103 106 104 105 104 107 104 106 105 104 105 105 105 108 106 107 106 109 106 108 107 106 107 107 107 110 108 109 108 111 108 110 109 108 109 109 109 112 110 111 110 113 110 112 111 110 111 111 111 114 112 113 112 115 112 114 113 112 113 113 113 116 114 115 114 117 114 116 115 114 115 115 115 118 116 117 116 119 116 118 117 116 117 117 117 120 118 119 118 121 118 120 119 118 119 119 119 122 120 121 120 123 120 122 121 120 121 121 121 124 122 123 122 125 122 124 123 125 123 126 123 124 124 122 124 123 124 127 125 124 125 126 125 128 126 127 126 126 126 128 127 126 127 129 127 128 128 129 128 130 128 131 129 128 129 130 129 132 130 131 130 130 130 132 131 130 131 133 131 132 132 133 132 134 132 135 133 132 133 134 133 136 134 135 134 134 134 136 135 134 135 137 135 136 136 137 136 138 136 139 137 136 137 138 137 140 138 139 138 138 138 140 139 138 139 141 139 142 140 140 140 141 140 142 141 141 141 143 141 144 142 142 142 143 142 144 143 143 143 145 143 144 144 145 144 146 144 147 145 144 145 146 145 148 146 147 146 146 146 148 147 146 147 149 147 150 148 148 148 149 148 150 149 149 149 151 149 152 150 150 150 151 150 152 151 151 151 153 151 154 152 152 152 153 152 154 153 153 153 155 153 156 154 154 154 155 154 156 155 155 155 157 155 156 156 157 156 158 156 159 157 156 157 158 157 160 158 159 158 158 158 160 159 158 159 161 159 160 160 161 160 162 160 163 161 160 161 162 161 164 162 163 162 162 162 164 163 162 163 165 163 164 164 165 164 166 164 167 165 164 165 166 165 168 166 166 166 169 166 168 167 167 167 166 167 170 168 169 168 171 168 170 169 168 169 169 169 172 170 171 170 173 170 172 171 170 171 171 171 174 172 173 172 175 172 174 173 172 173 173 173 176 174 174 174 175 174 176 175 175 175 177 175 178 176 176 176 177 176 178 177 177 177 179 177 180 178 178 178 179 178 180 179 179 179 181 179 182 180 180 180 181 180 182 181 181 181 183 181 184 182 182 182 183 182 184 183 183 183 185 183 184 184 185 184 186 184 187 185 184 185 186 185 188 186 187 186 186 186 188 187 186 187 189 187 190 188 188 188 189 188 190 189 189 189 191 189 192 190 190 190 191 190 192 191 191 191 193 191 194 192 192 192 193 192 194 193 193 193 195 193 196 194 194 194 195 194 196 195 195 195 197 195 198 196 196 196 197 196 198 197 197 197 199 197 200 198 198 198 199 198 200 199 199 199 201 199 202 200 201 200 203 200 202 201 200 201 201 201 204 202 203 202 205 202 204 203 202 203 203 203 206 204 205 204 207 204 206 205 204 205 205 205 208 206 207 206 209 206 208 207 209 207 210 207 208 208 206 208 207 208 211 209 208 209 210 209 212 210 210 210 213 210 212 211 211 211 210 211 214 212 213 212 215 212 214 213 212 213 213 213 216 214 215 214 217 214 216 215 214 215 215 215 218 216 217 216 219 216 218 217 216 217 217 217 220 218 219 218 221 218 220 219 218 219 219 219 222 220 221 220 223 220 222 221 220 221 221 221 224 222 222 222 223 222 224 223 223 223 225 223 224 224 225 224 226 224 227 225 224 225 226 225 228 226 227 226 226 226 228 227 226 227 229 227 230 228 228 228 229 228 230 229 229 229 231 229 232 230 231 230 233 230 232 231 230 231 231 231 232 232 233 232 234 232 235 233 232 233 234 233 236 234 234 234 237 234 236 235 235 235 234 235 238 236 237 236 239 236 238 237 236 237 237 237 240 238 239 238 241 238 240 239 241 239 242 239 240 240 238 240 239 240 243 241 240 241 242 241 244 242 242 242 245 242 244 243 243 243 242 243 246 244 245 244 247 244 246 245 244 245 245 245 248 246 247 246 249 246 248 247 246 247 247 247 250 248 249 248 251 248 250 249 248 249 249 249 3 250 251 250 1 250 3 251 250 251 251 251 252 252 253 252 255 252 254 253 252 253 255 253 257 254 253 254 252 254 256 255 254 255 255 255 256 256 255 256 380 256 258 257 253 257 257 257 259 258 256 258 380 258 259 259 380 259 379 259 260 260 259 260 379 260 261 261 253 261 258 261 261 262 382 262 253 262 262 263 260 263 379 263 263 264 382 264 261 264 264 265 262 265 379 265 266 266 382 266 263 266 265 267 264 267 379 267 267 268 382 268 266 268 277 269 265 269 379 269 277 270 268 270 265 270 271 271 382 271 267 271 271 272 267 272 269 272 277 273 270 273 268 273 271 274 269 274 272 274 277 275 273 275 270 275 271 276 272 276 274 276 277 277 276 277 273 277 278 278 274 278 275 278 278 279 271 279 274 279 277 280 280 280 276 280 278 281 275 281 279 281 283 282 280 282 277 282 283 283 278 283 279 283 283 284 279 284 282 284 283 285 281 285 280 285 283 286 282 286 281 286 391 287 284 287 285 287 285 288 287 288 391 288 286 289 284 289 391 289 286 290 288 290 284 290 287 291 289 291 391 291 286 292 290 292 288 292 391 293 289 293 393 293 289 294 292 294 393 294 286 295 291 295 290 295 292 296 293 296 393 296 286 297 296 297 291 297 293 298 294 298 393 298 295 299 296 299 286 299 393 300 294 300 299 300 295 301 297 301 296 301 294 302 298 302 299 302 295 303 300 303 297 303 295 304 301 304 300 304 298 305 302 305 299 305 301 306 295 306 303 306 295 307 310 307 303 307 305 308 299 308 302 308 303 309 310 309 304 309 305 310 306 310 299 310 307 311 306 311 305 311 304 312 310 312 308 312 308 313 310 313 311 313 309 314 306 314 307 314 312 315 306 315 309 315 311 316 310 316 313 316 310 317 315 317 313 317 313 318 315 318 316 318 314 319 306 319 312 319 314 320 315 320 306 320 317 321 315 321 314 321 316 322 315 322 318 322 318 323 315 323 317 323 348 324 319 324 346 324 320 325 346 325 319 325 321 326 346 326 320 326 321 327 322 327 346 327 323 328 322 328 321 328 324 329 322 329 323 329 325 330 322 330 324 330 326 331 322 331 325 331 327 332 322 332 326 332 328 333 322 333 327 333 329 334 322 334 328 334 330 335 335 335 329 335 329 336 335 336 322 336 331 337 335 337 330 337 332 338 335 338 331 338 335 339 333 339 322 339 334 340 335 340 332 340 336 341 335 341 334 341 337 342 335 342 336 342 338 343 335 343 337 343 333 344 346 344 322 344 339 345 335 345 338 345 340 346 335 346 339 346 340 347 333 347 335 347 341 348 333 348 340 348 342 349 333 349 341 349 343 350 333 350 342 350 344 351 333 351 343 351 345 352 333 352 344 352 347 353 333 353 345 353 348 354 346 354 347 354 347 355 346 355 333 355 291 356 296 356 319 356 319 357 296 357 320 357 320 358 297 358 321 358 296 359 297 359 320 359 321 360 300 360 323 360 297 361 300 361 321 361 300 362 301 362 323 362 323 363 301 363 324 363 301 364 303 364 324 364 324 365 303 365 325 365 303 366 304 366 325 366 325 367 308 367 326 367 304 368 308 368 325 368 308 369 311 369 326 369 326 370 311 370 327 370 311 371 313 371 327 371 327 372 313 372 328 372 313 373 316 373 328 373 328 374 316 374 329 374 316 375 318 375 329 375 329 376 318 376 330 376 318 377 317 377 330 377 330 378 314 378 331 378 317 379 314 379 330 379 331 380 312 380 332 380 314 381 312 381 331 381 332 382 309 382 334 382 312 383 309 383 332 383 309 384 307 384 334 384 334 385 307 385 336 385 307 386 305 386 336 386 336 387 305 387 337 387 305 388 302 388 337 388 337 389 302 389 338 389 302 390 298 390 338 390 338 391 294 391 339 391 298 392 294 392 338 392 339 393 294 393 340 393 294 394 293 394 340 394 340 395 293 395 341 395 293 396 292 396 341 396 341 397 292 397 342 397 292 398 289 398 342 398 342 399 287 399 343 399 289 400 287 400 342 400 343 401 285 401 344 401 287 402 285 402 343 402 344 403 284 403 345 403 285 404 284 404 344 404 284 405 288 405 345 405 345 406 288 406 347 406 347 407 288 407 348 407 288 408 290 408 348 408 348 409 291 409 319 409 290 410 291 410 348 410 363 411 356 411 349 411 351 412 363 412 350 412 352 413 363 413 351 413 353 414 363 414 352 414 354 415 363 415 353 415 354 416 356 416 363 416 355 417 356 417 354 417 357 418 356 418 355 418 358 419 356 419 357 419 359 420 356 420 358 420 360 421 356 421 359 421 360 422 349 422 356 422 361 423 349 423 360 423 362 424 349 424 361 424 364 425 349 425 362 425 365 426 349 426 364 426 366 427 349 427 365 427 367 428 349 428 366 428 368 429 349 429 367 429 369 430 349 430 368 430 370 431 349 431 369 431 370 432 363 432 349 432 371 433 363 433 370 433 372 434 363 434 371 434 373 435 363 435 372 435 374 436 363 436 373 436 375 437 363 437 374 437 376 438 363 438 375 438 377 439 363 439 376 439 350 440 363 440 377 440 350 441 276 441 351 441 276 442 280 442 351 442 351 443 280 443 352 443 280 444 281 444 352 444 352 445 281 445 353 445 353 446 282 446 354 446 281 447 282 447 353 447 282 448 279 448 354 448 354 449 275 449 355 449 279 450 275 450 354 450 355 451 274 451 357 451 275 452 274 452 355 452 357 453 272 453 358 453 274 454 272 454 357 454 272 455 269 455 358 455 358 456 269 456 359 456 269 457 267 457 359 457 359 458 267 458 360 458 360 459 267 459 361 459 267 460 266 460 361 460 361 461 266 461 362 461 266 462 263 462 362 462 362 463 263 463 364 463 263 464 261 464 364 464 261 465 258 465 364 465 364 466 258 466 365 466 365 467 258 467 366 467 258 468 257 468 366 468 366 469 257 469 367 469 367 470 257 470 368 470 257 471 252 471 368 471 368 472 252 472 369 472 252 473 254 473 369 473 369 474 254 474 370 474 370 475 254 475 371 475 254 476 256 476 371 476 256 477 259 477 371 477 371 478 259 478 372 478 259 479 260 479 372 479 372 480 260 480 373 480 260 481 262 481 373 481 373 482 262 482 374 482 262 483 264 483 374 483 374 484 264 484 375 484 264 485 265 485 375 485 375 486 265 486 376 486 265 487 268 487 376 487 268 488 270 488 376 488 376 489 270 489 377 489 270 490 273 490 377 490 377 491 273 491 350 491 273 492 276 492 350 492 2 493 1 493 384 493 1 494 251 494 384 494 384 495 5 495 2 495 384 496 7 496 5 496 277 497 9 497 7 497 277 498 11 498 9 498 277 499 7 499 384 499 378 500 11 500 277 500 378 501 13 501 11 501 378 502 15 502 13 502 378 503 17 503 15 503 378 504 19 504 17 504 378 505 21 505 19 505 378 506 23 506 21 506 378 507 25 507 23 507 378 508 27 508 25 508 379 509 29 509 27 509 379 510 31 510 29 510 379 511 27 511 378 511 379 512 378 512 277 512 379 513 33 513 31 513 379 514 35 514 33 514 379 515 37 515 35 515 379 516 39 516 37 516 379 517 41 517 39 517 379 518 43 518 41 518 379 519 45 519 43 519 379 520 47 520 45 520 379 521 49 521 47 521 379 522 51 522 49 522 380 523 53 523 51 523 380 524 55 524 53 524 380 525 51 525 379 525 380 526 57 526 55 526 380 527 59 527 57 527 380 528 61 528 59 528 380 529 63 529 61 529 380 530 65 530 63 530 380 531 67 531 65 531 381 532 67 532 380 532 381 533 69 533 67 533 381 534 71 534 69 534 381 535 73 535 71 535 381 536 75 536 73 536 380 537 77 537 75 537 380 538 79 538 77 538 380 539 75 539 381 539 255 540 81 540 79 540 255 541 79 541 380 541 255 542 83 542 81 542 255 543 85 543 83 543 255 544 87 544 85 544 255 545 89 545 87 545 255 546 91 546 89 546 255 547 93 547 91 547 255 548 95 548 93 548 253 549 95 549 255 549 253 550 97 550 95 550 253 551 99 551 97 551 253 552 101 552 99 552 253 553 103 553 101 553 253 554 105 554 103 554 253 555 107 555 105 555 253 556 109 556 107 556 253 557 111 557 109 557 253 558 113 558 111 558 253 559 115 559 113 559 253 560 117 560 115 560 253 561 119 561 117 561 382 562 121 562 119 562 382 563 123 563 121 563 382 564 119 564 253 564 382 565 125 565 123 565 382 566 126 566 125 566 382 567 129 567 126 567 382 568 130 568 129 568 382 569 133 569 130 569 382 570 134 570 133 570 382 571 137 571 134 571 382 572 138 572 137 572 382 573 141 573 138 573 382 574 143 574 141 574 382 575 145 575 143 575 382 576 146 576 145 576 382 577 149 577 146 577 382 578 151 578 149 578 382 579 153 579 151 579 382 580 155 580 153 580 382 581 157 581 155 581 382 582 158 582 157 582 382 583 161 583 158 583 382 584 162 584 161 584 383 585 162 585 382 585 383 586 382 586 271 586 383 587 165 587 162 587 383 588 166 588 165 588 383 589 169 589 166 589 383 590 171 590 169 590 383 591 173 591 171 591 383 592 175 592 173 592 383 593 177 593 175 593 383 594 179 594 177 594 271 595 179 595 383 595 271 596 181 596 179 596 271 597 183 597 181 597 271 598 185 598 183 598 271 599 186 599 185 599 271 600 189 600 186 600 271 601 191 601 189 601 271 602 193 602 191 602 271 603 195 603 193 603 271 604 197 604 195 604 271 605 199 605 197 605 271 606 203 606 201 606 271 607 201 607 199 607 271 608 205 608 203 608 271 609 207 609 205 609 278 610 209 610 207 610 278 611 210 611 209 611 278 612 207 612 271 612 278 613 213 613 210 613 278 614 215 614 213 614 278 615 217 615 215 615 278 616 219 616 217 616 278 617 221 617 219 617 278 618 223 618 221 618 283 619 223 619 278 619 283 620 225 620 223 620 283 621 226 621 225 621 283 622 229 622 226 622 283 623 231 623 229 623 283 624 233 624 231 624 283 625 234 625 233 625 283 626 237 626 234 626 283 627 239 627 237 627 283 628 241 628 239 628 283 629 242 629 241 629 277 630 245 630 242 630 277 631 247 631 245 631 277 632 242 632 283 632 384 633 249 633 247 633 384 634 251 634 249 634 384 635 247 635 277 635 250 636 3 636 395 636 3 637 0 637 395 637 385 638 248 638 250 638 385 639 246 639 248 639 385 640 395 640 306 640 385 641 250 641 395 641 385 642 244 642 246 642 385 643 243 643 244 643 385 644 240 644 243 644 385 645 238 645 240 645 385 646 236 646 238 646 385 647 235 647 236 647 385 648 232 648 235 648 385 649 230 649 232 649 385 650 306 650 315 650 385 651 228 651 230 651 385 652 227 652 228 652 386 653 227 653 385 653 386 654 385 654 315 654 386 655 224 655 227 655 386 656 222 656 224 656 386 657 220 657 222 657 386 658 218 658 220 658 386 659 216 659 218 659 386 660 214 660 216 660 386 661 212 661 214 661 386 662 211 662 212 662 386 663 208 663 211 663 386 664 206 664 208 664 387 665 315 665 310 665 387 666 206 666 386 666 387 667 204 667 206 667 387 668 202 668 204 668 387 669 386 669 315 669 387 670 200 670 202 670 387 671 198 671 200 671 387 672 196 672 198 672 387 673 194 673 196 673 387 674 192 674 194 674 387 675 190 675 192 675 310 676 190 676 387 676 310 677 188 677 190 677 310 678 187 678 188 678 388 679 187 679 310 679 388 680 184 680 187 680 388 681 182 681 184 681 388 682 180 682 182 682 388 683 178 683 180 683 388 684 176 684 178 684 388 685 174 685 176 685 388 686 172 686 174 686 388 687 170 687 172 687 388 688 168 688 170 688 388 689 167 689 168 689 388 690 310 690 295 690 388 691 164 691 167 691 388 692 163 692 164 692 388 693 160 693 163 693 388 694 159 694 160 694 388 695 156 695 159 695 388 696 154 696 156 696 388 697 152 697 154 697 388 698 150 698 152 698 389 699 388 699 295 699 389 700 150 700 388 700 389 701 148 701 150 701 389 702 147 702 148 702 389 703 144 703 147 703 389 704 142 704 144 704 389 705 140 705 142 705 389 706 139 706 140 706 389 707 295 707 286 707 389 708 136 708 139 708 389 709 135 709 136 709 390 710 135 710 389 710 390 711 389 711 286 711 390 712 132 712 135 712 390 713 131 713 132 713 390 714 128 714 131 714 390 715 127 715 128 715 390 716 124 716 127 716 390 717 122 717 124 717 390 718 120 718 122 718 390 719 118 719 120 719 390 720 116 720 118 720 390 721 114 721 116 721 390 722 112 722 114 722 390 723 110 723 112 723 390 724 108 724 110 724 390 725 106 725 108 725 391 726 104 726 106 726 391 727 102 727 104 727 391 728 390 728 286 728 391 729 106 729 390 729 391 730 100 730 102 730 391 731 98 731 100 731 392 732 96 732 98 732 392 733 94 733 96 733 392 734 98 734 391 734 392 735 92 735 94 735 392 736 90 736 92 736 392 737 88 737 90 737 392 738 86 738 88 738 392 739 84 739 86 739 392 740 82 740 84 740 392 741 80 741 82 741 392 742 78 742 80 742 393 743 76 743 78 743 393 744 74 744 76 744 393 745 392 745 391 745 393 746 78 746 392 746 393 747 72 747 74 747 393 748 70 748 72 748 394 749 68 749 70 749 394 750 66 750 68 750 394 751 70 751 393 751 394 752 64 752 66 752 394 753 62 753 64 753 394 754 60 754 62 754 394 755 58 755 60 755 394 756 56 756 58 756 394 757 54 757 56 757 394 758 52 758 54 758 394 759 50 759 52 759 299 760 48 760 50 760 299 761 46 761 48 761 299 762 50 762 394 762 299 763 394 763 393 763 299 764 44 764 46 764 299 765 42 765 44 765 299 766 40 766 42 766 299 767 38 767 40 767 299 768 36 768 38 768 299 769 34 769 36 769 299 770 32 770 34 770 299 771 30 771 32 771 395 772 28 772 30 772 395 773 26 773 28 773 395 774 30 774 299 774 395 775 24 775 26 775 395 776 22 776 24 776 395 777 20 777 22 777 395 778 18 778 20 778 395 779 299 779 306 779 395 780 16 780 18 780 395 781 14 781 16 781 395 782 12 782 14 782 395 783 10 783 12 783 395 784 8 784 10 784 395 785 6 785 8 785 395 786 4 786 6 786 395 787 0 787 4 787 402 788 397 788 398 788 397 789 403 789 404 789 405 790 404 790 400 790 416 791 400 791 406 791 418 792 416 792 406 792 411 793 406 793 407 793 403 794 397 794 402 794 404 795 396 795 397 795 404 796 405 796 396 796 416 797 405 797 400 797 406 798 411 798 418 798 407 799 410 799 411 799 407 800 401 800 410 800 401 801 399 801 410 801 401 802 402 802 399 802 405 803 417 803 408 803 418 804 415 804 417 804 416 805 417 805 405 805 408 806 396 806 405 806 408 807 413 807 397 807 408 808 397 808 396 808 413 809 398 809 397 809 398 810 413 810 414 810 414 811 399 811 398 811 414 812 410 812 399 812 414 813 409 813 410 813 412 814 410 814 409 814 412 815 411 815 410 815 415 816 411 816 412 816 415 817 418 817 411 817 416 818 418 818 417 818 419 819 415 819 412 819 420 820 419 820 412 820 421 821 415 821 419 821 421 822 417 822 415 822 409 823 420 823 412 823 423 824 417 824 421 824 414 825 422 825 409 825 408 826 417 826 423 826 408 827 423 827 424 827 414 828 425 828 422 828 413 829 408 829 424 829 413 830 425 830 414 830 413 831 424 831 426 831 413 832 426 832 425 832 428 833 427 833 406 833 406 834 427 834 407 834 427 835 429 835 407 835 406 836 430 836 428 836 400 837 430 837 406 837 407 838 429 838 401 838 429 839 431 839 401 839 400 840 432 840 430 840 400 841 404 841 432 841 433 842 401 842 431 842 432 843 404 843 434 843 433 844 402 844 401 844 435 845 402 845 433 845 404 846 403 846 434 846 434 847 403 847 435 847 435 848 403 848 402 848 398 849 399 849 402 849 433 850 425 850 435 850 425 851 426 851 435 851 426 852 424 852 435 852 435 853 424 853 434 853 434 854 424 854 432 854 424 855 423 855 432 855 432 856 423 856 430 856 423 857 421 857 430 857 430 858 421 858 428 858 421 859 419 859 428 859 428 860 419 860 427 860 419 861 420 861 427 861 427 862 420 862 429 862 420 863 409 863 429 863 409 864 422 864 429 864 429 865 422 865 431 865 431 866 422 866 433 866 422 867 425 867 433 867 588 868 437 868 436 868 437 869 585 869 436 869 438 870 439 870 510 870 510 871 439 871 553 871 441 872 442 872 440 872 443 873 441 873 440 873 444 874 442 874 441 874 443 875 440 875 439 875 443 876 439 876 438 876 444 877 445 877 442 877 449 878 445 878 444 878 446 879 443 879 438 879 449 880 447 880 445 880 452 881 447 881 449 881 448 882 446 882 438 882 448 883 450 883 446 883 452 884 449 884 453 884 451 885 450 885 448 885 454 886 452 886 453 886 451 887 453 887 450 887 451 888 454 888 453 888 455 889 456 889 457 889 457 890 456 890 530 890 458 891 463 891 459 891 461 892 463 892 458 892 462 893 458 893 459 893 462 894 459 894 460 894 462 895 460 895 456 895 462 896 456 896 455 896 461 897 464 897 463 897 467 898 462 898 455 898 461 899 466 899 464 899 465 900 466 900 461 900 468 901 466 901 465 901 470 902 467 902 455 902 468 903 465 903 471 903 469 904 468 904 471 904 470 905 473 905 467 905 472 906 473 906 470 906 475 907 469 907 471 907 474 908 473 908 472 908 475 909 471 909 473 909 474 910 475 910 473 910 533 911 459 911 463 911 506 912 470 912 455 912 440 913 442 913 508 913 476 914 533 914 463 914 478 915 476 915 463 915 478 916 477 916 476 916 481 917 477 917 478 917 480 918 463 918 464 918 480 919 478 919 463 919 481 920 479 920 477 920 482 921 480 921 464 921 481 922 478 922 480 922 479 923 448 923 438 923 481 924 448 924 479 924 484 925 481 925 480 925 483 926 480 926 482 926 485 927 464 927 466 927 485 928 482 928 464 928 484 929 448 929 481 929 483 930 484 930 480 930 485 931 483 931 482 931 484 932 451 932 448 932 486 933 485 933 466 933 487 934 483 934 485 934 483 935 451 935 484 935 486 936 487 936 485 936 486 937 466 937 468 937 489 938 486 938 468 938 487 939 451 939 483 939 490 940 487 940 486 940 488 941 489 941 468 941 488 942 468 942 469 942 490 943 451 943 487 943 490 944 486 944 489 944 490 945 454 945 451 945 493 946 488 946 469 946 492 947 489 947 488 947 491 948 490 948 489 948 493 949 469 949 475 949 491 950 454 950 490 950 492 951 488 951 493 951 494 952 493 952 475 952 492 953 491 953 489 953 496 954 494 954 475 954 491 955 452 955 454 955 495 956 452 956 491 956 495 957 491 957 492 957 495 958 492 958 493 958 495 959 493 959 494 959 496 960 475 960 474 960 497 961 495 961 494 961 498 962 496 962 474 962 497 963 494 963 496 963 497 964 452 964 495 964 500 965 496 965 498 965 498 966 474 966 472 966 497 967 496 967 500 967 502 968 498 968 472 968 499 969 498 969 502 969 499 970 500 970 498 970 497 971 447 971 452 971 500 972 447 972 497 972 503 973 502 973 472 973 501 974 500 974 499 974 504 975 499 975 502 975 503 976 472 976 470 976 501 977 447 977 500 977 501 978 499 978 504 978 504 979 502 979 503 979 505 980 503 980 470 980 501 981 445 981 447 981 507 982 504 982 503 982 507 983 503 983 505 983 504 984 445 984 501 984 506 985 505 985 470 985 508 986 505 986 506 986 507 987 442 987 445 987 507 988 445 988 504 988 508 989 507 989 505 989 508 990 442 990 507 990 510 991 509 991 511 991 510 992 553 992 509 992 510 993 511 993 512 993 510 994 512 994 514 994 513 995 514 995 515 995 513 996 510 996 514 996 513 997 438 997 510 997 513 998 515 998 516 998 518 999 516 999 517 999 518 1000 513 1000 516 1000 519 1001 518 1001 517 1001 519 1002 517 1002 520 1002 518 1003 438 1003 513 1003 525 1004 519 1004 520 1004 525 1005 520 1005 521 1005 525 1006 521 1006 522 1006 533 1007 522 1007 523 1007 533 1008 525 1008 522 1008 533 1009 523 1009 524 1009 531 1010 533 1010 524 1010 531 1011 524 1011 526 1011 531 1012 526 1012 527 1012 456 1013 531 1013 527 1013 530 1014 527 1014 528 1014 530 1015 456 1015 527 1015 518 1016 479 1016 438 1016 531 1017 456 1017 460 1017 530 1018 528 1018 529 1018 479 1019 518 1019 519 1019 531 1020 460 1020 459 1020 533 1021 531 1021 459 1021 530 1022 529 1022 532 1022 519 1023 477 1023 479 1023 530 1024 532 1024 534 1024 525 1025 476 1025 477 1025 525 1026 477 1026 519 1026 457 1027 530 1027 534 1027 457 1028 534 1028 535 1028 533 1029 476 1029 525 1029 457 1030 535 1030 536 1030 537 1031 457 1031 536 1031 537 1032 455 1032 457 1032 537 1033 536 1033 538 1033 544 1034 537 1034 538 1034 544 1035 538 1035 539 1035 544 1036 539 1036 540 1036 545 1037 544 1037 540 1037 545 1038 540 1038 541 1038 544 1039 455 1039 537 1039 545 1040 541 1040 542 1040 554 1041 542 1041 543 1041 554 1042 545 1042 542 1042 554 1043 543 1043 546 1043 547 1044 554 1044 546 1044 548 1045 546 1045 549 1045 548 1046 547 1046 546 1046 548 1047 549 1047 550 1047 548 1048 550 1048 551 1048 553 1049 548 1049 551 1049 548 1050 553 1050 439 1050 506 1051 455 1051 544 1051 548 1052 439 1052 440 1052 553 1053 551 1053 552 1053 545 1054 506 1054 544 1054 545 1055 508 1055 506 1055 553 1056 552 1056 509 1056 548 1057 440 1057 547 1057 508 1058 545 1058 554 1058 554 1059 547 1059 440 1059 554 1060 440 1060 508 1060 556 1061 509 1061 552 1061 556 1062 555 1062 509 1062 556 1063 552 1063 551 1063 557 1064 556 1064 551 1064 558 1065 557 1065 551 1065 558 1066 551 1066 550 1066 559 1067 558 1067 550 1067 559 1068 550 1068 549 1068 560 1069 559 1069 549 1069 560 1070 549 1070 546 1070 561 1071 546 1071 543 1071 561 1072 560 1072 546 1072 562 1073 543 1073 542 1073 562 1074 561 1074 543 1074 562 1075 542 1075 541 1075 563 1076 562 1076 541 1076 563 1077 541 1077 540 1077 564 1078 563 1078 540 1078 564 1079 540 1079 539 1079 565 1080 564 1080 539 1080 565 1081 539 1081 538 1081 566 1082 565 1082 538 1082 566 1083 538 1083 536 1083 567 1084 566 1084 536 1084 568 1085 567 1085 536 1085 568 1086 536 1086 535 1086 569 1087 535 1087 534 1087 569 1088 568 1088 535 1088 569 1089 534 1089 532 1089 570 1090 569 1090 532 1090 571 1091 570 1091 532 1091 571 1092 532 1092 529 1092 572 1093 571 1093 529 1093 572 1094 529 1094 528 1094 572 1095 528 1095 527 1095 573 1096 572 1096 527 1096 573 1097 527 1097 526 1097 574 1098 526 1098 524 1098 574 1099 573 1099 526 1099 575 1100 524 1100 523 1100 575 1101 574 1101 524 1101 576 1102 523 1102 522 1102 576 1103 575 1103 523 1103 577 1104 576 1104 522 1104 577 1105 522 1105 521 1105 578 1106 521 1106 520 1106 578 1107 577 1107 521 1107 579 1108 578 1108 520 1108 579 1109 520 1109 517 1109 580 1110 579 1110 517 1110 580 1111 517 1111 516 1111 581 1112 516 1112 515 1112 581 1113 580 1113 516 1113 582 1114 581 1114 515 1114 582 1115 515 1115 514 1115 582 1116 514 1116 512 1116 583 1117 582 1117 512 1117 584 1118 583 1118 512 1118 584 1119 512 1119 511 1119 584 1120 511 1120 509 1120 555 1121 584 1121 509 1121 588 1122 584 1122 555 1122 436 1123 584 1123 588 1123 436 1124 583 1124 584 1124 436 1125 582 1125 583 1125 436 1126 581 1126 582 1126 436 1127 580 1127 581 1127 436 1128 579 1128 580 1128 436 1129 578 1129 579 1129 436 1130 577 1130 578 1130 436 1131 576 1131 577 1131 585 1132 576 1132 436 1132 585 1133 575 1133 576 1133 585 1134 574 1134 575 1134 585 1135 573 1135 574 1135 585 1136 572 1136 573 1136 585 1137 571 1137 572 1137 586 1138 585 1138 437 1138 585 1139 570 1139 571 1139 586 1140 570 1140 585 1140 586 1141 569 1141 570 1141 586 1142 568 1142 569 1142 586 1143 567 1143 568 1143 586 1144 566 1144 567 1144 586 1145 565 1145 566 1145 587 1146 586 1146 437 1146 586 1147 564 1147 565 1147 587 1148 564 1148 586 1148 587 1149 563 1149 564 1149 587 1150 562 1150 563 1150 587 1151 561 1151 562 1151 587 1152 560 1152 561 1152 588 1153 587 1153 437 1153 588 1154 560 1154 587 1154 588 1155 559 1155 560 1155 588 1156 558 1156 559 1156 588 1157 557 1157 558 1157 588 1158 556 1158 557 1158 588 1159 555 1159 556 1159 473 1160 589 1160 595 1160 473 1161 590 1161 589 1161 473 1162 591 1162 590 1162 471 1163 591 1163 473 1163 471 1164 592 1164 591 1164 471 1165 593 1165 592 1165 465 1166 593 1166 471 1166 461 1167 593 1167 465 1167 461 1168 620 1168 593 1168 461 1169 594 1169 620 1169 458 1170 594 1170 461 1170 458 1171 612 1171 594 1171 462 1172 612 1172 458 1172 462 1173 606 1173 612 1173 467 1174 606 1174 462 1174 467 1175 604 1175 606 1175 467 1176 595 1176 604 1176 473 1177 595 1177 467 1177 623 1178 597 1178 596 1178 590 1179 598 1179 596 1179 598 1180 622 1180 596 1180 596 1181 622 1181 623 1181 600 1182 597 1182 623 1182 599 1183 622 1183 598 1183 617 1184 599 1184 598 1184 600 1185 603 1185 597 1185 617 1186 621 1186 599 1186 600 1187 624 1187 603 1187 597 1188 595 1188 601 1188 603 1189 595 1189 597 1189 617 1190 602 1190 621 1190 601 1191 596 1191 597 1191 624 1192 608 1192 603 1192 603 1193 604 1193 595 1193 589 1194 601 1194 595 1194 621 1195 602 1195 605 1195 608 1196 604 1196 603 1196 602 1197 619 1197 605 1197 601 1198 589 1198 596 1198 624 1199 609 1199 608 1199 608 1200 606 1200 604 1200 609 1201 607 1201 608 1201 589 1202 590 1202 596 1202 619 1203 610 1203 605 1203 608 1204 612 1204 606 1204 605 1205 610 1205 611 1205 607 1206 615 1206 608 1206 609 1207 614 1207 607 1207 615 1208 612 1208 608 1208 613 1209 611 1209 610 1209 590 1210 591 1210 598 1210 614 1211 615 1211 607 1211 613 1212 618 1212 611 1212 617 1213 598 1213 591 1213 614 1214 616 1214 615 1214 612 1215 615 1215 594 1215 614 1216 618 1216 616 1216 615 1217 616 1217 594 1217 591 1218 592 1218 617 1218 613 1219 616 1219 618 1219 617 1220 592 1220 602 1220 616 1221 620 1221 594 1221 619 1222 602 1222 592 1222 593 1223 619 1223 592 1223 593 1224 610 1224 619 1224 620 1225 613 1225 593 1225 593 1226 613 1226 610 1226 616 1227 613 1227 620 1227 443 1228 614 1228 609 1228 446 1229 614 1229 443 1229 446 1230 618 1230 614 1230 450 1231 611 1231 446 1231 446 1232 611 1232 618 1232 453 1233 605 1233 450 1233 450 1234 605 1234 611 1234 453 1235 621 1235 605 1235 449 1236 621 1236 453 1236 449 1237 599 1237 621 1237 449 1238 622 1238 599 1238 444 1239 622 1239 449 1239 444 1240 623 1240 622 1240 444 1241 600 1241 623 1241 441 1242 600 1242 444 1242 441 1243 624 1243 600 1243 443 1244 624 1244 441 1244 443 1245 609 1245 624 1245 679 1246 625 1246 627 1246 679 1247 626 1247 625 1247 679 1248 631 1248 626 1248 679 1249 627 1249 651 1249 673 1250 631 1250 679 1250 652 1251 679 1251 651 1251 666 1252 673 1252 679 1252 666 1253 679 1253 652 1253 700 1254 642 1254 628 1254 628 1255 642 1255 656 1255 628 1256 656 1256 662 1256 665 1257 628 1257 662 1257 628 1258 629 1258 700 1258 630 1259 628 1259 665 1259 630 1260 629 1260 628 1260 632 1261 673 1261 674 1261 649 1262 632 1262 674 1262 632 1263 631 1263 673 1263 655 1264 632 1264 649 1264 631 1265 632 1265 633 1265 626 1266 631 1266 633 1266 655 1267 633 1267 632 1267 633 1268 634 1268 626 1268 667 1269 633 1269 655 1269 667 1270 634 1270 633 1270 637 1271 636 1271 635 1271 636 1272 638 1272 660 1272 640 1273 637 1273 635 1273 639 1274 637 1274 640 1274 641 1275 636 1275 637 1275 641 1276 638 1276 636 1276 644 1277 669 1277 638 1277 637 1278 700 1278 641 1278 641 1279 700 1279 629 1279 641 1280 645 1280 638 1280 639 1281 700 1281 637 1281 645 1282 644 1282 638 1282 643 1283 639 1283 640 1283 639 1284 642 1284 700 1284 647 1285 643 1285 640 1285 647 1286 640 1286 635 1286 648 1287 642 1287 639 1287 645 1288 641 1288 629 1288 646 1289 649 1289 644 1289 646 1290 644 1290 645 1290 643 1291 648 1291 639 1291 652 1292 647 1292 635 1292 656 1293 642 1293 648 1293 629 1294 646 1294 645 1294 643 1295 650 1295 648 1295 651 1296 647 1296 652 1296 653 1297 646 1297 629 1297 647 1298 650 1298 643 1298 658 1299 652 1299 635 1299 654 1300 650 1300 647 1300 657 1301 658 1301 635 1301 653 1302 629 1302 630 1302 636 1303 657 1303 635 1303 654 1304 647 1304 651 1304 653 1305 649 1305 646 1305 653 1306 655 1306 649 1306 656 1307 648 1307 650 1307 661 1308 656 1308 650 1308 654 1309 661 1309 650 1309 667 1310 655 1310 653 1310 660 1311 658 1311 657 1311 659 1312 661 1312 654 1312 651 1313 663 1313 654 1313 658 1314 666 1314 652 1314 659 1315 654 1315 663 1315 657 1316 636 1316 660 1316 630 1317 667 1317 653 1317 660 1318 664 1318 658 1318 662 1319 656 1319 661 1319 664 1320 666 1320 658 1320 671 1321 630 1321 665 1321 671 1322 667 1322 630 1322 663 1323 651 1323 627 1323 672 1324 659 1324 663 1324 669 1325 660 1325 638 1325 661 1326 670 1326 662 1326 672 1327 663 1327 627 1327 660 1328 668 1328 664 1328 666 1329 664 1329 668 1329 675 1330 661 1330 659 1330 670 1331 665 1331 662 1331 669 1332 668 1332 660 1332 675 1333 659 1333 672 1333 675 1334 670 1334 661 1334 671 1335 665 1335 670 1335 634 1336 667 1336 671 1336 668 1337 673 1337 666 1337 672 1338 627 1338 625 1338 674 1339 668 1339 669 1339 674 1340 673 1340 668 1340 674 1341 669 1341 644 1341 644 1342 649 1342 674 1342 634 1343 671 1343 670 1343 625 1344 675 1344 672 1344 634 1345 670 1345 675 1345 634 1346 675 1346 625 1346 634 1347 625 1347 626 1347 676 1348 679 1348 686 1348 676 1349 698 1349 677 1349 678 1350 676 1350 677 1350 678 1351 679 1351 676 1351 678 1352 677 1352 699 1352 679 1353 678 1353 688 1353 679 1354 688 1354 689 1354 680 1355 679 1355 689 1355 679 1356 680 1356 681 1356 679 1357 681 1357 682 1357 683 1358 679 1358 682 1358 683 1359 690 1359 691 1359 684 1360 683 1360 691 1360 684 1361 679 1361 683 1361 684 1362 692 1362 685 1362 694 1363 679 1363 684 1363 694 1364 684 1364 685 1364 696 1365 679 1365 694 1365 696 1366 694 1366 695 1366 686 1367 679 1367 696 1367 676 1368 686 1368 697 1368 676 1369 697 1369 687 1369 682 1370 690 1370 683 1370 685 1371 693 1371 694 1371 693 1372 695 1372 694 1372 687 1373 698 1373 676 1373 698 1374 699 1374 677 1374 628 1375 687 1375 697 1375 698 1376 687 1376 628 1376 699 1377 698 1377 628 1377 699 1378 628 1378 700 1378 699 1379 688 1379 678 1379 700 1380 688 1380 699 1380 700 1381 689 1381 688 1381 700 1382 680 1382 689 1382 701 1383 700 1383 628 1383 700 1384 681 1384 680 1384 701 1385 681 1385 700 1385 701 1386 682 1386 681 1386 701 1387 690 1387 682 1387 701 1388 691 1388 690 1388 701 1389 684 1389 691 1389 701 1390 692 1390 684 1390 693 1391 701 1391 628 1391 693 1392 692 1392 701 1392 693 1393 685 1393 692 1393 628 1394 695 1394 693 1394 628 1395 696 1395 695 1395 628 1396 686 1396 696 1396 628 1397 697 1397 686 1397 732 1398 702 1398 703 1398 702 1399 704 1399 703 1399 703 1400 705 1400 706 1400 704 1401 705 1401 703 1401 705 1402 708 1402 706 1402 706 1403 708 1403 707 1403 708 1404 855 1404 707 1404 708 1405 710 1405 855 1405 855 1406 709 1406 707 1406 855 1407 854 1407 709 1407 855 1408 711 1408 856 1408 710 1409 711 1409 855 1409 856 1410 711 1410 712 1410 711 1411 713 1411 712 1411 854 1412 712 1412 709 1412 712 1413 714 1413 709 1413 712 1414 713 1414 714 1414 713 1415 715 1415 714 1415 714 1416 715 1416 716 1416 715 1417 717 1417 716 1417 716 1418 717 1418 718 1418 717 1419 720 1419 718 1419 718 1420 720 1420 719 1420 720 1421 721 1421 719 1421 719 1422 721 1422 722 1422 721 1423 723 1423 722 1423 723 1424 724 1424 722 1424 722 1425 724 1425 725 1425 723 1426 728 1426 724 1426 724 1427 728 1427 726 1427 724 1428 858 1428 725 1428 858 1429 727 1429 725 1429 726 1430 728 1430 727 1430 727 1431 730 1431 725 1431 728 1432 729 1432 727 1432 727 1433 729 1433 730 1433 730 1434 729 1434 731 1434 729 1435 733 1435 731 1435 731 1436 733 1436 732 1436 733 1437 702 1437 732 1437 889 1438 734 1438 735 1438 889 1439 736 1439 734 1439 889 1440 737 1440 736 1440 739 1441 889 1441 738 1441 737 1442 889 1442 739 1442 742 1443 740 1443 741 1443 738 1444 740 1444 742 1444 889 1445 740 1445 738 1445 741 1446 740 1446 743 1446 744 1447 748 1447 745 1447 748 1448 747 1448 752 1448 750 1449 749 1449 751 1449 751 1450 749 1450 746 1450 746 1451 749 1451 744 1451 750 1452 753 1452 749 1452 753 1453 754 1453 749 1453 755 1454 754 1454 753 1454 747 1455 754 1455 756 1455 747 1456 756 1456 752 1456 756 1457 754 1457 755 1457 744 1458 747 1458 748 1458 758 1459 759 1459 760 1459 759 1460 758 1460 761 1460 763 1461 757 1461 762 1461 764 1462 757 1462 763 1462 903 1463 757 1463 758 1463 765 1464 757 1464 764 1464 761 1465 757 1465 765 1465 758 1466 757 1466 761 1466 759 1467 733 1467 729 1467 729 1468 728 1468 759 1468 759 1469 702 1469 733 1469 728 1470 760 1470 759 1470 723 1471 760 1471 728 1471 702 1472 741 1472 704 1472 704 1473 741 1473 705 1473 705 1474 741 1474 708 1474 759 1475 741 1475 702 1475 723 1476 721 1476 760 1476 741 1477 710 1477 708 1477 721 1478 720 1478 760 1478 741 1479 711 1479 710 1479 720 1480 743 1480 760 1480 711 1481 743 1481 713 1481 713 1482 743 1482 715 1482 715 1483 743 1483 717 1483 717 1484 743 1484 720 1484 741 1485 743 1485 711 1485 767 1486 735 1486 766 1486 767 1487 766 1487 768 1487 770 1488 767 1488 768 1488 770 1489 768 1489 769 1489 770 1490 769 1490 771 1490 772 1491 770 1491 771 1491 772 1492 771 1492 774 1492 773 1493 772 1493 774 1493 776 1494 773 1494 774 1494 776 1495 774 1495 775 1495 776 1496 775 1496 777 1496 778 1497 776 1497 777 1497 778 1498 777 1498 779 1498 780 1499 778 1499 779 1499 780 1500 779 1500 781 1500 782 1501 781 1501 783 1501 782 1502 780 1502 781 1502 782 1503 783 1503 784 1503 785 1504 782 1504 784 1504 819 1505 787 1505 873 1505 786 1506 787 1506 819 1506 787 1507 788 1507 873 1507 788 1508 789 1508 873 1508 873 1509 789 1509 790 1509 789 1510 792 1510 790 1510 790 1511 792 1511 791 1511 792 1512 793 1512 791 1512 791 1513 793 1513 794 1513 793 1514 795 1514 794 1514 794 1515 795 1515 796 1515 795 1516 797 1516 796 1516 797 1517 798 1517 796 1517 796 1518 798 1518 876 1518 798 1519 800 1519 876 1519 876 1520 800 1520 799 1520 799 1521 800 1521 802 1521 800 1522 801 1522 802 1522 801 1523 803 1523 802 1523 802 1524 803 1524 804 1524 803 1525 805 1525 804 1525 804 1526 805 1526 806 1526 805 1527 807 1527 806 1527 807 1528 808 1528 806 1528 806 1529 808 1529 809 1529 808 1530 810 1530 809 1530 809 1531 810 1531 811 1531 810 1532 813 1532 811 1532 811 1533 813 1533 812 1533 813 1534 814 1534 812 1534 812 1535 814 1535 815 1535 814 1536 816 1536 815 1536 815 1537 816 1537 818 1537 816 1538 817 1538 818 1538 817 1539 786 1539 818 1539 818 1540 786 1540 819 1540 820 1541 817 1541 816 1541 816 1542 814 1542 820 1542 820 1543 814 1543 898 1543 820 1544 786 1544 817 1544 814 1545 813 1545 898 1545 898 1546 813 1546 899 1546 820 1547 787 1547 786 1547 813 1548 810 1548 899 1548 820 1549 788 1549 787 1549 810 1550 808 1550 899 1550 808 1551 822 1551 899 1551 808 1552 807 1552 822 1552 805 1553 822 1553 807 1553 803 1554 822 1554 805 1554 792 1555 821 1555 793 1555 820 1556 821 1556 788 1556 789 1557 821 1557 792 1557 788 1558 821 1558 789 1558 821 1559 795 1559 793 1559 801 1560 822 1560 803 1560 801 1561 800 1561 822 1561 821 1562 823 1562 795 1562 798 1563 823 1563 800 1563 800 1564 823 1564 822 1564 797 1565 823 1565 798 1565 795 1566 823 1566 797 1566 781 1567 824 1567 783 1567 779 1568 824 1568 781 1568 824 1569 826 1569 783 1569 783 1570 826 1570 784 1570 779 1571 825 1571 824 1571 777 1572 825 1572 779 1572 784 1573 826 1573 785 1573 775 1574 825 1574 777 1574 826 1575 827 1575 785 1575 775 1576 874 1576 825 1576 774 1577 874 1577 775 1577 774 1578 771 1578 874 1578 771 1579 769 1579 874 1579 769 1580 875 1580 874 1580 828 1581 757 1581 827 1581 827 1582 757 1582 785 1582 769 1583 768 1583 875 1583 875 1584 766 1584 829 1584 768 1585 766 1585 875 1585 766 1586 735 1586 829 1586 735 1587 830 1587 829 1587 735 1588 734 1588 830 1588 828 1589 734 1589 757 1589 832 1590 831 1590 907 1590 833 1591 907 1591 831 1591 758 1592 831 1592 832 1592 758 1593 833 1593 831 1593 744 1594 833 1594 758 1594 835 1595 758 1595 834 1595 835 1596 744 1596 758 1596 860 1597 834 1597 758 1597 858 1598 744 1598 835 1598 760 1599 860 1599 758 1599 760 1600 836 1600 860 1600 837 1601 836 1601 760 1601 839 1602 838 1602 858 1602 747 1603 858 1603 838 1603 747 1604 744 1604 858 1604 840 1605 747 1605 838 1605 839 1606 858 1606 841 1606 844 1607 839 1607 841 1607 842 1608 747 1608 840 1608 844 1609 841 1609 837 1609 845 1610 740 1610 843 1610 845 1611 843 1611 747 1611 740 1612 845 1612 747 1612 740 1613 842 1613 846 1613 740 1614 747 1614 842 1614 844 1615 837 1615 760 1615 849 1616 740 1616 846 1616 743 1617 844 1617 760 1617 743 1618 740 1618 849 1618 743 1619 847 1619 844 1619 743 1620 848 1620 847 1620 743 1621 849 1621 848 1621 851 1622 850 1622 849 1622 852 1623 850 1623 851 1623 853 1624 850 1624 852 1624 838 1625 850 1625 853 1625 854 1626 850 1626 838 1626 855 1627 850 1627 854 1627 856 1628 850 1628 855 1628 857 1629 850 1629 856 1629 849 1630 850 1630 857 1630 849 1631 846 1631 851 1631 851 1632 842 1632 852 1632 846 1633 842 1633 851 1633 852 1634 842 1634 853 1634 842 1635 840 1635 853 1635 840 1636 838 1636 853 1636 838 1637 839 1637 854 1637 854 1638 839 1638 712 1638 839 1639 844 1639 712 1639 712 1640 844 1640 856 1640 844 1641 847 1641 856 1641 856 1642 847 1642 857 1642 857 1643 848 1643 849 1643 847 1644 848 1644 857 1644 858 1645 861 1645 727 1645 859 1646 861 1646 858 1646 860 1647 861 1647 859 1647 862 1648 861 1648 860 1648 837 1649 861 1649 862 1649 726 1650 861 1650 837 1650 858 1651 835 1651 859 1651 859 1652 834 1652 860 1652 835 1653 834 1653 859 1653 860 1654 836 1654 862 1654 836 1655 837 1655 862 1655 727 1656 861 1656 726 1656 837 1657 841 1657 726 1657 841 1658 724 1658 726 1658 841 1659 858 1659 724 1659 749 1660 754 1660 865 1660 823 1661 821 1661 869 1661 863 1662 871 1662 864 1662 794 1663 872 1663 791 1663 828 1664 872 1664 794 1664 827 1665 872 1665 828 1665 791 1666 872 1666 790 1666 827 1667 873 1667 872 1667 872 1668 873 1668 790 1668 827 1669 826 1669 873 1669 873 1670 826 1670 819 1670 819 1671 826 1671 818 1671 824 1672 818 1672 826 1672 818 1673 824 1673 815 1673 824 1674 825 1674 815 1674 815 1675 825 1675 812 1675 812 1676 825 1676 811 1676 811 1677 825 1677 809 1677 825 1678 874 1678 809 1678 809 1679 874 1679 806 1679 874 1680 875 1680 806 1680 806 1681 875 1681 804 1681 875 1682 829 1682 804 1682 804 1683 829 1683 802 1683 802 1684 829 1684 799 1684 799 1685 829 1685 876 1685 830 1686 876 1686 829 1686 734 1687 877 1687 830 1687 876 1688 877 1688 796 1688 830 1689 877 1689 876 1689 796 1690 877 1690 794 1690 828 1691 877 1691 734 1691 794 1692 877 1692 828 1692 759 1693 761 1693 741 1693 741 1694 761 1694 742 1694 742 1695 761 1695 738 1695 761 1696 765 1696 738 1696 738 1697 765 1697 739 1697 765 1698 764 1698 739 1698 739 1699 764 1699 737 1699 764 1700 763 1700 737 1700 737 1701 763 1701 736 1701 763 1702 762 1702 736 1702 736 1703 762 1703 734 1703 762 1704 757 1704 734 1704 731 1705 878 1705 879 1705 730 1706 731 1706 879 1706 730 1707 879 1707 880 1707 732 1708 878 1708 731 1708 725 1709 730 1709 880 1709 732 1710 881 1710 878 1710 703 1711 881 1711 732 1711 706 1712 881 1712 703 1712 722 1713 725 1713 880 1713 722 1714 880 1714 883 1714 706 1715 882 1715 881 1715 707 1716 882 1716 706 1716 883 1717 719 1717 722 1717 882 1718 707 1718 709 1718 884 1719 719 1719 883 1719 885 1720 882 1720 709 1720 884 1721 718 1721 719 1721 886 1722 718 1722 884 1722 885 1723 709 1723 714 1723 886 1724 716 1724 718 1724 886 1725 885 1725 714 1725 886 1726 714 1726 716 1726 884 1727 748 1727 886 1727 748 1728 752 1728 886 1728 886 1729 752 1729 885 1729 752 1730 756 1730 885 1730 885 1731 756 1731 882 1731 756 1732 755 1732 882 1732 882 1733 755 1733 881 1733 755 1734 753 1734 881 1734 881 1735 753 1735 878 1735 753 1736 750 1736 878 1736 878 1737 750 1737 879 1737 750 1738 751 1738 879 1738 879 1739 751 1739 880 1739 751 1740 746 1740 880 1740 880 1741 744 1741 883 1741 746 1742 744 1742 880 1742 744 1743 745 1743 883 1743 883 1744 748 1744 884 1744 745 1745 748 1745 883 1745 887 1746 747 1746 843 1746 740 1747 887 1747 843 1747 888 1748 740 1748 889 1748 888 1749 887 1749 740 1749 888 1750 747 1750 887 1750 888 1751 754 1751 747 1751 888 1752 865 1752 754 1752 888 1753 866 1753 865 1753 888 1754 889 1754 890 1754 888 1755 867 1755 866 1755 888 1756 890 1756 891 1756 888 1757 868 1757 867 1757 888 1758 891 1758 863 1758 888 1759 863 1759 868 1759 892 1760 891 1760 890 1760 892 1761 863 1761 891 1761 892 1762 871 1762 863 1762 892 1763 890 1763 889 1763 892 1764 889 1764 893 1764 892 1765 870 1765 871 1765 892 1766 893 1766 894 1766 892 1767 869 1767 870 1767 894 1768 869 1768 892 1768 894 1769 823 1769 869 1769 889 1770 735 1770 893 1770 823 1771 894 1771 822 1771 896 1772 895 1772 820 1772 896 1773 901 1773 895 1773 896 1774 864 1774 901 1774 896 1775 785 1775 864 1775 897 1776 896 1776 820 1776 897 1777 785 1777 896 1777 897 1778 782 1778 785 1778 897 1779 780 1779 782 1779 898 1780 897 1780 820 1780 898 1781 780 1781 897 1781 898 1782 778 1782 780 1782 898 1783 776 1783 778 1783 899 1784 773 1784 898 1784 773 1785 776 1785 898 1785 900 1786 773 1786 899 1786 900 1787 772 1787 773 1787 900 1788 899 1788 822 1788 900 1789 770 1789 772 1789 900 1790 767 1790 770 1790 894 1791 900 1791 822 1791 900 1792 735 1792 767 1792 893 1793 900 1793 894 1793 893 1794 735 1794 900 1794 785 1795 757 1795 864 1795 820 1796 895 1796 821 1796 864 1797 895 1797 901 1797 864 1798 821 1798 895 1798 864 1799 869 1799 821 1799 864 1800 757 1800 903 1800 864 1801 903 1801 904 1801 864 1802 870 1802 869 1802 864 1803 871 1803 870 1803 864 1804 904 1804 902 1804 864 1805 902 1805 863 1805 868 1806 863 1806 902 1806 749 1807 865 1807 905 1807 906 1808 904 1808 903 1808 906 1809 902 1809 904 1809 906 1810 868 1810 902 1810 906 1811 867 1811 868 1811 903 1812 758 1812 832 1812 906 1813 903 1813 832 1813 906 1814 832 1814 907 1814 906 1815 866 1815 867 1815 906 1816 865 1816 866 1816 906 1817 907 1817 905 1817 906 1818 905 1818 865 1818 905 1819 907 1819 833 1819 749 1820 833 1820 744 1820 749 1821 905 1821 833 1821 908 1822 909 1822 910 1822 911 1823 908 1823 910 1823 911 1824 910 1824 912 1824 913 1825 912 1825 914 1825 913 1826 911 1826 912 1826 915 1827 913 1827 914 1827 915 1828 914 1828 916 1828 917 1829 915 1829 916 1829 917 1830 916 1830 918 1830 919 1831 917 1831 918 1831 919 1832 918 1832 921 1832 920 1833 919 1833 921 1833 920 1834 921 1834 922 1834 923 1835 920 1835 922 1835 923 1836 922 1836 924 1836 923 1837 924 1837 926 1837 925 1838 923 1838 926 1838 925 1839 926 1839 927 1839 928 1840 925 1840 927 1840 928 1841 927 1841 929 1841 930 1842 932 1842 931 1842 932 1843 1044 1843 931 1843 931 1844 1044 1844 933 1844 1044 1845 934 1845 933 1845 933 1846 934 1846 935 1846 934 1847 1045 1847 935 1847 935 1848 1045 1848 936 1848 1045 1849 937 1849 936 1849 936 1850 937 1850 938 1850 938 1851 937 1851 939 1851 937 1852 940 1852 939 1852 939 1853 940 1853 941 1853 941 1854 944 1854 942 1854 940 1855 944 1855 941 1855 942 1856 944 1856 943 1856 944 1857 945 1857 943 1857 943 1858 945 1858 946 1858 946 1859 948 1859 947 1859 945 1860 948 1860 946 1860 947 1861 948 1861 949 1861 948 1862 950 1862 949 1862 949 1863 950 1863 951 1863 951 1864 952 1864 953 1864 950 1865 952 1865 951 1865 953 1866 956 1866 954 1866 952 1867 956 1867 953 1867 954 1868 956 1868 955 1868 956 1869 958 1869 955 1869 955 1870 958 1870 957 1870 958 1871 959 1871 957 1871 957 1872 959 1872 960 1872 959 1873 961 1873 960 1873 960 1874 961 1874 930 1874 961 1875 932 1875 930 1875 1007 1876 1005 1876 1001 1876 962 1877 1003 1877 1017 1877 964 1878 963 1878 1000 1878 965 1879 966 1879 963 1879 965 1880 963 1880 964 1880 1003 1881 962 1881 1035 1881 957 1882 953 1882 955 1882 954 1883 955 1883 953 1883 957 1884 1010 1884 953 1884 960 1885 1010 1885 957 1885 960 1886 967 1886 1010 1886 930 1887 967 1887 960 1887 931 1888 967 1888 930 1888 949 1889 951 1889 953 1889 947 1890 949 1890 953 1890 968 1891 947 1891 953 1891 968 1892 946 1892 947 1892 968 1893 943 1893 946 1893 967 1894 933 1894 935 1894 967 1895 931 1895 933 1895 967 1896 935 1896 936 1896 968 1897 942 1897 943 1897 941 1898 942 1898 968 1898 969 1899 941 1899 968 1899 969 1900 939 1900 941 1900 969 1901 938 1901 939 1901 969 1902 967 1902 936 1902 969 1903 936 1903 938 1903 760 1904 973 1904 970 1904 970 1905 971 1905 760 1905 973 1906 972 1906 974 1906 760 1907 972 1907 973 1907 972 1908 975 1908 974 1908 971 1909 978 1909 977 1909 976 1910 978 1910 971 1910 971 1911 977 1911 760 1911 977 1912 743 1912 760 1912 979 1913 743 1913 977 1913 975 1914 978 1914 976 1914 975 1915 983 1915 978 1915 972 1916 983 1916 975 1916 979 1917 980 1917 743 1917 980 1918 981 1918 743 1918 982 1919 981 1919 980 1919 982 1920 972 1920 981 1920 983 1921 972 1921 982 1921 972 1922 984 1922 981 1922 743 1923 981 1923 986 1923 981 1924 985 1924 986 1924 988 1925 985 1925 989 1925 986 1926 985 1926 988 1926 989 1927 985 1927 987 1927 991 1928 993 1928 992 1928 991 1929 995 1929 993 1929 995 1930 991 1930 994 1930 991 1931 996 1931 994 1931 996 1932 972 1932 994 1932 994 1933 972 1933 760 1933 1015 1934 967 1934 969 1934 1015 1935 969 1935 998 1935 1000 1936 999 1936 1001 1936 1000 1937 1001 1937 964 1937 997 1938 1002 1938 1000 1938 984 1939 972 1939 990 1939 984 1940 990 1940 1004 1940 984 1941 1004 1941 1035 1941 981 1942 984 1942 1035 1942 981 1943 1035 1943 985 1943 1004 1944 1003 1944 1035 1944 985 1945 1005 1945 1007 1945 1007 1946 1006 1946 985 1946 1007 1947 1008 1947 1006 1947 1007 1948 998 1948 969 1948 1007 1949 969 1949 1008 1949 1007 1950 999 1950 998 1950 1007 1951 1001 1951 999 1951 1006 1952 909 1952 985 1952 968 1953 1008 1953 969 1953 1009 1954 1014 1954 929 1954 1009 1955 1010 1955 967 1955 1009 1956 967 1956 1015 1956 1009 1957 929 1957 927 1957 1010 1958 1009 1958 927 1958 1010 1959 927 1959 926 1959 1011 1960 926 1960 924 1960 1010 1961 926 1961 1011 1961 1011 1962 924 1962 922 1962 1011 1963 953 1963 1010 1963 1011 1964 922 1964 921 1964 1011 1965 921 1965 918 1965 1012 1966 1011 1966 918 1966 1012 1967 953 1967 1011 1967 1012 1968 918 1968 916 1968 1012 1969 916 1969 914 1969 1012 1970 968 1970 953 1970 1012 1971 914 1971 912 1971 1013 1972 912 1972 910 1972 1013 1973 1012 1973 912 1973 1013 1974 968 1974 1012 1974 1013 1975 910 1975 909 1975 1013 1976 909 1976 1006 1976 1013 1977 1006 1977 1008 1977 968 1978 1013 1978 1008 1978 991 1979 929 1979 1014 1979 1002 1980 996 1980 991 1980 1002 1981 1016 1981 996 1981 1002 1982 999 1982 1000 1982 1002 1983 991 1983 1014 1983 1002 1984 1014 1984 1009 1984 1002 1985 998 1985 999 1985 1002 1986 1009 1986 1015 1986 1002 1987 1015 1987 998 1987 1016 1988 1002 1988 997 1988 1017 1989 1004 1989 990 1989 1017 1990 990 1990 1018 1990 1018 1991 996 1991 1016 1991 1017 1992 1018 1992 1016 1992 1017 1993 1003 1993 1004 1993 1018 1994 972 1994 996 1994 972 1995 1018 1995 990 1995 976 1996 1023 1996 975 1996 1023 1997 1019 1997 975 1997 975 1998 1019 1998 974 1998 1019 1999 1020 1999 974 1999 974 2000 1020 2000 973 2000 973 2001 1020 2001 970 2001 1020 2002 1021 2002 970 2002 970 2003 1021 2003 971 2003 1021 2004 1022 2004 971 2004 971 2005 1022 2005 976 2005 1022 2006 1023 2006 976 2006 1024 2007 1022 2007 1025 2007 1024 2008 1023 2008 1022 2008 1022 2009 1021 2009 1025 2009 1025 2010 1021 2010 997 2010 1021 2011 1026 2011 997 2011 1024 2012 966 2012 1023 2012 1023 2013 962 2013 1019 2013 966 2014 962 2014 1023 2014 1020 2015 1026 2015 1021 2015 1020 2016 1027 2016 1026 2016 1019 2017 1027 2017 1020 2017 962 2018 1027 2018 1019 2018 962 2019 1017 2019 1027 2019 1017 2020 1016 2020 1027 2020 1027 2021 1016 2021 1026 2021 1016 2022 997 2022 1026 2022 997 2023 1000 2023 1025 2023 1000 2024 963 2024 1025 2024 1025 2025 963 2025 1024 2025 963 2026 966 2026 1024 2026 980 2027 1029 2027 982 2027 1028 2028 1029 2028 980 2028 1029 2029 1030 2029 982 2029 982 2030 1030 2030 983 2030 983 2031 1030 2031 978 2031 1030 2032 1031 2032 978 2032 1031 2033 1032 2033 978 2033 978 2034 1032 2034 977 2034 1032 2035 1033 2035 977 2035 977 2036 1033 2036 979 2036 1033 2037 1028 2037 979 2037 979 2038 1028 2038 980 2038 1034 2039 1033 2039 1036 2039 1034 2040 1028 2040 1033 2040 1035 2041 1028 2041 1034 2041 1033 2042 1032 2042 1036 2042 1036 2043 1032 2043 1037 2043 1035 2044 1029 2044 1028 2044 1035 2045 962 2045 1029 2045 962 2046 1030 2046 1029 2046 1032 2047 1031 2047 1037 2047 962 2048 965 2048 1030 2048 1030 2049 965 2049 1031 2049 962 2050 966 2050 965 2050 1031 2051 965 2051 1037 2051 965 2052 964 2052 1037 2052 1037 2053 964 2053 1036 2053 964 2054 1001 2054 1036 2054 1001 2055 1005 2055 1036 2055 1036 2056 1005 2056 1034 2056 1005 2057 985 2057 1034 2057 1034 2058 985 2058 1035 2058 1047 2059 913 2059 915 2059 1047 2060 911 2060 913 2060 1038 2061 1047 2061 915 2061 1038 2062 915 2062 917 2062 1039 2063 911 2063 1047 2063 1039 2064 908 2064 911 2064 1038 2065 917 2065 919 2065 1039 2066 909 2066 908 2066 1049 2067 1038 2067 919 2067 1049 2068 919 2068 920 2068 1049 2069 920 2069 923 2069 925 2070 1049 2070 923 2070 985 2071 1039 2071 1040 2071 985 2072 909 2072 1039 2072 925 2073 1050 2073 1049 2073 928 2074 1050 2074 925 2074 1041 2075 985 2075 1040 2075 929 2076 1050 2076 928 2076 929 2077 1043 2077 1050 2077 991 2078 985 2078 1041 2078 991 2079 1041 2079 1042 2079 991 2080 1042 2080 929 2080 743 2081 986 2081 760 2081 760 2082 986 2082 994 2082 986 2083 988 2083 994 2083 994 2084 988 2084 995 2084 988 2085 989 2085 995 2085 995 2086 989 2086 993 2086 993 2087 989 2087 992 2087 989 2088 987 2088 992 2088 992 2089 987 2089 991 2089 987 2090 985 2090 991 2090 961 2091 1043 2091 932 2091 932 2092 1043 2092 1044 2092 1042 2093 1043 2093 929 2093 1042 2094 1044 2094 1043 2094 1044 2095 1045 2095 934 2095 1042 2096 1045 2096 1044 2096 1041 2097 1045 2097 1042 2097 1041 2098 937 2098 1045 2098 1040 2099 937 2099 1041 2099 1040 2100 940 2100 937 2100 1040 2101 1046 2101 940 2101 1039 2102 1046 2102 1040 2102 940 2103 1046 2103 944 2103 1039 2104 944 2104 1046 2104 1039 2105 1047 2105 944 2105 944 2106 1047 2106 945 2106 945 2107 1047 2107 948 2107 1047 2108 1048 2108 948 2108 948 2109 1048 2109 950 2109 1038 2110 1048 2110 1047 2110 1048 2111 1038 2111 950 2111 950 2112 1038 2112 952 2112 1038 2113 1049 2113 952 2113 952 2114 1049 2114 956 2114 956 2115 1049 2115 958 2115 1049 2116 1050 2116 958 2116 958 2117 1050 2117 959 2117 959 2118 1050 2118 961 2118 961 2119 1050 2119 1043 2119 1051 2120 1054 2120 1052 2120 1054 2121 1057 2121 1052 2121 1053 2122 1051 2122 1052 2122 1055 2123 1057 2123 1054 2123 1058 2124 1053 2124 1052 2124 1056 2125 1057 2125 1055 2125 1056 2126 1065 2126 1057 2126 1059 2127 1065 2127 1056 2127 1060 2128 1058 2128 1052 2128 1060 2129 1052 2129 1061 2129 1063 2130 1060 2130 1061 2130 1062 2131 1065 2131 1059 2131 1064 2132 1063 2132 1061 2132 1068 2133 1065 2133 1062 2133 1068 2134 1062 2134 1066 2134 1068 2135 1066 2135 1067 2135 1061 2136 1070 2136 1064 2136 1068 2137 1067 2137 1069 2137 1061 2138 1071 2138 1070 2138 1068 2139 1069 2139 1072 2139 1079 2140 1068 2140 1072 2140 1073 2141 1071 2141 1061 2141 1079 2142 1072 2142 1074 2142 1073 2143 1075 2143 1071 2143 1073 2144 1076 2144 1075 2144 1079 2145 1074 2145 1077 2145 1073 2146 1079 2146 1077 2146 1073 2147 1077 2147 1076 2147 1085 2148 1084 2148 1065 2148 1078 2149 1085 2149 1065 2149 1068 2150 1078 2150 1065 2150 1086 2151 1078 2151 1068 2151 1087 2152 1086 2152 1068 2152 1087 2153 1068 2153 1079 2153 1080 2154 1079 2154 1073 2154 1088 2155 1080 2155 1073 2155 1089 2156 1088 2156 1073 2156 1089 2157 1073 2157 1061 2157 1090 2158 1089 2158 1061 2158 1091 2159 1090 2159 1061 2159 1092 2160 1091 2160 1061 2160 1052 2161 1092 2161 1061 2161 1081 2162 1092 2162 1052 2162 1082 2163 1081 2163 1052 2163 1083 2164 1082 2164 1052 2164 1083 2165 1052 2165 1057 2165 1084 2166 1083 2166 1057 2166 1084 2167 1057 2167 1065 2167 1080 2168 1087 2168 1079 2168 1083 2169 1084 2169 1093 2169 1083 2170 1093 2170 1094 2170 1082 2171 1083 2171 1094 2171 1081 2172 1082 2172 1094 2172 1095 2173 1081 2173 1094 2173 1092 2174 1081 2174 1095 2174 1091 2175 1092 2175 1095 2175 1090 2176 1091 2176 1095 2176 1089 2177 1090 2177 1095 2177 1089 2178 1095 2178 1096 2178 1088 2179 1089 2179 1096 2179 1080 2180 1088 2180 1096 2180 1087 2181 1080 2181 1096 2181 1097 2182 1087 2182 1096 2182 1086 2183 1087 2183 1097 2183 1078 2184 1086 2184 1097 2184 1085 2185 1078 2185 1097 2185 1085 2186 1097 2186 1093 2186 1084 2187 1085 2187 1093 2187 1094 2188 1098 2188 1095 2188 1098 2189 1096 2189 1095 2189 1093 2190 1098 2190 1094 2190 1097 2191 1096 2191 1098 2191 1097 2192 1098 2192 1093 2192 1098 2193 1100 2193 1114 2193 1114 2194 1100 2194 1099 2194 1098 2195 1101 2195 1100 2195 1100 2196 1101 2196 1115 2196 1117 2197 1101 2197 1102 2197 1101 2198 1103 2198 1102 2198 1098 2199 1103 2199 1101 2199 1103 2200 1105 2200 1104 2200 1098 2201 1105 2201 1103 2201 1098 2202 1106 2202 1105 2202 1106 2203 1109 2203 1107 2203 1098 2204 1109 2204 1106 2204 1094 2205 1109 2205 1098 2205 1108 2206 1109 2206 1121 2206 1109 2207 1110 2207 1121 2207 1094 2208 1110 2208 1109 2208 1110 2209 1094 2209 1122 2209 1122 2210 1094 2210 1111 2210 1094 2211 1112 2211 1111 2211 1098 2212 1112 2212 1094 2212 1112 2213 1114 2213 1113 2213 1098 2214 1114 2214 1112 2214 1153 2215 1099 2215 1100 2215 1115 2216 1153 2216 1100 2216 1116 2217 1115 2217 1101 2217 1117 2218 1116 2218 1101 2218 1118 2219 1117 2219 1102 2219 1119 2220 1118 2220 1102 2220 1119 2221 1102 2221 1103 2221 1119 2222 1103 2222 1104 2222 1108 2223 1107 2223 1109 2223 1121 2224 1120 2224 1108 2224 1127 2225 1121 2225 1110 2225 1130 2226 1127 2226 1110 2226 1130 2227 1110 2227 1122 2227 1123 2228 1122 2228 1111 2228 1123 2229 1111 2229 1112 2229 1155 2230 1123 2230 1112 2230 1124 2231 1155 2231 1112 2231 1124 2232 1112 2232 1113 2232 1124 2233 1113 2233 1114 2233 1128 2234 1125 2234 1120 2234 1125 2235 1129 2235 1120 2235 1128 2236 1120 2236 1127 2236 1126 2237 1129 2237 1125 2237 1131 2238 1128 2238 1127 2238 1131 2239 1127 2239 1130 2239 1132 2240 1156 2240 1129 2240 1132 2241 1129 2241 1126 2241 1133 2242 1131 2242 1130 2242 1133 2243 1130 2243 1138 2243 1134 2244 1156 2244 1132 2244 1135 2245 1133 2245 1138 2245 1134 2246 1157 2246 1156 2246 1136 2247 1157 2247 1134 2247 1137 2248 1135 2248 1138 2248 1139 2249 1157 2249 1136 2249 1140 2250 1137 2250 1138 2250 1142 2251 1157 2251 1139 2251 1138 2252 1141 2252 1140 2252 1118 2253 1157 2253 1142 2253 1155 2254 1141 2254 1138 2254 1155 2255 1144 2255 1141 2255 1146 2256 1142 2256 1143 2256 1146 2257 1118 2257 1142 2257 1154 2258 1145 2258 1144 2258 1154 2259 1144 2259 1155 2259 1146 2260 1143 2260 1147 2260 1154 2261 1148 2261 1145 2261 1151 2262 1146 2262 1147 2262 1153 2263 1148 2263 1154 2263 1151 2264 1147 2264 1149 2264 1153 2265 1150 2265 1148 2265 1151 2266 1149 2266 1152 2266 1153 2267 1152 2267 1150 2267 1153 2268 1151 2268 1152 2268 1145 2269 1148 2269 1059 2269 1059 2270 1150 2270 1062 2270 1148 2271 1150 2271 1059 2271 1150 2272 1152 2272 1062 2272 1062 2273 1152 2273 1066 2273 1152 2274 1149 2274 1066 2274 1066 2275 1149 2275 1067 2275 1149 2276 1147 2276 1067 2276 1067 2277 1147 2277 1069 2277 1147 2278 1143 2278 1069 2278 1069 2279 1143 2279 1072 2279 1143 2280 1142 2280 1072 2280 1072 2281 1142 2281 1074 2281 1142 2282 1139 2282 1074 2282 1074 2283 1139 2283 1077 2283 1139 2284 1136 2284 1077 2284 1077 2285 1136 2285 1076 2285 1136 2286 1134 2286 1076 2286 1076 2287 1134 2287 1075 2287 1075 2288 1134 2288 1071 2288 1134 2289 1132 2289 1071 2289 1071 2290 1132 2290 1070 2290 1132 2291 1126 2291 1070 2291 1070 2292 1126 2292 1064 2292 1126 2293 1125 2293 1064 2293 1064 2294 1125 2294 1063 2294 1125 2295 1128 2295 1063 2295 1063 2296 1128 2296 1060 2296 1128 2297 1131 2297 1060 2297 1060 2298 1131 2298 1058 2298 1131 2299 1133 2299 1058 2299 1133 2300 1135 2300 1058 2300 1058 2301 1135 2301 1053 2301 1053 2302 1137 2302 1051 2302 1135 2303 1137 2303 1053 2303 1051 2304 1140 2304 1054 2304 1137 2305 1140 2305 1051 2305 1140 2306 1141 2306 1054 2306 1054 2307 1141 2307 1055 2307 1141 2308 1144 2308 1055 2308 1055 2309 1144 2309 1056 2309 1144 2310 1145 2310 1056 2310 1056 2311 1145 2311 1059 2311 1124 2312 1114 2312 1154 2312 1155 2313 1124 2313 1154 2313 1138 2314 1123 2314 1155 2314 1130 2315 1122 2315 1123 2315 1130 2316 1123 2316 1138 2316 1120 2317 1121 2317 1127 2317 1129 2318 1108 2318 1120 2318 1129 2319 1107 2319 1108 2319 1129 2320 1106 2320 1107 2320 1156 2321 1106 2321 1129 2321 1156 2322 1105 2322 1106 2322 1156 2323 1104 2323 1105 2323 1157 2324 1104 2324 1156 2324 1157 2325 1119 2325 1104 2325 1118 2326 1119 2326 1157 2326 1146 2327 1117 2327 1118 2327 1146 2328 1116 2328 1117 2328 1151 2329 1116 2329 1146 2329 1151 2330 1115 2330 1116 2330 1151 2331 1153 2331 1115 2331 1154 2332 1099 2332 1153 2332 1154 2333 1114 2333 1099 2333 1161 2334 1159 2334 1162 2334 1161 2335 1158 2335 1159 2335 1160 2336 1159 2336 1158 2336 1164 2337 1161 2337 1162 2337 1163 2338 1159 2338 1160 2338 1164 2339 1162 2339 1165 2339 1167 2340 1164 2340 1165 2340 1163 2341 1168 2341 1159 2341 1166 2342 1168 2342 1163 2342 1169 2343 1168 2343 1166 2343 1170 2344 1167 2344 1165 2344 1171 2345 1170 2345 1165 2345 1172 2346 1168 2346 1169 2346 1174 2347 1168 2347 1172 2347 1174 2348 1172 2348 1173 2348 1165 2349 1175 2349 1171 2349 1174 2350 1173 2350 1176 2350 1179 2351 1175 2351 1165 2351 1179 2352 1178 2352 1175 2352 1174 2353 1176 2353 1177 2353 1179 2354 1180 2354 1178 2354 1174 2355 1177 2355 1181 2355 1183 2356 1174 2356 1181 2356 1179 2357 1184 2357 1180 2357 1183 2358 1181 2358 1182 2358 1183 2359 1184 2359 1179 2359 1183 2360 1182 2360 1185 2360 1183 2361 1185 2361 1184 2361 1186 2362 1159 2362 1168 2362 1186 2363 1200 2363 1159 2363 1187 2364 1186 2364 1168 2364 1187 2365 1168 2365 1174 2365 1193 2366 1187 2366 1174 2366 1194 2367 1193 2367 1174 2367 1195 2368 1194 2368 1174 2368 1195 2369 1174 2369 1183 2369 1196 2370 1195 2370 1183 2370 1197 2371 1196 2371 1183 2371 1197 2372 1183 2372 1179 2372 1188 2373 1197 2373 1179 2373 1198 2374 1188 2374 1179 2374 1198 2375 1179 2375 1165 2375 1189 2376 1198 2376 1165 2376 1190 2377 1189 2377 1165 2377 1162 2378 1190 2378 1165 2378 1191 2379 1190 2379 1162 2379 1192 2380 1191 2380 1162 2380 1192 2381 1162 2381 1159 2381 1199 2382 1192 2382 1159 2382 1200 2383 1199 2383 1159 2383 1199 2384 1205 2384 1201 2384 1199 2385 1200 2385 1205 2385 1192 2386 1199 2386 1201 2386 1191 2387 1192 2387 1201 2387 1202 2388 1191 2388 1201 2388 1190 2389 1191 2389 1202 2389 1189 2390 1190 2390 1202 2390 1203 2391 1189 2391 1202 2391 1198 2392 1189 2392 1203 2392 1188 2393 1198 2393 1203 2393 1197 2394 1188 2394 1203 2394 1197 2395 1203 2395 1204 2395 1196 2396 1197 2396 1204 2396 1195 2397 1196 2397 1204 2397 1208 2398 1195 2398 1204 2398 1194 2399 1195 2399 1208 2399 1194 2400 1208 2400 1193 2400 1187 2401 1193 2401 1205 2401 1186 2402 1187 2402 1205 2402 1200 2403 1186 2403 1205 2403 1206 2404 1203 2404 1202 2404 1206 2405 1204 2405 1203 2405 1206 2406 1202 2406 1201 2406 1208 2407 1204 2407 1206 2407 1205 2408 1206 2408 1201 2408 1205 2409 1193 2409 1208 2409 1221 2410 1205 2410 1223 2410 1205 2411 1207 2411 1223 2411 1208 2412 1207 2412 1205 2412 1224 2413 1207 2413 1208 2413 1224 2414 1208 2414 1225 2414 1209 2415 1211 2415 1226 2415 1208 2416 1211 2416 1209 2416 1211 2417 1212 2417 1210 2417 1208 2418 1212 2418 1211 2418 1206 2419 1212 2419 1208 2419 1213 2420 1212 2420 1214 2420 1206 2421 1214 2421 1212 2421 1229 2422 1214 2422 1230 2422 1214 2423 1215 2423 1230 2423 1206 2424 1215 2424 1214 2424 1206 2425 1216 2425 1215 2425 1206 2426 1218 2426 1216 2426 1206 2427 1217 2427 1218 2427 1206 2428 1219 2428 1217 2428 1219 2429 1221 2429 1220 2429 1206 2430 1221 2430 1219 2430 1205 2431 1221 2431 1206 2431 1222 2432 1221 2432 1223 2432 1209 2433 1225 2433 1208 2433 1227 2434 1210 2434 1212 2434 1227 2435 1212 2435 1213 2435 1228 2436 1227 2436 1213 2436 1228 2437 1213 2437 1214 2437 1229 2438 1228 2438 1214 2438 1231 2439 1230 2439 1215 2439 1216 2440 1231 2440 1215 2440 1218 2441 1232 2441 1216 2441 1219 2442 1233 2442 1217 2442 1222 2443 1220 2443 1221 2443 1234 2444 1235 2444 1232 2444 1235 2445 1236 2445 1232 2445 1237 2446 1236 2446 1235 2446 1238 2447 1234 2447 1232 2447 1239 2448 1236 2448 1237 2448 1238 2449 1232 2449 1233 2449 1239 2450 1259 2450 1236 2450 1240 2451 1238 2451 1233 2451 1241 2452 1259 2452 1239 2452 1241 2453 1260 2453 1259 2453 1240 2454 1233 2454 1258 2454 1242 2455 1260 2455 1241 2455 1243 2456 1240 2456 1258 2456 1261 2457 1242 2457 1244 2457 1261 2458 1260 2458 1242 2458 1249 2459 1243 2459 1258 2459 1249 2460 1245 2460 1243 2460 1261 2461 1244 2461 1246 2461 1253 2462 1261 2462 1246 2462 1253 2463 1246 2463 1247 2463 1249 2464 1248 2464 1245 2464 1253 2465 1247 2465 1250 2465 1262 2466 1248 2466 1249 2466 1262 2467 1252 2467 1248 2467 1253 2468 1250 2468 1251 2468 1257 2469 1253 2469 1251 2469 1262 2470 1254 2470 1252 2470 1257 2471 1251 2471 1255 2471 1262 2472 1256 2472 1254 2472 1257 2473 1255 2473 1256 2473 1257 2474 1256 2474 1262 2474 1248 2475 1252 2475 1163 2475 1163 2476 1252 2476 1166 2476 1252 2477 1254 2477 1166 2477 1166 2478 1254 2478 1169 2478 1254 2479 1256 2479 1169 2479 1169 2480 1256 2480 1172 2480 1256 2481 1255 2481 1172 2481 1172 2482 1255 2482 1173 2482 1173 2483 1251 2483 1176 2483 1255 2484 1251 2484 1173 2484 1176 2485 1251 2485 1177 2485 1251 2486 1250 2486 1177 2486 1177 2487 1247 2487 1181 2487 1250 2488 1247 2488 1177 2488 1247 2489 1246 2489 1181 2489 1181 2490 1246 2490 1182 2490 1246 2491 1244 2491 1182 2491 1182 2492 1244 2492 1185 2492 1244 2493 1242 2493 1185 2493 1185 2494 1242 2494 1184 2494 1242 2495 1241 2495 1184 2495 1184 2496 1241 2496 1180 2496 1241 2497 1239 2497 1180 2497 1180 2498 1239 2498 1178 2498 1239 2499 1237 2499 1178 2499 1178 2500 1237 2500 1175 2500 1237 2501 1235 2501 1175 2501 1175 2502 1235 2502 1171 2502 1171 2503 1234 2503 1170 2503 1235 2504 1234 2504 1171 2504 1170 2505 1234 2505 1167 2505 1234 2506 1238 2506 1167 2506 1167 2507 1238 2507 1164 2507 1238 2508 1240 2508 1164 2508 1164 2509 1240 2509 1161 2509 1240 2510 1243 2510 1161 2510 1161 2511 1243 2511 1158 2511 1243 2512 1245 2512 1158 2512 1158 2513 1245 2513 1160 2513 1245 2514 1248 2514 1160 2514 1160 2515 1248 2515 1163 2515 1249 2516 1222 2516 1223 2516 1249 2517 1223 2517 1262 2517 1258 2518 1222 2518 1249 2518 1258 2519 1220 2519 1222 2519 1258 2520 1219 2520 1220 2520 1258 2521 1233 2521 1219 2521 1233 2522 1218 2522 1217 2522 1232 2523 1218 2523 1233 2523 1236 2524 1216 2524 1232 2524 1236 2525 1231 2525 1216 2525 1259 2526 1231 2526 1236 2526 1259 2527 1230 2527 1231 2527 1259 2528 1229 2528 1230 2528 1259 2529 1228 2529 1229 2529 1259 2530 1227 2530 1228 2530 1260 2531 1227 2531 1259 2531 1260 2532 1210 2532 1227 2532 1261 2533 1210 2533 1260 2533 1261 2534 1211 2534 1210 2534 1261 2535 1226 2535 1211 2535 1253 2536 1226 2536 1261 2536 1257 2537 1226 2537 1253 2537 1257 2538 1209 2538 1226 2538 1257 2539 1225 2539 1209 2539 1257 2540 1224 2540 1225 2540 1262 2541 1224 2541 1257 2541 1262 2542 1207 2542 1224 2542 1262 2543 1223 2543 1207 2543 1264 2544 1266 2544 1263 2544 1265 2545 1264 2545 1263 2545 1265 2546 1263 2546 1266 2546 1267 2547 1266 2547 1264 2547 1268 2548 1265 2548 1266 2548 1266 2549 1267 2549 1269 2549 1266 2550 1269 2550 1268 2550 1270 2551 1271 2551 1272 2551 1277 2552 1273 2552 1270 2552 1271 2553 1275 2553 1272 2553 1272 2554 1275 2554 1277 2554 1273 2555 1277 2555 1274 2555 1276 2556 1277 2556 1275 2556 1274 2557 1277 2557 1276 2557 1272 2558 1278 2558 1263 2558 1279 2559 1272 2559 1263 2559 1268 2560 1284 2560 1288 2560 1268 2561 1269 2561 1284 2561 1284 2562 1269 2562 1267 2562 1284 2563 1267 2563 1285 2563 1267 2564 1286 2564 1285 2564 1267 2565 1264 2565 1286 2565 1264 2566 1287 2566 1286 2566 1265 2567 1288 2567 1287 2567 1265 2568 1287 2568 1264 2568 1265 2569 1268 2569 1288 2569 1284 2570 1286 2570 1287 2570 1284 2571 1287 2571 1288 2571 1284 2572 1285 2572 1286 2572 1276 2573 1289 2573 1290 2573 1274 2574 1276 2574 1290 2574 1273 2575 1290 2575 1291 2575 1273 2576 1274 2576 1290 2576 1273 2577 1291 2577 1292 2577 1270 2578 1273 2578 1292 2578 1271 2579 1270 2579 1292 2579 1271 2580 1292 2580 1293 2580 1271 2581 1293 2581 1294 2581 1275 2582 1271 2582 1294 2582 1276 2583 1275 2583 1294 2583 1276 2584 1294 2584 1289 2584 1282 2585 1283 2585 1277 2585 1281 2586 1282 2586 1277 2586 1280 2587 1281 2587 1277 2587 1280 2588 1277 2588 1270 2588 1279 2589 1280 2589 1270 2589 1272 2590 1279 2590 1270 2590 1278 2591 1272 2591 1277 2591 1283 2592 1278 2592 1277 2592 1278 2593 1283 2593 1266 2593 1263 2594 1278 2594 1266 2594 1279 2595 1263 2595 1266 2595 1280 2596 1279 2596 1266 2596 1281 2597 1280 2597 1266 2597 1282 2598 1281 2598 1266 2598 1283 2599 1282 2599 1266 2599 1295 2600 1290 2600 1289 2600 1295 2601 1291 2601 1290 2601 1295 2602 1292 2602 1291 2602 1295 2603 1293 2603 1292 2603 1295 2604 1294 2604 1293 2604 1295 2605 1289 2605 1294 2605 1297 2606 1299 2606 1296 2606 1299 2607 1297 2607 1298 2607 1301 2608 1302 2608 1300 2608 1300 2609 1303 2609 1301 2609 1300 2610 1304 2610 1303 2610 1302 2611 1305 2611 1300 2611 1304 2612 1300 2612 1307 2612 1306 2613 1300 2613 1305 2613 1307 2614 1300 2614 1306 2614 1298 2615 1313 2615 1316 2615 1313 2616 1298 2616 1297 2616 1313 2617 1297 2617 1314 2617 1297 2618 1296 2618 1314 2618 1296 2619 1315 2619 1314 2619 1299 2620 1316 2620 1315 2620 1299 2621 1315 2621 1296 2621 1299 2622 1298 2622 1316 2622 1313 2623 1314 2623 1315 2623 1313 2624 1315 2624 1316 2624 1306 2625 1317 2625 1318 2625 1307 2626 1306 2626 1318 2626 1307 2627 1318 2627 1319 2627 1304 2628 1307 2628 1319 2628 1304 2629 1319 2629 1320 2629 1303 2630 1304 2630 1320 2630 1303 2631 1320 2631 1321 2631 1301 2632 1303 2632 1321 2632 1302 2633 1321 2633 1322 2633 1302 2634 1301 2634 1321 2634 1305 2635 1302 2635 1322 2635 1305 2636 1322 2636 1317 2636 1306 2637 1305 2637 1317 2637 1311 2638 1312 2638 1300 2638 1310 2639 1311 2639 1300 2639 1309 2640 1310 2640 1300 2640 1308 2641 1309 2641 1300 2641 1312 2642 1308 2642 1300 2642 1308 2643 1312 2643 1299 2643 1309 2644 1308 2644 1299 2644 1310 2645 1309 2645 1299 2645 1311 2646 1310 2646 1299 2646 1312 2647 1311 2647 1299 2647 1323 2648 1318 2648 1317 2648 1323 2649 1319 2649 1318 2649 1323 2650 1320 2650 1319 2650 1323 2651 1321 2651 1320 2651 1323 2652 1322 2652 1321 2652 1323 2653 1317 2653 1322 2653 1324 2654 1327 2654 1325 2654 1326 2655 1327 2655 1324 2655 1326 2656 1332 2656 1327 2656 1328 2657 1324 2657 1325 2657 1329 2658 1332 2658 1326 2658 1330 2659 1328 2659 1325 2659 1332 2660 1329 2660 1331 2660 1333 2661 1330 2661 1325 2661 1333 2662 1332 2662 1331 2662 1333 2663 1331 2663 1330 2663 1334 2664 1335 2664 1346 2664 1335 2665 1337 2665 1346 2665 1334 2666 1336 2666 1335 2666 1334 2667 1339 2667 1336 2667 1337 2668 1338 2668 1346 2668 1334 2669 1340 2669 1339 2669 1338 2670 1341 2670 1346 2670 1334 2671 1343 2671 1340 2671 1342 2672 1343 2672 1334 2672 1341 2673 1344 2673 1346 2673 1342 2674 1345 2674 1343 2674 1344 2675 1347 2675 1346 2675 1342 2676 1348 2676 1345 2676 1347 2677 1362 2677 1346 2677 1349 2678 1362 2678 1347 2678 1348 2679 1342 2679 1350 2679 1351 2680 1362 2680 1349 2680 1350 2681 1342 2681 1352 2681 1353 2682 1362 2682 1351 2682 1352 2683 1342 2683 1355 2683 1354 2684 1362 2684 1353 2684 1356 2685 1362 2685 1354 2685 1342 2686 1357 2686 1355 2686 1355 2687 1357 2687 1358 2687 1358 2688 1357 2688 1359 2688 1359 2689 1357 2689 1360 2689 1361 2690 1362 2690 1356 2690 1361 2691 1357 2691 1362 2691 1360 2692 1357 2692 1361 2692 1330 2693 1331 2693 1375 2693 1330 2694 1375 2694 1376 2694 1331 2695 1329 2695 1377 2695 1331 2696 1377 2696 1375 2696 1329 2697 1326 2697 1378 2697 1329 2698 1378 2698 1377 2698 1326 2699 1324 2699 1379 2699 1326 2700 1379 2700 1378 2700 1328 2701 1380 2701 1379 2701 1328 2702 1379 2702 1324 2702 1328 2703 1330 2703 1376 2703 1328 2704 1376 2704 1380 2704 1356 2705 1404 2705 1381 2705 1356 2706 1354 2706 1404 2706 1356 2707 1381 2707 1382 2707 1361 2708 1356 2708 1382 2708 1361 2709 1382 2709 1383 2709 1360 2710 1361 2710 1383 2710 1360 2711 1383 2711 1384 2711 1359 2712 1360 2712 1384 2712 1359 2713 1384 2713 1385 2713 1358 2714 1359 2714 1385 2714 1358 2715 1385 2715 1386 2715 1355 2716 1358 2716 1386 2716 1355 2717 1386 2717 1387 2717 1352 2718 1355 2718 1387 2718 1352 2719 1387 2719 1388 2719 1350 2720 1352 2720 1388 2720 1350 2721 1388 2721 1389 2721 1348 2722 1350 2722 1389 2722 1348 2723 1389 2723 1390 2723 1345 2724 1348 2724 1390 2724 1345 2725 1390 2725 1391 2725 1343 2726 1345 2726 1391 2726 1343 2727 1391 2727 1392 2727 1340 2728 1343 2728 1392 2728 1339 2729 1340 2729 1392 2729 1339 2730 1392 2730 1393 2730 1336 2731 1339 2731 1393 2731 1336 2732 1393 2732 1394 2732 1335 2733 1336 2733 1394 2733 1335 2734 1394 2734 1395 2734 1335 2735 1395 2735 1396 2735 1337 2736 1335 2736 1396 2736 1338 2737 1337 2737 1396 2737 1338 2738 1396 2738 1397 2738 1341 2739 1338 2739 1397 2739 1341 2740 1397 2740 1398 2740 1344 2741 1341 2741 1398 2741 1344 2742 1398 2742 1399 2742 1347 2743 1344 2743 1399 2743 1347 2744 1399 2744 1400 2744 1347 2745 1400 2745 1401 2745 1349 2746 1347 2746 1401 2746 1351 2747 1401 2747 1402 2747 1351 2748 1349 2748 1401 2748 1351 2749 1402 2749 1403 2749 1353 2750 1351 2750 1403 2750 1353 2751 1403 2751 1404 2751 1354 2752 1353 2752 1404 2752 1373 2753 1374 2753 1362 2753 1357 2754 1373 2754 1362 2754 1372 2755 1373 2755 1357 2755 1371 2756 1372 2756 1357 2756 1342 2757 1371 2757 1357 2757 1370 2758 1371 2758 1342 2758 1369 2759 1370 2759 1342 2759 1369 2760 1342 2760 1334 2760 1368 2761 1369 2761 1334 2761 1367 2762 1368 2762 1334 2762 1366 2763 1367 2763 1334 2763 1366 2764 1334 2764 1346 2764 1365 2765 1366 2765 1346 2765 1364 2766 1365 2766 1346 2766 1364 2767 1346 2767 1362 2767 1363 2768 1364 2768 1362 2768 1374 2769 1363 2769 1362 2769 1325 2770 1374 2770 1333 2770 1363 2771 1374 2771 1325 2771 1364 2772 1363 2772 1325 2772 1365 2773 1364 2773 1325 2773 1366 2774 1365 2774 1325 2774 1366 2775 1325 2775 1327 2775 1367 2776 1366 2776 1327 2776 1368 2777 1367 2777 1327 2777 1369 2778 1368 2778 1327 2778 1369 2779 1327 2779 1332 2779 1370 2780 1369 2780 1332 2780 1371 2781 1370 2781 1332 2781 1333 2782 1371 2782 1332 2782 1372 2783 1371 2783 1333 2783 1373 2784 1372 2784 1333 2784 1374 2785 1373 2785 1333 2785 1381 2786 1404 2786 1406 2786 1382 2787 1381 2787 1406 2787 1383 2788 1382 2788 1406 2788 1384 2789 1383 2789 1406 2789 1385 2790 1384 2790 1406 2790 1405 2791 1385 2791 1406 2791 1386 2792 1385 2792 1405 2792 1387 2793 1386 2793 1405 2793 1388 2794 1387 2794 1405 2794 1389 2795 1388 2795 1405 2795 1390 2796 1389 2796 1405 2796 1391 2797 1390 2797 1405 2797 1392 2798 1391 2798 1405 2798 1393 2799 1392 2799 1405 2799 1394 2800 1393 2800 1405 2800 1395 2801 1394 2801 1405 2801 1396 2802 1395 2802 1405 2802 1397 2803 1396 2803 1405 2803 1398 2804 1397 2804 1405 2804 1399 2805 1398 2805 1405 2805 1400 2806 1399 2806 1405 2806 1401 2807 1405 2807 1406 2807 1401 2808 1400 2808 1405 2808 1402 2809 1401 2809 1406 2809 1403 2810 1402 2810 1406 2810 1404 2811 1403 2811 1406 2811 1377 2812 1378 2812 1379 2812 1375 2813 1379 2813 1380 2813 1375 2814 1380 2814 1376 2814 1375 2815 1377 2815 1379 2815</p>
                </triangles>
            </mesh>
        </geometry>
    </library_geometries>
    <library_visual_scenes>
        <visual_scene id="VisualSceneNode" name="VisualScene">
            <node id="node" name="node">
                <instance_geometry url="#shape0-lib"/>
            </node>
        </visual_scene>
    </library_visual_scenes>
    <scene>
        <instance_visual_scene url="#VisualSceneNode"/>
    </scene>
</COLLADA>
