<?xml version="1.0" encoding="UTF-8"?>
<COLLADA xmlns="http://www.collada.org/2005/11/COLLADASchema" version="1.4.1">
    <asset>
        <contributor>
            <author>VCGLab</author>
            <authoring_tool>VCGLib | MeshLab</authoring_tool>
        </contributor>
        <created>월 1 13 13:31:31 2025 GMT</created>
        <modified>월 1 13 13:31:31 2025 GMT</modified>
        <up_axis>Y_UP</up_axis>
    </asset>
    <library_geometries>
        <geometry id="shape0-lib" name="shape0">
            <mesh>
                <source id="shape0-lib-positions" name="position">
                    <float_array id="shape0-lib-positions-array" count="10626">0.031094 0.014 0.0502196 0.0300541 0.008 0.0470935 0.0307593 0.01525 0.0481561 0.029037 0.014 0.0451245 0.0270312 0.008 0.0440879 0.0267141 0.014 0.0439417 0.0243614 0.008 0.0433554 0.0208408 0.008 0.0438722 0.0232414 0.014 0.0433661 0.0197668 0.014 0.0443714 0.0181412 0.008 0.0458149 0.0179817 0.014 0.0459517 0.0165876 0.008 0.0484713 0.0165876 0.014 0.0484713 0.0162744 0.014 0.0516321 0.0163082 0.008 0.0517438 0.0168282 0.014 0.0538905 0.0182387 0.008 0.055761 0.0184706 0.014 0.0564619 0.0200853 0.008 0.0573297 0.0216316 0.014 0.0579 0.0218038 0.008 0.0579726 0.0248188 0.008 0.0580938 0.0248964 0.014 0.058068 0.0281101 0.014 0.0567167 0.0281076 0.008 0.0566946 0.0305622 0.008 0.0535594 0.0305898 0.014 0.0534194 0.0311288 0.008 0.0507769 0.00238392 0.026 0.0297461 0.00175598 0.0141 0.0283326 0.00161729 0.026 0.0281419 0.000114352 0.0141 0.027537 -0.000252464 0.026 0.0275697 -0.00158771 0.0141 0.0282024 -0.00208206 0.026 0.0288775 -0.00244544 0.0141 0.0297475 -0.00211284 0.0141 0.0312122 -0.00218844 0.026 0.0310303 -0.00111324 0.026 0.0322223 -0.00101099 0.0141 0.0322784 -0.000200901 0.026 0.0324745 -0.000200901 0.0141 0.0324745 0.000628379 0.0141 0.0324054 0.000628379 0.026 0.0324054 0.00178314 0.0141 0.0316906 0.00176625 0.026 0.0317167 0.00241021 0.0141 0.0302706 -0.0191109 0.0141 0.0200647 -0.0196466 0.026 0.0193223 -0.0205491 0.0141 0.0188233 -0.0214177 0.026 0.0188198 -0.022064 0.0141 0.0189332 -0.0229671 0.026 0.0194481 -0.0230938 0.0141 0.0195847 -0.0235704 0.026 0.0205148 -0.0236059 0.0141 0.0205967 -0.0236718 0.0141 0.0215995 -0.0236718 0.026 0.0215995 -0.0230049 0.0141 0.0228397 -0.0231655 0.026 0.0226927 -0.0216702 0.026 0.0236231 -0.0211879 0.0141 0.0236426 -0.0201431 0.026 0.0234529 -0.0196602 0.0141 0.0231312 -0.0192314 0.026 0.0226758 -0.0188613 0.0141 0.021868 -0.0188071 0.026 0.0209577 -0.0277948 0.0141 -0.00107388 -0.0279305 0.026 -0.00131271 -0.0287468 0.0141 -0.00213116 -0.0289725 0.026 -0.00225763 -0.0303155 0.0141 -0.00240291 -0.0303892 0.026 -0.00242561 -0.0313831 0.026 -0.0020701 -0.031561 0.0141 -0.00193246 -0.0321883 0.0141 -0.00118266 -0.0320499 0.026 -0.00140687 -0.032446 0.026 -0.000430988 -0.0324325 0.0141 3.23746e-05 -0.0321679 0.026 0.00107077 -0.0313798 0.0141 0.00192582 -0.030209 0.026 0.00238511 -0.0296217 0.0141 0.00245632 -0.0287671 0.026 0.00215144 -0.0285258 0.0141 0.00197198 -0.0276247 0.0141 0.000525865 -0.0276443 0.026 0.000508555 -0.0190213 0.026 -0.0223803 -0.0190815 0.0141 -0.0224976 -0.0197626 0.026 -0.023188 -0.0204965 0.0141 -0.0234896 -0.0217939 0.026 -0.0235469 -0.0223441 0.0141 -0.0233372 -0.0234801 0.026 -0.022127 -0.0236521 0.026 -0.0207596 -0.0236123 0.0141 -0.0214174 -0.0230497 0.026 -0.0196411 -0.0230543 0.0141 -0.019641 -0.0216984 0.026 -0.0187734 -0.0216984 0.0141 -0.0187734 -0.0206721 0.0141 -0.0188083 -0.0206721 0.026 -0.0188083 -0.0193324 0.0141 -0.0197352 -0.0192616 0.026 -0.0197848 -0.0187722 0.0141 -0.0216123 -0.0187524 0.026 -0.0215451 0.00247465 0.026 -0.0298844 0.00244745 0.0141 -0.0304631 0.00235878 0.026 -0.0307925 0.0015946 0.0141 -0.0317562 0.00112935 0.026 -0.0321249 -0.000106264 0.0141 -0.03245 -0.000941234 0.026 -0.0322163 -0.00215373 0.026 -0.0311574 -0.00204529 0.0141 -0.0312796 -0.0024368 0.0141 -0.02955 -0.00241336 0.026 -0.029476 -0.00189866 0.0141 -0.0284456 -0.00193 0.026 -0.0284555 -0.00135141 0.026 -0.0279078 -0.00117542 0.0141 -0.0278093 0.000123494 0.0141 -0.0275395 -0.000171069 0.026 -0.0275628 0.0015636 0.0141 -0.0281603 0.00157515 0.026 -0.028185 0.00242733 0.0141 -0.0294696 0.0121794 -0.00899994 0.0318171 0.0116245 -0.009 0.0329994 0.0108131 -0.009 0.0341664 0.0126324 -0.00900044 0.029707 0.00956257 -0.009 0.0354066 0.00820314 -0.009 0.036282 0.0129951 -0.00900007 0.0269591 0.013124 -0.009 0.0251045 0.00495807 -0.009 0.0371593 0.00683124 -0.009 0.036812 0.00219555 -0.009 0.0374357 0.00376383 -0.009 0.0325026 0.00435806 -0.009 0.0309922 -0.000580344 -0.009 0.0374841 0.00446694 -0.009 0.0290487 0.0131666 -0.009 0.0232578 0.0114859 -0.009 0.0206581 0.0103298 -0.009 0.0222555 0.00466299 -0.009 0.0275291 0.00908521 -0.009 0.0226172 0.0115743 -0.009 0.0193956 0.00557204 -0.009 0.0258531 -0.00427306 -0.009 0.0372443 0.00583807 -0.009 0.023631 -0.00701937 -0.009 0.0368372 0.00669151 -0.009 0.0212572 -0.00882892 -0.009 0.0364458 0.00518058 -0.009 0.0223529 -0.00697048 -0.009 0.0332904 0.00640094 -0.009 0.0199853 -0.0106169 -0.009 0.0359657 0.00466611 -0.009 0.0211508 0.00954564 -0.009 0.0144443 0.0102662 -0.009 0.0177327 0.00451867 -0.009 0.019843 0.00886638 -0.009 0.0173922 0.0111924 -0.009 0.0185253 0.0101181 -0.009 0.0132391 0.00485978 -0.009 0.0183381 0.00817299 -0.009 0.0155293 0.010163 -0.009 0.0128746 0.0101666 -0.009 0.0161509 0.0069663 -0.009 0.018346 0.00666691 -0.009 0.0161749 0.0077475 -0.009 0.0176824 0.00572378 -0.009 0.0169289 -0.00791596 -0.009 0.0315786 -0.010251 -0.009 0.0312194 -0.0123791 -0.009 0.0353978 -0.00962868 -0.009 0.0295635 -0.00779461 -0.009 0.0300847 -0.0115515 -0.009 0.032091 -0.00781956 -0.009 0.0288079 -0.0141111 -0.009 0.0347437 -0.0127202 -0.009 0.0321593 -0.0135605 -0.009 0.0318429 -0.00824833 -0.009 0.0275522 -0.00947981 -0.009 0.0260819 -0.0100222 -0.009 0.0281665 -0.0166382 -0.009 0.0335941 -0.0147253 -0.009 0.0303171 -0.0190842 -0.009 0.0322807 -0.0120219 -0.009 0.0251238 -0.0138968 -0.009 0.025406 -0.0115161 -0.009 0.0271655 -0.0162718 -0.009 0.0273721 -0.0147976 -0.009 0.0289105 -0.0150801 -0.009 0.0260897 -0.0139099 -0.009 0.0275684 -0.0173235 -0.009 0.0282068 -0.0182362 -0.009 0.0284528 -0.0206541 -0.009 0.0312995 -0.0229065 -0.009 0.0296763 -0.0250473 -0.009 0.0279085 -0.0263942 -0.009 0.0266383 -0.0276767 -0.009 0.0253031 0.0101666 -0.009 -0.0127275 -0.0288918 -0.009 0.0239063 0.0100668 -0.009 -0.013472 0.0097503 -0.009 -0.0142313 0.0110847 -0.009 -0.0183797 0.011417 -0.009 -0.0189274 0.0101531 -0.009 -0.0129844 -0.0300365 -0.009 0.0224512 -0.0278983 -0.009 0.0202962 0.0085881 -0.009 -0.0152956 0.00959376 -0.009 -0.0175699 0.00660463 -0.009 -0.0162305 0.0131666 -0.009 -0.0232578 0.0110043 -0.009 -0.0215321 0.0116289 -0.009 -0.0198278 -0.031108 -0.009 0.0209414 0.00751517 -0.009 -0.017865 0.00528585 -0.009 -0.0174941 0.013124 -0.009 -0.0251045 -0.0321037 -0.009 0.0193806 -0.0269803 -0.009 0.0159227 -0.0281409 -0.009 0.0144342 -0.0259135 -0.009 0.0148651 0.00462211 -0.009 -0.019165 0.00650308 -0.009 -0.0197018 -0.0252799 -0.009 0.0135015 -0.0280187 -0.009 0.0169659 -0.0293267 -0.009 0.0148672 -0.0270824 -0.009 0.0128969 -0.0301042 -0.009 0.0148344 -0.0330211 -0.009 0.0177724 -0.0251574 -0.009 0.01149 -0.0270721 -0.009 0.0114341 -0.0256619 -0.009 0.0100298 -0.0307122 -0.009 0.0146297 0.00473302 -0.009 -0.0213179 0.00548864 -0.009 -0.0228708 -0.0284386 -0.009 0.00998329 0.00696133 -0.009 -0.0216199 0.009304 -0.009 -0.0225906 -0.033858 -0.009 0.016121 -0.0310828 -0.009 0.0144148 -0.0313176 -0.009 0.0142328 -0.0314145 -0.009 0.0141429 -0.0315067 -0.009 0.0140483 -0.026589 -0.009 0.00889621 0.0124452 -0.009 -0.0307974 0.0127835 -0.00900039 -0.028781 0.0129944 -0.00900018 -0.0269636 0.00580175 -0.009 -0.0254719 -0.0278402 -0.009 0.00811174 0.01221 -0.009 -0.0316492 -0.0346124 -0.009 0.0144303 -0.0316822 -0.009 0.0138296 -0.0319438 -0.009 0.0134011 -0.0290155 -0.009 0.00780491 0.00476684 -0.009 -0.0274235 0.0117584 -0.009 -0.0327367 -0.0300947 -0.009 0.00968531 -0.0352824 -0.009 0.0127044 -0.0307876 -0.009 0.00786684 -0.031717 -0.009 0.00788772 0.00446351 -0.009 -0.0295721 -0.0313683 -0.009 0.0103557 -0.0358664 -0.009 0.0109476 -0.0321105 -0.009 0.0119531 0.00633544 -0.0088125 -0.0280083 0.00437852 -0.009 -0.0310107 0.0107579 -0.00900004 -0.0342301 -0.036363 -0.009 0.00916407 0.00870866 -0.009 -0.0359802 -0.036771 -0.009 0.00735821 0.00635343 -0.009 -0.0369244 -0.0370894 -0.009 0.00553441 0.00404051 -0.009 -0.0372817 0.00244269 -0.009 -0.0337752 -0.0373173 -0.009 0.00369712 0.00219555 -0.009 -0.0374357 -0.0374543 -0.009 0.00185081 0.000345234 -0.009 -0.0374984 -0.0375 -0.009 -8.24086e-17 -0.009644 -0.009 -0.0259574 -0.0105218 -0.009 -0.0275853 -0.00978541 -0.009 -0.0286338 -0.00838926 -0.009 -0.0272972 -0.0270356 -0.009 -0.00859424 -0.0256533 -0.009 -0.0100728 -0.0271206 -0.009 -0.011541 -0.0287538 -0.009 -0.00783265 -0.0251356 -0.009 -0.0115844 -0.0078891 -0.009 -0.0284531 -0.00778143 -0.009 -0.0295907 -0.0120164 -0.009 -0.0270157 -0.00972445 -0.009 -0.0301139 -0.0287559 -0.009 -0.00978891 -0.0302954 -0.009 -0.00782423 -0.0117776 -0.009 -0.0251116 -0.00150592 -0.009 -0.0374697 -0.00370497 -0.00899998 -0.0342822 -0.0374543 -0.009 -0.00185081 -0.0251624 -0.009 -0.0131165 -0.0132488 -0.009 -0.025207 -0.0304448 -0.009 -0.00979082 -0.0272485 -0.009 -0.0134514 -0.00335341 -0.009 -0.0373498 -0.0373173 -0.009 -0.00369712 -0.0257185 -0.009 -0.0145122 -0.0146076 -0.009 -0.025749 -0.01568 -0.009 -0.026714 -0.0142822 -0.009 -0.027956 -0.00519272 -0.009 -0.0371387 -0.0107689 -0.009 -0.0317392 -0.0370894 -0.009 -0.00553441 -0.0339318 -0.009 -0.00598909 -0.0340787 -0.009 -0.00537546 -0.028371 -0.009 -0.014556 -0.00701937 -0.009 -0.0368372 -0.0274149 -0.009 -0.0163188 -0.036771 -0.009 -0.00735821 -0.0148639 -0.009 -0.0293516 -0.0169347 -0.009 -0.0279996 -0.00882892 -0.009 -0.0364458 -0.036363 -0.009 -0.00916407 -0.0175255 -0.009 -0.028296 -0.0106169 -0.009 -0.0359657 -0.0115724 -0.009 -0.0321086 -0.0358664 -0.009 -0.0109476 -0.0123791 -0.009 -0.0353978 -0.013207 -0.009 -0.0319542 -0.0352824 -0.009 -0.0127044 -0.0317694 -0.009 -0.0108992 -0.0141111 -0.009 -0.0347437 -0.0346124 -0.009 -0.0144303 -0.0321211 -0.009 -0.0127201 -0.0158086 -0.009 -0.0340049 -0.0145119 -0.009 -0.0308957 -0.033858 -0.009 -0.016121 -0.0174677 -0.009 -0.0331833 -0.0330211 -0.009 -0.0177724 -0.0312368 -0.009 -0.0142075 -0.02976 -0.009 -0.0148597 -0.0190842 -0.009 -0.0322807 -0.0187576 -0.009 -0.028451 -0.0321037 -0.009 -0.0193806 -0.0284688 -0.009 -0.018611 -0.028448 -0.009 -0.0181697 -0.0206541 -0.009 -0.0312995 -0.0195269 -0.009 -0.0283133 -0.031108 -0.009 -0.0209414 -0.0221737 -0.009 -0.0302419 -0.0202962 -0.009 -0.0278983 -0.0300365 -0.009 -0.0224512 -0.0236393 -0.009 -0.0291107 -0.0288918 -0.009 -0.0239063 -0.0267046 -0.00899997 -0.0218055 -0.0250473 -0.009 -0.0279085 -0.0276767 -0.009 -0.0253031 -0.0245553 -0.00899998 -0.0242437 -0.0263942 -0.009 -0.0266383 0.0235793 0.0141 -0.0220082 0.0236475 0.026 -0.0217289 0.023426 0.026 -0.022365 0.0231924 0.0141 -0.0227026 0.022963 0.026 -0.0229736 0.0222971 0.0141 -0.0234462 0.0219426 0.026 -0.0235652 0.0210883 0.0141 -0.0236561 0.0208274 0.026 -0.0236692 0.019362 0.0141 -0.0227451 0.0192286 0.026 -0.0225512 0.018733 0.026 -0.0210428 0.0187322 0.0141 -0.0211045 0.0191251 0.0141 -0.0199469 0.0191689 0.026 -0.0198698 0.0204298 0.026 -0.0188807 0.0205498 0.0141 -0.0188267 0.0220079 0.0141 -0.0189351 0.0218809 0.026 -0.0188657 0.0232393 0.026 -0.0198036 0.023297 0.0141 -0.0198673 0.0236846 0.026 -0.0209191 0.0236783 0.0141 -0.0210704 0.0324172 0.026 0.000119934 0.0320232 0.0141 -0.00128384 0.0313658 0.026 -0.00194315 0.0306077 0.0141 -0.00239809 0.0292611 0.0141 -0.00236964 0.0293847 0.026 -0.00238201 0.0283536 0.026 -0.00185419 0.0276295 0.026 -0.000553017 0.0280477 0.0141 -0.00140538 0.0275292 0.0141 0.000208203 0.0278003 0.026 0.00107946 0.0283273 0.0141 0.00174257 0.0287667 0.026 0.00215211 0.0299592 0.0141 0.00245885 0.0303754 0.026 0.00238614 0.0313483 0.0141 0.00207167 0.0318236 0.026 0.00166643 0.0322232 0.0141 0.000988073 0.0235131 0.026 0.020442 0.0234 0.0141 0.0203001 0.0225583 0.026 0.0191531 0.0220455 0.0141 0.0188936 0.0214384 0.026 0.0187299 0.0207813 0.0141 0.0188029 0.0201342 0.026 0.0190193 0.0194352 0.0141 0.019479 0.0189741 0.026 0.0203947 0.0188824 0.0141 0.0205264 0.0189122 0.0141 0.0221365 0.0190366 0.026 0.022399 0.0203478 0.026 0.0234622 0.0200527 0.0141 0.0233453 0.0219606 0.0141 0.0235335 0.0231849 0.0141 0.0226479 0.0223172 0.026 0.0233851 0.0234535 0.026 0.0222378 0.024118 0.009 0.0242727 0.0257914 0.009 0.0381011 0.0214969 0.009 0.0254342 0.0253885 0.009 0.0220287 0.0196246 0.009 0.0384591 0.0105863 0.009 0.034424 0.0116245 0.009 0.0329994 0.00912111 0.009 0.0357157 0.0143164 0.009 0.0421323 0.0121541 0.009 0.0317856 0.00687691 0.009 0.0367939 0.0124452 0.009 0.0307974 0.00498039 0.009 0.0371568 0.0109109 0.009 0.0489591 0.0128897 0.009 0.0278646 0.0187301 0.009 0.0246332 0.00228519 0.009 0.0374303 0.0374751 0.009 0.00136623 0.0358431 0.009 0.0461309 0.0341312 0.009 0.0431223 0.013124 0.009 0.0251045 -0.000423266 0.009 0.0374867 0.0131666 0.009 0.0232578 0.017038 0.009 0.0218398 0.0173194 0.009 0.0195011 0.0316934 0.009 0.00377611 0.0341046 0.009 0.000276491 -0.00312975 0.009 0.0373692 0.011088 0.009 0.0536167 0.0248246 0.009 0.0191236 0.0374604 0.009 -0.00144497 -0.00492579 0.009 0.0371751 0.0286013 0.009 0.003981 -0.00671039 0.009 0.0368947 0.022332 0.009 0.0171588 0.0368886 0.009 -0.00656222 0.0265884 0.009 0.00256735 0.020312 0.009 0.0170248 -0.00847943 0.009 0.0365288 0.0322593 0.009 -0.00338527 0.0260035 0.009 0.00156853 0.0193975 0.009 0.0173194 0.0362053 0.009 -0.00976873 0.0296407 0.009 -0.00425403 0.0257416 0.009 0.00030595 -0.0102288 0.009 0.036078 -0.0119544 0.009 0.0355435 0.0123484 0.009 0.0571484 0.0353605 0.009 -0.0124501 -0.0136523 0.009 0.0349266 0.0343391 0.009 -0.0150692 -0.0153185 0.009 0.0342286 -0.0169491 0.009 0.0334511 -0.0185404 0.009 0.0325961 0.0248808 0.009 -0.0192136 0.0324024 0.009 -0.0188127 0.0232834 0.009 -0.0174823 0.0283481 0.009 -0.0039527 0.0273249 0.009 -0.00333376 0.0220372 0.009 -0.0170023 0.0254173 0.009 -0.0218339 0.0301024 0.009 -0.0223432 0.0199574 0.009 -0.0171671 0.0245131 0.009 -0.023879 0.0260625 0.009 -0.00157962 0.0277216 0.009 -0.0252366 0.0182051 0.009 -0.0181675 0.0185652 0.009 0.0178498 0.0257609 0.009 -0.0272512 0.0226857 0.009 -0.0252008 0.0225194 0.009 -0.0299451 0.0131666 0.009 -0.0232578 0.0171236 0.009 -0.0221954 0.0172104 0.009 -0.019799 0.013124 0.009 -0.0251045 0.0191422 0.009 -0.0247419 0.0128897 0.009 -0.0278646 0.0190262 0.009 -0.0323013 0.012486 0.009 -0.0306051 0.0157066 0.009 -0.0340393 0.0122751 0.009 -0.0314123 0.0112451 0.009 -0.0335426 0.0122301 0.009 -0.0354372 0.00951667 0.009 -0.0354278 0.00954355 0.009 -0.0362653 0.00771061 0.009 -0.0365038 0.00771923 0.009 -0.0366969 0.00630693 0.009 -0.0369403 -0.0230419 0.009 0.0295858 -0.0215904 0.009 0.0306611 -0.0200887 0.009 0.0316653 0.0162932 0.0165 0.0602207 0.016534 0.008 0.0603987 0.0167747 0.0165 0.0605768 0.0179239 0.0165 0.0612782 0.0175307 0.008 0.0610615 0.0194925 0.0165 0.0619782 0.0193569 0.008 0.0619149 0.0230296 0.0165 0.0626668 0.0228426 0.008 0.0626709 0.02604 0.0165 0.0625057 0.02604 0.008 0.0625057 0.0279708 0.0165 0.061927 0.0279038 0.008 0.0619603 0.0302784 0.008 0.0607137 0.0304221 0.0165 0.0606586 0.0319273 0.0165 0.0594316 0.0334354 0.008 0.0575868 0.0340414 0.0165 0.0566493 0.0351241 0.008 0.0542003 0.0355978 0.008 0.0519363 0.0354407 0.0165 0.0528562 0.0356587 0.0165 0.0511904 -0.0230419 0.0165 0.0295858 0.0135159 0.00853424 0.0580577 0.0375287 0.0165006 -0.00010582 0.0374608 0.0165 -0.00143634 0.0370447 0.0165 -0.00561637 0.0362143 0.0165 -0.00973536 0.0353749 0.0165 -0.0124093 0.0343598 0.0165 -0.0150217 0.0331315 0.0165 -0.0175408 0.0309437 0.0165 -0.0211267 0.0284091 0.0165 -0.0244781 0.0264931 0.0165 -0.0265235 0.0233458 0.0165 -0.0293057 0.0199363 0.0165 -0.0317615 0.0175028 0.0165 -0.0331516 0.0136755 0.0165 -0.0348831 0.00969385 0.0165 -0.0362254 0.00695875 0.0165 -0.0368368 0.00418908 0.0165 -0.0372653 0.00232723 0.0165 -0.0374277 0.000459594 0.0165 -0.0374972 -0.00140918 0.0165 -0.0374735 -0.00327446 0.0165 -0.0373568 -0.0051316 0.0165 -0.0371472 -0.00697599 0.0165 -0.0368454 -0.00880306 0.0165 -0.0364521 -0.0106083 0.0165 -0.0359683 -0.0123871 0.0165 -0.035395 -0.0141352 0.0165 -0.0347339 -0.0158482 0.0165 -0.0339865 -0.0175218 0.0165 -0.0331547 -0.0191519 0.0165 -0.0322406 -0.0207344 0.0165 -0.0312463 -0.0222654 0.0165 -0.0301745 -0.0237412 0.0165 -0.0290277 -0.0251579 0.0165 -0.0278088 -0.0265122 0.0165 -0.0265209 -0.0278006 0.0165 -0.025167 -0.0290199 0.0165 -0.0237507 -0.0301672 0.0165 -0.0222753 -0.0312396 0.0165 -0.0207446 -0.0322343 0.0165 -0.0191624 -0.033149 0.0165 -0.0175327 -0.0339813 0.0165 -0.0158593 -0.0347293 0.0165 -0.0141466 -0.035391 0.0165 -0.0123987 -0.0359648 0.0165 -0.01062 -0.0364492 0.0165 -0.008815 -0.0368431 0.0165 -0.00698806 -0.0371456 0.0165 -0.00514376 -0.0373557 0.0165 -0.00328669 -0.037473 0.0165 -0.00142145 -0.0374973 0.0165 0.000447316 -0.0374285 0.0165 0.00231497 -0.0372666 0.0165 0.00417688 -0.0370123 0.0165 0.00602841 -0.0366659 0.0165 0.00786497 -0.0362286 0.0165 0.00968199 -0.0357012 0.0165 0.011475 -0.0350851 0.0165 0.0132394 -0.0343819 0.0165 0.014971 -0.0335933 0.0165 0.0166654 -0.0327213 0.0165 0.0183184 -0.031768 0.0165 0.019926 -0.0307358 0.0165 0.021484 -0.0296272 0.0165 0.0229886 -0.0284451 0.0165 0.0244362 -0.0271923 0.0165 0.025823 -0.025872 0.0165 0.0271458 -0.0244874 0.0165 0.028401 0.0357633 0.00840184 0.0483205 0.0289268 0.01675 0.0593222 0.0341764 0.017 0.0548632 0.0246996 0.016625 0.0601483 0.035159 0.017 0.0511722 0.0318224 0.01675 0.0544652 0.0239038 0.017 0.0619954 0.0180535 0.017 0.0607411 0.0211105 0.01675 0.0594633 0.0166004 0.017 0.0598262 0.0178503 0.016625 0.0561657 0.016313 0.017 0.0540164 0.0258203 0.017 0.026457 0.0268056 0.017 0.0422696 0.0308944 0.017 0.0472452 0.0217474 0.017 0.0298424 0.0300258 0.017 0.0215664 0.0145525 0.017 0.0339311 0.0191708 0.017 0.042294 0.0329069 0.017 0.0168462 0.0346062 0.017 0.0130598 0.0354972 0.017 0.010438 0.00595221 0.017 0.0364598 -0.000936761 0.017 0.0369565 0.0150086 0.017 0.0491075 -0.00552835 0.017 0.0365526 -0.0109191 0.017 0.035319 -0.0148211 0.017 0.0339018 -0.0177066 0.017 0.032452 -0.0227347 0.017 0.0291913 -0.0212501 0.017 0.0302892 0.0369754 0.017 0.00134802 0.0367596 0.017 0.00410855 0.0361672 0.017 0.00775136 0.0350885 0.008 0.0478676 0.0290012 0.008 0.0405282 0.0127178 0.008 0.0541907 0.0194441 0.008 0.0396772 0.0126347 0.008 0.0463365 0.0155673 0.008 0.0420445 -0.034837 0.019 -0.00304764 -0.034837 0.0255 -0.00304764 -0.034306 0.019 -0.00693511 -0.034306 0.0255 -0.00693511 -0.0332853 0.019 -0.0107236 -0.0336814 0.0255 -0.00947647 -0.0325705 0.0255 -0.012783 -0.0318928 0.019 -0.0143906 -0.0305005 0.0255 -0.0171063 -0.0296099 0.019 -0.0186054 -0.028409 0.0255 -0.0204247 -0.0273556 0.019 -0.0218154 -0.0268116 0.0255 -0.0224976 -0.0247277 0.019 -0.0247274 -0.0241033 0.0255 -0.0253365 -0.0218221 0.019 -0.0273641 -0.0218221 0.0255 -0.0273641 -0.0197101 0.0255 -0.0289094 -0.018605 0.019 -0.0296101 -0.0167337 0.0255 -0.0307282 -0.0151812 0.019 -0.0315241 -0.014395 0.0255 -0.0319027 -0.0115501 0.019 -0.0330076 -0.0107232 0.0255 -0.0332854 -0.00650155 0.019 -0.0343604 -0.00564249 0.0255 -0.0345119 -0.00130778 0.019 -0.0349456 -0.000435745 0.0255 -0.0349674 0.00391521 0.019 -0.0347502 0.00478074 0.0255 -0.0346418 0.00778823 0.019 -0.0341225 0.00863382 0.0255 -0.0339072 0.0103132 0.019 -0.0334347 0.011147 0.0255 -0.0331775 0.0139841 0.019 -0.0320523 0.0147792 0.0255 -0.0316936 0.0175 0.019 -0.0303109 0.0182446 0.0255 -0.0298559 0.0197101 0.019 -0.0289094 0.0211266 0.0255 -0.027891 0.0228104 0.019 -0.0265065 0.0237986 0.0255 -0.0256488 0.0256568 0.019 -0.0238061 0.0262342 0.0255 -0.0231518 0.0283737 0.019 -0.0203993 0.028409 0.0255 -0.0204247 0.0303015 0.0255 -0.0174946 0.0311358 0.019 -0.0159624 0.0318928 0.0255 -0.0143906 0.0327094 0.019 -0.0123694 0.0331671 0.0255 -0.0111436 0.0341876 0.019 -0.00735615 0.0343605 0.0255 -0.00650115 0.0349456 0.019 -0.00130737 0.0349456 0.0255 -0.00130737 0.0348913 0.0255 0.00261474 0.0348913 0.019 0.00261474 0.0344576 0.0255 0.0060758 0.0341876 0.019 0.00735615 0.0339177 0.0255 0.00863651 0.0331671 0.019 0.0111436 0.0331671 0.0255 0.0111436 0.0316937 0.019 0.0147788 0.0318928 0.0255 0.0143906 0.0307378 0.0255 0.0167389 0.0291371 0.019 0.0193375 0.0286457 0.0255 0.0200582 0.0268116 0.019 0.0224976 0.0262342 0.0255 0.0231518 0.0237691 0.019 0.025617 0.0237986 0.0255 0.0256488 0.0211266 0.0255 0.027891 0.0197101 0.019 0.0289094 0.0189891 0.0255 0.0294009 0.0167337 0.019 0.0307282 0.0155644 0.0255 0.0313154 0.013181 0.019 0.0323909 0.0107232 0.0255 0.0332854 0.00947942 0.019 0.0336918 0.00564249 0.019 0.0345119 0.00693296 0.0255 0.0342954 0.00304805 0.0255 0.034837 0.00174406 0.019 0.0349456 -0.00304805 0.019 0.034837 -0.00174406 0.0255 0.0349456 -0.00521486 0.0255 0.0345983 -0.00693296 0.019 0.0342954 -0.00778823 0.0255 0.0341225 -0.0107232 0.019 0.0332854 -0.0107232 0.0255 0.0332854 -0.014395 0.0255 0.0319027 -0.014395 0.019 0.0319027 -0.0167337 0.0255 0.0307282 -0.017106 0.019 0.0305007 -0.0189891 0.0255 0.0294009 -0.0214608 0.019 0.0276105 -0.0214608 0.0255 0.0276105 -0.0253362 0.019 0.0241036 -0.0253362 0.0255 0.0241036 -0.0286457 0.019 0.0200582 -0.0291371 0.0255 0.0193375 -0.0311358 0.019 0.0159624 -0.0311358 0.0255 0.0159624 -0.0327094 0.019 0.0123694 -0.0330078 0.0255 0.0115497 -0.0341119 0.0255 0.00778581 -0.0341876 0.019 0.00735615 -0.0346091 0.0255 0.00521648 -0.0349022 0.019 0.00217859 -0.0349456 0.0255 0.00130737 -0.0261275 0.026 0.0224848 -0.0221417 0.026 0.0263875 -0.0168616 0.026 0.030065 -0.0259411 0.026 0.0150392 -0.0140997 0.026 0.0264585 -0.0273142 0.026 0.0123608 -0.021905 0.026 0.016825 -0.0111747 0.026 0.0278205 -0.0301064 0.026 0.0166399 -0.0168921 0.026 0.0227283 -0.0167838 0.026 0.0207814 -0.0111684 0.026 0.0325693 -0.0339589 0.026 0.00500817 -0.00843887 0.026 0.0287886 -0.00719278 0.026 0.029125 -0.0193661 0.026 0.0171412 -0.0173097 0.026 0.0190162 -0.0180977 0.026 0.0179795 -0.00669912 0.026 0.0292057 -0.0289955 0.026 0.00556902 -0.00556189 0.026 0.0340188 -0.00128909 0.026 0.0344464 -0.0342537 0.026 -0.00385967 -0.0273469 0.026 0.00358352 -0.00344343 0.026 0.0271606 -0.026102 0.026 0.00218735 -0.00146017 0.026 0.0258195 -0.0255748 0.026 0.000240651 -0.0259661 0.026 -0.00191446 -0.0274159 0.026 -0.00364529 0.00760374 0.026 0.0284576 -0.0336246 0.026 -0.00767459 0.00145383 0.026 0.0254386 0.00700627 0.026 0.0335849 -0.0292044 0.026 -0.00668116 0.00478377 0.026 0.0250249 -0.0285938 0.026 -0.00905405 -0.0275737 0.026 -0.0117705 0.00868087 0.026 0.0244079 0.0114191 0.026 0.0255978 -0.0314666 0.026 -0.0139635 0.0128565 0.026 0.0263572 -0.0260021 0.026 -0.014949 -0.0282365 0.026 -0.0197716 0.016085 0.026 0.0252306 0.0169322 0.026 0.0237881 0.0168978 0.026 0.0226269 -0.0234057 0.026 -0.0169757 -0.0249743 0.026 -0.0237592 -0.02207 0.026 -0.0168037 -0.0209859 0.026 -0.0167398 0.018453 0.026 0.0289671 -0.0195656 0.026 -0.0170431 0.0168775 0.026 0.0203366 0.0182332 0.026 0.0179662 -0.0181429 0.026 -0.0179669 -0.0170991 0.026 -0.019498 -0.0211542 0.026 -0.0272161 -0.016734 0.026 -0.0214161 0.0255591 0.026 0.0231289 0.0205738 0.026 0.0167955 0.0222516 0.026 0.0168409 -0.0169165 0.026 -0.0227362 0.0237097 0.0259985 0.0170089 -0.0163631 0.026 -0.0249152 -0.0159646 0.026 -0.0253344 -0.0176062 0.026 -0.0296351 0.029034 0.026 0.0184974 0.0322421 0.026 0.0121927 -0.0107682 0.026 -0.0327264 -0.0037387 0.026 -0.0341259 0.0269919 0.026 0.00333487 -0.00361896 0.026 -0.0273577 -0.00243927 0.026 -0.026248 0.0260875 0.026 0.00216351 0.0255877 0.026 0.00073174 -0.000892376 0.026 -0.0256312 0.025748 0.026 -0.00133268 0.00177831 0.026 -0.025431 0.02659 0.026 -0.00291132 0.0276706 0.026 -0.00385027 0.0288421 0.026 -0.00493876 0.00715194 0.026 -0.0245091 0.0341366 0.026 0.00427787 0.00895989 0.026 -0.0244076 0.0103817 0.026 -0.0249006 0.00576149 0.026 -0.0339129 0.0339536 0.026 -0.00522313 0.0118797 0.026 -0.0259397 0.0178255 0.026 -0.0182954 0.0169754 0.026 -0.0197917 0.019731 0.026 -0.01705 0.0168532 0.026 -0.0223052 0.00853508 0.026 -0.0284741 0.0222237 0.026 -0.0168368 0.0289591 0.026 -0.00780813 0.0133802 0.026 -0.0317415 0.0278206 0.026 -0.0111746 0.0264469 0.026 -0.0141196 0.0202543 0.026 -0.0278037 0.0299809 0.026 -0.0168144 0.0249743 0.026 -0.0237592 -0.0364882 0.017 -0.00594051 -0.0352024 0.017 -0.0112903 -0.0337424 0.017 -0.0151528 -0.0318255 0.017 -0.0188101 -0.0286812 0.017 -0.0233253 -0.0249016 0.017 -0.0273238 -0.0205704 0.017 -0.0307171 -0.0170316 0.017 -0.032847 -0.0145355 0.017 -0.0340129 -0.0106471 0.017 -0.0354023 -0.00321884 0.017 -0.0367861 0.00159183 0.017 -0.0369543 0.00569886 0.017 -0.0365268 0.011057 0.017 -0.0352764 0.0161703 0.017 -0.0332446 0.0209254 0.017 -0.0304764 0.0252169 0.017 -0.0270331 0.0289499 0.017 -0.022991 0.0320415 0.017 -0.0184396 0.0344235 0.017 -0.0134798 0.0360429 0.017 -0.00822137 0.036766 0.017 -0.0041548 -0.0247624 0.017 0.027478 -0.0285305 0.017 0.0234432 -0.0326129 0.017 0.0174139 -0.0347686 0.017 0.0125695 -0.0365199 0.017 0.00550096 -0.0369666 0.017 -0.000475851 0.00946495 0.02 0.0275345 0.00874488 0.0255625 0.0271544 0.00641947 0.0255625 0.0282802 0.00677553 0.02 0.0278621 0.00678081 0.02 0.030087 0.00807875 0.0220625 0.030796 0.0096848 0.02 0.0299781 0.00996631 0.0255781 0.0295638 0.0100716 0.0255312 -0.0292567 0.00988616 0.02 -0.0292022 0.00797051 0.02 -0.0306619 0.0063459 0.0255625 -0.0289558 0.0066258 0.02 -0.0282755 0.00698654 0.0255625 0.0303848 0.00846747 0.0255781 -0.0306072 0.00806481 0.0241484 -0.0270534 0.0247685 0.0141 0.0233193 0.0222712 0.0141 0.0252782 0.0249676 0.0141 0.0193747 0.01868 0.0141 0.0244992 0.0170555 0.0141 0.0216632 0.0222569 0.0141 0.0171623 0.0196912 0.0141 0.0172245 0.0176872 0.0141 0.0189391 0.0324742 0.0141 0.00341338 0.0341038 0.0141 0.000258986 0.0294973 0.0141 0.00418376 0.0326306 0.0141 -0.00320881 0.0270202 0.0141 0.00299044 0.0258537 0.0141 0.000712305 0.0299856 0.0141 -0.00423877 0.0263814 0.0141 -0.00211088 0.0281686 0.0141 -0.00386402 0.0249072 0.0141 -0.0193012 0.0233408 0.0141 -0.0175427 0.0209274 0.0141 -0.0169781 0.0254117 0.0141 -0.021981 0.024461 0.0141 -0.023921 0.018521 0.0141 -0.0179682 0.0172282 0.0141 -0.0197481 0.0212395 0.0141 -0.0252578 0.0175064 0.0141 -0.0230516 -0.0280691 -0.009 -0.016854 -0.0268691 0.00746581 -0.0162339 -0.0253257 0.007 -0.0136609 -0.0253225 0.007 -0.0108186 -0.0261391 0.00710489 -0.0093611 -0.0272702 0.007 -0.00839646 -0.0284015 0.007 -0.00791149 -0.0341702 -0.00899997 0.00467186 -0.0344225 -0.00899996 0.00231145 -0.0344914 -0.00899996 -2.2701e-09 -0.0344225 -0.00899996 -0.00231146 -0.0342836 -0.00899994 -0.00385841 -0.0295268 0.007 0.00777073 -0.0280751 0.007 0.00802745 -0.0265492 0.00705577 0.00893033 -0.0256619 0.007 0.0100298 -0.0251245 0.00703374 0.0119632 -0.026272 0.00703786 0.0152431 -0.0208742 -0.00899997 0.0274558 -0.0227059 -0.00899996 0.0259748 -0.0238439 -0.00899996 0.0249343 -0.0254545 -0.00899996 0.0232749 -0.0269773 -0.00899994 0.0215053 -0.0146589 0.007 0.0257968 -0.0131696 0.0070423 0.0251883 -0.011477 0.007 0.0251624 -0.00781956 0.007 0.0288079 -0.000494867 -0.00899998 0.0344801 -0.00370846 -0.00899998 0.0342818 0.00431389 0.007 0.031249 0.00270814 -0.009 0.0335693 0.00138226 -0.009 0.0342777 0.00446229 0.007 0.0294893 0.00464609 0.007 0.0275974 0.00601676 -0.009 0.0243818 0.00551643 0.00705801 0.0260181 0.00545959 0.007 0.0228239 0.0050301 0.00737434 0.0221479 0.00460295 0.007 0.0209394 0.00452148 0.007 0.0198981 0.00490595 0.007 0.0182084 0.00572378 0.007 0.0169289 0.00666691 0.007 0.0161749 0.0101666 0.007 -0.0127275 0.0101666 0.007 0.0127275 0.00672 0.00719101 -0.0161527 0.00508867 0.007 -0.0178243 0.00457491 0.00710495 -0.019395 0.00473302 0.007 -0.0213179 0.00569584 0.007 -0.0257165 0.00597777 -0.009 -0.0241977 0.00548864 0.007 -0.0228708 0.0048671 0.007 -0.0271125 0.00443649 0.00715349 -0.0284436 -0.00126833 -0.00899998 -0.0344767 0.000453281 -0.009 -0.0344751 0.00165285 -0.009 -0.0341834 0.0033216 -0.009 -0.0330342 0.00404945 -0.009 -0.0319687 0.00437852 0.007 -0.0310107 0.00448283 0.007 -0.0300198 -0.00776635 0.00708767 -0.0295142 -0.00811211 0.00709076 -0.027886 -0.00959607 0.00702978 -0.0259792 -0.0113278 0.007 -0.0251964 -0.0146076 0.007 -0.025749 -0.0233979 -0.00899996 -0.0253607 -0.0218925 -0.00899991 -0.0266719 -0.00416592 0.009 0.0306032 0.00197732 0.00898649 0.0263248 -0.00364929 0.009 0.0278298 -0.00148121 0.009 0.0261372 -0.0225984 0.00899999 0.0253466 -0.0182844 0.009 0.0242531 -0.017089 0.009 0.0214517 -0.00699385 0.009 0.00709592 -0.0180313 0.009 0.0183863 -0.0194828 0.009 0.0172998 -0.0253099 0.00899993 0.0137992 -0.0244867 0.009 0.0187051 0.00398012 0.009 -0.00894746 -0.0217458 0.009 0.0170238 0.00086752 0.00899912 -0.0260153 -0.0281829 0.009 0.00382536 -0.0263679 0.009 0.00209353 -0.0305451 0.009 0.00420185 -0.00924951 0.009 -0.00334015 -0.0259617 0.009 -0.00107392 -0.00229991 0.009 -0.0264346 -0.0281077 0.009 -0.00375956 -0.0064303 0.009 -0.00757426 -0.00395662 0.009 -0.0285574 -0.017705 0.009 -0.0190337 -0.0196961 0.009 -0.0172658 -0.0170982 0.009 -0.0222723 -0.0232803 0.009 -0.0176227 -0.0189793 0.0089929 -0.024637 -0.0252834 0.0089888 -0.0199886 0.0101446 0.007 0.0130389 0.0098904 0.007 0.0139436 0.00903602 0.007 0.0150086 0.00862997 0.007 -0.0152603 0.00985675 0.007 -0.0140185 0.0101311 0.007 -0.0131483 -0.00794164 -0.009 -0.0316194 -0.00705565 -0.009 -0.0332015 -0.00613072 -0.009 -0.0338564 -0.0180608 -0.009 -0.0284376 -0.0172889 0.007 -0.028194 -0.0163642 0.007 -0.0274838 -0.028466 0.007 -0.0184269 -0.0283116 -0.009 -0.0194429 -0.0332289 -0.009 -0.00701893 -0.0318838 -0.009 -0.00785305 -0.0331034 -0.009 0.00717347 -0.03344 -0.009 0.00678948 -0.0338627 -0.009 0.00610542 -0.028196 -0.009 0.0197998 -0.0284762 -0.009 0.0185274 -0.0283252 -0.009 0.0175721 -0.0278399 0.007 0.0167102 -0.0160132 0.00701856 0.0270976 -0.0171397 0.007 0.0281031 -0.0193906 -0.009 0.0283262 -0.00606275 -0.009 0.0338815 -0.00666206 -0.009 0.0335538 -0.00722069 -0.009 0.0330386 0.0077618 0.002 0.0176742 0.00922032 0.002 0.0174067 0.010453 0.002 0.0178245 0.0113187 0.002 0.0187375 0.0116132 0.002 0.0197553 0.0112004 0.002 0.0213276 0.00975544 0.002 0.0225174 0.00816588 0.002 0.0224807 0.00753334 -0.00899719 0.0222752 0.00660934 0.002 0.021097 0.00663138 0.002 0.0192092 0.00644217 0.002 -0.0204762 0.00747583 0.002 -0.0220626 0.00813761 -0.00899991 -0.0225387 0.00991849 0.002 -0.022415 0.0112944 0.002 -0.0211955 0.0116307 0.002 -0.0198852 0.0114042 0.002 -0.0189152 0.0107884 0.002 -0.0180914 0.00872589 0.002 -0.0174588 0.00684909 0.002 -0.0185821 -0.0148161 -0.009 -0.0302186 -0.0145362 0.002 -0.0308676 -0.0140038 0.002 -0.0315312 -0.0124637 0.002 -0.0321236 -0.0108547 0.002 -0.0317838 -0.00976353 0.002 -0.0302836 -0.0097495 0.002 -0.0287432 -0.0106022 0.002 -0.02755 -0.0123919 0.002 -0.0269825 -0.0143018 0.002 -0.0279825 -0.0148623 0.002 -0.0293681 -0.0313851 0.002 -0.0140821 -0.0294178 0.002 -0.0148488 -0.0278434 0.002 -0.0141446 -0.0270809 0.002 -0.0117886 -0.0287081 0.002 -0.00985211 -0.0313504 0.002 -0.010498 -0.0321698 0.002 -0.0123927 -0.031546 0.002 0.0106262 -0.0290994 0.002 0.00974233 -0.027233 0.002 0.0110508 -0.0269788 0.002 0.0125612 -0.0275647 0.002 0.0139449 -0.0286087 0.002 0.0147033 -0.0297191 0.002 0.014861 -0.0306374 0.002 0.0146648 -0.0310828 0.002 0.0144148 -0.0313176 0.002 0.0142328 -0.0314145 0.002 0.0141429 -0.0315504 0.002 0.0139988 -0.0319197 0.002 0.0134257 -0.0321846 0.002 0.0122784 -0.0144985 0.002 0.0282681 -0.0129807 0.002 0.0271039 -0.0106305 0.002 0.0276286 -0.00962953 0.002 0.0294989 -0.0103123 0.002 0.031233 -0.0118389 0.002 0.0321541 -0.0129763 0.002 0.0320991 -0.0137496 0.002 0.0317263 -0.0145906 0.002 0.0307292 -0.0148825 0.002 0.0295558 0.00711474 -0.003 -0.0302009 0.00822288 -0.0085625 -0.0308264 0.00925596 -0.003 -0.0304765 0.0100018 -0.00715625 -0.0296194 0.00965185 -0.00853125 -0.0275088 0.00926754 -0.003 -0.0273515 0.00768335 -0.0085625 -0.0270835 0.006782 -0.003 -0.0277564 0.00809273 -0.00853125 0.0269533 0.00870134 -0.003 0.0269995 0.0100367 -0.00578906 0.0283274 0.00891977 -0.003 0.0305776 0.00864109 -0.00854688 0.0306084 0.00676165 -0.003 0.029185 0.00668695 -0.00859375 -0.0299309 0.00649756 -0.00862891 0.0289781 -0.0330321 0.00899999 -0.00664434 -0.0294855 0.0074592 -0.00772934 -0.0250967 0.00764976 -0.0126107 -0.032877 0.00860376 0.00526822 -0.032734 0.00891809 0.00326808 -0.0338172 0.0084222 0.0018992 -0.0341846 0.00803808 -0.000608155 -0.033507 0.00864758 -0.00244543 -0.0311682 0.00899051 -0.00396484 -0.0341563 0.00770223 0.000897289 -0.0270303 0.00804029 -0.0204845 -0.0337165 0.00748152 0.00578099 -0.0251078 0.00830519 -0.0228334 -0.023845 0.00786535 -0.0246016 -0.0220445 0.00860814 -0.0253805 -0.020733 0.00807574 -0.0268985 -0.0289334 0.00856316 0.00689997 -0.0173849 0.00898355 -0.0255164 -0.0173139 0.00862228 -0.0267234 -0.0186539 0.00763326 -0.0282149 -0.0156332 0.00719999 -0.0266134 -0.0279785 0.00782862 0.017646 -0.0064376 0.00880493 -0.0294664 -0.0130873 0.00706935 -0.0251531 -0.011288 0.00840775 -0.0246968 -0.0253424 0.00863879 0.0218448 -0.0268802 0.0080884 0.0205781 -0.0241361 0.0078336 0.0243772 -0.00600897 0.00745357 -0.0332614 -0.017613 0.00788109 0.0275054 -0.00381862 0.00875133 -0.032292 -0.00827454 0.00701805 0.0274911 -0.00997112 0.00780869 0.0255042 -0.00764734 0.00740431 0.0300164 1.27799e-05 0.00792115 -0.0342413 0.00213488 0.00776756 -0.0336635 0.00363822 0.00778046 -0.0322799 0.00426272 0.007763 -0.0302927 -0.00521647 0.00884818 0.0310978 -0.00476081 0.00764611 0.0338636 0.00389242 0.009 -0.0280229 -0.000288813 0.00763856 0.0343421 -0.00153313 0.00826763 0.0339971 -0.00314484 0.00887451 0.0328452 0.0042768 0.00770142 0.0301232 0.00402534 0.00787253 0.0314635 0.00245872 0.00776692 0.0333817 0.00484333 0.0082339 -0.0205209 0.00382859 0.00843672 0.0281161 0.00879071 0.00885019 -0.0128466 0.00977777 0.00809389 -0.0128966 0.00795712 0.00899999 0.0156135 0.00635725 0.00899932 0.00736653 0.0087787 0.00886339 0.0127275 0.0083064 0.00895084 -0.00548212 0.00941571 0.00853747 -0.0033068 0.00911091 0.0087108 0.00401924 0.0097548 0.0081704 0.0127275 0.00992482 0.0079219 0.00040668 0.0101581 0.00715297 0.00318188 0.00467404 0.00811209 0.0180906 0.00348869 0.0141 0.0323539 0.00141337 0.0141 0.0340229 -0.000557596 0.0141 0.0342295 0.00425338 0.0141 0.0301858 0.00362186 0.0141 0.0278113 -0.00252813 0.0141 0.0333818 -0.0041273 0.0141 0.0306958 0.00146718 0.0141 0.0260069 -0.000974426 0.0141 0.0259255 -0.00352979 0.0141 0.0276573 0.00313572 0.0141 -0.0271986 0.00423815 0.0141 -0.0295167 0.000123299 0.0141 -0.0257763 -0.00229371 0.0141 -0.0264146 0.00391758 0.0141 -0.031595 0.00182439 0.0141 -0.0337683 -0.00401308 0.0141 -0.0289222 -0.000606176 0.0141 -0.0341662 -0.00338519 0.0141 -0.0323411 -0.0184425 0.0141 0.024413 -0.0203092 0.011534 0.0253831 -0.0171203 0.0141 0.0213394 -0.0224849 0.0141 0.0252043 -0.0188796 0.0141 0.0177409 -0.025081 0.0141 0.0228495 -0.0253101 0.0141 0.0201788 -0.0229784 0.0141 0.0175179 -0.0177083 0.0141 -0.0189953 -0.0201748 0.0141 -0.0171397 -0.0170988 0.0141 -0.0221232 -0.0231891 0.0141 -0.0175344 -0.0188624 0.0141 -0.0246652 -0.0252203 0.0141 -0.0198472 -0.0249028 0.0141 -0.0231131 -0.0219296 0.0141 -0.0253316 -0.0277481 0.0141 0.00356044 -0.0259639 0.0141 0.00107945 -0.0309483 0.0141 0.00402363 -0.0263565 0.0141 -0.00198135 -0.0335792 0.0141 0.00232734 -0.0296705 0.0141 -0.00411855 -0.0340613 0.0141 -0.000906609 -0.0327699 0.0141 -0.00318151 0.0344971 0.0085 0.044669 0.0290986 0.009 0.0384839 0.0197174 0.0085 0.0390067 0.0156987 0.0085 0.0412518 0.0124097 0.0085 0.0454996 0.0114842 0.0085 0.0520358 0.0201037 0.014 0.0586175 0.0226136 0.014 0.0598299 0.0268293 0.014 0.0595649 0.0299415 0.01525 0.0577316 0.0316869 0.014 0.0545743 0.0318717 0.015875 0.0513171 0.0280261 0.01525 0.0435689 0.0256428 0.01525 0.0420114 0.0229742 0.0165 0.0415046 0.0217427 0.014 0.0416016 0.0174492 0.014 0.0437974 0.018705 0.0165 0.0427533 0.0161312 0.0165 0.045484 0.0155034 0.01525 0.0476738 0.0156326 0.01525 0.051183 0.0113837 0.01202 0.0227993 0.0056762 0.012 -0.00858749 0.0144491 0.026 0.026179 0.0191858 0.014 0.0172718 0.0168721 0.0139414 0.0201945 0.0167868 0.014 0.0219317 0.0254575 0.026 0.0158095 0.027042 0.026 0.0129455 0.0284872 0.026 0.00934404 0.0272906 0.014 -0.00355423 0.0259653 0.0139739 -0.0018584 0.0254769 0.013368 0.000950437 0.0265015 0.014 0.00276958 0.028655 0.026 0.00457571 0.0169755 0.026 -0.0237218 0.0167988 0.0138855 -0.0205169 0.0175186 0.014 -0.0187222 0.0204511 0.0137474 -0.0167875 0.00487612 0.026 -0.0250472 0.00730674 0.0129757 -0.0243437 0.00937847 0.014 -0.0245079 0.0110709 0.014 -0.0253554 0.00295957 0.014 -0.0253207 0.000329331 0.014 -0.0255065 -0.0046367 0.0259999 -0.0286878 -0.00267947 0.014 -0.0264126 -0.00905384 0.026 -0.0285939 -0.0114777 0.026 -0.02771 -0.0138167 0.026 -0.0266211 -0.0212291 0.0138575 -0.0167233 -0.0196695 0.014 -0.0170035 -0.0168925 0.013976 -0.020183 -0.0168014 0.014 -0.0220422 -0.0270996 0.0138373 0.00339835 -0.0257937 0.0139841 0.00136161 -0.0257031 0.014 -0.00120264 -0.0286873 0.026 0.0086973 -0.0170295 0.026 0.0235377 -0.0166937 0.012 0.0211341 -0.0169754 0.014 0.0197917 -0.0177705 0.0139265 0.0183406 -0.019148 0.014 0.0172316 -0.00189852 0.014 0.0259687 0.000773385 0.0139055 0.0254681 0.00650872 0.014 0.0246484 0.0112977 0.014 0.0255223 0.00885274 0.0137512 0.0244681 0.0291814 0.0259998 0.00657467 0.0251275 0.026 -0.0161704 0.0234798 0.0259998 -0.017015 0.0160397 0.026 -0.0252656 0.0148516 0.026 -0.0260404 -0.00630498 0.026 -0.0292134 -0.00708972 0.026 -0.0291527 -0.0157462 0.026 -0.0255431 -0.0169343 0.026 -0.0237724 -0.02497 0.026 -0.0163128 -0.0254483 0.026 -0.0158497 -0.0291391 0.026 -0.00713975 -0.0292172 0.026 -0.00626514 -0.023468 0.026 0.01702 -0.0161975 0.026 0.0250822 -0.00491543 0.0259992 0.0288726 -0.00358885 0.0138163 0.0273104 0.0292012 0.026 -0.00641349 -0.0070457 0.0133462 -0.0285885 -0.00966238 0.0123862 -0.0271898 -0.000984819 0.0129561 -0.02527 -0.0154783 0.0131652 -0.024537 -0.0180774 0.0139785 -0.0180579 -0.0254342 0.013674 -0.0155994 -0.0197836 0.0125635 -0.0174237 0.0130578 0.0259998 -0.0264404 -0.0261458 0.0123679 -0.0121448 0.0156047 0.0131189 -0.0244731 -0.0287002 0.0259998 -0.00465058 -0.0283217 0.0132428 -0.00884235 -0.0264309 0.012 -0.00278647 -0.0251079 0.0122845 0.00151362 0.018187 0.0124149 -0.0185611 0.0187032 0.0139646 -0.0174923 -0.0283671 0.0129669 0.00683124 -0.0256015 0.0120353 0.0116186 -0.0266719 0.0131562 0.0127509 0.0265053 0.0129029 -0.0122679 -0.0208055 0.0132251 0.0166425 -0.0250722 0.0259985 0.0162546 0.028596 0.012 -0.00626255 0.0274966 0.0128366 0.00626301 -0.0116293 0.0122486 0.0262221 -0.0141181 0.0133903 0.0260792 0.026952 0.0131021 0.0117494 -0.00840365 0.0133474 0.0285983 0.016531 0.0123869 0.0196446 0.0178017 0.0136337 0.018237 0.0216632 0.0124142 0.0157436 0.0209068 0.0139851 0.0167439 0.0023724 0.0128623 0.0249991 0.0153568 0.0133437 0.0251099 -0.00374644 0.0113426 -0.00924961 -0.0016921 0.00900003 -0.0100354 0.00879847 0.0112531 0.00469548 -9.96032e-06 0.009 0.0099502 -0.00231895 0.011669 0.00992112 -0.00427457 0.00900002 0.00912006 -0.00892575 0.00900001 0.00466157 -0.0100244 0.00900005 0.000921304 -0.00853069 0.0112751 -0.00500096 0.0100873 0.012 -0.00164947 0.00430949 0.012 0.00921256 -0.00814286 0.0115746 0.00582094 0.00798083 -0.009 -0.0157144 0.0106203 -0.009 -0.0158447 0.0126498 -0.0132711 -0.0173554 0.00539858 -0.009 0.0173821 0.00460448 -0.0132436 0.0219873 0.00459874 -0.009 0.0200047 0.011585 -0.0149891 0.0130636 0.0161764 -0.0150001 0.00681971 0.0144751 -0.015 0.00967576 0.0172655 -0.015 0.00237787 0.017179 -0.015 -0.00310099 0.0160343 -0.015 -0.00681083 0.0131791 -0.015 -0.011423 0.0183941 -0.0148263 -0.013123 0.00492798 -0.0132066 -0.0185573 0.00438153 -0.0136584 -0.0218668 0.00346143 -0.014869 0.018744 0.00477724 -0.0132856 0.0183896 0.00711375 -0.0132214 0.0159967 0.00957865 -0.023 0.0133757 0.00865072 -0.023 -0.0140202 0.00848202 -0.0216042 -0.0157529 0.00667846 -0.0217439 -0.0164399 0.00510101 -0.023 -0.0156281 0.0126742 -0.0176321 -0.0178205 0.0151081 -0.017 -0.0166276 0.00561527 -0.0170315 -0.0225526 0.00633796 -0.0216869 0.0166347 0.00835747 -0.021614 0.0158005 0.0104264 -0.0204166 0.0159802 0.0124646 -0.023 0.0107606 0.0150997 -0.019625 0.0128854 0.0119225 -0.0201875 0.0151625 0.0123602 -0.0181571 0.0173995 0.0148857 -0.017 0.0167932 0.0149521 -0.023 0.00670746 0.0207751 -0.0170001 0.00897597 0.0163672 -0.023 0.00154032 0.0187559 -0.017 0.0123435 0.0197345 -0.019625 0.0021405 0.0163445 -0.023 -0.00215383 0.0221971 -0.017 0.00328764 0.0197674 -0.019625 -0.00181227 0.0156462 -0.023 -0.00515734 0.0223315 -0.017 -0.00233399 0.0138679 -0.023 -0.00885465 0.0215479 -0.017 -0.00657581 0.0201046 -0.017 -0.0101022 0.0175112 -0.019625 -0.0093483 0.0110296 -0.023 -0.0122272 0.0153117 -0.019625 -0.0126327 0.0188216 -0.017 -0.0122205 0.0121728 -0.0201875 -0.0149622 0.0103972 -0.0203701 -0.0160427 0.00516451 -0.0205277 -0.0182481 0.00251398 -0.0202812 -0.0190052 0.000875356 -0.023 -0.016451 0.00475496 -0.0184592 -0.0204965 -0.00321528 -0.023 -0.0161365 0.000191918 -0.017 -0.0223556 -0.00711406 -0.023 -0.0148591 -0.00374129 -0.0170002 -0.0222588 -0.0130686 -0.0170001 -0.0183495 -0.00801355 -0.019625 -0.0181609 -0.00995919 -0.017 -0.0200842 -0.0113166 -0.023 -0.0118582 -0.0147993 -0.023 -0.00708739 -0.0185961 -0.019625 -0.00694395 -0.0179225 -0.0170005 -0.0138188 -0.0222414 -0.0170001 -0.00355807 -0.016282 -0.023 -0.002355 -0.0212066 -0.017 -0.00733741 -0.0162128 -0.023 0.00258887 -0.0198332 -0.019625 0.000824691 -0.0224589 -0.017 -0.000693486 -0.0220536 -0.017 0.0043784 -0.0147758 -0.023 0.00731191 -0.0179554 -0.019625 0.00846382 -0.012452 -0.023 0.0107259 -0.0204171 -0.017 0.00940989 -0.00974949 -0.023 0.0132836 -0.0141203 -0.017 0.0175204 -0.0174817 -0.0170002 0.0142863 -0.0100676 -0.019625 0.0171078 -0.00569916 -0.023 0.0154357 -0.0062845 -0.0170002 0.0216756 -0.00234242 -0.023 0.0163187 -0.00895434 -0.017 0.0205519 -0.000659748 -0.019625 0.0198393 0.00132991 -0.023 0.0163864 -0.00160575 -0.017 0.0223779 0.00561457 -0.023 0.0154778 0.00477016 -0.019237 0.0196925 0.0053161 -0.0208899 0.0178315 0.00323319 -0.017 0.0222475 0.0034219 -0.0201875 0.018984 0.00687968 -0.009 -0.020817 0.00803867 -0.0119 -0.0219389 0.0093552 -0.009 -0.0224167 0.0111498 -0.009 -0.0206423 0.0110373 -0.0119 -0.0202098 0.00998071 -0.009 -0.0178539 0.00953245 -0.0119 -0.01769 0.00701227 -0.0119 -0.0188143 0.00723977 -0.009 -0.0183569 0.00682799 -0.009 0.0189544 0.00830334 -0.0119 0.0179337 0.0110736 -0.0119 0.0186823 0.0101649 -0.009 0.0182105 0.0111832 -0.009 0.0209195 0.0105973 -0.0119 0.021494 0.00844239 -0.009 0.0218732 0.00769428 -0.0119 0.021452 -0.0118732 -0.009 -0.0319064 -0.0116016 -0.0119 -0.0317911 -0.0100851 -0.009 -0.0302328 -0.010023 -0.0119 -0.029056 -0.0110842 -0.009 -0.027464 -0.011563 -0.0119 -0.0272493 -0.0141048 -0.0119 -0.0292561 -0.0134724 -0.009 -0.027567 -0.0145002 -0.009 -0.0300972 -0.0314541 -0.0119 -0.0129216 -0.0312667 -0.009 -0.0134186 -0.0279783 -0.009 -0.0140384 -0.0280073 -0.0119 -0.0139732 -0.0283613 -0.0119 -0.0108557 -0.0272143 -0.009 -0.0121616 -0.030141 -0.009 -0.0102219 -0.0311568 -0.0119 0.0110861 -0.0293212 -0.009 0.0101275 -0.02775 -0.0119 0.0110102 -0.0271787 -0.009 0.0123345 -0.0279528 -0.009 0.0141048 -0.0278543 -0.0119 0.0139446 -0.0301654 -0.0119 0.0144621 -0.0293756 -0.009 0.0147159 -0.0316676 -0.009 0.0123601 -0.0140635 -0.0119 0.0284177 -0.0106152 -0.0119 0.0279727 -0.0112365 -0.009 0.0277478 -0.0103288 -0.0119 0.0308466 -0.0099128 -0.009 0.0301981 -0.0135427 -0.0119 0.0313579 -0.0123025 -0.009 0.0317467 -0.014452 -0.009 0.0292289 0.0321738 -0.0163045 0.0560566 0.0290843 -0.0166523 0.0594642 0.0342635 -0.017 0.0534752 0.0360672 -0.017 0.0262601 0.023547 -0.017 0.061485 0.0181214 -0.0162815 0.0589888 0.0166004 -0.017 0.0598262 0.0229499 -0.017 0.023628 0.0272344 -0.017 0.0409507 0.0236617 -0.017 0.0229276 0.0241011 -0.017 0.0219242 0.0210376 -0.017 0.0241437 0.0218555 -0.017 0.0403002 0.0241377 -0.017 0.0207685 0.0192173 -0.017 0.0233923 0.0183105 -0.017 0.0215324 0.00997586 -0.017 0.0240875 0.0123027 -0.017 0.0226311 0.0131292 -0.017 0.0204389 0.00280047 -0.017 0.0309489 0.0152952 -0.017 0.0446326 0.0323609 -0.017 0.00173252 0.0312027 -0.017 0.00273298 0.00132333 -0.017 0.0325688 0.0293725 -0.017 0.00287616 0.0329617 -0.017 -0.00018897 -0.000562588 -0.017 0.0329232 0.0188889 -0.017 0.01943 0.00248332 -0.017 0.0286582 0.0069067 -0.017 0.0236286 0.020667 -0.017 0.0183412 0.0228629 -0.017 0.0188363 0.0366293 -0.017 -0.00439201 0.0316333 -0.017 -0.0023453 0.00517922 -0.0171046 0.0219465 0.0348599 -0.017 -0.0122287 0.0299345 -0.017 -0.00299208 0.0275629 -0.017 0.00160337 -0.00962215 -0.017 0.0328873 0.000682514 -0.017 0.027115 -0.011453 -0.017 0.0337514 -0.00811527 -0.017 0.0306292 -0.00237886 -0.017 0.0315091 -0.000930506 -0.017 0.0271847 0.027088 -0.017 -0.000415942 0.0141558 -0.017 0.0553634 -0.00285403 -0.017 0.0292164 -0.0080362 -0.017 0.0289711 -0.0021403 -0.017 0.0279384 0.0276791 -0.017 -0.00187448 0.0288077 -0.017 -0.00270824 -0.00929951 -0.017 0.0265512 0.032454 -0.017 -0.0177031 -0.0113592 -0.017 0.025455 -0.0227347 -0.017 0.0291913 -0.0158947 -0.017 0.0315883 -0.0138546 -0.017 0.0334691 -0.0185589 -0.017 0.0223936 -0.0139506 -0.017 0.0257006 0.0234672 -0.017 -0.0193046 -0.0197097 -0.017 0.0237802 -0.016248 -0.017 0.0282494 0.026285 -0.017 -0.0258303 0.0224615 -0.017 -0.0184919 -0.0205098 -0.017 0.0241269 0.0241286 -0.017 -0.020746 -0.0183488 -0.017 0.0204724 -0.0215986 -0.017 0.0241506 0.0235107 -0.017 -0.022918 0.0205893 -0.017 -0.0184345 0.0188774 -0.017 -0.0193857 -0.0272429 -0.017 0.0249186 -0.0197849 -0.017 0.0187432 0.0208951 -0.017 -0.0241196 -0.0234427 -0.017 0.0229613 -0.0225761 -0.017 0.0186739 0.0132032 -0.017 -0.0199726 0.018284 -0.017 -0.0213417 0.020439 -0.017 -0.0308285 0.0191424 -0.017 -0.0233246 0.012149 -0.017 -0.0227393 -0.0276643 -0.017 0.0160217 -0.0239277 -0.017 0.0200736 -0.0255627 -0.017 0.0127451 0.0155989 -0.017 -0.0334877 -0.0315601 -0.017 0.0192515 -0.0300998 -0.017 0.0164729 -0.0263642 -0.017 0.00949404 -0.032188 -0.017 0.0155879 -0.0336997 -0.017 0.0128505 -0.0344339 -0.017 0.01324 0.000682084 -0.017 -0.0272336 0.008873 -0.017 -0.0241406 0.00266863 -0.017 -0.0287878 -0.0334079 -0.017 0.01035 -0.0274154 -0.017 0.00135984 0.00294113 -0.017 -0.0304438 -0.0295262 -0.017 0.00281749 -0.0271544 -0.017 -0.000839255 -0.0291185 -0.017 0.00810402 0.00186474 -0.017 -0.0321938 -0.0314017 -0.017 0.00263303 -0.0321676 -0.017 0.008917 -0.0365988 -0.017 0.00502836 0.00536012 -0.017 -0.0363911 -0.0326951 -0.017 0.00108547 -0.0268586 -0.017 -0.00921645 -0.00187472 -0.017 -0.0277005 -0.0284533 -0.017 -0.00245058 -0.00867282 -0.017 -0.0273754 -0.00273136 -0.017 -0.028823 -0.0301657 -0.017 -0.00808161 -0.02542 -0.017 -0.0130105 -0.0117517 -0.017 -0.0254309 -0.031565 -0.017 -0.00233952 -0.032934 -0.017 -0.000450745 -0.0194078 -0.017 -0.0188885 -0.0184174 -0.017 -0.020156 -0.00267657 -0.017 -0.0310519 -0.0183135 -0.017 -0.0217426 -0.000577232 -0.017 -0.0327958 -0.00809397 -0.017 -0.0302163 -0.0155954 -0.017 -0.0271276 -0.0265605 -0.017 -0.0152503 -0.00528009 -0.017 -0.0365466 -0.0368697 -0.017 -0.0023198 -0.02201 -0.017 -0.0185445 -0.0197585 -0.017 -0.0237575 -0.0093811 -0.017 -0.0326798 -0.0238991 -0.017 -0.0199304 -0.024172 -0.017 -0.0209025 -0.0280252 -0.017 -0.0162404 -0.011151 -0.01445 -0.0337019 -0.0124761 -0.017 -0.0338017 -0.0329158 -0.017 -0.00974203 -0.0130681 -0.017 -0.034554 -0.0148617 -0.017 -0.0328878 -0.0353154 -0.017 -0.0106685 -0.0337948 -0.017 -0.0124381 -0.0196528 -0.017 -0.0312813 -0.0162922 -0.017 -0.030572 -0.0327871 -0.017 -0.0149944 -0.0302937 -0.017 -0.0163778 -0.031593 -0.017 -0.0190493 -0.0215411 -0.017 -0.0241561 -0.0259186 -0.017 -0.026253 -0.0235447 -0.017 -0.0229515 0.0266341 -0.009 0.0381981 0.0232367 -0.009 0.0233933 0.0239261 -0.009 0.0224126 0.0303591 -0.009 0.0396931 0.021679 -0.009 0.0241201 0.0195084 -0.009 0.038672 0.0198648 -0.009 0.0238431 0.0337395 -0.009 0.0426089 0.0374751 -0.009 0.00136623 0.0242004 -0.009 0.0212041 0.0184083 -0.009 0.0215043 0.0194134 -0.009 0.0189338 0.0181655 -0.009 0.01785 0.0218917 -0.009 0.0184403 0.0219761 -0.009 0.0128016 0.0238014 -0.009 0.0197453 0.0316946 -0.009 0.00244545 0.00125876 -0.009 0.0326007 0.00279483 -0.009 0.0309564 0.0120175 -0.009 0.045847 0.0327913 -0.009 0.000892938 0.0307792 -0.009 0.00287188 -0.000673444 -0.009 0.0329079 0.00734142 -0.009 0.0287344 0.0155763 -0.009 0.0191448 0.0374608 -0.009 -0.00143634 0.0025221 -0.009 0.0286811 0.0294651 -0.009 0.00292647 0.0327797 -0.009 -0.000977979 0.0251556 -0.009 0.00404608 0.0370447 -0.009 -0.00561637 0.00431184 -0.009 0.0236227 0.0275214 -0.009 0.00155261 0.0362143 -0.009 -0.00973536 0.0316868 -0.009 -0.00237823 0.000779683 -0.009 0.0271359 0.0270638 -0.009 -0.000261369 0.00145216 -0.009 0.0253968 -0.00104138 -0.009 0.0272312 0.0254616 -0.009 0 0.0108805 -0.009 0.0160447 0.0353749 -0.009 -0.0124093 0.00706404 -0.009 0.0160693 0.0281354 -0.009 -0.00227985 -0.002491 -0.009 0.0285188 0.0252166 -0.009 -0.00373929 -0.00209607 -0.009 0.0320209 -0.00295569 -0.009 0.0303426 0.0296952 -0.009 -0.00295508 0.0243 -0.00900031 -0.00765955 0.0339643 -0.009 -0.0158683 -0.0230419 -0.009 0.0295858 -0.0197508 -0.009 0.0238021 0.0229228 -0.009 -0.0187715 0.0215776 -0.009 -0.01358 0.024034 -0.009 -0.0206854 -0.0156597 -0.009 0.0200617 0.0319578 -0.009 -0.0195588 -0.0186085 -0.009 0.0226144 0.0213601 -0.009 -0.0183211 -0.0210282 -0.009 0.0241649 0.0290012 -0.009 -0.0237552 -0.0182307 -0.009 0.0214274 0.0186715 -0.009 -0.0173363 -0.0251797 -0.009 0.0277734 0.0193723 -0.009 -0.0188986 -0.0193574 -0.009 0.0190622 0.0264931 -0.009 -0.0265235 -0.0278187 -0.009 0.0251296 -0.0227754 -0.009 0.0236989 -0.0240444 -0.009 0.022022 0.0184881 -0.009 -0.0200341 0.0159228 -0.009 -0.0190683 0.0183715 -0.009 -0.0218636 0.0231985 -0.009 -0.0231968 -0.0190052 -0.009 0.0169694 -0.0222435 -0.009 0.0185379 -0.0301815 -0.009 0.0222363 0.013192 -0.009 -0.0180369 0.022608 -0.009 -0.0298786 0.0204188 -0.009 -0.0239499 -0.0240945 -0.009 0.0204702 0.00601736 -0.009 -0.0166551 0.00468025 -0.009 -0.019601 -0.0235956 -0.009 0.0194084 -0.031768 -0.009 0.019926 -0.0224427 -0.009 0.0120904 0.0191327 -0.009 -0.0322384 -0.0331573 -0.009 0.0174919 -0.023953 -0.009 0.00863246 0.00478173 -0.009 -0.0228247 0.0158294 -0.009 -0.0339825 -0.0347335 -0.009 0.0141052 0.00340278 -0.009 -0.0249124 0.0119206 -0.009 -0.0355211 0.00273504 -0.009 -0.0289184 -0.0286669 -0.009 0.00250144 0.000197012 -0.009 -0.0272193 -0.0359649 -0.009 0.0105785 -0.0270614 -0.009 0.00031151 0.00296959 -0.009 -0.0302317 -0.000205708 -0.009 -0.0254491 -0.0253369 -0.009 -0.0025122 -0.0310939 -0.009 0.00267894 0.00649589 -0.009 -0.0369006 -0.0369027 -0.009 0.00648381 -0.00507351 -0.00900006 -0.0250418 -0.0272391 -0.009 -0.00112346 0.00669947 -0.009 -0.0285921 -0.00190632 -0.009 -0.0277204 -0.028425 -0.009 -0.00247011 -0.00283887 -0.009 -0.0291684 0.00162568 -0.009 -0.0323646 -0.0327635 -0.009 0.000867101 0.00139341 -0.009 -0.0374625 -0.0374629 -0.009 0.00138114 -0.0194188 -0.009 -0.0164945 -0.0188892 -0.009 -0.0193784 -0.0211339 -0.009 -0.0183577 -0.00793034 -0.009 -0.0241828 -0.0374144 -0.009 -0.00235407 -0.0182725 -0.009 -0.0212261 -0.0118548 -0.009 -0.022568 -0.0233906 -0.009 -0.0101014 -0.022167 -0.009 -0.0126878 -0.0311323 -0.009 -0.00267937 -0.0152402 -0.009 -0.0204282 -0.0024361 -0.009 -0.0314734 -0.00234182 -0.009 -0.0374151 -0.000711042 -0.009 -0.0328409 -0.0326404 -0.009 -0.00124174 -0.0189437 -0.009 -0.0229663 -0.023385 -0.009 -0.0191908 -0.0368959 -0.009 -0.00652264 -0.0060538 -0.009 -0.0369963 -0.024113 -0.009 -0.0205509 -0.00970567 -0.009 -0.0362102 -0.0352036 -0.009 -0.012828 -0.0132612 -0.009 -0.0350645 -0.016685 -0.009 -0.0335706 -0.0333365 -0.009 -0.0171034 -0.0199432 -0.009 -0.0317435 -0.0312396 -0.009 -0.0207446 -0.0301672 -0.009 -0.0222753 -0.0240806 -0.009 -0.028705 -0.0217512 -0.009 -0.0240566 -0.0280881 -0.009 -0.0247973 -0.0238722 -0.009 -0.0222694 0.0162932 -0.0165 0.0602207 0.0170323 -0.008 0.0607301 0.0184083 -0.0165 0.0614799 0.0200673 -0.008 0.0621442 0.02195 -0.0165 0.0626037 0.0232884 -0.008 0.0627214 0.0242603 -0.0165 0.0627283 0.027312 -0.008 0.0620726 0.0272541 -0.0165 0.0621343 0.0300422 -0.0165 0.0608974 0.0305403 -0.008 0.0605667 0.0319273 -0.0165 0.0594316 0.03235 -0.008 0.0590086 0.0343163 -0.008 0.0561623 0.0338719 -0.0165 0.0569823 0.035319 -0.0165 0.0533263 0.0354329 -0.008 0.0527417 0.0356587 -0.0165 0.0511904 -0.0230419 -0.0165 0.0295858 0.0111675 -0.00900004 0.0562287 0.0374751 -0.0165 0.00136623 0.0374608 -0.0165 -0.00143634 0.0371319 -0.0165 -0.00515736 0.0366543 -0.0165 -0.00791898 0.0362143 -0.0165 -0.00973536 0.0353749 -0.0165 -0.0124093 0.0343598 -0.0165 -0.0150217 0.0331315 -0.0165 -0.0175408 0.0312214 -0.0165 -0.020751 0.0290012 -0.0165 -0.0237552 0.0264931 -0.0165 -0.0265235 0.022608 -0.0165 -0.0298786 0.0191327 -0.0165 -0.0322384 0.0158294 -0.0165 -0.0339825 0.0110313 -0.0165 -0.0358073 0.00649589 -0.0165 -0.0369006 0.00139341 -0.0165 -0.0374625 -0.00234182 -0.0165 -0.0374151 -0.0060538 -0.0165 -0.0369963 -0.00970567 -0.0165 -0.0362102 -0.0132612 -0.0165 -0.0350645 -0.016685 -0.0165 -0.0335706 -0.0199432 -0.0165 -0.0317435 -0.0233575 -0.0165 -0.0292964 -0.0271564 -0.0165 -0.0258439 -0.0290199 -0.0165 -0.0237507 -0.0307034 -0.0165 -0.02151 -0.0326917 -0.0165 -0.0183476 -0.0339813 -0.0165 -0.0158593 -0.0350601 -0.0165 -0.0132726 -0.0359648 -0.0165 -0.01062 -0.0366462 -0.0165 -0.00790153 -0.0372506 -0.0165 -0.00421522 -0.037473 -0.0165 -0.00142145 -0.0374629 -0.0165 0.00138114 -0.0371395 -0.0165 0.00510264 -0.0366659 -0.0165 0.00786497 -0.0359649 -0.0165 0.0105785 -0.0347335 -0.0165 0.0141052 -0.0331573 -0.0165 0.0174919 -0.031768 -0.0165 0.019926 -0.0293133 -0.0165 0.0233362 -0.0265321 -0.0165 0.0264844 -0.0244874 -0.0165 0.028401 0.0357869 -0.00853424 0.0476725 -0.0164692 -0.028 -0.000410717 -0.0159808 -0.028 0.00385781 -0.0147629 -0.028 0.00733766 -0.0119487 -0.028 0.0112266 -0.0079639 -0.028 0.0144102 -0.00514745 -0.028 0.0156418 -0.000614608 -0.028 0.0164283 0.00306501 -0.028 0.0161985 0.00630095 -0.028 0.0152111 0.00928034 -0.028 0.0136118 0.0115709 -0.028 0.0117165 0.0143387 -0.028 0.00804169 0.0158129 -0.028 0.00466245 0.0164079 -0.028 0.00102399 0.0162241 -0.028 -0.00286074 0.0156359 -0.028 -0.0052534 0.0137633 -0.028 -0.0089514 0.0106613 -0.028 -0.0125465 0.00694767 -0.028 -0.0148996 0.00245233 -0.028 -0.0162701 -0.00330433 -0.028 -0.0160822 -0.00778417 -0.028 -0.0145081 -0.0117896 -0.028 -0.0114263 -0.0147217 -0.028 -0.00731697 -0.0159827 -0.028 -0.00396414 0.0112292 -0.028 0.00990987 0.00819795 -0.028 0.012433 0.00387888 -0.028 0.0144765 0.0136369 -0.028 0.00599948 0.0148884 -0.028 0.00130265 -0.00111382 -0.028 0.0148304 0.0147633 -0.028 -0.00241307 -0.00581024 -0.028 0.0137835 0.0132911 -0.028 -0.00676038 -0.00926076 -0.028 0.0117618 -0.0117668 -0.028 0.00920598 0.0103757 -0.028 -0.0107716 0.00780938 -0.028 -0.0127795 0.00453078 -0.028 -0.0142097 -0.0142613 -0.028 0.00435194 -0.014986 -0.028 0.000186922 -0.00162275 -0.028 -0.0148096 -0.0144818 -0.028 -0.00368825 -0.00623629 -0.028 -0.0135938 -0.0127905 -0.028 -0.00770658 -0.00988883 -0.028 -0.0112044 -0.0148721 -0.032 0.00158211 -0.0139667 -0.032 0.00538161 -0.0115909 -0.032 0.00942275 -0.00899753 -0.03225 0.0116541 -0.00581024 -0.032 0.0137835 -0.00130248 -0.032 0.0148884 0.00204889 -0.032 0.0148465 0.00441446 -0.032 0.0143113 0.00810846 -0.032 0.0125531 0.0107213 -0.032 0.0104573 0.0128047 -0.032 0.00766335 0.0146407 -0.032 0.00305503 0.0148676 -0.032 -0.0013938 0.0135582 -0.032 -0.00621911 0.0105123 -0.032 -0.0105783 0.0069121 -0.032 -0.0132787 0.00386821 -0.032 -0.014436 -0.000653153 -0.032 -0.0149534 -0.00440897 -0.032 -0.0142935 -0.00756539 -0.032 -0.0129177 -0.010708 -0.032 -0.0104443 -0.0130898 -0.032 -0.00723472 -0.0144332 -0.032 -0.00396423 -0.0149534 -0.032 -0.0011206 0.00679278 -0.0325 0.0111996 0.00986311 -0.0325 0.0105642 0.010383 -0.0325 0.00622621 0.00812393 -0.0325 0.00667278 0.0119078 -0.0325 0.00371035 0.00655857 -0.0325 0.00808745 0.0138308 -0.0325 0.00215607 0.0124321 -0.0325 0.00076559 0.0014397 -0.0325 0.0143876 0.00123562 -0.0325 0.0111749 0.00541468 -0.0325 0.00611869 0.00382587 -0.0325 0.0106185 -9.99257e-05 -0.0325 0.0122782 0.00374557 -0.0325 0.00875682 -0.00406221 -0.0325 0.0137753 0.00267542 -0.0325 0.00760388 -0.00171637 -0.0325 0.0123669 0.0122402 -0.0325 -0.0024404 0.0118663 -0.0325 -0.00392963 -0.00400664 -0.0325 0.0118205 0.0115407 -0.0325 -0.0047924 0.0133502 -0.0325 -0.00548211 0.0105921 -0.0325 -0.0060901 -0.00662144 -0.0325 0.0105498 -0.00926709 -0.0325 0.00835244 0.00815995 -0.0325 -0.00670193 0.00706967 -0.0325 -0.00814994 0.00893844 -0.0325 -0.00681024 0.00751278 -0.0325 -0.00925196 0.00413965 -0.0325 -0.00650798 0.00998466 -0.0325 -0.0103015 0.00510261 -0.0325 -0.00764236 0.0021922 -0.0325 -0.00866832 0.00357708 -0.0325 -0.0090166 0.00668766 -0.0325 -0.0111049 0.00472562 -0.0325 -0.0113419 -0.0104923 -0.0325 0.00637597 0.00148989 -0.0325 -0.0110556 -0.00959187 -0.0325 0.00119582 -0.0124474 -0.0325 0.00700498 -0.00777974 -0.0325 0.00112811 -0.00920469 -0.0325 -0.000846268 -0.00979129 -0.0325 0.00371347 -0.00766553 -0.0325 -0.00092073 -0.0119832 -0.0325 0.00179856 0.00484761 -0.0325 -0.01358 -0.00953833 -0.0325 -0.00340809 0.000515041 -0.0325 -0.0120096 -0.0143743 -0.0325 0.00143768 -0.000690659 -0.0325 -0.0123984 -0.0114497 -0.0325 -0.00174978 -0.0129486 -0.0325 0.000451942 -0.0137853 -0.0325 -0.00396893 -0.00282602 -0.0325 -0.0121569 -0.00203965 -0.0325 -0.0141295 -0.0105899 -0.0325 -0.00574624 -0.00501175 -0.0325 -0.01144 -0.00624811 -0.0325 -0.010822 -0.00740142 -0.0325 -0.0100603 -0.00926448 -0.0325 -0.0109041 -0.00927364 -0.0325 -0.00832229 0.0176853 -0.008 0.0551683 0.0133345 -0.008 0.0563297 0.0194746 -0.008 0.0569429 0.016357 -0.008 0.0512358 0.0225615 -0.008 0.0580903 0.0255263 -0.008 0.0579638 0.0124128 -0.008 0.0477131 0.0169562 -0.008 0.0474179 0.0284237 -0.008 0.0564421 0.0188106 -0.008 0.0452175 0.0166334 -0.008 0.0415276 0.0305719 -0.008 0.053427 0.0218711 -0.008 0.0435143 0.0248492 -0.008 0.0434331 0.0309385 -0.008 0.0492117 0.0346698 -0.008 0.0464777 0.028711 -0.008 0.045415 0.0298289 -0.008 0.0407233 0.0309626 -0.0137273 0.0493015 0.03068 -0.017 0.0428064 0.0165688 -0.0137273 0.0525612 0.0325622 -0.017 0.0452662 0.033404 -0.0163045 0.0494986 0.0326526 -0.0156091 0.0524548 0.0306701 -0.0137273 0.0531802 0.0285596 -0.0137273 0.0563515 0.0264612 -0.0156091 0.0594314 0.0266549 -0.0137273 0.0576024 0.0237956 -0.0137273 0.0581592 0.0195259 -0.0137273 0.0568482 0.0220715 -0.0156091 0.0597451 0.013063 -0.017 0.050713 0.0167176 -0.0137273 0.0480259 0.0152869 -0.0156091 0.0469717 0.0189599 -0.0137273 0.0451283 0.0166266 -0.017 0.0427616 0.0232766 -0.0137273 0.0433847 0.0273483 -0.0137273 0.044283 0.0261496 -0.0156091 0.0419281 0.029657 -0.0137273 0.0463309 0.0122602 -0.0085 0.046112 0.016966 -0.0085 0.0403744 0.0233088 -0.00825 0.0386537 0.0275985 -0.0085 0.0390417 0.0322239 -0.0085 0.0417481 0.0358505 -0.00900006 0.0459285 0.00925183 -0.015 -0.0303229 0.00878853 -0.0090001 -0.0310189 0.00679301 -0.0094375 -0.0301253 0.00675276 -0.015 -0.0300456 0.00649643 -0.015 -0.0281485 0.00656706 -0.0094375 -0.0280309 0.00809609 -0.015 -0.0269238 0.00890809 -0.00945312 -0.0271654 0.0100306 -0.0122187 -0.0284347 0.00987246 -0.00948437 0.0281545 0.00764646 -0.015 0.0271457 0.00767197 -0.00978125 0.0270784 0.00659631 -0.015 0.0297915 0.00634869 -0.0108438 0.0286233 0.00805134 -0.00940625 0.0305707 0.00841449 -0.015 0.0306866 0.00989949 -0.015 0.0283249 -0.00919202 -0.0119 0.0325238 -0.00813432 -0.0119 0.0305842 -0.0115688 -0.0119 0.0337126 -0.0144107 -0.0119 0.0330782 -0.00872059 -0.0119 0.0275154 -0.0164837 -0.0119 0.0299408 -0.0120584 -0.0119 0.0253728 -0.0150978 -0.0119 0.0267404 -0.0267762 -0.0119 0.0154252 -0.0254536 -0.0119 0.0132258 -0.0294208 -0.0119 0.0164884 -0.031499 -0.0119 0.0159932 -0.0261496 -0.0119 0.00984313 -0.0281987 -0.0119 0.00822216 -0.0335856 -0.0119 0.0131805 -0.0309173 -0.0119 0.00831313 -0.0331594 -0.0119 0.00992379 -0.0258595 -0.0119 -0.0104806 -0.0289472 -0.0119 -0.00806693 -0.0257495 -0.0119 -0.0140454 -0.0318929 -0.0119 -0.00876013 -0.0274592 -0.0119 -0.0159179 -0.0301849 -0.0119 -0.0164028 -0.0337339 -0.0119 -0.011831 -0.0326247 -0.0119 -0.0150827 -0.00991213 -0.0119 -0.026073 -0.0124971 -0.0119 -0.025326 -0.00815122 -0.0119 -0.029438 -0.0156738 -0.0119 -0.0273766 -0.00952809 -0.0119 -0.0327582 -0.0135522 -0.0119 -0.0335701 -0.0158916 -0.0119 -0.0314643 0.0125401 -0.0119 0.022236 0.00884882 -0.0119 0.0240452 0.0129098 -0.0119 0.0186799 0.00560719 -0.0119 0.0225501 0.011382 -0.0119 0.01647 0.0088853 -0.0119 0.0158012 0.00476837 -0.0119 0.0198192 0.005344 -0.0119 0.0177723 0.00638944 -0.0119 0.0166207 0.0112485 -0.0119 -0.0164373 0.013025 -0.0119 -0.0186963 0.00886887 -0.0119 -0.0157258 0.00749957 -0.0119 -0.0160076 0.0129177 -0.0119 -0.0215662 0.0057122 -0.0119 -0.0173175 0.010962 -0.0119 -0.0237478 0.00482837 -0.0119 -0.0190877 0.00521735 -0.0119 -0.0217564 0.0081718 -0.0119 -0.0240816 -0.00922432 -0.02 -0.00842029 -0.00812008 -0.02 -0.00948966 -0.00676745 -0.02 -0.0105051 -0.00514043 -0.02 -0.0113733 -0.00296563 -0.02 -0.0121324 -0.000876451 -0.0265 -0.0124551 -0.00099279 -0.02 -0.0124415 0.00243812 -0.0265 -0.0122161 0.00247471 -0.02 -0.0121691 0.00656492 -0.0265 -0.0105434 0.00682134 -0.02 -0.010356 0.0092786 -0.0265 -0.00834871 0.0101041 -0.02 -0.00724323 0.0109761 -0.0265 -0.00591824 0.0115902 -0.02 -0.00465361 0.0120403 -0.02 -0.00334475 0.0123865 -0.02 -0.00153336 0.0123945 -0.02 0.00131178 0.0115454 -0.02 0.00467185 0.0107973 -0.0265 0.00615388 0.00995247 -0.02 0.00748652 0.00897545 -0.0265 0.00868561 0.00795161 -0.02 0.00963108 0.00689885 -0.0265 0.0103674 0.00535631 -0.02 0.0112268 0.00316911 -0.0265 0.0120349 0.000636484 -0.02 0.0123803 -0.000265365 -0.0265 0.0124112 -0.00296773 -0.02 0.0121228 -0.00473844 -0.02 0.0115629 -0.00715716 -0.02 0.0101919 -0.0096047 -0.02 0.00795825 -0.0117004 -0.02 0.00411848 -0.0121094 -0.0265 0.00279369 -0.0122651 -0.02 -0.00175656 -0.0123325 -0.0265 -0.0014991 -0.0114409 -0.0265 -0.0049899 -0.0110458 -0.02 -0.00575229 -0.0105185 -0.0265 0.00668618 -0.00981469 -0.0265 0.00400814 -0.00774983 -0.0265 0.000845925 -0.00842393 -0.0265 -0.00214264 -0.0104613 -0.0265 -0.00475439 -0.0104308 -0.0265 -0.00675029 0.00934953 -0.0265 0.0067266 0.00761415 -0.0265 0.00661429 0.00176652 -0.0265 0.00997227 0.00419478 -0.0265 0.0065113 0.0102728 -0.0265 -0.00632774 0.00776289 -0.0265 -0.00661033 0.00456695 -0.0265 -0.0062742 0.00240555 -0.0265 -0.00821306 0.00118617 -0.0265 -0.0113571 -4.19258e-05 -0.0265 -0.0124241 0.00391608 -0.0275 0.00892527 0.00698605 -0.0275 0.00854498 0.00566755 -0.0275 0.0112625 0.00346753 -0.0275 -0.00978454 0.00470173 -0.0275 -0.0113174 0.00686633 -0.0275 -0.0110073 0.00746968 -0.0275 -0.00915134 0.00567133 -0.0275 -0.0078184 -0.0125167 -0.0275 -0.00109662 -0.00980461 -0.0275 -0.00119628 -0.0100852 -0.0275 0.00160201 -0.0127266 -0.0275 0.00108737 0.0186157 -0.0131002 0.0173039 0.0223511 -0.0131262 0.0120986 0.0244708 -0.0090001 0.00744482 0.025431 -0.013 0.00124894 0.0253696 -0.013 -0.00249787 0.017435 -0.0130589 -0.0184608 0.000892725 -0.0131271 -0.0253992 -0.0104334 -0.0130245 -0.0232438 -0.0250187 -0.0090001 -0.00532794 -0.0252821 -0.0133341 0.00155709 -0.0252728 -0.009 0.00336729 -0.0234969 -0.0130245 0.00980481 -0.0214756 -0.009 0.0137872 -0.0187813 -0.013 0.017191 -0.0152418 -0.0131905 0.0203532 -0.00350766 -0.009 0.0252969 0.0117137 -0.0137634 0.0161811 -0.00175461 -0.015 0.0173271 -0.00853444 -0.015 0.0151184 -0.0131663 -0.015 0.0114311 -0.0157811 -0.015 0.00750181 -0.0029395 -0.015 -0.0175751 -0.017241 -0.015 0.00208025 -0.0169043 -0.015 -0.00414388 -0.00974686 -0.015 -0.0144329 -0.0145173 -0.015 -0.00952504 0.0132443 -0.0110505 0.0181291 0.0151216 -0.0132107 0.0191193 0.000729962 -0.0133816 0.025335 0.00341808 -0.013 0.0249778 0.0151197 -0.0135167 -0.0188753 0.00404539 -0.013 -0.0244123 0.00150959 -0.0144185 -0.0243226 -0.010181 -0.00900289 0.0235234 -0.00687599 -0.0144351 0.023371 -0.0175722 -0.0143067 0.0172655 -0.0229333 -0.0147728 0.00687422 -0.0232266 -0.0138558 0.00958481 -0.0238349 -0.0143732 -0.00551805 -0.0235609 -0.0131695 -0.00966036 -0.0189159 -0.0130685 -0.016996 -0.020291 -0.0143877 -0.0139197 -0.0147013 -0.0142483 -0.0198217 -0.00702743 -0.0141515 -0.0237611 0.00884819 -0.0144669 -0.01527 0.00719652 -0.0132607 -0.0159354 0.00164392 -0.014452 0.0240688 0.0199191 -0.0134586 -0.0155175 0.024455 -0.0143298 -0.00279437 0.0239881 -0.0142748 0.00507704 0.0186501 -0.0145389 0.0155938 0.00538873 -0.0150003 0.0168128 -0.0144658 -0.0171875 0.00485949 -0.0116573 -0.0171875 0.0097816 -0.00694237 -0.0171875 0.0135416 -0.00265568 -0.0171875 0.0150611 0.0018922 -0.0171875 0.0150994 0.00729887 -0.0171875 0.0134015 0.0111552 -0.0171875 0.0103505 0.0151226 -0.0171875 0.00227937 0.0151417 -0.0171875 -0.00189821 0.0143712 -0.0171875 -0.00523067 0.0130498 -0.0171875 -0.00797455 0.0112109 -0.0171875 -0.0104022 0.00787952 -0.0168359 -0.0134202 0.00393077 -0.0160709 -0.015924 7.11181e-07 -0.0171875 -0.0152602 -0.00449734 -0.0171875 -0.0145824 -0.00829741 -0.0171875 -0.0128469 -0.0109238 -0.0171875 -0.0106557 -0.0135793 -0.0171875 -0.00696249 -0.0151797 -0.0171875 -0.000187033 0.00820225 -0.00360081 -0.0290931 0.00955787 -0.0104375 -0.0302916 0.00954819 -0.00925 -0.0274353 0.00776904 -0.00925 -0.0269582 0.00650009 -0.00925 -0.0283978 0.0102152 -0.00925 -0.0288799 0.0073651 -0.00925 -0.0304159 0.00804256 -0.0143301 -0.0289101 0.00892749 -0.00339353 0.0289376 0.00746839 -0.00385876 0.028967 0.00723465 -0.00925 0.0273096 0.00918302 -0.00925 0.0270973 0.0101069 -0.00925 0.0283211 0.00914551 -0.0080625 0.0305832 0.00810961 -0.0045 0.0308061 0.00697383 -0.00925 0.030248 0.00634587 -0.00865625 0.0289354 0.00977466 -0.011625 0.0300721 0.00787949 -0.0143098 0.0289825 0.00659634 0.02625 0.0297296 0.00833035 0.02625 0.0307408 0.0081775 0.020612 0.0287572 0.0100206 0.02625 0.0295895 0.00800494 0.02625 0.0269247 0.00653027 0.02625 0.0280252 0.00970842 0.02625 0.0276962 0.00814595 0.0313293 0.029112 0.0084957 0.0208256 -0.0285087 0.00913784 0.02625 -0.0272568 0.00647782 0.0256563 -0.0295017 0.00772851 0.02625 -0.0306947 0.00980212 0.0268438 -0.0298068 0.00705198 0.02625 -0.027372 0.00798534 0.0313068 -0.0288154 -0.015598 -0.014675 0.0272421 -0.0126791 -0.0145345 0.0254686 -0.0100096 -0.014125 0.0260194 -0.0083195 -0.01385 0.0281968 -0.00858355 -0.0145375 0.0314504 -0.010953 -0.0144 0.0334707 -0.0136927 -0.01385 0.0335098 -0.0160889 -0.0144344 0.0310042 -0.0124527 -0.0119119 0.0270827 -0.0110703 -0.0119 0.0274396 -0.0101083 -0.0119 0.0283058 -0.0144446 -0.0119 0.0284389 -0.012256 -0.011969 0.030751 -0.00990695 -0.0119 0.0301277 -0.0146638 -0.0119 0.029921 -0.011072 -0.0119 0.0317014 -0.0135471 -0.0119 0.0316167 -0.0122992 -0.0119 0.032045 -0.0112031 -0.0169 0.0275036 -0.013509 -0.0169 0.0276308 -0.00993998 -0.0169 0.0294369 -0.0145518 -0.0169 0.0296913 -0.0109828 -0.0169 0.0314975 -0.0132886 -0.0169 0.0316247 -0.0144288 -0.0002 0.0306163 -0.0145626 -0.0002 0.0287182 -0.0135954 -0.0002 0.0275122 -0.0118777 -0.0002 0.0271631 -0.0104403 -0.0002 0.0279455 -0.0098609 -0.0002 0.0299996 -0.0107281 -0.0002 0.0314962 -0.0117635 -0.0002 0.0320005 -0.0131354 -0.0002 0.0318177 -0.0109828 -0.0144 0.0314975 -0.00993998 -0.0144 0.0294369 -0.0112031 -0.0144 0.0275036 -0.013509 -0.0144 0.0276308 -0.0145518 -0.0144 0.0296913 -0.0132886 -0.0144 0.0316247 -0.0128727 -0.0168191 0.0306109 -0.0124745 3.10425e-05 0.0289012 -0.0337012 -0.014125 0.0120988 -0.0314563 -0.0144687 0.00868367 -0.0274831 -0.0146975 0.00866905 -0.0256042 -0.0144 0.0112839 -0.0264225 -0.0144 0.0149507 -0.0296519 -0.0145375 0.0162889 -0.033009 -0.014675 0.0146252 -0.0290598 -0.0119 0.00984658 -0.0308967 -0.0119 0.0102353 -0.0276 -0.0119 0.0108404 -0.0272324 -0.0119 0.0128914 -0.0318856 -0.0119 0.0126746 -0.0287465 -0.0119 0.0145501 -0.0307052 -0.0119 0.0144251 -0.0285214 -0.0169 0.0101853 -0.0308273 -0.0169 0.0103125 -0.0299893 -0.0168212 0.0120941 -0.0272583 -0.0169 0.0121187 -0.03187 -0.0169 0.0123731 -0.028301 -0.0169 0.0141792 -0.0306069 -0.0169 0.0143064 -0.0316917 -0.0002 0.0110604 -0.0300351 -0.0002 0.00991118 -0.0277116 -0.0002 0.0107316 -0.0271122 -0.0002 0.0124693 -0.0283508 -0.0002 0.0142706 -0.0305703 -0.0002 0.0145073 -0.031724 -0.0002 0.013231 -0.0294432 4.05273e-05 0.0124994 -0.028301 -0.0144 0.0141792 -0.0272583 -0.0144 0.0121187 -0.0285214 -0.0144 0.0101853 -0.0308273 -0.0144 0.0103125 -0.03187 -0.0144 0.0123731 -0.0306069 -0.0144 0.0143064 -0.0301613 -0.011964 0.0106423 -0.0330396 -0.0155935 -0.0136332 -0.0313155 -0.014675 -0.0159032 -0.0271452 -0.0145375 -0.0155271 -0.0257487 -0.0131965 -0.011494 -0.026581 -0.014675 -0.00947169 -0.0306291 -0.0144 -0.00829784 -0.033337 -0.014125 -0.0105735 -0.0298839 -0.0119 -0.014674 -0.0280241 -0.0119 -0.0141058 -0.0315456 -0.0119 -0.013678 -0.027146 -0.0119 -0.0123829 -0.0320134 -0.0119 -0.0120887 -0.0275642 -0.0119 -0.0107962 -0.0308811 -0.0119 -0.010257 -0.0289511 -0.0119 -0.00988513 -0.0308273 -0.0169 -0.0141792 -0.0272583 -0.0169 -0.0123731 -0.03187 -0.0169 -0.0121187 -0.028301 -0.0169 -0.0103125 -0.0304146 -0.0168845 -0.0100515 -0.0317825 -0.0002 -0.0111372 -0.0320011 -0.0002 -0.0124913 -0.0311191 -0.0002 -0.0141253 -0.0294337 -0.0002 -0.0146842 -0.0280789 -0.0002 -0.0142173 -0.0273759 -0.000147852 -0.0130894 -0.0271448 -0.0002 -0.011715 -0.0277018 -0.0002 -0.010619 -0.0289587 -0.0002 -0.00988317 -0.0307475 -0.0002 -0.010104 -0.0298383 4.87305e-05 -0.0122699 -0.028301 -0.0144 -0.0103125 -0.0272583 -0.0144 -0.0123731 -0.0285214 -0.0144 -0.0143064 -0.0308273 -0.0144 -0.0141792 -0.03187 -0.0144 -0.0121187 -0.0306069 -0.0144 -0.0101853 -0.0279118 -0.0168668 -0.0141702 -0.0291804 -0.0119637 -0.0135424 -0.0156601 -0.0144 -0.031611 -0.0126249 -0.0156592 -0.0334583 -0.0089543 -0.0146993 -0.0318256 -0.00823371 -0.0145375 -0.0284914 -0.0102567 -0.0144 -0.0259981 -0.0134523 -0.0146062 -0.0256001 -0.0158821 -0.0144 -0.0275461 -0.0117899 -0.0119 -0.0319843 -0.0101068 -0.0119 -0.0306415 -0.0132949 -0.0119 -0.0318006 -0.009872 -0.0119 -0.0289239 -0.0143539 -0.0119 -0.0308361 -0.014865 -0.011915 -0.0293176 -0.0109536 -0.0119279 -0.0270599 -0.0116067 -0.0119 -0.0272397 -0.0133755 -0.0119 -0.0274031 -0.0112031 -0.0169 -0.0316247 -0.013509 -0.0169 -0.0314975 -0.00993998 -0.0169 -0.0296913 -0.0145518 -0.0169 -0.0294369 -0.0109828 -0.0169 -0.0276308 -0.0131599 -0.0168171 -0.0281559 -0.0132886 -0.0169 -0.0275036 -0.0143806 -0.0002 -0.0282807 -0.014682 -0.0002 -0.0296851 -0.014166 -0.0002 -0.0311178 -0.0130095 -0.0002 -0.0319063 -0.0117832 -0.0002 -0.0319958 -0.0102536 -0.0002 -0.0308582 -0.00979983 -0.0002 -0.0292785 -0.0102028 -0.0002 -0.0281591 -0.0112826 -0.0002 -0.0273154 -0.0129956 -0.0002 -0.027262 -0.0109828 -0.0144 -0.0276308 -0.00993998 -0.0144 -0.0296913 -0.0112031 -0.0144 -0.0316247 -0.013509 -0.0144 -0.0314975 -0.0145518 -0.0144 -0.0294369 -0.0132886 -0.0144 -0.0275036 -0.00951523 -0.0119673 -0.0308761 -0.0118354 4.98291e-05 -0.0292899 0.00566768 -0.0149944 -0.0175737 0.00498252 -0.014675 -0.0209085 0.00719642 -0.0142625 -0.0237034 0.00976666 -0.014125 -0.0241229 0.0117133 -0.014125 -0.0232231 0.0130021 -0.0138766 -0.0207051 0.0123553 -0.0144 -0.0175536 0.00989353 -0.0151367 -0.0159953 0.0097867 -0.0119 -0.0223575 0.0107343 -0.0119 -0.021726 0.00815296 -0.0119 -0.0222634 0.0114367 -0.0119 -0.0202843 0.00691022 -0.0119 -0.0212933 0.0110981 -0.0119 -0.0186966 0.00659668 -0.0119 -0.0196831 0.0103398 -0.0119 -0.0179067 0.00701609 -0.0119 -0.0185202 0.00880503 -0.0119356 -0.0170324 0.00890587 -0.0119 -0.017566 0.0100428 -0.0169 -0.0220606 0.00773689 -0.0169 -0.0219334 0.0066941 -0.0169 -0.0198728 0.0102631 -0.0169 -0.0180666 0.00795722 -0.0169 -0.0179394 0.00661642 -0.0002 -0.0198036 0.00725116 -0.0002 -0.0217244 0.00857056 -0.0002 -0.0224236 0.0112646 -0.0002 -0.0207746 0.0110981 -0.0002 -0.0186966 0.010405 -0.0002 -0.0179488 0.0094606 -0.0002 -0.0175745 0.00837681 -0.0002 -0.0175938 0.00738205 -0.0002 -0.018169 0.00879999 5.37842e-05 -0.0198186 0.0102164 -0.000141333 -0.0218998 0.0102631 -0.0144 -0.0180666 0.0113059 -0.0144 -0.0201272 0.0100428 -0.0144 -0.0220606 0.00773689 -0.0144 -0.0219334 0.0066941 -0.0144 -0.0198728 0.00795722 -0.0144 -0.0179394 0.0111106 -0.016876 -0.0200411 0.00805792 -0.0167947 -0.0223547 0.00609106 -0.0119688 -0.019818 0.00763292 -0.0138043 -0.0160741 0.0124201 -0.0119585 -0.0182679 0.0116277 -0.0119712 -0.0228444 0.0048105 -0.014125 0.0200491 0.00664891 -0.0145375 0.0167427 0.0104953 -0.0135232 0.0163408 0.0129743 -0.0145858 0.0200851 0.0123057 -0.0144 0.0225216 0.00966641 -0.015873 0.0239784 0.00796266 -0.0142625 0.0240098 0.00581189 -0.0148574 0.0226401 0.0102045 -0.0119 0.0178647 0.00856479 -0.0119 0.0175827 0.0112645 -0.0119 0.0191057 0.00681726 -0.0119 0.0190808 0.0112057 -0.0119115 0.0210814 0.00693184 -0.0119 0.0213057 0.00957372 -0.0119 0.0223542 0.00817494 -0.0119 0.0223174 0.0100428 -0.0169 0.0179394 0.00773596 -0.0168615 0.0185784 0.0113059 -0.0169 0.0198728 0.0066941 -0.0169 0.0201272 0.0102631 -0.0169 0.0219334 0.00795722 -0.0169 0.0220606 0.00670578 -0.0002 0.0208531 0.00685334 -0.0002 0.0188993 0.00827768 -0.0002 0.0176786 0.0103592 -0.0002 0.0180116 0.011437 -0.0002 0.0199164 0.0109772 -0.0002 0.0214538 0.00944079 -0.0002 0.0223937 0.00768638 -0.0002 0.0220701 0.0102631 -0.0144 0.0219334 0.0113059 -0.0144 0.0198728 0.0100428 -0.0144 0.0179394 0.00773689 -0.0144 0.0180666 0.0066941 -0.0144 0.0201272 0.00795722 -0.0144 0.0220606 0.00617655 -0.0120022 0.0198584 0.009057 2.62817e-05 0.0192023 0.016625 -0.01 0.0533162 0.016539 0.014 0.0530495 0.0162764 -0.01 0.0519615 0.0162312 0.014 0.051685 0.0161695 -0.01 0.0508467 0.0162312 -0.01 0.0498214 0.0161835 0.014 0.0504732 0.0163874 0.014 0.048996 0.0166073 -0.01 0.0482831 0.0168362 0.014 0.0476712 0.0175679 -0.01 0.0464258 0.0177673 0.014 0.0461674 0.0186421 -0.01 0.0452008 0.0188499 0.014 0.0450128 0.019601 -0.01 0.0444585 0.0197592 0.014 0.044359 0.0205846 -0.01 0.0439228 0.0219557 -0.01 0.0434676 0.0212867 0.014 0.0436697 0.0229205 0.014 0.0432969 0.0234798 -0.01 0.043262 0.0241331 0.014 0.0432794 0.0248749 -0.01 0.043363 0.0252438 0.014 0.0434233 0.0263153 -0.01 0.043749 0.0263153 0.014 0.043749 0.0275741 -0.01 0.044359 0.0275741 0.014 0.044359 0.0285512 0.014 0.0450773 0.0285512 -0.01 0.0450773 0.029407 -0.01 0.0459364 0.0297702 0.014 0.0464227 0.0302561 -0.01 0.0472177 0.0304971 0.014 0.0476713 0.0308273 -0.01 0.0485444 0.0308801 0.014 0.0487237 0.0310876 -0.01 0.0497761 0.0310876 0.014 0.0497761 0.0311591 -0.01 0.0510336 0.0311591 0.014 0.0510336 0.0310244 -0.01 0.0521454 0.0309938 0.014 0.0522822 0.0305808 -0.01 0.0536171 0.0305808 0.014 0.0536171 0.0294884 -0.01 0.0554558 0.0296604 0.014 0.0552346 0.0283692 -0.01 0.0565751 0.0286251 0.014 0.0563718 0.027574 0.014 0.0571475 0.0271701 -0.01 0.057382 0.0268353 0.014 0.0575484 0.0261399 -0.01 0.0578214 0.0258754 0.014 0.0579139 0.0243652 0.014 0.0582044 0.0243652 -0.01 0.0582044 0.022505 -0.01 0.0581464 0.0226895 0.014 0.0581742 0.0217261 0.014 0.0579954 0.0210179 -0.01 0.0577575 0.0209289 0.014 0.0577288 0.0195705 -0.01 0.0570096 0.0195705 0.014 0.0570096 0.0179977 -0.01 0.0556317 0.0184988 0.014 0.0561854 0.0177542 0.014 0.0553488 0.0170856 -0.01 0.0543371 0.0171039 0.014 0.0543984 0.0276084 -0.011 0.0523003 0.0278745 -0.011 0.051254 0.026996 -0.011 0.0533747 0.0278269 -0.011 0.0499659 0.0299831 -0.01075 0.0493249 0.0276195 -0.011 0.0492019 0.0261515 -0.011 0.0541637 0.0270511 -0.011 0.0482058 0.0249428 -0.011 0.054801 0.0242985 -0.011 0.0549443 0.0276165 -0.01075 0.0455517 0.02629 -0.011 0.0474211 0.0231136 -0.011 0.0549545 0.0255553 -0.011 0.0469533 0.0241583 -0.011 0.0568056 0.0246994 -0.011 0.046645 0.022142 -0.011 0.0547105 0.0242866 -0.01075 0.0441931 0.0237196 -0.011 0.0465049 0.0212993 -0.011 0.0542726 0.0228802 -0.011 0.0465968 0.0205922 -0.011 0.053678 0.0200736 -0.011 0.0530109 0.0220652 -0.011 0.0468179 0.0210268 -0.01075 0.0448685 0.0215689 -0.011 0.0470668 0.019601 -0.011 0.0519244 0.0172042 -0.010625 0.0525048 0.0207651 -0.011 0.0476649 0.0194298 -0.011 0.0506739 0.0201013 -0.011 0.0484659 0.018385 -0.0108438 0.047158 0.0195804 -0.011 0.0496309 0.0156715 0.014 0.0511222 0.0154439 0.014 0.0483106 0.0172145 0.014 0.0440542 0.0292259 0.014 0.0451371 0.0216456 0.014 0.0418174 0.0264813 0.014 0.042508 0.0314811 0.014 0.0498673 0.0316912 0.017 0.0505213 0.0317666 0.017 0.0539849 0.0316625 0.014 0.0542344 0.0301245 0.014 0.0574874 0.030513 0.017 0.0570236 0.0281391 0.014 0.0590792 0.0284691 0.017 0.0588615 0.0253797 0.017 0.059945 0.0241728 0.014 0.0599004 0.0219714 0.017 0.0595769 0.0201568 0.014 0.0586055 0.0198777 0.017 0.0583607 0.0181713 0.014 0.0565499 0.018049 0.017 0.0563509 0.0162766 0.017 0.052557 0.0298741 0.017 0.0463696 0.0156523 0.017 0.0474661 0.0169996 0.017 0.044238 0.0202386 0.017 0.0420466 0.0236805 0.017 0.0415274 0.0268018 0.017 0.042751 0.0222906 0.017 0.0547653 0.0216358 0.017 0.0544825 0.0210625 0.017 0.0541036 0.0233502 0.017 0.0549759 0.020356 0.017 0.0533934 0.024533 0.017 0.0549053 0.0251189 0.017 0.0547435 0.0197022 0.017 0.0522105 0.0260802 0.017 0.0542229 0.0268169 0.017 0.053604 0.0194298 0.017 0.0506739 0.0272146 0.017 0.0530763 0.0195629 0.017 0.0496809 0.0199737 0.017 0.0486819 0.0277566 0.017 0.0518489 0.0207483 0.017 0.0476854 0.0279011 0.017 0.0510706 0.0278607 0.017 0.0501477 0.0276357 0.017 0.0492523 0.0216617 0.017 0.0470162 0.0271383 0.017 0.0483223 0.02629 0.017 0.0474211 0.0227004 0.017 0.0466388 0.0255553 0.017 0.0469533 0.0243879 0.017 0.0465848 0.0237196 0.017 0.0465049 0.0206356 -0.010625 0.0566467 0.0273158 -0.0105 0.0564701 0.0295735 -0.01075 0.0535867 0.0266666 -0.017 0.0524853 0.0334245 -0.017 0.0524569 0.0309457 -0.017 0.0574415 0.0236666 -0.017 0.0542173 0.01768 -0.017 0.058554 0.023584 -0.017 0.0604027 0.0266666 -0.017 0.0490212 0.0329381 -0.017 0.0474617 0.0206666 -0.017 0.0524853 0.0236666 -0.017 0.0472891 0.0141385 -0.017 0.0506421 0.0206666 -0.017 0.0490212 0.0286554 -0.017 0.0424178 0.0213573 -0.017 0.0410574 0.0172636 -0.017 0.0435402 0.0188128 -0.0115 0.0514939 0.0187502 -0.0115 0.0498863 0.0191685 -0.0115 0.0486217 0.0204576 -0.0115 0.0469766 0.0220057 -0.007 0.046055 0.016199 -0.0148301 0.0479115 0.0230737 -0.0115 0.0458498 0.0185639 -0.0146246 0.0449237 0.0249994 -0.014814 0.0429347 0.0212948 -0.0148677 0.0430773 0.0259858 -0.0115 0.046396 0.0279322 -0.0115 0.0484081 0.0288102 -0.0146031 0.0450101 0.0286039 -0.0115 0.0513409 0.0310063 -0.0141681 0.0512884 0.0310126 -0.014822 0.0476618 0.0281546 -0.0115 0.0529148 0.0274827 -0.0115 0.053955 0.0295217 -0.0144272 0.0556176 0.0262329 -0.0115 0.0550119 0.0309711 -0.0146904 0.0537088 0.0241295 -0.0115 0.0556945 0.0269955 -0.0144541 0.0576123 0.0225269 -0.0115 0.0556066 0.0233443 -0.0145105 0.0584117 0.0178935 -0.0146367 0.0558006 0.0199766 -0.0115 0.0539862 0.0158308 -0.0147804 0.0507357 0.0187875 -0.0025 0.051386 0.019026 -0.0025 0.0490145 0.0206708 -0.0025 0.0468344 0.0242663 -0.0025 0.0458427 0.0267475 -0.0025 0.046866 0.0281708 -0.0025 0.0488115 0.0286163 -0.0025 0.0512798 0.0283138 -0.0025 0.0525771 0.0276417 -0.0025 0.0537444 0.0262329 -0.0025 0.0550119 0.0248985 -0.0025 0.0555911 0.0233111 -0.0025 0.0556998 0.020814 -0.0025 0.0547439 0.0194249 -0.0025 0.0533816 0.0244038 -0.00200391 0.0518406 0.0270891 -0.00212305 0.0534846 0.020801 -0.00212329 0.0533002 0.0243288 -0.00210645 0.0475446 0.0236666 -0.0115 0.0542173 0.0266666 -0.0115 0.0524853 0.0266666 -0.0115 0.0490212 0.0236666 -0.0115 0.0472891 0.0206666 -0.0115 0.0490212 0.0206666 -0.0115 0.0524853 0.0275951 0.0110011 -0.00322517 0.0311078 0.0117375 -0.0039558 0.0338805 0.0116687 -0.000939428 0.0333102 0.011001 0.00239348 0.0316251 0.0103315 0.00369461 0.0284224 0.011325 0.00387251 0.0264444 0.0116 0.00213348 0.0258906 0.0116 -0.000466251 0.0313338 0.0141 -0.0020934 0.0322035 0.0141 -0.00109445 0.0302847 0.0141 -0.00245365 0.0300213 0.0140361 0.00163073 0.0281409 0.0140875 -0.0018943 0.0324473 0.0141 0.000194918 0.0318348 0.0141 0.00165061 0.0310855 0.0141 0.00223569 0.0276236 0.0141 -0.000716988 0.0277261 0.0141 0.000852173 0.0299145 0.0141 0.00247597 0.0287675 0.0141 0.00211402 0.032 0.0091 -0.0011547 0.03 0.0091 -0.0023094 0.032 0.0091 0.0011547 0.028 0.0091 -0.0011547 0.03 0.0091 0.0023094 0.028 0.0091 0.0011547 0.0278675 0.0318 -0.00123128 0.0291293 0.0318 -0.00227383 0.0304691 0.0318 -0.00243833 0.031553 0.0318 -0.00190566 0.0323926 0.0318 -0.000609817 0.0324277 0.0318 0.000562 0.0318422 0.0318 0.00163693 0.0308835 0.0318 0.00231497 0.0295078 0.0318 0.00241222 0.0283669 0.0318 0.00186232 0.0276132 0.0318 0.000399415 0.0302248 0.0320311 -0.000284978 0.03 0.0116 0.0023094 0.032 0.0116 0.0011547 0.032 0.0116 -0.0011547 0.03 0.0116 -0.0023094 0.028 0.0116 -0.0011547 0.028 0.0116 0.0011547 0.0289617 0.00918088 -0.000152507 0.0198268 0.0120355 0.0173592 0.0232277 0.0111875 0.0176165 0.0252132 0.0116 0.0203366 0.0241702 0.0116 0.0240278 0.0205736 0.0121971 0.0252248 0.0177056 0.0116688 0.0230571 0.0174553 0.0110329 0.0193701 0.0235461 0.0141 0.020526 0.0232729 0.0141 0.0225095 0.0226188 0.0141 0.0191795 0.0220277 0.0141 0.02354 0.0205865 0.0141 0.0236106 0.0212942 0.0141 0.0187651 0.019789 0.0141 0.0192116 0.0195567 0.0141 0.0230545 0.0188754 0.0141 0.0220019 0.0190022 0.0141 0.0200622 0.0187541 0.0141 0.0209521 0.0234439 0.0091 0.0218109 0.0228462 0.0091 0.0195802 0.0218109 0.0091 0.0234439 0.0206155 0.0091 0.0189825 0.0195802 0.0091 0.0228462 0.0189825 0.0091 0.0206155 0.0197443 0.0318 0.0192615 0.021302 0.0318 0.0187644 0.0225794 0.0318 0.0191408 0.023226 0.0318 0.0197656 0.0236463 0.0318 0.02107 0.0232402 0.0318 0.0226367 0.0222316 0.0318 0.0234433 0.0206803 0.0318 0.0236336 0.019708 0.0318 0.0231743 0.01888 0.0318 0.0220082 0.0188511 0.0318 0.0205238 0.0207103 0.0320355 0.0211941 0.022486 0.0320461 0.021053 0.0195802 0.0116 0.0228462 0.0218109 0.0116 0.0234439 0.0234439 0.0116 0.0218109 0.0228462 0.0116 0.0195802 0.0206155 0.0116 0.0189825 0.0189825 0.0116 0.0206155 0.0216931 0.00917438 0.0206165 0.0194158 0.0140413 0.0204545 0.000842168 0.0121747 0.0259663 0.0035157 0.0114625 0.0279484 0.00361986 0.0112319 0.0317624 0.000636354 0.0116 0.034055 -0.00337124 0.0117375 0.0321663 -0.00308147 0.0120346 0.0274934 0.00194562 0.0141 0.0315314 0.000976271 0.0141 0.0322754 0.00246147 0.0141 0.0302532 0.00222811 0.0141 0.0290098 -0.000302624 0.0141 0.0324481 -0.00138909 0.0141 0.0320651 0.00133144 0.0141 0.0278958 -0.00213109 0.0141 0.0312573 0.000407927 0.0141 0.0275542 -0.00240515 0.0141 0.0295834 -0.000969707 0.0141 0.0277402 -0.00188537 0.0141 0.0283878 0.0011547 0.0091 0.032 0.0023094 0.0091 0.03 -0.0011547 0.0091 0.032 0.0011547 0.0091 0.028 -0.0023094 0.0091 0.03 -0.0011547 0.0091 0.028 0.000407927 0.0318 0.0275542 0.0014146 0.0318 0.0279661 0.00235556 0.0318 0.0292749 0.00243504 0.0318 0.0304093 0.00172989 0.0318 0.0317526 0.000611241 0.0318 0.0324021 -0.000549908 0.0318 0.0323958 -0.0018549 0.0318 0.031602 -0.00244729 0.0318 0.0299682 -0.00218125 0.0318 0.0288122 -0.00100021 0.0318 0.0277822 0.00031604 0.0320379 0.0299623 -0.0023094 0.0116 0.03 -0.0011547 0.0116 0.032 0.0011547 0.0116 0.032 0.0023094 0.0116 0.03 0.0011547 0.0116 0.028 -0.0011547 0.0116 0.028 5.18842e-05 0.00917867 0.0294226 -0.000600297 0.014037 0.0302875 -0.0173765 0.0115312 0.0200573 -0.018234 0.0116 0.0239758 -0.0209634 0.0116 0.0254242 -0.0239412 0.0116 0.0241963 -0.0251331 0.011325 0.0197659 -0.0211071 0.01105 0.0171804 -0.0218893 0.0141 0.023587 -0.0207515 0.0141 0.0236536 -0.0196415 0.0141 0.0231154 -0.0228181 0.0141 0.023114 -0.0235349 0.0141 0.0220012 -0.0188987 0.0141 0.0220802 -0.0236498 0.0141 0.0207127 -0.0187416 0.0141 0.0209659 -0.0191396 0.0141 0.0198916 -0.0230885 0.0141 0.0196138 -0.0204133 0.0141 0.0188961 -0.021972 0.0141 0.0188572 -0.0218109 0.0091 0.0234439 -0.0195802 0.0091 0.0228462 -0.0234439 0.0091 0.0218109 -0.0188027 0.00914035 0.0205608 -0.0228462 0.0091 0.0195802 -0.0206155 0.0091 0.0189825 -0.0191763 0.0318 0.0198156 -0.0187622 0.0318 0.0208902 -0.0188681 0.0318 0.0220173 -0.0196549 0.0318 0.0231237 -0.0208663 0.0318 0.023671 -0.0221729 0.0318 0.0234776 -0.0230875 0.0318 0.0228465 -0.0235521 0.0318 0.0220077 -0.0236183 0.0318 0.0206086 -0.0230446 0.0318 0.0195451 -0.021972 0.0318 0.0188572 -0.0205497 0.0318 0.0188549 -0.0228462 0.0116 0.0195802 -0.0234439 0.0116 0.0218109 -0.0218109 0.0116 0.0234439 -0.0195802 0.0116 0.0228462 -0.0189825 0.0116 0.0206155 -0.0206155 0.0116 0.0189825 -0.0241335 0.010397 0.0184999 -0.0251682 0.0108211 0.0223901 -0.022133 0.00915831 0.0240491 -0.02082 0.0140152 0.0201369 -0.0210247 0.0320347 0.0209409 -0.028831 0.0112761 0.00381493 -0.0322326 0.0116004 0.00342159 -0.0339324 0.0119 -0.000336598 -0.0322726 0.0108657 -0.00340081 -0.0294616 0.011875 -0.00408172 -0.027202 0.0104091 -0.00289122 -0.0259902 0.0116 -0.00100408 -0.0314269 0.0141 0.00199724 -0.0322619 0.0141 0.000967453 -0.0286303 0.0140459 0.0014038 -0.0299652 0.0141 0.00247486 -0.0323923 0.0141 -0.000555878 -0.0286211 0.0141 0.00203747 -0.0314708 0.0141 -0.00197942 -0.027631 0.0141 0.000642197 -0.0299623 0.0141 -0.00244405 -0.0276549 0.0141 -0.000721361 -0.0285843 0.0141 -0.00203569 -0.032 0.0091 0.0011547 -0.03 0.0091 0.0023094 -0.032 0.0091 -0.0011547 -0.028 0.0091 0.0011547 -0.03 0.0091 -0.0023094 -0.028 0.0091 -0.0011547 -0.0275113 0.0318 -1.55768e-05 -0.0277232 0.0318 0.000954849 -0.0287257 0.0318 0.00210084 -0.0299881 0.0318 0.00247948 -0.0314475 0.0318 0.00196161 -0.0323037 0.0318 0.00090859 -0.032388 0.0318 -0.000541343 -0.0311113 0.0318 -0.00216817 -0.0299424 0.0318 -0.00247386 -0.0285978 0.0318 -0.00203513 -0.0276993 0.0318 -0.000898076 -0.0297194 0.0320414 0.000183991 -0.03 0.0116 -0.0023094 -0.032 0.0116 -0.0011547 -0.032 0.0116 0.0011547 -0.03 0.0116 0.0023094 -0.028 0.0116 0.0011547 -0.028 0.0116 -0.0011547 -0.0263542 0.0110268 0.00198657 -0.0311817 0.00914939 -0.000269938 -0.0202359 0.0116687 -0.0171431 -0.0218723 0.0104084 -0.0172907 -0.0241242 0.0114625 -0.0182822 -0.0252664 0.0116 -0.0214293 -0.0239941 0.0116 -0.02429 -0.0207987 0.0116 -0.0253641 -0.0183739 0.013073 -0.0241891 -0.0176017 0.0107991 -0.0231639 -0.017202 0.011325 -0.0200696 -0.0182388 0.0116 -0.0182396 -0.0236779 0.0141 -0.0211749 -0.0233462 0.0141 -0.0224629 -0.0233788 0.0141 -0.0199896 -0.0225774 0.0141 -0.0191657 -0.0222126 0.0141 -0.0234481 -0.0214064 0.0141 -0.0187412 -0.0209045 0.0141 -0.0236732 -0.0228144 0.0139999 -0.0207183 -0.0201198 0.0141 -0.0189969 -0.0196969 0.0141 -0.0231508 -0.0190892 0.0141 -0.0199531 -0.0189195 0.0141 -0.0221384 -0.0187755 0.0140814 -0.0206975 -0.0234439 0.0091 -0.0218109 -0.0228462 0.0091 -0.0195802 -0.0217316 0.00913917 -0.0229053 -0.0206155 0.0091 -0.0189825 -0.0195802 0.0091 -0.0228462 -0.0189825 0.0091 -0.0206155 -0.0203501 0.0318 -0.0189387 -0.0221141 0.0318 -0.018949 -0.0232771 0.0318 -0.0198343 -0.0236639 0.0318 -0.0210987 -0.023344 0.0318 -0.0224796 -0.0222334 0.0318 -0.0234177 -0.0205041 0.0318 -0.0235779 -0.0193149 0.0318 -0.0228056 -0.0187859 0.0318 -0.0214369 -0.0190034 0.0318 -0.0200944 -0.0195802 0.0116 -0.0228462 -0.0218109 0.0116 -0.0234439 -0.0234439 0.0116 -0.0218109 -0.0228462 0.0116 -0.0195802 -0.0206155 0.0116 -0.0189825 -0.0189825 0.0116 -0.0206155 -0.0214877 0.032034 -0.0214822 -2.31666e-05 0.0120346 -0.0260273 -0.0035152 0.0116 -0.0278001 -0.00398156 0.0114625 -0.0309287 -0.00242383 0.0116 -0.0334288 -8.01679e-05 0.0116 -0.0341301 0.00353518 0.0115312 -0.0318326 0.00338874 0.0116 -0.0278042 -0.00140315 0.0141 -0.0320578 -0.0021751 0.0141 -0.0311378 -0.000484156 0.0141 -0.0324073 -0.00242807 0.0141 -0.0295872 0.001126 0.0141 -0.0321887 0.00200687 0.0141 -0.0314673 -0.00171818 0.0141 -0.0282311 -0.000838001 0.0141 -0.0276893 0.00245035 0.0141 -0.0302809 0.00225929 0.0141 -0.0289724 0.000550607 0.0141 -0.0275888 0.00159358 0.0141 -0.0281015 -0.0011547 0.0091 -0.032 -0.0023094 0.0091 -0.03 -0.00194021 0.00914771 -0.0331822 0.0011547 0.0091 -0.032 0.00252807 0.00917543 -0.0327444 -0.0011547 0.0091 -0.028 0.0023094 0.0091 -0.03 0.0011547 0.0091 -0.028 -0.00316984 0.0091649 -0.0282053 -0.000940184 0.0318 -0.0277121 -0.00179791 0.0318 -0.0282895 -0.00227023 0.0318 -0.0289755 -0.00245948 0.0318 -0.0301338 -0.00209767 0.0318 -0.0313268 -0.00129942 0.0318 -0.0321119 -0.00036484 0.0318 -0.0324416 0.00116071 0.0318 -0.0321575 0.00206052 0.0318 -0.0313958 0.00244486 0.0318 -0.0303224 0.00220253 0.0318 -0.0288706 0.00136062 0.0318 -0.0279354 0.000276682 0.0318 -0.0275405 0.0023094 0.0116 -0.03 0.0011547 0.0116 -0.032 -0.0011547 0.0116 -0.032 -0.0023094 0.0116 -0.03 -0.0011547 0.0116 -0.028 0.0011547 0.0116 -0.028 0.0021326 0.00918289 -0.0277179 0.00111184 0.0140414 -0.0300815 7.81748e-05 0.0320438 -0.0303325 0.0191064 0.0126685 -0.0177654 0.0173135 0.011325 -0.0196331 0.0171968 0.0116 -0.0223181 0.0190993 0.011875 -0.0247747 0.0220309 0.0105422 -0.0251908 0.0243604 0.0116 -0.0238438 0.0253958 0.0116 -0.0213545 0.0248539 0.011875 -0.0191221 0.022433 0.0114625 -0.017319 0.0207693 0.0141 -0.0236425 0.0218584 0.0141 -0.0236213 0.0228445 0.0141 -0.0230467 0.0196846 0.0141 -0.0231796 0.0235571 0.0141 -0.0220499 0.0190356 0.0141 -0.0223637 0.0235768 0.0141 -0.0206028 0.0187806 0.0141 -0.0208303 0.0229095 0.0141 -0.0193965 0.0192259 0.0141 -0.0197272 0.0203235 0.0141 -0.0189629 0.0220996 0.0141 -0.0189035 0.0218109 0.0091 -0.0234439 0.0195802 0.0091 -0.0228462 0.0234439 0.0091 -0.0218109 0.0189825 0.0091 -0.0206155 0.0228462 0.0091 -0.0195802 0.0206155 0.0091 -0.0189825 0.0191763 0.0318 -0.0198156 0.0187633 0.0318 -0.0208979 0.0190175 0.0318 -0.0223477 0.0195768 0.0318 -0.0230905 0.0204496 0.0318 -0.0235839 0.0212437 0.0318 -0.0236917 0.0226155 0.0318 -0.0232344 0.0234075 0.0318 -0.0223474 0.0236495 0.0318 -0.0209164 0.0232153 0.0318 -0.0197356 0.0224514 0.0318 -0.0190688 0.0214536 0.0318 -0.0187313 0.0202605 0.0318 -0.0189449 0.0228462 0.0116 -0.0195802 0.0234439 0.0116 -0.0218109 0.0218109 0.0116 -0.0234439 0.0195802 0.0116 -0.0228462 0.0189825 0.0116 -0.0206155 0.0206155 0.0116 -0.0189825 0.0208229 0.00916835 -0.0203988 0.0247267 0.00914999 -0.0225015 0.0205302 0.0140524 -0.0196101 0.0234427 0.0139948 -0.0227778 0.0214287 0.0320246 -0.0215656 0.0113755 -0.039 0.00498252 0.0123794 -0.039 0.00114565 0.0157249 -0.039 0.00115422 0.0122402 -0.039 -0.0024404 0.0129701 -0.039 0.00914378 0.0133766 -0.039 -0.00802858 0.0112678 -0.039 -0.00521648 0.00735196 -0.039 0.00920054 0.00967184 -0.039 0.00657921 0.00696179 -0.039 0.0108485 0.00914382 -0.039 0.0130586 0.00739558 -0.039 0.00653133 0.00924484 -0.039 -0.00668219 0.00622479 -0.039 0.0077269 0.00510366 -0.039 0.00610294 0.00641674 -0.039 -0.00789909 0.00310983 -0.039 0.00712589 0.00665842 -0.039 -0.00625884 0.00375742 -0.039 0.0104894 0.00120452 -0.039 0.0113359 0.00479247 -0.039 0.0111565 0.00392136 -0.039 0.00868504 0.00198541 -0.039 0.00957879 0.00615662 -0.03875 -0.0149631 0.00728165 -0.039 -0.0101325 -8.33301e-06 -0.039 0.0155685 -0.00131475 -0.039 0.01233 0.005414 -0.039 -0.0114795 0.00398208 -0.039 -0.00653578 0.00455128 -0.039 -0.00794334 0.00202011 -0.039 -0.00945561 0.00394715 -0.039 -0.0105769 -0.00415449 -0.039 0.0117784 0.000666517 -0.039 -0.011789 -0.00302367 -0.039 -0.0120179 -0.00680187 -0.039 0.0104065 -0.00118428 -0.039 -0.0155239 -0.00783289 -0.039 -0.00128251 -0.00909852 -0.039 -0.000148209 -0.011293 -0.039 0.0108866 -0.00953875 -0.039 0.00804439 -0.00837279 -0.039 0.00199931 -0.00941972 -0.039 -0.00331852 -0.010797 -0.039 0.00170172 -0.0102225 -0.039 -0.00167866 -0.00676457 -0.039 -0.010489 -0.00955661 -0.039 -0.00797174 -0.0105212 -0.039 0.00526145 -0.0105499 -0.039 -0.0117302 -0.0155746 -0.039 0.0021166 -0.0129196 -0.039 1.8088e-05 -0.0146203 -0.039 -0.00603376 -0.0124145 -0.039 -0.00133553 -0.0105286 -0.039 -0.00627234 0.0120332 -0.0325 0.00311354 0.0107437 -0.0325 0.00599781 0.0124353 -0.0325 0.0069528 0.0123212 -0.0325 -0.00140815 0.0112857 -0.0325 -0.00519604 0.014074 -0.0325 -0.0016662 0.00736862 -0.0325 0.0092254 0.00677485 -0.0325 0.0110228 0.00878458 -0.0325 0.00675088 0.00496577 -0.0325 0.0112972 0.00643728 -0.0325 0.00783116 0.0100893 -0.0325 -0.00648577 0.00488481 -0.0325 0.0132166 0.00612156 -0.0325 0.00618807 0.00344029 -0.0325 0.0068605 0.00480662 -0.0325 0.00770937 0.0114067 -0.0325 -0.00886604 0.00630822 -0.0325 -0.00785172 0.00746168 -0.0325 -0.00961277 0.00371415 -0.0325 0.00964862 0.00197713 -0.0325 0.00960261 0.000664303 -0.0325 0.011752 0.0063883 -0.0325 -0.0111645 -0.00435114 -0.0325 0.0137297 0.00444008 -0.0325 -0.00634216 0.00425246 -0.0325 -0.0108714 -0.00202489 -0.0325 0.0122925 0.00221345 -0.0325 -0.00875167 0.00436059 -0.0325 -0.00819913 -0.00499798 -0.0325 0.0114089 0.000719786 -0.0325 -0.0116727 0.000439771 -0.0325 -0.0141666 -0.00306228 -0.0325 -0.0120343 -0.00844427 -0.0325 0.00915495 -0.00932427 -0.0325 0.0110427 -0.010217 -0.0325 0.00695663 -0.00768705 -0.0325 0.00106524 -0.00784799 -0.0325 -0.00118983 -0.0091167 -0.0325 0.000360772 -0.0130071 -0.0325 0.00582319 -0.00930013 -0.0325 -0.00310431 -0.00630302 -0.0325 -0.0107642 -0.0100995 -0.0325 -0.00154047 -0.00968958 -0.0325 0.00357878 -0.0111844 -0.0325 0.00178665 -0.00756554 -0.0325 -0.0120927 -0.0128171 -0.0325 0.000640833 -0.0141374 -0.0325 -0.00217428 -0.00997171 -0.0325 -0.00742629 -0.0126891 -0.0325 -0.000839212 -0.0124851 -0.0325 -0.00731211 -0.0104755 -0.0325 -0.00487427 -0.00657423 -0.0385 -0.0150681 -0.00626111 -0.037 -0.0151169 -5.03999e-05 -0.0385 -0.0163823 0.00112008 -0.037 -0.0162778 0.00771381 -0.037 -0.0143834 0.00959651 -0.0385 -0.0133466 0.0127243 -0.0385 -0.0104096 0.0128084 -0.037 -0.0103452 0.0151616 -0.037 -0.00622393 0.0153476 -0.0385 -0.00575003 0.016274 -0.037 0.00127362 0.0164091 -0.0385 -5.05096e-05 0.0159241 -0.0385 0.00426696 0.0147545 -0.037 0.00721949 0.0144363 -0.0385 0.00786246 0.0110342 -0.037 0.0120402 0.0121296 -0.0385 0.0111144 0.00919003 -0.0385 0.0136609 0.00562756 -0.037 0.0154616 0.00339119 -0.0385 0.0160099 -0.000377534 -0.037 0.0163175 -0.00353497 -0.0385 0.0159549 -0.00842167 -0.037 0.0140766 -0.0105836 -0.0385 0.0125315 -0.0128084 -0.037 0.0103452 -0.0139415 -0.0385 0.00858136 -0.015148 -0.037 0.00638459 -0.0162675 -0.037 0.00255538 -0.0162794 -0.0385 0.00188473 -0.0161749 -0.037 -0.00269764 -0.0161455 -0.0385 -0.003159 -0.0147775 -0.03775 -0.00723058 -0.0119944 -0.037 -0.0111981 -0.0128802 -0.0385 -0.0102716 -0.0103376 -0.0385 -0.0127981 0.0142651 -0.037 0.00459582 0.0130898 -0.037 0.00723472 0.0149023 -0.037 -0.000185878 0.0141968 -0.037 -0.00476988 0.00966822 -0.037 0.0113077 0.0126235 -0.037 -0.00804236 0.0109103 -0.037 -0.0102502 0.00448497 -0.037 0.0142263 0.00763333 -0.037 -0.0128489 -0.000462004 -0.037 0.0148932 0.00281265 -0.037 -0.0146091 -0.00694559 -0.037 0.0132393 -0.00332606 -0.037 -0.0145693 -0.0103595 -0.037 0.0107549 -0.00707652 -0.037 -0.0131892 -0.0130086 -0.037 0.00740313 -0.00962683 -0.037 -0.0114728 -0.0146735 -0.037 0.00268121 -0.0117093 -0.037 -0.00933782 -0.0148628 -0.037 -0.0017688 -0.0137962 -0.037 -0.00571418 -0.00520656 -0.033 -0.0140329 -0.000742817 -0.033 -0.0148838 0.00484439 -0.033 -0.0141252 0.00816499 -0.03275 -0.0122246 0.0111607 -0.033 -0.00997346 0.01269 -0.033 -0.00797373 0.0141584 -0.033 -0.0048551 0.0149093 -0.033 -0.000837668 0.0146012 -0.033 0.00333263 0.013062 -0.033 0.0072735 0.0104933 -0.033 0.0106244 0.00716267 -0.033 0.0131529 0.0030462 -0.033 0.0146021 -0.00130248 -0.033 0.0148884 -0.00538248 -0.033 0.0139689 -0.00819269 -0.033 0.0125125 -0.0116511 -0.033 0.00929142 -0.0139414 -0.033 0.0054716 -0.0148676 -0.033 0.0013938 -0.0146777 -0.033 -0.00287181 -0.0131587 -0.033 -0.00705944 -0.0107213 -0.033 -0.0104573 -0.00819988 -0.033 -0.0125245 0.00458178 -0.041 0.00652136 0.00855878 -0.0408151 0.00823042 0.00825622 -0.0419424 0.0110933 0.00441207 -0.0415787 0.012544 0.00227936 -0.0410955 0.00918096 0.00626142 -0.0390395 0.00803286 0.00722522 -0.039 0.00994668 0.00450663 -0.039 0.00792989 0.00596131 -0.039 0.0114388 0.00355618 -0.039 0.00934154 0.00434232 -0.039 0.0109753 0.007 -0.043 0.00866025 0.0055 -0.043 0.00779423 0.00625 -0.043 0.0108253 0.004 -0.04175 0.0103923 0.00395553 -0.0293 0.00850036 0.00593592 -0.0293 0.00767006 0.00724117 -0.0293 0.00862953 0.00714377 -0.0293 0.0104244 0.00563205 -0.0293 0.0114868 0.00392367 -0.0293 0.0105296 0.0055 -0.0405 0.0112583 0.007 -0.0405 0.00952628 0.0055 -0.0405 0.00779423 0.004 -0.0405 0.00866025 0.00404487 -0.042976 0.00850728 0.00670097 -0.039551 0.0125282 0.00570748 -0.0290819 0.00985374 -0.00784816 -0.0412125 -0.00130883 -0.0111895 -0.0418519 0.0033145 -0.0134168 -0.041902 0.0023792 -0.0144201 -0.0407875 4.66621e-05 -0.0131761 -0.041 -0.00257703 -0.00966641 -0.0407875 -0.00309484 -0.0116962 -0.039 0.00184006 -0.00987732 -0.039 0.00160696 -0.00987774 -0.039 0.00198819 -0.0134332 -0.0390528 0.00159454 -0.00917263 -0.039 0.000769948 -0.00911254 -0.039 -0.000415005 -0.0127204 -0.039 0.000854282 -0.0127498 -0.039 -0.000817457 -0.0116521 -0.039 -0.00186401 -0.0103208 -0.039 -0.00177376 -0.011 -0.043 0.00173205 -0.0095 -0.043 0.000866025 -0.0125 -0.043 0.000866025 -0.0095 -0.043 -0.000866025 -0.0125 -0.043 -0.000866025 -0.011 -0.043 -0.00173205 -0.0097409 -0.0293 -0.00149892 -0.00910028 -0.0293 0.000172885 -0.00995491 -0.0293 0.00166249 -0.0112276 -0.0293 0.00194671 -0.0124319 -0.0293 0.00134958 -0.0128842 -0.0293 -0.000208483 -0.0121744 -0.0293 -0.00159145 -0.0111624 -0.0293 -0.00196095 -0.0106889 -0.0290732 0.00045141 -0.01175 -0.0405 0.00129904 -0.0095 -0.0405 0 -0.01175 -0.0405 -0.00129904 -0.00991024 -0.0429357 -0.0019788 -0.0137286 -0.042946 0.000390879 -0.00990086 -0.0390679 -0.00210753 -0.00858968 -0.0411594 0.00195566 0.00506749 -0.041 -0.00626224 0.00228017 -0.041 -0.00924252 0.00468083 -0.0411594 -0.0125704 0.00875897 -0.0413396 -0.00882585 0.00420653 -0.039 -0.0110011 0.00336916 -0.0390285 -0.00940094 0.00388213 -0.039 -0.00850663 0.00507089 -0.039 -0.0114598 0.0061489 -0.039 -0.0113826 0.00549275 -0.039 -0.00761553 0.00718171 -0.0400199 -0.00666935 0.00701075 -0.03415 -0.00824497 0.00843699 -0.0400226 -0.0108561 0.0073372 -0.039 -0.00977551 0.004 -0.043 -0.00952628 0.0055 -0.043 -0.0112583 0.007 -0.043 -0.00952628 0.00562558 -0.0293 -0.00763869 0.0038837 -0.0293 -0.00853496 0.00373927 -0.0293 -0.0103424 0.00461852 -0.0293 -0.0112926 0.00558033 -0.0293 -0.0115133 0.00658076 -0.0293 -0.0111659 0.0073795 -0.0293 -0.00982345 0.007 -0.0405 -0.00952628 0.0055 -0.0405 -0.0112583 0.004 -0.0405 -0.00952628 0.0055 -0.0405 -0.00779423 0.00585189 -0.0429694 -0.00835011 0.00613527 -0.0390668 -0.0123847 0.00520504 -0.0290694 -0.00933485 0.0160836 0.008 0.0540273 0.0161145 0.008 0.0572523 0.0179358 0.008 0.0589378 0.0193345 0.008 0.0597489 0.0145344 0.008 0.0547375 0.0212029 0.008 0.060429 0.0138493 0.008 0.0526107 0.0219484 0.00775 0.0586786 0.0136822 0.008 0.0511268 0.0233558 0.008 0.0607284 0.0137132 0.008 0.0498825 0.0251547 0.008 0.0606262 0.0141882 0.008 0.0476341 0.0157858 0.008 0.0480523 0.0272549 0.008 0.0600658 0.0151782 0.008 0.0454929 0.029137 0.008 0.0591079 0.0303707 0.008 0.0581616 0.016528 0.008 0.0437904 0.0315066 0.008 0.0569261 0.0181415 0.008 0.0424284 0.032722 0.008 0.0549758 0.0196712 0.008 0.0415954 0.0213392 0.00775 0.0430745 0.0333225 0.008 0.0532759 0.0215087 0.008 0.0410189 0.0336232 0.008 0.0514994 0.0236666 0.008 0.0407688 0.0335952 0.008 0.0496345 0.0263811 0.00775 0.0430409 0.025645 0.008 0.0409667 0.0333176 0.008 0.0481672 0.0268515 0.008 0.041274 0.031646 0.00775 0.048852 0.0278892 0.008 0.0416979 0.0327675 0.008 0.0466468 0.0297828 0.0076875 0.0455401 0.0289823 0.008 0.0422932 0.0316593 0.008 0.0447768 0.0304578 0.008 0.0434341 0.0184496 -0.008 0.0561025 0.0161898 -0.008 0.0573516 0.0177334 -0.008 0.0587923 0.0149522 -0.008 0.0556408 0.0193345 -0.008 0.0597489 0.0171623 -0.008 0.0544548 0.0200112 -0.008 0.0572708 0.0217272 -0.008 0.0579915 0.0215054 -0.008 0.0605028 0.0141099 -0.008 0.0535712 0.0136946 -0.008 0.0513757 0.01645 -0.008 0.0527354 0.0161876 -0.008 0.0512201 0.0137132 -0.008 0.0498825 0.0233873 -0.008 0.0582206 0.0236046 -0.008 0.0607315 0.025645 -0.008 0.0605397 0.0251504 -0.008 0.0580931 0.0163577 -0.008 0.049228 0.014833 -0.008 0.0460846 0.0141575 -0.008 0.0477548 0.0281013 -0.008 0.0596754 0.017003 -0.008 0.047337 0.0267848 -0.008 0.0575501 0.0281881 -0.008 0.0567224 0.0156687 -0.008 0.0447734 0.0297028 -0.008 0.0587221 0.017579 -0.008 0.0463765 0.0304662 -0.008 0.0580815 0.0169625 -0.008 0.0433449 0.018306 -0.008 0.0455246 0.0196124 -0.008 0.0444767 0.0317321 -0.008 0.0566283 0.0298137 -0.008 0.0549715 0.0181415 -0.008 0.0424284 0.032722 -0.008 0.0549758 0.019444 -0.008 0.0416979 0.021085 -0.008 0.0411204 0.0211023 -0.008 0.0437077 0.0333809 -0.008 0.0530341 0.0309135 -0.008 0.0525503 0.0226008 -0.008 0.0433715 0.0311375 -0.008 0.0504272 0.023293 -0.008 0.0407688 0.033648 -0.008 0.0510022 0.0251547 -0.008 0.0408803 0.0335859 -0.008 0.0495102 0.0307754 -0.008 0.0484139 0.0333176 -0.008 0.0481672 0.0266133 -0.008 0.0412005 0.0250112 -0.008 0.0433971 0.0270758 -0.008 0.0441042 0.0276621 -0.008 0.0415954 0.0326366 -0.008 0.0463642 0.0301517 -0.008 0.0470091 0.0292911 -0.008 0.0425037 0.0318511 -0.008 0.0450223 0.0289133 -0.008 0.045441 0.0308142 -0.008 0.0437817 0.0311061 0.007 0.0516855 0.030826 0.007 0.0529127 0.0298618 0.007 0.0549205 0.0283655 0.007 0.0565705 0.0264378 0.007 0.0576863 0.024272 0.007 0.0582067 0.0219415 0.007 0.0580017 0.0197619 0.007 0.057143 0.0181053 0.007 0.0557228 0.0169432 0.007 0.0540427 0.0164315 0.007 0.0526437 0.0161806 0.007 0.0509399 0.0164747 0.007 0.0487778 0.0173549 0.007 0.0467321 0.018306 0.007 0.0455246 0.0196124 0.007 0.0444767 0.0211023 0.007 0.0437077 0.0224608 0.007 0.0433785 0.0244122 0.007 0.0433021 0.0258739 0.007 0.0435976 0.0277326 0.007 0.0445002 0.0294504 0.007 0.0460216 0.0304923 0.007 0.0476734 0.030951 0.007 0.0489949 0.0311375 0.007 0.0504272 0.0176254 0.0075 0.045753 0.0158343 0.0075 0.049474 0.0164758 0.0075 0.0539464 0.0187162 0.0076875 0.057221 0.0252115 0.007625 0.0584501 0.0298676 0.00775 0.0560874 0.0316064 0.00775 0.0524532</float_array>
                    <technique_common>
                        <accessor count="3542" source="#shape0-lib-positions-array" stride="3">
                            <param name="X" type="float"/>
                            <param name="Y" type="float"/>
                            <param name="Z" type="float"/>
                        </accessor>
                    </technique_common>
                </source>
                <source id="shape0-lib-normals" name="normal">
                    <float_array id="shape0-lib-normals-array" count="21180">-0.95977 0.0204485 0.280043 -0.977856 0.0660209 0.19859 -0.871693 0.0130037 0.48988 -0.700611 0.112479 0.704623 -0.453761 -0.00225914 0.89112 -0.26458 0.00952375 0.964317 -0.163419 -0.032264 0.986029 0.145178 0.0253346 0.989081 0.277807 -0.0301698 0.960163 0.583699 0.0369876 0.811127 0.662845 0.000539699 0.748757 0.874917 0.0122118 0.484119 0.863206 0 0.504852 0.995127 0 0.098604 0.996351 0.00720343 0.0850513 0.971217 0.00104419 -0.238192 0.89868 0.0766221 -0.431861 0.842378 0.0302852 -0.538036 0.646091 0.0638667 -0.760583 0.414034 -0.0201986 -0.910037 0.350401 -0.0012749 -0.936599 0.040156 -0.010935 -0.999134 0.0513892 -0.00495279 -0.998666 -0.391468 0.00111068 -0.920191 -0.387601 0.00355356 -0.92182 -0.79922 0.00254598 -0.601033 -0.787333 -0.0107785 -0.616434 -0.979893 -0.000160811 -0.199523 -0.987609 -0.0201831 -0.155633 -0.9474 0.0120032 0.319827 -0.902258 -0.00360538 0.431182 -0.436058 -0.0159083 0.899778 -0.292635 0.0119124 0.95615 0.364052 0.00866841 0.931338 0.581384 -0.0219916 0.813332 0.874282 0.0087844 0.485338 0.99842 -0.0268812 0.0493358 0.975172 0.00280967 -0.221433 0.742548 -0.00552335 -0.66977 0.695386 0.0025857 -0.718632 0.26638 -0.00225712 -0.963865 0.23518 0 -0.971952 -0.0830381 0 -0.996546 -0.0830381 0 -0.996546 -0.526324 0.00112179 -0.850283 -0.517764 0 -0.855524 -0.954224 -0.000697446 -0.299091 -0.914593 -0.0198223 -0.403889 -0.990452 0.0149965 0.137042 -0.889587 -0.0115604 0.45662 -0.653289 0.0178105 0.756899 -0.272906 -0.0196324 0.96184 0.0723268 0.0055757 0.997365 0.375793 -0.0115804 0.926631 0.534648 0.00400509 0.845066 0.870416 -0.00361879 0.492304 0.892282 0.000447963 0.451478 0.997839 -0.00252142 0.0656512 0.995656 0 0.093109 0.880717 0 -0.473644 0.907369 0.00705526 -0.420276 0.528312 -0.00335539 -0.849044 0.404133 0.0148869 -0.914579 -0.110796 -0.00611491 -0.993824 -0.317408 0.0127518 -0.948203 -0.648667 -0.00574912 -0.76105 -0.845126 0.0100001 -0.534473 -0.970736 -0.0139146 -0.239744 -0.994392 -0.00148468 0.105743 -0.987842 -0.00815078 0.155249 -0.743129 0.00495392 0.669129 -0.671747 -0.00486937 0.740765 -0.17069 0.00723385 0.985298 -0.117748 0.00116463 0.993043 0.336804 0.00388293 0.941567 0.353361 0.0055388 0.935471 0.705201 -0.00233934 0.709003 0.76697 0.00317235 0.641675 0.926568 -0.00368655 0.376109 0.980348 0.00878702 0.19708 0.983267 -0.00597319 -0.182074 0.873776 0.022963 -0.485786 0.557004 -0.0227629 -0.830198 0.288868 0.00852665 -0.957331 -0.404205 0.00559709 -0.914651 -0.159955 -0.0137992 -0.987028 -0.825588 -0.00823306 -0.564214 -0.848725 -0.00216771 -0.528829 -0.951888 -0.000153545 0.306445 -0.944043 0.00151908 0.329819 -0.736777 -0.00294415 0.67613 -0.573945 0.0146507 0.818763 -0.173949 -0.0142233 0.984652 0.082211 0.0137616 0.99652 0.644022 -0.0162955 0.764833 0.834125 0.0235906 0.551071 0.992175 -0.0035831 0.124802 0.953845 0.0197515 -0.299649 0.880421 -0.000345347 -0.474193 0.538978 0 -0.84232 0.540339 -0.00021867 -0.841447 -0.0340499 0 -0.99942 -0.0340499 0 -0.99942 -0.568951 0 -0.822372 -0.569205 -4.23349e-05 -0.822196 -0.958224 0.0045057 -0.285983 -0.960613 0.00316199 -0.277873 -0.99979 0.00327013 -0.020252 -0.991951 -0.00388772 0.126566 -0.834759 0.00901986 0.550542 -0.734907 -0.00772474 0.678124 -0.37763 0.013918 0.925852 -0.0440915 -0.0227062 0.998769 0.516647 0.0194423 0.855978 0.657782 -0.00174129 0.753206 0.975322 -0.00329272 0.220765 0.988259 0.00743802 0.152605 0.898948 0.000951429 -0.438055 0.903747 0.0020243 -0.428062 0.687449 0.00120684 -0.726232 0.660527 0.00355502 -0.750794 0.280549 -0.00379427 -0.959832 0.203432 0.00311321 -0.979084 -0.395903 -0.00151872 -0.918291 -0.33561 -0.0101569 -0.941946 -0.834726 -0.000330851 -0.550665 -0.883754 -0.0127898 -0.467776 -0.000205705 -1 -0.000143027 -5.4808e-05 -1 -5.5265e-05 -1.85808e-05 -1 -2.8854e-05 -7.24878e-06 -1 -1.87621e-05 0 -1 0 0 -1 0 6.17145e-06 -1 -4.3928e-06 0 -1 0 6.74547e-06 -1 2.65371e-06 0 -1 0 0 -1 0 -1.16863e-05 -1 -7.15313e-06 6.98408e-06 -1 3.91306e-07 0.149416 -0.896889 -0.416252 0 -1 0 0 -1 0 3.5381e-05 -1 -3.47e-05 0.180507 -0.983298 0.0232872 -3.65612e-06 -1 -1.25802e-05 0.139811 -0.98727 0.0758316 3.22683e-07 -1 -4.9685e-06 2.1559e-06 -1 -6.75926e-06 0 -1 0 -0.0022522 -0.999995 0.0020122 -0.0309046 -0.996016 0.083649 0.194306 -0.979181 0.0587314 0.000380494 -0.999999 -0.00105768 0.00139269 -0.999999 -0.00032898 8.91307e-08 -1 -6.01334e-07 6.19282e-06 -1 -3.84974e-06 0.002324 -0.999997 0.000835555 0 -1 0 1.61311e-06 -1 -1.081e-07 5.99322e-08 -1 -2.77124e-07 2.00921e-06 -1 1.18336e-06 0 -1 0 0 -1 0 -4.67411e-06 -1 -2.75291e-06 1.30293e-07 -1 -4.8518e-07 7.7863e-07 -1 2.67092e-07 0 -1 0 0 -1 0 0 -1 0 0 -1 0 0 -1 0 0 -1 0 0 -1 0 0 -1 0 0 -1 0 0 1 0 0 -1 0 0 1 0 0 -1 0 0 -1 0 0 -1 0 2.98365e-08 -1 -1.93919e-07 6.16442e-07 -1 -1.48686e-07 -9.47364e-08 -1 6.1573e-07 -1.44417e-07 -1 5.08176e-07 0 -1 0 0 -1 0 0 -1 0 0 -1 0 0 -1 0 0 -1 0 0 -1 0 0 -1 0 0 -1 0 0 -1 0 0 -1 0 0 -1 0 0 -1 0 0 -1 0 0 -1 0 0 -1 0 0 -1 0 0 -1 0 0 -1 0 0 -1 0 0 -1 0 0 -1 0 3.09368e-07 -1 -4.94983e-07 -1.57523e-06 -1 -3.4896e-07 3.45604e-07 -1 -4.79584e-07 -6.13666e-06 -1 -1.736e-05 4.89051e-07 -1 -1.12958e-05 8.94941e-06 -1 -1.08372e-05 1.01817e-05 -1 -9.34513e-06 9.19108e-06 -1 -9.74593e-06 9.75283e-06 -1 -8.90521e-06 9.37902e-06 -1 -9.00964e-06 0 -1 0 9.81183e-06 -1 -8.53542e-06 7.73956e-06 -1 -1.98172e-05 0 -1 0 0 -1 0 0 -1 0 0 -1 0 0 -1 0 0 -1 0 1.64062e-05 -1 -1.29063e-05 2.94236e-05 -1 2.91949e-05 -2.35702e-06 -1 -2.3387e-06 0 -1 0 0 -1 0 0 -1 0 0 -1 0 0 -1 0 0 -1 0 5.00422e-07 -1 -3.55136e-07 5.88812e-07 -1 -1.29665e-07 0 -1 0 0 -1 0 0 -1 0 -3.99988e-07 -1 -2.37336e-07 7.7144e-07 -1 1.09682e-06 4.465e-07 -1 -2.84818e-07 0 -1 0 0 -1 0 0 -1 0 0 -1 0 0 -1 0 0 -1 0 0 -1 0 0 -1 0 -1.36088e-06 -1 8.4816e-07 -1.47312e-08 -1 3.49756e-07 1.93618e-07 -1 -1.10457e-07 2.07101e-07 -1 2.05608e-07 0 -1 0 0 -1 0 0 -1 0 0 -1 0 0 -1 0 0 -1 0 0 -1 0 6.24909e-05 -1 9.5331e-05 3.75343e-05 -1 -4.41878e-05 0 -1 0 0 -1 0 0 -1 0 0 -1 0 0 -1 0 0 -1 0 3.06643e-05 -1 1.06017e-05 -7.26976e-05 -1 -1.87561e-05 -4.38203e-06 -1 5.62265e-05 0 -1 0 -2.49019e-05 -1 4.17095e-06 -0.0160081 -0.996898 -0.077062 0.00176535 -0.999998 -0.000487365 0 -1 0 0 -1 0 0 -1 0 0.099171 -0.99368 -0.0525891 0 -1 0 0.000624194 -1 -0.000259218 0 -1 0 0.000301007 -1 -0.00017547 0 -1 0 0 -1 0 0 -1 0 0 -1 0 0.112816 -0.993488 -0.0159267 0 -1 0 0 -1 0 0 -1 0 -7.90946e-07 -1 -1.07257e-06 0.104782 -0.994476 -0.00619031 0.0236774 -0.998618 0.0469307 4.88387e-07 -1 -1.35988e-07 2.30171e-06 -1 2.83332e-06 -5.22566e-06 -1 1.79508e-06 -6.91439e-06 -1 -3.2146e-06 1.68894e-05 -1 -4.2127e-05 -4.20539e-07 -1 -2.46306e-06 0 -1 0 0 -1 0 5.9567e-07 -1 -1.03979e-07 3.70716e-06 -1 -1.76863e-05 0 -1 0 -9.5435e-07 -1 -4.34871e-07 0 -1 0 8.61717e-06 -1 -1.06912e-06 1.04655e-05 -1 -7.03686e-06 -2.35717e-08 -1 2.8243e-07 6.79192e-07 -1 3.997e-07 1.32074e-05 -1 9.23434e-09 1.33594e-05 -1 -9.91226e-07 0 -1 0 -1.29835e-05 -1 4.64005e-07 1.30011e-05 -1 -3.21034e-07 0 -1 0 0 -1 0 0 -1 0 0 -1 0 0 -1 0 0 -1 0 0 -1 0 0 -1 0 0 -1 0 0 -1 0 0 -1 0 0 -1 0 1.73186e-06 -1 7.33046e-06 1.15488e-07 -1 7.45878e-06 0 -1 0 1.30011e-05 -1 3.21034e-07 1.27132e-05 -1 7.81866e-07 0 -1 0 0 -1 0 0 -1 0 0 -1 0 2.52595e-07 -1 -9.38093e-07 0 -1 0 -5.87111e-07 -1 4.46035e-08 4.17184e-07 -1 6.42349e-06 1.95544e-05 -1 -1.32953e-05 1.2738e-05 -1 9.45123e-07 0 -1 0 0 -1 0 6.77238e-07 -1 -4.35235e-07 -2.48025e-07 -1 2.96423e-07 0 -1 0 0 -1 0 7.41209e-07 -1 6.46063e-06 7.7848e-06 -1 2.79217e-06 1.58256e-07 -1 -2.99756e-06 -2.12399e-06 -1 4.02309e-05 2.03958e-05 -1 2.53048e-06 1.19674e-06 -1 2.68104e-07 9.83201e-08 -1 5.95577e-07 -1.62616e-07 -1 1.6977e-06 6.05105e-07 -1 1.05626e-07 0 -1 0 0 -1 0 0 -1 0 -6.14973e-07 -1 -9.88368e-07 5.55188e-08 -1 2.56716e-07 0 -1 0 0 -1 0 -8.71191e-07 -1 -2.19666e-06 1.86654e-07 -1 -7.05799e-07 -1.36196e-07 -1 5.12399e-07 6.72222e-08 -1 2.50319e-07 6.57806e-07 -1 2.36545e-08 0 -1 0 4.88864e-07 -1 -3.28195e-07 0 -1 0 -3.61088e-09 -1 3.05603e-07 0 -1 0 0 -1 0 0 -1 0 0 -1 0 0 -1 0 0 -1 0 0 -1 0 0 -1 0 0 -1 0 0 -1 0 0 -1 0 -1.57975e-06 -1 2.04121e-06 2.37359e-07 -1 -2.65737e-07 0 -1 0 0 -1 0 0 -1 0 2.3396e-07 -1 4.19019e-07 5.00845e-07 -1 -1.33366e-07 1.70078e-07 -1 9.70272e-08 4.55819e-07 -1 -2.15307e-06 0 -1 0 -2.59161e-07 -1 7.82463e-07 -2.16345e-06 -1 1.44046e-06 0 -1 0 4.96398e-07 -1 3.16647e-07 3.43778e-07 -1 4.93989e-07 1.69046e-06 -1 -1.35423e-06 -3.53931e-05 -1 2.83535e-05 1.11855e-05 -1 -5.79437e-06 4.82564e-07 -1 3.42463e-07 4.10257e-05 -1 8.03838e-06 1.86019e-05 -1 2.40996e-05 8.73131e-06 -1 6.8687e-06 1.97366e-05 -1 2.94161e-06 8.64356e-06 -1 1.01229e-05 3.65546e-06 -1 8.56974e-06 8.35101e-06 -1 7.26464e-06 4.68007e-06 -1 4.96259e-06 4.95015e-06 -1 4.7552e-06 -0.998952 -5.41003e-05 0.0457752 -0.994476 0.00322998 0.104917 -0.944399 -0.00231131 0.328795 -0.873506 0.00334072 0.486801 -0.795863 -0.00154966 0.605475 -0.638948 0.00520316 0.769232 -0.501548 -0.00629473 0.865107 -0.171074 0.00474899 0.985247 -0.0928774 -0.000944529 0.995677 0.572999 0.0134588 0.819445 0.466709 -0.00917915 0.884363 0.933564 0.00462232 0.35838 0.95002 -0.00168039 0.312184 0.946928 0.00160548 -0.321441 0.937355 -0.00119024 -0.348375 0.617207 0.00282834 -0.786796 0.618091 0.00266927 -0.786102 -0.0741356 -0.00526969 -0.997234 0.0103258 0.00594329 -0.999929 -0.585994 0.00149873 -0.810314 -0.568188 -0.00126216 -0.822898 -0.953267 -0.00300523 -0.302114 -0.928723 0.00520565 -0.370738 -0.995892 0.0226356 0.0876699 -0.890702 -0.0240556 0.453951 -0.618519 0.00936231 0.785714 -0.216228 -0.0235411 0.976059 0.0211218 0.000820035 0.999777 0.455656 -0.00380901 0.890148 0.622109 0.0135338 0.782814 0.873817 -0.00412156 0.486237 0.951986 0.0115407 0.305923 0.994464 -0.0150391 -0.103993 0.887087 0.0135745 -0.461404 0.742917 -0.00439894 -0.669369 0.401854 0.0166684 -0.915552 0.143957 -0.011081 -0.989522 -0.268484 0.00350534 -0.963278 -0.444994 -0.0127181 -0.895443 -0.778022 0.00968645 -0.628163 -0.933536 -0.0109174 -0.358318 -0.803547 0.000537159 0.595241 -0.720196 0.0159121 0.693588 -0.353496 -0.00516536 0.935422 -0.0715255 0.0100718 0.997388 0.216674 -0.005971 0.976226 0.448791 0.00815357 0.8936 0.764246 -0.0199941 0.644615 0.884385 -0.00165264 0.466756 0.999798 -0.00790989 -0.0184847 0.999468 -0.00975916 -0.0311309 0.727312 0.00753753 -0.686266 0.629773 -0.00798582 -0.776738 0.0981741 0.00734182 -0.995142 -0.0390988 -0.0112865 -0.999172 -0.586068 0.00745904 -0.810227 -0.710469 -0.0082117 -0.703681 -0.995641 0.0193334 -0.091241 -0.999401 0.00989376 -0.0331655 -5.71216e-07 -1 6.91234e-08 -1.4299e-07 -1 -8.09554e-08 0 -1 0 0 -1 0 0 -1 0 0 -1 0 0 -1 0 0 -1 0 0 -1 0 0 -1 0 0 -1 0 0 -1 0 0 -1 0 0 -1 0 0 -1 0 0 -1 0 9.53818e-07 -1 7.63834e-08 3.44675e-07 -1 2.76021e-08 0 -1 0 -1.39674e-07 -1 -8.1703e-08 0 -1 0 0 -1 0 0 -1 0 0 -1 0 0 -1 0 0 -1 0 0 -1 0 0 -1 0 0 -1 0 0 -1 0 0 -1 0 0 -1 0 0 -1 0 0 -1 0 0 -1 0 0 -1 0 0 -1 0 0 -1 0 0 -1 0 0 -1 0 0 -1 0 0 -1 0 0 -1 0 0 -1 0 0 -1 0 0 -1 0 0 -1 0 0 -1 0 0 -1 0 0 -1 0 0 -1 0 0 -1 0 0 -1 0 0 -1 0 0 -1 0 0 -1 0 0 -1 0 0 -1 0 0 -1 0 0 -1 0 0 -1 0 0 -1 0 0 -1 0 0 -1 0 0 -1 0 0 -1 0 0 -1 0 0 -1 0 0 -1 0 0 -1 0 0 -1 0 0 -1 0 0 -1 0 0 -1 0 0 -1 0 0 -1 0 0 -1 0 0 -1 0 0 -1 0 0 -1 0 0 -1 0 0 -1 0 0 -1 0 0 -1 0 0 -1 0 0 -1 0 0 -1 0 0 -1 0 0 -1 0 0 -1 0 0 -1 0 0 -1 0 0 -1 0 0 -1 0 0 -1 0 0 -1 0 -0.553721 -0.00175755 0.8327 -0.594576 -6.42097e-08 0.804039 -0.520988 0.00234341 0.853561 -0.423333 -0.00351076 0.905967 -0.40753 -0.000305413 0.913192 -0.191081 -0.00426919 0.981565 -0.21197 0.00513707 0.977263 0.051599 -0.000650021 0.998668 0.0534292 0 0.998572 0.280845 0 0.959753 0.287101 0.00149071 0.957899 0.464806 -0.000194853 0.885412 0.459551 -0.00201205 0.888149 0.631857 -0.00565881 0.775064 0.703415 -0.0293284 0.710174 0.796189 0.00996613 0.604965 0.894815 -0.0145753 0.4462 0.938007 0.0197804 0.346051 0.978791 -0.00407166 0.204821 0.991539 0.00428963 0.12974 -0.614452 0 0.788954 -0.614452 -3.11329e-07 0.788954 -0.614452 -2.87879e-07 0.788955 -0.612997 -0.000814114 0.790084 0.998553 -0.0171428 -0.0509634 0.999986 -4.71413e-05 -0.00522105 0.99508 6.1074e-05 -0.0990736 0.993793 -0.00666786 -0.111044 0.980268 0.00453231 -0.197623 0.978036 -0.000243435 -0.208437 0.954102 0.000190275 -0.299483 0.953786 -0.000198174 -0.300487 0.932105 0.000178408 -0.362189 0.93165 -0.000283233 -0.363358 0.898839 0.000282059 -0.438278 0.888156 -0.00841968 -0.459464 0.853648 0.00534067 -0.520823 0.837865 -0.00545111 -0.545851 0.797553 0.00837067 -0.603191 0.772175 -0.00652076 -0.635376 0.729816 0.00224327 -0.68364 0.716628 -0.00228689 -0.697452 0.639156 -0.00485575 -0.769062 0.662299 0.00803794 -0.749196 0.559171 -0.00818782 -0.829012 0.584455 0.00478271 -0.811412 0.496005 0.00230705 -0.868316 0.463819 -0.00622474 -0.885908 0.41217 0.00912218 -0.911061 0.373069 -0.00334937 -0.927797 0.294551 -0.000821555 -0.955636 0.319448 0.00844568 -0.947566 0.230239 0.00518997 -0.97312 0.218168 0.000816998 -0.975911 0.152652 -0.000478376 -0.98828 0.169848 -0.00116392 -0.98547 0.152875 0.000349518 -0.988245 0.150825 -0.000243018 -0.98856 0.086911 0.000134286 -0.996216 0.0831711 -0.000118813 -0.996535 0.0371667 0.000119614 -0.999309 0.033889 -0.0001038 -0.999426 -0.0126653 0.000105006 -0.99992 -0.0154817 -8.87994e-05 -0.99988 -0.0624634 8.97089e-05 -0.998047 -0.0648101 -7.37034e-05 -0.997898 -0.112118 7.39228e-05 -0.993695 -0.11398 -5.7572e-05 -0.993483 -0.161484 5.84899e-05 -0.986875 -0.162879 -4.17544e-05 -0.986646 -0.210453 4.20968e-05 -0.977604 -0.211378 -2.56882e-05 -0.977404 -0.258897 2.53196e-05 -0.965905 -0.259356 -9.07058e-06 -0.965782 -0.306702 8.4542e-06 -0.951805 -0.353309 -8.48132e-06 -0.935507 -0.306709 7.98321e-06 -0.951804 -0.353743 2.50458e-05 -0.935343 -0.399051 -2.49311e-05 -0.916929 -0.44382 -4.10504e-05 -0.896116 -0.399905 4.17863e-05 -0.916557 -0.487508 -5.74843e-05 -0.873119 -0.445067 5.75941e-05 -0.895497 -0.530004 -7.3055e-05 -0.847995 -0.489137 7.35771e-05 -0.872207 -0.571214 -8.83921e-05 -0.820801 -0.531982 8.91933e-05 -0.846756 -0.611026 -0.00010347 -0.79161 -0.573511 0.000104384 -0.819198 -0.649354 -0.000118327 -0.760487 -0.61361 0.000119205 -0.789609 -0.686094 -0.000132707 -0.727513 -0.652191 0.000133793 -0.758054 -0.721165 -0.000146913 -0.692763 -0.689147 0.000147965 -0.724622 -0.754476 -0.000160627 -0.656327 -0.724395 0.000161923 -0.689385 -0.757842 0.00017568 -0.652438 -0.785952 -0.000173972 -0.618288 -0.789407 0.000188931 -0.61387 -0.815508 -0.000187147 -0.578745 -0.819011 0.000201863 -0.573778 -0.843078 -0.000199988 -0.537791 -0.846581 0.000214568 -0.53226 -0.868595 -0.000212452 -0.495522 -0.872049 0.000226835 -0.489418 -0.891991 -0.000224604 -0.452053 -0.89535 0.000239146 -0.445363 -0.913216 -0.000236177 -0.407475 -0.916426 0.00025073 -0.400203 -0.932214 -0.000247808 -0.361907 -0.935227 0.000261901 -0.35405 -0.94894 -0.000259216 -0.315458 -0.951707 0.000273164 -0.307009 -0.963352 -0.000269765 -0.268239 -0.96582 0.000284051 -0.259214 -0.975419 -0.000280293 -0.220359 -0.977535 0.000294044 -0.210773 -0.985104 -0.000290798 -0.171958 -0.992391 -0.000300648 -0.123125 -0.986822 0.000304268 -0.16181 -0.997259 -0.000310094 -0.0739936 -0.993659 0.00031411 -0.112439 -0.999695 -0.000319401 -0.0246853 -0.998026 0.000323494 -0.0627943 -0.999695 -0.000328311 0.0246853 -0.999916 0.000332644 -0.0129922 -0.997259 -0.000337081 0.0739936 -0.999321 0.000341292 0.0368398 -0.992391 -0.000344939 0.123125 -0.996244 0.000350089 0.08659 -0.985104 -0.000353281 0.171958 -0.990694 0.000358106 0.136109 -0.975419 -0.000360872 0.220359 -0.982681 0.000365675 0.185305 -0.963352 -0.000368348 0.268239 -0.97223 0.000373326 0.234027 -0.94894 -0.000375217 0.315458 -0.95936 0.000380445 0.282184 -0.932214 -0.000381983 0.361907 -0.944111 0.000387276 0.329627 -0.913216 -0.000388418 0.407475 -0.926516 0.000393732 0.376255 -0.891991 -0.000394245 0.452053 -0.906618 0.000400134 0.421953 -0.868595 -0.000400167 0.495522 -0.884471 0.000405819 0.466595 -0.860125 0.000411524 0.510084 -0.843078 -0.000405458 0.537791 -0.833643 0.000416642 0.552303 -0.815508 -0.000410645 0.578745 -0.80509 0.000421521 0.593152 -0.785952 -0.00041539 0.618288 -0.774539 0.000426116 0.632526 -0.754476 -0.000419948 0.656327 -0.742062 0.000430215 0.670331 -0.721165 -0.000424126 0.692763 -0.707743 0.000434168 0.70647 -0.686094 -0.000427947 0.727513 -0.671664 0.000437827 0.740855 -0.63675 -0.000911892 0.77107 -0.636747 -0.000912513 0.771073 -0.633919 0 0.773399 -0.584643 -0.00163854 0.811289 -0.595271 -0.000436629 0.803525 -0.530004 -0.000587739 0.847995 -0.555885 0.000565427 0.831259 -0.473073 -0.00114387 0.881023 -0.515203 0.000548456 0.857068 -0.473331 -0.00117887 0.880884 -0.414085 -0.00172443 0.910236 -0.430364 -0.000263701 0.902655 -0.353309 -0.000496692 0.935507 -0.386383 0.000480107 0.922338 -0.306709 -0.000466869 0.951803 -0.341524 0.000451134 0.939873 -0.259356 -0.000433329 0.965782 -0.295859 0.000419682 0.955232 -0.211378 -0.00039744 0.977404 -0.249518 0.000384698 0.96837 -0.14662 -0.000644748 0.989193 -0.202586 0.000347666 0.979264 -0.155196 -0.00183154 0.987882 -0.064809 -0.0028087 0.997894 -0.107439 -7.54109e-05 0.994212 -0.0433964 0.000231483 0.999058 0.0174368 -0.000299497 0.999848 0.0995611 -0.000199466 0.995031 0.0208278 0.000194032 0.999783 0.100953 9.29137e-06 0.994891 0.998966 -0.00316808 0.0453576 0.999336 1.8985e-08 0.0364315 0.999336 -5.599e-07 0.0364324 0.999336 4.07128e-06 0.0364331 -0.0958752 0.993751 -0.057159 -0.0733987 0.970727 -0.228695 0.0668301 0.98304 -0.170781 -0.101072 0.994515 -0.0269063 -0.0361144 0.998578 0.0392189 0.0274878 0.991367 -0.128203 0.0489432 0.995772 -0.0777336 0.048288 0.995171 -0.0854623 0.253485 0.967258 -0.012542 0 1 0 0 1 0 0 1 0 0 1 0 0 1 0 0 1 0 0 1 0 0 1 0 0 1 0 0 1 0 0 1 0 0 1 0 0 1 0 0 1 0 0 1 0 0 1 0 0 1 0 0 1 0 0 1 0 0 1 0 0 1 0 0 1 0 0 1 0 0.986219 -0.000470493 -0.165447 0.989324 0.00157926 -0.145727 0.99333 7.12053e-06 -0.115309 0.996418 0 -0.0845662 0.997579 0.00232441 -0.0695063 0.999733 0 -0.0230899 0.999733 0 -0.0230899 1 0 0 1 0 0 0.999733 0 0.0230899 0.999733 0 0.0230899 0.996417 0.00157911 0.0845661 0.997594 0 0.0693224 0.991404 -0.000777741 0.130836 0.988707 0.00120772 0.149857 0.29694 -7.61281e-05 -0.954896 0.372117 -0.00636898 -0.928164 0.51184 0.00338822 -0.859074 0.649409 -0.00581495 -0.760417 0.737085 0.00586296 -0.675774 0.830784 -0.00122496 -0.556594 0.900253 0.00618552 -0.435323 0.923528 0.00170638 -0.383527 0.967525 0.000504793 -0.252773 0.96394 1.50126e-05 -0.266118 0.959233 0.00184765 0.282611 0.977718 -0.00254394 0.209905 0.91657 0.0019926 0.399869 0.905245 0 0.42489 0.808157 0.00175392 0.588964 0.82104 0 0.570871 0.704165 -0.00128887 0.710036 0.661296 0.00333707 0.750117 0.541412 -0.00115968 0.840756 0.433037 0.00627376 0.901354 0.36039 2.68256e-05 0.932802 0.187966 -0.000100309 0.982176 0.182262 0.000529636 0.98325 0 -1 0 0 -1 0 0 -1 0 0 -1 0 0 -1 0 0 -1 0 0 -1 0 0 -1 0 0 -1 0 0 -1 0 0 -1 0 0 -1 0 0 -1 0 0 -1 0 0 -1 0 0 -1 0 0 -1 0 0 -1 0 0 -1 0 0 -1 0 0 -1 0 0 -1 0 0 -1 0 0 -1 0 0 -1 0 0 -1 0 0 -1 0 0 -1 0 0 -1 0 0 -1 0 -0.999887 -0.00835876 -0.0124599 -0.999689 0 -0.0249307 -0.9908 0 -0.135336 -0.9908 0 -0.135336 -0.965567 0 -0.260153 -0.971008 -0.0133744 -0.238672 -0.947922 0.00334553 -0.318485 -0.934819 -0.00966213 -0.354992 -0.901877 0.0127696 -0.431804 -0.879254 -0.0106394 -0.476234 -0.845962 0.007059 -0.533196 -0.818316 -0.00966215 -0.574688 -0.792085 0.00223076 -0.610406 -0.723553 0.0048325 -0.690252 -0.742382 -0.00817634 -0.669927 -0.664346 0 -0.747425 -0.671996 -0.00483266 -0.740539 -0.590422 -0.0133746 -0.806984 -0.572446 0 -0.819942 -0.521431 0.00334611 -0.853287 -0.487927 -0.00966155 -0.872831 -0.448797 0.00223123 -0.893631 -0.352413 0.00483279 -0.935832 -0.378194 -0.00817528 -0.92569 -0.234643 0.0083591 -0.972046 -0.258816 -0.00835868 -0.965891 -0.0871465 0.00835842 -0.99616 -0.111965 -0.0083583 -0.993677 0.0622958 0.0083582 -0.998023 0.0373839 -0.00835881 -0.999266 0.187272 0.00817566 -0.982274 0.159991 -0.004833 -0.987107 0.262828 -0.00223101 -0.96484 0.278831 0.00223105 -0.960338 0.352394 -0.00817574 -0.935816 0.378192 0.00483276 -0.925714 0.44384 -0.00483241 -0.896093 0.468482 0.00817547 -0.883435 0.535543 -0.0022312 -0.844505 0.563308 0.00669152 -0.82622 0.612568 -0.00966201 -0.790359 0.642784 0.00334536 -0.76604 0.71585 0.00669085 -0.698222 0.688229 -0.00892107 -0.725439 0.781806 -0.00669024 -0.623486 0.781815 -0.00668293 -0.623475 0.840008 -0.00668296 -0.542533 0.848831 -0.0156005 -0.528434 0.889851 0.00669117 -0.456202 0.915962 -0.00966238 -0.401149 0.930869 0.00334579 -0.365339 0.968491 0.00699345 -0.24895 0.959075 -0.014207 -0.282797 0.993713 0 -0.111959 0.992189 -0.0100281 -0.124337 0.999904 0 0.0138584 0.999904 0 0.0138584 0.992239 0 0.124344 0.989093 -0.01216 0.146787 0.978492 0 0.206285 0.95799 0 0.286803 0.965505 -0.011149 0.260147 0.930874 0 0.365341 0.926754 -0.00594334 0.375622 0.897329 -0.00111579 0.44136 0.845979 0.00483266 0.533194 0.872033 -0.0192231 0.48907 0.788663 0.0081762 0.614772 0.805409 -0.00483251 0.5927 0.715858 -0.00668944 0.698214 0.71585 -0.00668298 0.698222 0.642774 -0.00668292 0.766027 0.62988 -0.0156007 0.776535 0.576974 0.00223125 0.81676 0.487939 0.00892065 0.872832 0.521422 -0.00669148 0.853273 0.37687 0.0150422 0.926144 0.423874 -0.00557433 0.905704 0.331579 -0.00446071 0.943417 0.257458 0.0111486 0.966225 0.208991 -0.00892086 0.977877 0.13808 0.00557461 0.990405 0.110579 -0.0055746 0.993852 0.0226601 0.0121602 0.999669 -0.0226601 -0.0121602 0.999669 -0.0995662 0.00334573 0.995025 -0.138075 -0.00966227 0.990375 -0.181827 0.00223078 0.983328 -0.274261 0 0.961655 -0.257465 -0.00817589 0.966253 -0.352417 0 0.935843 -0.352417 0 0.935843 -0.448791 -0.0055718 0.893619 -0.459371 0 0.888245 -0.507179 -0.0011154 0.86184 -0.586627 0 0.809857 -0.552869 -0.0192242 0.833046 -0.670977 0 0.741478 -0.670977 0 0.741478 -0.773995 0 0.633192 -0.781792 0.0100284 0.623458 -0.854451 -0.0069932 0.519485 -0.860435 0 0.50956 -0.916004 0 0.401168 -0.92057 0.00699361 0.390516 -0.959531 -0.00854556 0.281474 -0.959144 -0.00751524 0.282817 -0.981785 -0.00111541 0.189991 -0.990428 -0.0192235 0.136684 -0.996302 0.00483257 0.0857793 0 1 0 0 1 0 0 1 0 0 1 0 0 1 0 0.000380925 0.999999 0.000988959 0 1 0 1.63306e-06 1 2.17666e-07 0 1 0 0.000290131 1 -0.000197503 0 1 0 -4.20078e-07 1 -5.4528e-07 -0.000776329 1 -0.000378155 -9.93806e-07 1 -5.62093e-07 0 1 0 0 1 0 -1.25512e-06 1 -5.08187e-07 0 1 0 3.39879e-07 1 -7.72659e-07 9.70422e-07 1 1.97944e-07 3.65517e-07 1 -7.84958e-07 0 1 0 4.42489e-07 1 -1.46555e-07 0 1 0 1.4402e-06 1 -1.0482e-06 -4.03419e-07 1 -7.83924e-07 0 1 0 0 1 0 0 1 0 1.11293e-07 1 -4.12325e-07 1.07681e-07 1 -4.16493e-07 -3.92473e-06 1 9.2732e-07 0 1 0 0 1 0 0 1 0 -1.36075e-07 1 1.20425e-06 0.000417057 1 -9.85406e-05 0 1 0 0 1 0 0 1 0 0 1 0 -0.000150453 1 -0.00016983 0 1 0 -0.000274111 1 -1.35449e-05 0 1 0 0 1 0 0 1 0 0 1 0 0 1 0 0 1 0 -0.00027451 1 0.000217661 0 1 0 0 1 0 0 1 0 0 1 0 0 1 0 0 1 0 0 1 0 0 1 0 0 1 0 0 1 0 0 1 0 0 1 0 0 1 0 0 1 0 0 1 0 0 1 0 -4.13912e-05 1 -0.000100905 0 1 0 0 1 0 2.01173e-05 1 -5.42121e-05 3.95086e-05 1 8.1948e-05 4.01449e-07 1 6.62107e-08 -9.99337e-07 1 4.44648e-06 0 1 0 8.84574e-07 1 -3.93585e-06 5.55191e-07 1 -3.35718e-08 2.99119e-08 1 -5.67184e-07 5.13836e-07 1 -8.26645e-07 8.17422e-07 1 2.80489e-07 0 1 0 7.60976e-08 1 7.14268e-07 -4.98968e-07 1 -1.32714e-07 0 1 0 0 1 0 0 1 0 0 1 0 6.32444e-07 1 -2.73303e-07 7.5773e-07 1 4.21401e-07 -3.11963e-06 1 2.2178e-06 0 1 0 0 1 0 0 1 0 5.1024e-06 1 -4.81863e-06 0 1 0 0 1 0 0 1 0 -1.05154e-07 1 4.17891e-06 -2.47979e-06 1 3.86168e-06 -8.16847e-06 1 -1.5414e-06 0 1 0 0 1 0 0 1 0 0 1 0 0 1 0 0 1 0 0 1 0 0 1 0 0 1 0 0 1 0 0 1 0 0 1 0 0 1 0 0 1 0 0 1 0 0 1 0 0 1 0 0 1 0 0 1 0 0 1 0 0 1 0 0 1 0 0 1 0 0 1 0 0 1 0 0 1 0 0 1 0 0 1 0 0.00103128 0.999999 -0.000136812 0 1 0 0 1 0 0 1 0 0.000540478 1 -0.000400368 -0.000155053 1 -0.000440202 0 1 0 0 1 0 -0.000442565 1 0.00058817 0 1 0 1.24996e-05 1 -4.77133e-06 0 1 0 4.0562e-07 1 7.26014e-07 -2.2619e-08 1 -6.62874e-07 3.56267e-07 1 7.88066e-07 3.70108e-07 1 7.94978e-07 -7.73354e-07 1 -3.9352e-07 -7.60568e-07 1 -3.05197e-07 -5.24722e-07 1 6.68407e-07 1.14698e-07 1 4.0315e-07 -7.39881e-05 1 -8.17705e-05 -8.39637e-07 1 -2.00972e-07 -2.47346e-06 1 -1.29211e-06 8.61213e-08 1 4.32564e-07 0 1 0 0 1 0 0 1 0 0 1 0 0 1 0 0 1 0 0 1 0 -8.08137e-05 1 -4.5994e-05 0 1 0 0 1 0 0 1 0 0 1 0 0 1 0 -6.82443e-05 1 -1.05381e-05 0 1 0 7.38223e-05 1 3.85641e-05 -3.77277e-05 1 2.01438e-05 0 1 0 4.7919e-06 1 8.81917e-05 0 1 0 0 1 0 0 1 0 1.21365e-06 1 -8.95286e-08 0 1 0 0 1 0 0 1 0 0 1 0 0 1 0 0 1 0 -1.51218e-06 1 -5.27509e-07 0 1 0 4.72491e-08 1 1.13752e-06 0 1 0 0 1 0 0 1 0 0 1 0 0 1 0 0 1 0 0 1 0 0 1 0 0 1 0 0 1 0 0 1 0 0.000109401 1 -0.00014438 0 1 0 0 1 0 0 1 0 0 1 0 0 1 0 0 1 0 0 1 0 0 1 0 0 1 0 0 1 0 0 1 0 6.99472e-07 1 -2.79256e-06 0.000159288 1 -2.69057e-05 4.78802e-05 1 6.93442e-05 -1.25128e-06 1 9.76468e-07 0 1 0 -4.55051e-07 1 1.55958e-07 2.66854e-05 1 3.95701e-05 -1.13334e-06 1 -1.03862e-07 -0.000118993 1 3.07114e-05 0 1 0 2.22093e-07 1 1.67361e-06 0 1 0 0 1 0 0 1 0 -2.55718e-05 1 -0.000192699 -3.38733e-05 1 7.63968e-05 0 1 0 0 1 0 0 1 0 0 1 0 0 1 0 0 1 0 0 1 0 0 1 0 0 1 0 -0.690056 0.723705 -0.00859899 -0.722746 0.688212 -0.0632696 -0.6958 0.71192 -0.0950409 -0.683011 0.706846 -0.184024 -0.706804 0.686709 -0.169879 -0.661094 0.707057 -0.251047 -0.662482 0.705981 -0.250418 -0.614706 0.715041 -0.332945 -0.627538 0.7057 -0.328914 -0.589754 0.695358 -0.410691 -0.585562 0.698576 -0.411229 -0.525523 0.706349 -0.474233 -0.525572 0.690627 -0.496797 -0.4705 0.714001 -0.51849 -0.401485 0.712818 -0.575066 -0.450766 0.682471 -0.575363 -0.340101 0.717071 -0.608392 -0.368124 0.700276 -0.611636 -0.300622 0.703841 -0.64361 -0.263472 0.717426 -0.644889 -0.24085 0.698316 -0.674052 -0.179424 0.720722 -0.669602 -0.136686 0.665546 -0.733734 -0.0783304 0.714561 -0.695174 -0.0253043 0.689913 -0.72345 0.025682 0.726699 -0.686476 0.0741095 0.698408 -0.711853 0.112034 0.713905 -0.691222 0.166139 0.682296 -0.711948 0.187132 0.702189 -0.686959 0.250082 0.704564 -0.664115 0.266702 0.691645 -0.67119 0.310823 0.713852 -0.627538 0.367831 0.68226 -0.63184 0.381138 0.7025 -0.601022 0.435012 0.70409 -0.561269 0.451814 0.691926 -0.563119 0.482027 0.71379 -0.508088 0.53712 0.682235 -0.496042 0.543732 0.718558 -0.433623 0.59481 0.694945 -0.404046 0.588683 0.720517 -0.36648 0.655361 0.686618 -0.314734 0.645199 0.709841 -0.282568 0.674144 0.711348 -0.198781 0.681731 0.700831 -0.209949 0.67409 0.733803 -0.0844744 0.700013 0.703199 -0.124473 0.705541 0.707196 -0.0456794 0.691642 0.722082 0.0151659 0.695401 0.718558 0.00963807 0.708654 0.703377 0.0554108 0.68777 0.718718 0.102069 0.694924 0.710147 0.113013 0.683296 0.709978 0.170405 0.67155 0.718526 0.180943 0.673013 0.703382 0.228707 0.646625 0.716372 0.262083 0.652696 0.6987 0.292929 0.606134 0.719055 0.339944 0.615777 0.692497 0.375855 0.56429 0.713537 0.415261 0.499297 0.716619 0.48699 0.559393 0.675044 0.481035 0.456867 0.699412 0.549632 0.444549 0.708529 0.548054 0.381974 0.680719 0.625074 0.3758 0.6492 0.661297 0.301503 0.702896 0.644231 0.239925 0.690246 0.682639 0.217024 0.638796 0.738133 0.148912 0.70167 0.696767 0.0787772 0.701777 0.708028 0.0532838 0.671589 0.739006 -0.0157421 0.719342 0.694478 -0.063103 0.693719 0.717476 -0.0966265 0.714361 0.693074 -0.181361 0.709818 0.680637 -0.162256 0.686267 0.709021 -0.24789 0.710795 0.658271 -0.242698 0.703233 0.668252 -0.324081 0.70872 0.626647 -0.319248 0.703116 0.63538 -0.379902 0.726638 0.572426 -0.370382 0.703274 0.606814 -0.417446 0.712084 0.564513 -0.453004 0.712293 0.536121 -0.46078 0.726913 0.509195 -0.532012 0.685642 0.496848 -0.539931 0.716497 0.441709 -0.615101 0.669472 0.416483 -0.601764 0.70995 0.365857 -0.658271 0.695389 0.288293 -0.65209 0.700416 0.290167 -0.672884 0.712643 0.198409 -0.718318 0.672566 0.177972 -0.690603 0.716927 0.0953066 -0.730078 0.681181 0.0545669 -0.434487 0.7071 0.55788 -0.434482 0.707109 0.557874 -0.456562 0.706818 0.540332 -0.430891 0.733466 0.5257 -0.475362 0.706476 0.52433 -0.475245 0.759707 0.443833 -0.398386 0.826527 0.39767 -0.47401 0.769394 0.42819 -0.514868 0.747074 0.420466 -0.508705 0.775082 0.374789 -0.459732 0.834193 0.304581 -0.477313 0.817143 0.323187 -0.575926 0.742736 0.341544 -0.614305 0.719449 0.324071 -0.59605 0.753504 0.277411 -0.571802 0.779937 0.254441 -0.626126 0.737099 0.254268 -0.654568 0.720633 0.228536 -0.622793 0.760639 0.183187 -0.552244 0.822378 0.136825 -0.56765 0.811852 0.13664 -0.640624 0.758292 0.120803 -0.660089 0.745693 0.0906882 -0.597224 0.800831 0.0446373 -0.619747 0.782951 0.0538662 -0.66268 0.748504 0.0244296 -0.693962 0.719955 -0.00901686 -0.617649 0.784593 -0.0540693 -0.661527 0.748765 -0.0416223 -0.659451 0.748035 -0.0746212 -0.684154 0.720658 -0.112182 -0.602202 0.785114 -0.144738 -0.646075 0.750454 -0.139305 -0.641621 0.747442 -0.172203 -0.659794 0.720674 -0.212841 -0.618449 0.750247 -0.233773 -0.617462 0.751066 -0.233753 -0.646888 0.708331 -0.282496 -0.578759 0.75698 -0.303347 -0.615264 0.72649 -0.306043 -0.599034 0.726727 -0.336194 -0.578827 0.729742 -0.363919 -0.515439 0.77813 -0.358939 -0.509083 0.783349 -0.356651 -0.542514 0.726429 -0.421877 -0.517859 0.730106 -0.445833 -0.449571 0.784114 -0.427844 -0.456718 0.777839 -0.431712 -0.473822 0.726138 -0.498213 -0.445406 0.730477 -0.517704 -0.380216 0.784887 -0.489272 -0.387813 0.777539 -0.495009 -0.394486 0.725858 -0.56348 -0.363092 0.73086 -0.577934 -0.302613 0.785653 -0.539606 -0.358679 0.718471 -0.595944 -0.316676 0.702661 -0.637169 -0.289926 0.728465 -0.620711 -0.282547 0.707678 -0.647579 -0.24206 0.729217 -0.640038 -0.219986 0.75668 -0.615663 -0.211139 0.725317 -0.655237 -0.176487 0.73164 -0.658449 -0.101921 0.830828 -0.547117 -0.129784 0.787205 -0.60288 -0.097017 0.79941 -0.5929 -0.0736903 0.753667 -0.653113 -0.0410658 0.753509 -0.656154 -0.0227768 0.758575 -0.651188 -0.00761523 0.799048 -0.601219 0.0262704 0.707386 -0.706339 0.0677293 0.756422 -0.650568 0.0593128 0.730928 -0.679873 0.108202 0.706432 -0.699462 0.143442 0.775622 -0.614682 0.142805 0.756004 -0.6388 0.234208 0.68008 -0.694722 0.236068 0.768975 -0.594095 0.301977 0.680636 -0.667491 0.323802 0.757515 -0.566854 0.317992 0.774929 -0.546229 0.428103 0.680795 -0.594345 0.399998 0.769066 -0.498538 0.485773 0.679753 -0.54951 0.475134 0.759051 -0.445073 0.464977 0.774208 -0.429416 0.583652 0.681543 -0.441417 0.528657 0.769131 -0.359109 0.626787 0.678896 -0.382412 0.583555 0.760591 -0.284544 0.571371 0.773461 -0.274398 0.659665 0.706498 -0.256326 0.618559 0.761372 -0.194159 0.606215 0.773078 -0.186692 0.716259 0.682732 -0.144399 0.67546 0.727549 -0.120107 0.669052 0.742416 -0.0344611 0.760361 0.645073 -0.0757042 0.691877 0.698128 0.184184 0.445854 0.893203 0.0583386 0.66908 0.701002 0.246838 0.363921 0.889438 0.276517 0.076865 0.986324 0.145796 0.0791254 0.992128 0.0970588 0.0607633 0.99122 0.117434 0.123141 0.982536 0.139494 0.118617 0.910661 0.395761 0.0334205 0.780217 0.624616 -0.0989497 0.855479 0.508296 -0.101128 0.875962 0.471661 -0.275973 0.735813 0.618399 -0.358959 0.724765 0.588102 -0.377692 0.705344 0.599866 -0.370273 0.78242 0.500716 0.706637 0.707107 0.0257692 0.706266 0.707478 0.0257484 -0.994367 0.0568271 0.0894653 -0.88855 -0.0842048 0.450986 0.120509 0.083199 0.98922 0.435413 -0.0397235 0.899354 0.997943 0.0640579 -0.00236816 0.965334 -0.0217777 -0.260107 0.439748 0.0317892 -0.897558 -0.493373 -0.0396338 -0.868914 -0.0351761 0.344593 -0.938093 0 1 0 0 1 0 -0.643243 0.0291097 0.765109 -0.605425 0.0461467 0.794564 0.61333 -0.0623621 0.787361 0.866545 0.103323 0.488286 0.723173 -0.0478778 -0.689005 -0.744908 0.0184079 -0.666914 -0.25574 0.353755 -0.899697 0 1 0 -0.229894 -0.965437 0.122803 0.236826 -0.839421 0.489169 0.357592 -0.928894 -0.0963521 -0.259729 -0.192221 -0.946357 -0.0608994 -0.968989 -0.23948 -0.193302 -0.961311 0.196253 0.152767 -0.970394 0.187079 0.284852 -0.628024 -0.724186 -0.510512 -0.438077 -0.73991 0 -1 0 0 -1 0 0 -1 0 0 -1 0 0 -1 0 0 -1 0 0 -1 0 0 -1 0 0 -1 0 0 -1 0 0 -1 0 0 -1 0 0 -1 0 0 -1 0 0 -1 0 0 -1 0 0 -1 0 0.992836 0.000724311 0.119484 0.973153 -0.0453063 0.225656 0.798274 0.0088019 0.60223 0.649268 -0.0503126 0.758894 0.537325 -0.015258 0.843237 0.306688 4.44474e-05 0.95181 0.0242229 -0.0361884 0.999051 -0.0662031 -0.00166947 0.997805 -0.619029 -0.00965907 0.785309 -0.632169 -0.0204077 0.774561 -0.981518 0.0181336 0.190507 -0.992883 -0.108029 -0.0501235 -0.870056 0.0188685 -0.492591 -0.615774 -0.0682207 -0.784964 -0.404903 0.0335303 -0.913745 0.211588 -0.0619582 -0.975393 0.278009 -0.0225076 -0.960315 0.855309 -0.00521961 -0.518092 0.867547 -0.0201872 -0.496945 0 -1 0 0 -1 0 0 -1 0 0 -1 0 0 -1 0 0 -1 0 0 -1 0 0 -1 0 0 -1 0 0 -1 0 0 -1 0 0 -1 0 0 -1 0 0 -1 0 0 -1 0 0 -1 0 0 -1 0 0 -1 0 0.982099 -0.0422826 0.183557 0.985223 -0.035011 0.167661 0.811619 0.0101005 0.5841 0.699661 -0.0415835 0.713264 0.517583 0.00333923 0.855627 0.201964 -0.0165907 0.979252 0.227031 -0.00894193 0.973846 -0.314829 0.0184526 0.948969 -0.362849 -0.00582393 0.93183 -0.919075 0.0534041 0.390447 -0.893014 0.00140641 0.450026 -0.823459 -0.00207497 -0.567373 -0.883726 0.102823 -0.45657 -0.250421 -0.0304832 -0.967657 -0.066032 0.0512193 -0.996502 0.433643 -0.0404018 -0.900178 0.574629 0.0192316 -0.818188 0.889479 -0.0375144 -0.455434 0.861377 -0.0594034 -0.504482 0.979153 -0.00533987 -0.203056 0 -1 0 0 -1 0 0 -1 0 0 -1 0 0 -1 0 0 -1 0 0 -1 0 0 -1 0 0 -1 0 0 -1 0 0 -1 0 0 -1 0 0 -1 0 0 -1 0 0 -1 0 0 -1 0 0 -1 0 0 -1 0 0 -1 0 0 -1 0 0.782852 0.0454232 0.620548 0.505023 -0.121241 0.854548 0.128281 0.04745 0.990602 -0.381431 -0.0978841 0.9192 -0.586053 0.000682191 0.810272 -0.897973 -0.00555262 0.440015 -0.914547 0.010644 0.404341 -0.982719 -0.00642693 -0.18499 -0.979676 0.00161993 -0.200581 -0.746701 -0.00756878 -0.665117 -0.734946 0.000242802 -0.678126 -0.359395 -0.00700726 -0.933159 -0.227567 -0.044896 -0.972727 0.0789589 0.0219217 -0.996637 0.380218 -0.0380662 -0.924113 0.495808 0.003237 -0.868426 0.809116 0.00303232 -0.587641 0.853365 -0.0325137 -0.520298 0.994642 -0.0605926 0.0837636 0.99934 -0.00313523 -0.0361772 0.633079 -0.016991 -0.7739 0.728851 -0.0206273 -0.684362 0.858037 0.00626037 -0.51355 0.92897 -0.00311151 -0.370141 0.976692 0.00266635 -0.214627 0.999841 -0.00341454 -0.0174887 0.99189 0.00550933 0.126983 0.94605 -0.00445431 0.32399 0.872542 0.00473482 0.488517 0.730456 -0.00814223 0.682911 0.648908 0.000108967 0.760867 0.393997 -0.00558429 0.919095 0.405217 -0.004418 0.91421 0.166201 0.00119928 0.986091 0.00546732 -0.00603356 0.999967 -0.0224537 -0.00423632 -0.999739 -0.0349279 -0.00325127 -0.999385 0.174131 0.00346096 -0.984716 0.252591 -0.00138917 -0.967572 0.509161 0.00294059 -0.860666 0.531224 0.000481558 -0.847231 0.778178 -0.000597141 -0.628043 0.774064 0 -0.633107 0.963435 0.00593096 -0.267877 0.945178 0 -0.326557 0.998143 -0.00384007 0.0607935 0.994941 -2.62204e-06 0.100466 0.906887 -0.00545588 0.421339 0.82883 0.00534167 0.559475 0.703999 -0.00100054 0.7102 -0.692682 0.00503312 -0.721225 -0.732554 0.000161204 -0.680709 -0.500267 -0.00268014 -0.865867 -0.378359 0.00458601 -0.925648 -0.148852 -0.0066759 -0.988837 -0.0151948 0.00293082 -0.99988 0.234763 -0.0265361 -0.97169 0.35266 -0.00975174 -0.935701 0.760242 -0.00123399 -0.649639 0.766621 0.000338417 -0.642099 0.945176 0.00030106 -0.32656 0.946356 0 -0.323127 0.989998 0 -0.141083 0.999768 -0.00905685 -0.0195375 0.99668 -0.00861065 0.0809612 -0.998433 0.00125019 -0.0559404 -0.996462 -0.00140174 -0.0840373 -0.930573 0.00330747 -0.366092 -0.995311 0.00237327 -0.0966929 -0.991781 -0.000501395 -0.127949 -0.875849 0.00192495 -0.482582 -0.879026 0.00110766 -0.476772 -0.889229 0.00204187 0.457458 -0.972764 -0.0113317 0.231519 -0.957226 -0.000342294 -0.28934 -0.844309 -0.0010489 0.535855 -0.919337 -0.00352156 0.393455 -0.942906 0.000679897 0.333059 -0.996949 -0.00290482 0.0780039 -0.993705 -0.000211622 0.112027 -0.975076 0.00101449 -0.221868 -0.975257 0.000933081 -0.221072 -0.842589 -0.00193554 -0.538554 -0.852532 0 -0.522675 -0.624406 0 -0.7811 -0.624406 0 -0.7811 -0.393992 0 -0.919114 -0.398355 -0.000486699 -0.917231 -1 0 -3.22498e-08 -1 5.82077e-08 0 -0.423414 -0.00133585 0.905935 -0.426353 -0.000880216 0.904557 -0.691836 0.00146049 0.722053 -0.715986 0.00558481 0.698092 -0.929351 -0.00383345 0.369179 -0.950412 0.00165634 0.310989 -0.996636 0 -0.081953 -0.998669 -0.00366206 -0.0514484 -0.899206 0 -0.437525 -0.899206 0 -0.437525 -0.859882 -0.00453456 0.510472 -0.883467 0.00131372 0.468491 -0.990583 -0.00446546 0.136842 -0.938281 0 -0.345874 -0.951454 -2.10357e-05 0.307791 -0.990117 -0.0114217 0.139778 -0.999567 0.000383517 -0.0294233 -3.04757e-06 -1 3.61489e-06 -0.945756 0 0.324879 -0.994497 0.00412958 0.104682 -0.998259 0 0.0589754 0.996896 -0.000559718 -0.0787228 0.978172 0.00623624 0.207704 0.995551 -0.00138144 0.0942194 0.917765 -0.00127692 0.397122 0.788996 0.00888896 0.614334 0.7299 -0.00125137 0.683553 0.41192 9.50419e-06 0.91122 0.368521 -0.00543199 0.929604 0.0247818 0.00460415 0.999682 -0.0647272 -0.00269563 0.997899 -0.364946 0.000545534 0.931028 -0.370495 0 0.928834 -0.66892 0 0.743335 -0.644754 -0.00288937 0.764384 -0.765597 -0.00178787 0.643318 0.0963626 -0.990379 -0.0993201 -0.00372542 -0.999988 -0.0033406 0.156395 -0.987265 0.0291341 0.00572319 -0.99903 -0.0436685 4.62931e-07 -1 5.92945e-07 4.46932e-07 -1 1.02033e-06 -6.80849e-05 -1 9.46296e-05 -1.69021e-07 -1 -9.13359e-07 -2.66278e-06 1 -1.13628e-06 -0.239148 0.229616 -0.943443 -3.29667e-06 -1 -5.50201e-06 -1.52752e-06 1 4.69538e-07 6.49767e-07 -1 -1.04549e-06 3.9647e-06 -1 3.87587e-06 0 -1 0 -1.51701e-06 -1 -1.85671e-06 -0.0114033 -0.999935 5.25233e-05 7.8128e-06 -1 1.27369e-05 -3.01288e-06 -1 2.47024e-05 8.11093e-06 -1 6.1857e-06 -5.27746e-06 -1 1.21909e-07 -1.96109e-06 -1 -1.18739e-05 -5.17173e-06 -1 -5.42013e-06 2.86424e-06 -1 -6.14644e-06 0.25724 -0.963502 -0.0741054 -0.0233025 -0.98898 -0.146202 3.33576e-06 -1 4.27796e-07 1.76232e-06 -1 1.29961e-05 0.0735489 -0.976609 -0.202051 0.000182796 1 0.000711479 0.0997488 -0.984018 -0.14751 2.32109e-07 -1 1.71168e-06 -4.26685e-06 1 3.40952e-06 2.50628e-07 1 -1.95594e-07 8.58932e-06 -1 4.42708e-06 0.00350289 -0.999976 -0.00597564 0.00451338 0.997791 -0.0662723 0 -1 0 0.014362 -0.999376 0.0322709 0 -1 0 5.24593e-07 -1 -3.93534e-07 -6.11873e-08 -1 6.02008e-08 9.31359e-08 -1 -9.35258e-07 -9.3539e-08 -1 -1.75274e-08 0.00135647 -0.999987 0.00495161 -0.00292799 -0.999982 0.00533026 0.00272985 -0.999993 0.00242384 0.999999 -0.000235066 -0.00109838 -0.997507 -0.000424091 -0.070571 -0.992498 0.000112553 -0.122265 -0.962721 -0.00179131 -0.270492 -0.903263 0.00603641 -0.429044 -0.780018 -0.00277496 -0.625751 -0.620103 0.00791677 -0.78448 -0.491628 -0.00182248 -0.870803 -0.67538 0.000140146 0.73747 -0.711386 -0.0046118 0.702786 -0.923021 0.00102499 0.384749 -0.953722 -0.0022497 0.300683 -0.984688 0.000431184 0.174326 -0.996458 -0.000509225 0.0840881 -0.998622 0 0.0524824 0.000142947 -1 0.000260474 -0.255668 -0.00238483 0.966762 -0.448492 0.000932321 0.893786 -0.609094 -0.00384696 0.793089 -0.715636 0.00300186 0.698467 0.960958 -0.00336411 -0.276673 0.998888 0.000367831 -0.0471419 0.982607 -0.00230861 0.185685 0.000417677 -1 9.69381e-05 -0.0181446 -0.00487098 0.999824 0.000341839 -1 -0.000208778 0.892439 -0.00276833 0.451159 0.708718 0.00334945 0.705484 0.683235 0.000764059 0.730198 -0.665852 -0.00203597 -0.746081 -0.621645 0.00206233 -0.783296 -0.260236 -0.00326913 -0.96554 6.1595e-05 -1 -6.86026e-05 0.945351 0.00319865 0.32604 0.805026 -0.0220095 0.592831 0.647406 -0.000269598 0.762145 0.180366 -0.00710069 0.983574 0.251078 0.000400057 0.967967 -0.236348 0.00632356 0.971648 -0.321039 -0.00245786 0.947063 -0.650182 0.00469384 0.759764 -0.725616 -0.00494283 0.688082 0.917994 -0.00288953 -0.396585 -0.960586 -0.00569372 0.277924 -0.917384 0.00249395 0.397996 -0.99754 0.00580973 -0.0698565 -0.967175 -0.00964859 -0.253927 -0.81002 0.0146549 -0.586219 -0.635605 -0.0148089 -0.771872 -0.279068 0.00829402 -0.960236 0.0230817 -0.0104737 -0.999679 0.215204 0.00586998 -0.976551 0.770635 -0.00352681 -0.637268 0.974877 0.00403816 -0.222705 0.99973 -0.02012 0.0116707 0 -1 0 0 -1 0 0.664207 -0.0242423 -0.747155 0 -1 0 0 -1 0 0 -1 0 0 -1 0 0 -1 0 0 -1 0 0.837712 -0.0172126 0.545841 0.972395 0.0217391 0.232326 0.615568 0.00292746 0.788078 0.0445061 -0.01843 0.998839 -0.528453 0.0159715 0.848813 -0.663281 -0.00540104 0.748351 -0.96846 0.0179428 0.248522 -0.938933 0.00195252 0.344095 -0.973412 -0.00103369 -0.229057 -0.973817 -0.000875743 -0.227334 -0.85496 -0.000412822 -0.518693 -0.800923 -0.00587955 -0.598738 -0.477248 0.0101754 -0.878709 -0.293172 -0.0134785 -0.955965 0.14054 0.0210823 -0.98985 0.513395 -0.0248325 -0.857793 0.875641 0.0215693 -0.482481 0.97765 -0.00937305 -0.210031 0 -1 0 0 -1 0 0 -1 0 0 -1 0 0 -1 0 0.142724 -0.0342228 0.989171 0 -1 0 0 -1 0 0.99848 -6.69812e-05 0.0551128 0.912216 0.000964744 0.409709 0.78002 0.00012109 0.625754 0.629885 0.0157664 0.776528 0.358991 -0.0098845 0.933289 0.0940149 0.00897984 0.99553 -0.206642 -0.015404 0.978295 -0.417708 0.000426353 0.908581 -0.808689 -0.00392077 0.588224 -0.841241 0.00535167 0.540634 -0.999953 -0.00341192 0.0091068 -0.999149 0.0028524 -0.0411511 -0.818348 -0.00304786 -0.574715 -0.813596 -0.00408694 -0.581416 -0.356107 0.000388672 -0.934445 -0.302289 -0.00744095 -0.953187 0.463805 0.0185072 -0.885744 0.383325 -0.00154144 -0.923612 0.927019 -0.000698691 -0.375013 0.923033 0.000713362 -0.38472 0 -1 0 0 -1 0 0 -1 0 0.97709 -0.0123235 0.212472 0 -1 0 0 -1 0 0 -1 0 0 -1 0 0 -1 0 0.906895 -0.00852456 0.42127 0.859542 0.00575797 0.511032 0.403953 -0.00498798 0.914766 -0.213573 0.00567825 0.976911 -0.408245 -0.0145542 0.912756 -0.701376 0.00698564 0.712757 -0.950923 -0.032032 0.307765 -0.997753 0.00510796 0.0667997 -0.765525 -0.0117124 -0.643299 -0.73104 -0.000742127 -0.682335 0.00112882 -0.0057498 -0.999983 0.23723 -0.0428605 -0.970508 0.641714 0.00352675 -0.766936 0.917646 -0.020483 -0.39687 0.981805 0.00998996 -0.18963 0 -1 0 0.363091 -0.0122198 0.931674 0 -1 0 0 -1 0 0 -1 0 0 -1 0 0.932729 -0.00437919 0.360551 0.906872 0.00428592 0.421384 0.465757 -0.0142342 0.884798 0.339579 -0.0355954 0.939904 -0.177083 0.0109198 0.984135 -0.573945 -0.0165442 0.818727 -0.727857 0.0132439 0.685602 -0.986093 -0.00864267 0.165971 -0.999933 0.00920423 -0.00705757 -0.920819 -0.00322693 -0.389977 -0.823493 0.0179097 -0.567044 -0.587776 -0.00520159 -0.809007 -0.342966 0.0083957 -0.93931 -0.14063 -0.00556807 -0.990047 0.0420811 0.000943955 -0.999114 0.208967 -0.00495019 -0.97791 0.319093 0.000853866 -0.947723 0.489514 -0.000544923 -0.871995 0.501665 0 -0.865062 0.612607 0 -0.790388 0.612607 0 -0.790388 0.680155 0 -0.733068 0.680155 0 -0.733068 0.727378 -0.000199451 -0.686237 0.715883 0 -0.69822 0.840627 -0.00173939 -0.541611 0.779983 0.00028176 -0.625801 0.853489 -0.000708903 -0.52111 0.97428 0.0132118 -0.224953 0.993437 -0.00192464 -0.114368 0 -1 0 0 -1 0 0 -1 0 0 -1 0 0 -1 0 0 -1 0 0 -1 0 0 -1 0 0 -1 0 0 -1 0 0 -1 0 0 -1 0 0.998627 0.0107186 -0.0512855 0.958244 -0.00936553 0.285799 0.834028 0.00953779 0.55164 0.608536 -0.0179024 0.793324 0.165904 0.0276139 0.985755 -0.217843 -0.0235338 0.9757 -0.556615 0.00984537 0.830713 -0.881385 -0.0256693 0.471701 -0.962533 0.00151864 0.271161 -0.930461 -0.00222496 -0.366384 -0.936068 -0.00478886 -0.351786 -0.556717 -0.00208033 -0.8307 -0.516615 -0.00858506 -0.856175 -0.0583374 0.00420394 -0.998288 0.0482564 -0.00433639 -0.998826 0.35241 0.0030873 -0.935841 0.434254 -0.00207617 -0.900788 0.764423 0.00631286 -0.644684 0.794767 0.0129924 -0.606776 0.970413 -0.00284512 -0.241434 0 -1 0 0 -1 0 0 -1 0 0 -1 0 0 -1 0 0 -1 0 0 -1 0 0 -1 0 0.98194 -0.0828114 0.170109 0.988494 -0.0691014 0.134554 0.50366 0.00318016 0.863896 0.127182 -0.0857956 0.988162 -0.592224 0.0594288 0.803579 -0.977302 -0.0621428 -0.202531 -0.211376 0.0131159 -0.977317 0.160109 -0.0929416 -0.982714 0.566728 -0.0078357 -0.823867 -0.984401 -0.175901 0.00364577 0 -1 0 0 -1 0 0.785503 -0.0595027 0.615991 0.745049 -0.0874971 0.661246 -0.63406 0.063334 0.770686 -0.873688 0.0411995 -0.48474 0.541911 -0.031896 -0.839831 0.605363 0.000863787 -0.795949 -0.910604 -0.409523 0.0555895 0 -1 0 0.259782 0.952995 0.155929 0.161143 -0.956552 0.242985 -0.114331 -0.992536 0.0424364 -0.416593 -0.228308 0.879958 -0.565045 -0.822441 0.0656831 -0.0276859 -0.83545 -0.548868 -0.0674524 -0.922539 -0.379962 0.0845608 0.923966 -0.373009 0.094343 0.988038 0.121984 -0.0416047 -0.423855 0.904774 -0.752553 -0.650987 -0.0994039 -0.733871 -0.660802 -0.157397 0.159281 -0.675837 -0.719635 0.237992 0.902754 -0.358324 0.985714 -0.0433421 0.162755 0.825796 -0.020758 0.563586 0.526872 -0.0234421 0.849621 0.273468 -0.0470685 0.960729 0.818824 0.390889 -0.420397 0.668578 0.668132 0.326502 0.211448 0.95061 0.227224 0.309909 0.835263 0.454195 0.342957 0.492274 0.80003 0.468097 0.760193 0.450546 0.705077 -0.706534 -0.0606266 0.995657 -0.0213121 -0.0906283 0.774922 -0.624412 -0.0980061 0.488988 0.621494 -0.612075 0.994031 -0.0248376 -0.106234 0.943179 -0.320107 -0.0891344 0.999386 -0.0184504 -0.0297894 -0.263645 0.940412 0.21475 0.923475 -0.376682 0.0728331 0.0986569 -0.992503 -0.0721414 0.999322 -0.0216497 0.0297874 0.99545 -0.0330356 0.0893743 0.989122 -0.0472071 0.139314 0.826539 -0.0277827 0.562193 0.0955921 0.990678 -0.0970579 0.395507 0.912059 0.108268 0.811581 -0.0371878 -0.583055 0.445533 -0.884802 -0.136478 0.826313 -0.0277453 0.562528 0.97768 -0.0128036 -0.209709 0.307457 -0.576037 -0.757398 0.457206 -0.0579745 -0.887469 0.246771 -0.0933579 -0.964567 0.751738 -0.0277064 -0.658879 0.850546 -0.0178936 -0.525597 0.410113 -0.880195 0.238881 0.410785 -0.88041 0.236924 0.789841 -0.0323806 0.612456 0.766757 -0.221212 0.602619 0.750049 -0.0175604 0.66115 0.694371 -0.0139772 0.719482 0.512844 -0.569143 0.642703 0.0312466 -0.934447 0.35473 0.145087 -0.950967 0.27315 0.656671 -0.01653 0.753996 0.594882 -0.0297308 0.803263 0.908029 -0.121367 0.40094 0.148351 -0.523638 -0.838925 0.491767 -0.315363 -0.81161 0.127624 0.990419 -0.0527576 0.68477 0.656252 -0.316897 0.765856 0.475952 -0.432358 0.569871 -0.0277936 0.821264 0.136425 -0.94682 0.29141 0.115122 -0.872388 0.475065 0.529652 -0.0328149 0.84758 0.176129 -0.0150687 0.984252 -0.0192052 -0.0140703 0.999717 -0.462314 -0.48906 0.739652 -0.0218801 -0.0141649 0.99966 -0.372957 -0.787709 0.490324 -0.385043 -0.774845 0.501356 0.813088 -0.0361449 -0.581018 0.34497 -0.937479 -0.0461489 0.974519 -0.0652617 -0.214603 0.936809 -0.0458736 -0.346821 0.987524 -0.0210328 0.15606 0.986119 -0.0210418 0.164704 0.811847 -0.37221 0.449849 0.666668 0.201265 0.717667 0.777635 -0.606328 0.166284 0.702069 -0.0298463 0.711483 0.731384 0.357662 0.580651 0.395184 -0.317102 0.862135 0.026671 -0.998075 -0.0559915 0.00999742 -0.334667 0.942284 -0.313956 0.100215 0.944134 -0.219325 0.86073 0.459391 0.0408472 0.934778 0.352877 -0.454979 -0.479565 0.750341 -0.127238 -0.952255 0.277526 0.382839 -0.0712528 -0.921063 0.628409 -0.0308805 -0.77727 0.674506 -0.0297738 -0.737669 0.543146 -0.0183529 -0.839437 0.622333 -0.610063 -0.490434 0.717523 -0.010594 -0.696455 0.346714 -0.937875 -0.0134017 0.318613 -0.946377 -0.0534508 0.809595 -0.0250076 -0.586456 0.757398 -0.0396666 -0.651747 0.172761 -0.036874 0.984273 0.629018 -0.503191 0.592567 0.461822 -0.877256 0.130926 0.905896 -0.0646407 0.418539 0.871245 -0.053648 0.487907 0.577542 -0.0337714 0.815662 0.503749 -0.0947943 -0.858634 -0.497765 -0.653893 -0.569784 0.733486 -0.0650514 -0.676585 0.108854 -0.0597082 -0.992263 0.16239 -0.751615 0.6393 0.0794773 -0.0506362 0.99555 -0.0203442 0.945154 0.325992 0.0514954 -0.0588012 0.996941 -0.504718 -0.69241 -0.515584 -0.351674 0.431675 -0.830652 -0.0861214 -0.951785 -0.294429 -0.139647 0.814756 -0.562736 -0.00413232 0.395764 -0.918343 0.647981 0.712242 -0.269875 0.829404 0.48345 -0.279938 0.590423 -0.718103 -0.368415 0.0939301 0.961432 -0.258507 -0.964936 -0.242037 0.10157 -0.000934317 -0.0482517 0.998835 -0.236211 -0.0233292 0.971422 -0.567161 -0.00923036 0.823555 -0.676979 -0.0202993 0.735722 -0.825693 -0.00977553 0.564035 -0.953894 -0.0178205 0.299615 0.980917 -0.0316602 0.19183 0.167622 -0.0141706 -0.98575 0.593092 -0.698097 -0.401127 0.479372 -0.0384364 -0.87677 0.67654 -0.0636193 -0.733652 0.901456 -0.0556417 -0.42928 0.799397 -0.0886839 -0.594222 -0.959398 -0.282043 -0.00280933 -0.90969 -0.326503 0.256633 -0.960704 -0.277573 -0.00121321 0.100329 -0.318421 -0.942625 0.623183 0.245503 -0.742544 0.188453 -0.88896 -0.417415 0.0615826 -0.00904054 -0.998061 0.10635 -0.0182555 -0.994161 -0.845288 -0.183511 0.501808 0.766585 -0.0472809 -0.640399 -0.989149 -0.0899024 0.116197 0.96532 0.00786955 0.26095 -0.328592 -0.029349 -0.944016 -0.10719 -0.00691853 -0.994214 -0.979383 -0.184355 -0.0825969 -0.27477 0.945942 -0.172322 0.99762 -0.0387644 -0.0570201 -0.872845 -0.042452 -0.486148 -0.710644 -0.0184406 -0.70331 -0.471156 -0.0168763 -0.881888 -0.49794 0.770544 0.397893 -0.816456 0.493339 0.300027 -0.985341 0.145557 -0.0889691 -0.845243 0.341207 -0.411268 -0.956854 0.0094146 -0.290417 -0.701978 -0.70493 -0.10149 -0.0806475 0.996712 -0.00783478 -0.793993 -0.536265 -0.286347 -0.187516 -0.976534 -0.105916 -0.112492 -0.993607 0.00949284 -0.421345 0.895261 0.14483 -0.872496 0.231739 0.430173 -0.461465 -0.642681 0.611565 -0.179715 -0.967565 0.177542 -0.0772679 -0.996713 0.0243605 -0.963854 -0.266333 0.00721076 -0.343705 0.936965 0.0629606 -0.064204 -0.997892 0.00945331 -0.121808 0.974605 0.187905 0.83775 -0.0239457 -0.545529 0.896072 0.112576 0.429397 -0.97326 -0.00692911 -0.2296 -0.0982156 -0.994981 0.0191343 -0.0604695 -0.998123 0.0096647 -0.0871948 -0.996091 0.0141283 -0.333539 -0.942693 -0.00905082 -0.578883 -0.815374 -0.00779532 -0.607712 -0.794038 0.0137845 -0.998436 -0.0559074 0 -0.683794 -0.729656 0.00528099 -0.77149 -0.636241 0.000302159 -0.746278 0.663069 0.0583907 -0.919259 0.365149 0.147068 -0.950918 -0.221221 -0.216371 -0.820651 -0.226711 -0.524532 -0.608975 0.220943 -0.761797 -0.62351 0.189304 -0.758551 -0.218251 -0.975771 -0.0154407 -0.574344 -0.808981 -0.125213 0.401799 0.915637 -0.0129235 -0.850142 -0.521463 -0.0730352 -0.682552 -0.730735 -0.0122721 -0.786931 -0.576068 -0.221101 -0.759921 -0.225548 -0.609629 0 -1 0 0 -1 0 0 -1 0 0 -1 0 0 -1 0 0 -1 0 0 -1 0 0 -1 0 0 -1 0 0 -1 0 0 -1 0 0 -1 0 0 -1 0 0 -1 0 0 -1 0 0 -1 0 0 -1 0 0 -1 0 0 -1 0 0 -1 0 0.981076 -0.0164613 0.192922 0.983031 -0.0107715 0.183124 0.615345 0.0122446 0.788163 0.560883 -0.0213922 0.827619 -0.053947 0.0467502 0.997449 -0.0332633 0.0587109 0.997721 -0.641952 -0.0163845 0.766569 -0.693237 0.0134773 0.720583 -0.977535 -0.0244157 0.209354 -0.966386 -0.0060508 0.257024 -0.98289 -0.00179678 -0.184182 -0.942526 -0.0336906 -0.332431 -0.774945 0.0235248 -0.63159 -0.626517 -0.0245428 -0.779022 -0.104217 -0.0216594 -0.994319 -0.331378 0.0407368 -0.942618 0.264407 -0.00580391 -0.964394 0.394988 -0.0294849 -0.918213 0.584979 0.0142464 -0.810923 0.858219 -0.048809 -0.510958 0.910075 0.000638347 -0.414444 0 -1 0 0 -1 0 0 -1 0 0 -1 0 0 -1 0 0 -1 0 0 -1 0 0 -1 0 0 -1 0 0 -1 0 0 -1 0 0 -1 0 0 -1 0 0 -1 0 0 -1 0 0 -1 0 0 -1 0 0 -1 0 0 -1 0 0.980569 -0.0778091 0.180085 0.548569 -0.0367886 0.835295 0.459216 0.0352145 0.887627 -0.161489 -0.0281647 0.986473 -0.262475 0.00309276 0.964934 -0.676965 -0.0210226 0.735715 -0.719576 -0.0432982 0.693063 -0.953931 0.00967279 0.299869 -0.988062 -0.0224924 0.152403 -0.985296 0.0169956 -0.17001 -0.901204 -0.064441 -0.428578 -0.552234 0.0525494 -0.832031 -0.426853 -0.0199221 -0.904101 0.130965 0.0654518 -0.989224 0.255334 0.00347075 -0.966847 0.824745 0.00120799 -0.565504 0.787854 -0.0352551 -0.614852 0.999258 0.0136371 0.0360167 0 -1 0 0 -1 0 0 -1 0 0.235706 -0.488962 -0.839857 -0.631159 -0.571701 -0.52421 0 -1 0 0 -1 0 0 -1 0 0 -1 0 0 -1 0 0 -1 0 0 -1 0 0 -1 0 0 -1 0 0 -1 0 0 -1 0 0 -1 0 0 -1 0 0.95968 0.0767985 0.270399 0.750317 -0.0688501 0.657483 0.522368 0.0437518 0.851597 -0.120129 -0.12445 0.984927 -0.0541414 -0.0796662 0.99535 -0.599229 0.00164389 0.800576 -0.894456 -0.0934415 0.437284 -0.955861 0.000598442 0.293817 -0.919664 -0.0142903 -0.392447 -0.918493 -0.0160794 -0.39511 -0.474952 0.0128744 -0.879918 0.0479315 -0.0289351 -0.998431 0.552123 -0.0355337 -0.833005 0.669735 -0.0790132 -0.738384 0.906437 0.0340603 -0.420966 0.995835 -0.0319559 -0.0853945 0 -1 0 0 -1 0 0 -1 0 0 -1 0 0 -1 0 0 -1 0 0 -1 0 0 -1 0 0 -1 0 0 -1 0 0 -1 0 0 -1 0 0 -1 0 0 -1 0 0 -1 0 0 -1 0 0 -1 0 0.813692 -0.000723904 0.581295 0.595622 -0.0895265 0.79826 0.402751 -0.0165884 0.915159 -0.235294 -0.00374382 0.971917 -0.212292 0.0102563 0.977152 -0.821431 0.021945 0.569886 -0.782428 -0.018299 0.622472 -0.98288 0.00525715 -0.184172 -0.981539 0.000805035 -0.191259 -0.663941 0.00520367 -0.747767 -0.600771 -0.0366495 -0.79858 0.099036 0.0338807 -0.994507 0.129811 0.0148498 -0.991428 0.751381 -0.00200288 -0.659865 0.763149 0.0084484 -0.646167 0.995198 -0.0149731 0.0967275 0.997091 -0.0319305 0.0692177 0 -1 0 0 -1 0 0 -1 0 0 -1 0 0 -1 0 0 -1 0 0 -1 0 0 -1 0 0 -1 0 0 -1 0 0 -1 0 0 -1 0 0 -1 0 0 -1 0 0 -1 0 0 -1 0 0 -1 0 0 -1 0 0.93846 -0.00207904 0.345383 0.868518 -0.0508622 0.493041 0.540153 0.0404517 0.840594 0.28894 -0.0559454 0.955711 -0.0669961 0.0496149 0.996519 -0.538906 -0.106311 0.83563 -0.780224 0.0505313 0.623455 -0.990422 -0.0540658 0.127046 -0.990472 0.0532092 -0.127023 -0.810776 -0.0517059 -0.583069 -0.690178 0.0212729 -0.723327 -0.143133 -0.0391657 -0.988928 -0.157226 -0.046904 -0.986448 0.392411 -0.00111593 -0.919789 0.540774 -0.0640621 -0.838725 0.781586 0.0142629 -0.623634 0.988617 -0.0303291 -0.147365 0.989663 -0.027059 -0.140839 0.543815 -0.83644 -0.0680733 -0.314453 -0.929384 0.193301 0.607637 -0.759843 -0.23112 0.529134 -0.823252 -0.205604 0.648045 -0.666385 -0.368739 0.231322 -0.953772 -0.191859 0.372815 -0.840409 -0.393347 0.332129 -0.871682 -0.360362 0.0389633 -0.898333 -0.437584 -0.0389103 -0.741205 -0.670151 0.0343381 -0.954385 -0.296597 0.00965247 -0.803486 -0.595245 -0.401096 -0.709328 -0.579635 -0.479208 0.185802 -0.85781 -0.361766 -0.670644 -0.647582 -0.33099 -0.772412 -0.542057 -0.529803 -0.742319 -0.410209 -0.499596 -0.796166 -0.341354 -0.628665 -0.606508 -0.486754 -0.829095 0.376233 -0.413582 -0.81869 -0.562412 -0.115932 -0.443158 -0.894244 -0.0627542 -0.381679 -0.924286 0.00403651 -0.738374 -0.673807 0.028075 -0.455643 -0.875184 0.162614 -0.690807 -0.683109 0.236955 -0.47345 -0.865294 0.164657 0.834804 0.13712 -0.533199 0.791389 0.119374 -0.599544 0.71127 -0.0446333 -0.701501 0.431974 0.116915 -0.894276 0.18641 -0.0290114 -0.982044 -0.0618447 0.168471 -0.983765 -0.193181 0.0609136 -0.97927 -0.57782 0.376819 -0.723969 -0.870967 0.023438 -0.490781 -0.998425 0.0480442 -0.0289678 -0.857632 -0.057649 0.511023 -0.137432 0.105874 0.984837 0.279295 -0.100552 0.954926 0.450748 0.141677 0.881336 0.725439 -0.0788293 0.683758 0.898723 0.216577 0.381303 0.91403 -0.00429968 -0.405625 0 1 0 0 1 0 0.897654 0.381773 -0.220151 0 1 0 0 1 0 0.873291 0.479454 0.0865316 0.763946 0.644667 -0.0281341 0 1 0 0.598094 0.729904 0.330944 -0.468707 0.857841 -0.210768 0.393491 0.914169 -0.0972634 0 1 0 -0.29181 0.823094 -0.487199 0 1 0 0 1 0 0 1 0 0 1 0 -0.940387 0.315083 0.128041 -0.932951 0.220276 0.284748 -0.319507 0.907895 0.27137 -0.0957912 0.81041 0.577979 -0.42223 0.635826 0.646101 -0.364407 0.595874 0.715641 -0.858316 -0.0380039 -0.511712 -0.903341 -0.416694 0.10169 -0.932961 0.220209 0.284764 -0.815125 0.315706 0.485696 -0.770851 -0.0672592 0.633454 -0.531941 0.233393 0.813982 -0.193751 -0.0159511 0.980921 0.0017313 -0.840988 0.541051 0.238573 0.526995 0.815696 0.72687 -0.0478465 0.685107 0.403773 -0.880981 0.246656 0.955953 0.031148 0.291862 0.953785 0.29843 -0.0351254 0.965689 0.040012 -0.256601 0.759705 0.455702 -0.463879 -5.48462e-07 -1 9.08633e-07 -0.00374344 0.999313 0.0368825 -5.10233e-06 1 -7.55087e-06 -2.46218e-06 1 3.04201e-06 9.71345e-07 1 -8.23828e-08 0.00757112 0.999093 0.0418987 0.114439 -0.00478957 -0.993419 0.027067 0.00503985 -0.999621 -0.293314 -0.00402645 -0.956008 -0.447273 0.0162329 -0.89425 -0.572368 0.00200561 -0.819995 -0.902964 0.00546134 -0.429681 -0.867896 0.0194045 -0.496367 -0.998793 0.00102091 -0.0491068 -0.999922 0.00873786 0.0088828 -0.655895 0.00214616 -0.75485 -0.787754 -0.0129995 -0.615853 -0.88234 0.00463226 -0.470589 -0.984793 -0.0102087 -0.17343 -0.99697 0.00740411 -0.0774276 -0.944037 0.0139857 0.329542 -0.870514 -0.00518048 0.492116 -0.791514 0.00355676 0.611141 -0.597937 -0.0133181 0.801432 -0.996259 -0.00822516 -0.0860308 -0.998752 0.0116551 0.0485648 -0.927908 -0.00877958 0.372706 -0.869471 0.00467264 0.493962 -0.720307 -0.00624388 0.693627 -0.547036 0.0159567 0.836957 -0.374207 -0.00212315 0.927343 -0.0852183 0.0163367 0.996228 0.14044 -0.0163348 0.989954 -0.230082 0.00962135 0.973124 0.0816802 -0.00547834 0.996644 -0.056038 0.0120104 0.998356 0.327555 0.00353114 0.944825 0.447764 -0.00817842 0.894114 0.569982 0.00158691 0.821655 -0.0704765 0.00222952 0.997511 -0.122957 -0.00298344 0.992408 -0.0747689 0.00274981 0.997197 -0.794102 -0.0143161 0.607616 -0.68518 0.0037214 0.728364 -0.559142 -0.000183168 0.829072 -0.3702 0.0283412 0.92852 0.156901 0.0262327 0.987266 -0.127707 -0.00227445 0.991809 -0.0588319 0.00253846 0.998265 0.177058 -0.00220469 0.984198 0.208824 0.0014172 0.977952 0.5521 -0.00203184 0.833775 0.544564 -0.00338154 0.838712 0.826269 0.000238763 0.563276 0.873341 -0.0127363 0.486943 0.982346 0.00622661 0.186968 0.998775 -0.00815776 0.0488095 0.990576 0.00158141 -0.136952 0.842228 -0.0154286 0.5389 0.746362 0.00504226 0.665521 0.965219 0.00679922 0.261355 0.999268 -0.0149158 0.0352344 0.983859 0.0109686 -0.178608 0.910801 -0.0045258 -0.412822 0.766522 0.0145423 -0.642053 0.61636 -0.00494154 -0.787449 0.985876 -0.00508919 0.1674 0.998424 0.0078234 0.0555699 0.979023 0.00116502 -0.203748 0.958325 0.00824266 -0.285561 0.877125 -0.00659993 -0.480217 0.79616 0.00347698 -0.605076 0.626876 -0.00631479 -0.779094 0.551339 0.00373549 -0.834273 0.335281 -0.00100375 -0.942118 0.123544 0.0248026 -0.992029 -0.12379 0.00351967 -0.992302 -0.129626 0.00486935 -0.991551 -0.184335 -0.0054869 -0.982848 -0.56011 0.0101608 -0.828356 -0.621544 -0.00221558 -0.783376 -0.12329 0.00451089 -0.992361 0.395838 0.00104105 -0.91832 0.398537 0.00173828 -0.917151 -0.0744846 0.0205756 -0.99701 -0.156363 -0.00704814 -0.987675 -0.999534 0.00753442 0.0295952 0.391053 0.0184454 0.920183 0.000187139 1 0.00017792 0.999816 0.00859951 -0.0171218 7.66671e-05 1 6.84343e-06 0.769355 0.0059166 0.638794 -0.758264 0.00103257 -0.651947 0.46716 0.000836683 -0.884172 -0.680666 0.00347975 -0.732586 0.0770046 0.0446787 0.996029 -0.299837 0.0645542 0.951804 -0.141484 0.919596 0.366504 -0.473187 0.0969584 0.87561 -0.0852809 0.9922 0.0909162 0.486235 0.0783671 0.870307 0.420264 0.0921692 0.902709 0.0209077 0.999775 0.00351528 0.429836 0.0881676 0.898592 0.426359 0.13993 0.893665 0.342075 0.0546877 0.93808 0.273382 0.043796 0.960908 0.525305 -0.0750271 -0.8476 0.891089 0.074412 0.447687 0.892002 0.0746263 0.445828 0.711609 0.0696526 0.699114 0.226305 0.94951 0.217294 -0.0672245 0.300267 0.951483 -0.101397 0.426816 0.898636 -0.216491 0.0123244 0.976207 -0.00916539 0.998104 0.0608629 0.584856 0.810194 0.0390872 0.653677 -0.676916 0.338365 0.670418 -0.640515 0.374539 0.39118 -0.0600847 0.918351 0.126413 -0.969355 0.210643 -0.51099 -0.109326 -0.852606 0.356093 -0.606292 0.711061 0.851785 0.0116099 0.523762 0.69553 0.0153831 0.718332 0.389906 0.0385688 0.920046 0.297324 0.871218 0.390611 0.316334 0.0537003 0.947127 0.00193696 0.999224 0.039345 -0.247454 -0.0465265 -0.967782 0.0127564 0.15343 0.988077 -0.216403 0.105449 0.970593 -0.0151749 0.992071 0.124763 0.017619 0.997819 0.0636171 0.961439 0.0250558 0.273874 0.935854 0.0257972 0.351442 0.896266 0.0179124 0.443154 0.918087 0.0367608 0.39467 0.762668 0.537216 0.360189 0.944602 0.127415 -0.302476 0.954502 0.11827 -0.27375 0.994698 0.0518887 0.0887884 0.43522 0.899011 0.0486048 -0.544921 0.0698146 0.835576 -0.853574 0.0606642 0.517427 -0.958278 0.0860888 0.272564 0.0292561 0.996758 -0.074949 0.951014 -0.120688 -0.284617 0.925677 0.376687 0.0350584 0.773761 0.35893 0.52198 -0.382719 -0.434751 0.81518 -0.704419 -0.228755 0.671911 -0.869058 -0.32891 0.369536 -0.865599 -0.373413 0.333619 0.994446 0.0384571 -0.0979737 0.928347 0.0799164 0.363021 0.261593 0.964485 0.0365673 0.769409 0.490996 0.408573 0.00317596 0.999687 0.0248105 0.669834 -0.178964 -0.720621 -0.602339 0.145351 0.784896 -0.445808 0.212216 0.869609 -0.838758 0.0725612 0.539648 -0.222296 0.949791 0.220187 0.81218 0.0572313 -0.580592 0.889461 0.0306329 -0.455984 0.935782 0.036146 -0.350722 0.601903 0.773859 -0.197117 0.958902 0.0631619 -0.276618 -0.904862 0.0556413 0.422054 -0.945085 0.0682311 0.319623 -0.939708 0.0615111 0.3364 0.427632 0.115614 -0.896529 0.544675 0.156917 -0.823836 0.319882 0.806958 -0.496482 -0.0162025 0.976314 -0.215753 -0.984294 0.0443926 0.170866 -0.970855 0.0394207 -0.236404 -0.881214 0.0598303 -0.468916 0.099778 0.979359 0.175786 0.498148 -0.566636 -0.656332 0.48739 -0.619658 -0.615203 0.865082 -0.18979 -0.464341 -0.942976 0.122653 0.309439 -0.862345 0.352842 0.363131 -0.148808 0.95778 -0.245995 -0.815455 -0.520122 -0.253982 -0.753959 0.299588 -0.584631 0.5484 0.0243404 -0.835862 0.87531 0.107052 -0.471564 0.39613 0.809244 -0.433827 0.869901 0.103657 -0.482212 -0.967611 0.0699353 -0.242564 -0.960399 0.116939 0.252902 -0.986203 0.128695 -0.104119 0.0129987 0.995428 0.0946262 0.26056 0.0152507 -0.965337 0.333556 0.0151119 -0.942609 0.403359 0.0321287 -0.914478 0.42198 0.026641 -0.906214 0.322567 0.612909 -0.721313 -0.927288 0.0409783 -0.372098 -0.873879 0.0509329 -0.483467 0.161333 0.0256307 -0.986567 -0.183076 0.0717364 -0.980478 0.348895 -0.0817228 0.933592 -0.0947478 0.232827 -0.967892 -0.619515 0.154115 0.769708 -0.0442124 0.999011 -0.00479419 -0.55557 0.190406 -0.809375 -0.607997 0.163951 -0.776827 -0.00496138 0.999128 0.0414649 -0.176891 0.982076 -0.0650821 -0.380076 -0.17414 -0.908415 -0.0774836 -0.969991 -0.230463 -0.00690041 0.99451 0.104416 -0.970958 0.232711 -0.0555578 -0.827822 0.339608 -0.446516 -0.581222 -0.273054 -0.766565 -0.0120408 0.999888 -0.0088515 -0.557285 -0.0735841 -0.827054 -0.262056 0.425397 -0.866235 -0.64289 0.16649 -0.747645 -0.0894946 0.0183806 -0.995818 -0.144393 0.56917 -0.809442 -0.252088 0.0481667 -0.966505 0.0169006 0.954907 -0.296424 0.993331 0.00577627 -0.11515 -0.969439 0.0971393 -0.225282 -0.860996 0.0543557 -0.505699 -0.501227 0.0370805 -0.864521 -0.196956 0.957664 -0.209971 -0.0788339 -0.0206439 -0.996674 -0.110879 0.0757558 -0.990942 0.104832 0.118029 -0.987461 -0.394811 -0.0126351 0.918675 0.110329 0.768661 -0.63007 0.564205 0.825598 0.00781973 0.672765 0.735037 0.0843087 0.576919 0.807695 0.121626 0.514633 0.848516 0.123181 0.622261 0.76032 0.186293 0.673005 0.690867 0.264135 0.525247 0.807887 0.267271 0.49651 0.832969 0.244213 0.59598 0.709727 0.375627 0.499163 0.781399 0.374503 0.532395 0.737783 0.415008 0.506585 0.706559 0.494111 0.327712 0.856444 0.398885 0.313717 0.872812 0.373873 0.347193 0.798687 0.491484 0.300334 0.788145 0.53724 0.155151 0.909956 0.384589 0.153243 0.913618 0.376588 0.154343 0.800412 0.57924 0.0807525 0.811165 0.579215 0.0529965 0.858354 0.510313 0.0162051 0.699037 0.714902 -0.0675102 0.735035 0.67466 -0.0675088 0.735038 0.674656 -0.127711 0.711808 0.690665 -0.1515 0.796038 0.585979 -0.181477 0.749772 0.636324 -0.24591 0.71631 0.653014 -0.236485 0.809351 0.537611 -0.30636 0.730769 0.610016 -0.356232 0.711805 0.605337 -0.341492 0.801859 0.490311 -0.378876 0.76346 0.52305 -0.498743 0.668949 0.551147 -0.446554 0.769798 0.456072 -0.616119 0.615617 0.491338 -0.472974 0.82014 0.321971 -0.58428 0.73409 0.346018 -0.543745 0.80693 0.230662 -0.377461 0.917548 0.125017 -0.454908 0.880484 0.133445 -0.582772 0.804772 0.112776 -0.598383 0.799552 0.0515194 -0.500947 0.865318 0.0166551 -0.66392 0.747621 -0.0165571 -0.72335 0.683376 -0.098804 -0.662348 0.74119 -0.10924 -0.696854 0.696459 -0.171285 -0.583127 0.787353 -0.200093 -0.566725 0.801603 -0.190409 -0.646879 0.696867 -0.309715 -0.516138 0.806974 -0.287043 -0.601708 0.702936 -0.379247 -0.522189 0.738121 -0.427195 -0.466929 0.807774 -0.359831 -0.533289 0.675857 -0.508744 -0.435911 0.76022 -0.481713 -0.444956 0.742574 -0.500599 -0.411791 0.716693 -0.562832 -0.365807 0.760467 -0.53654 -0.37699 0.690861 -0.616919 -0.229883 0.829806 -0.508503 -0.291518 0.760316 -0.580463 -0.247379 0.712226 -0.656915 -0.108288 0.832134 -0.543899 -0.160562 0.729241 -0.665153 -0.0586008 0.740172 -0.669859 0.0107461 0.877585 -0.4793 0.0373917 0.799845 -0.599041 0.128226 0.728845 -0.672565 0.1484 0.846606 -0.511113 0.149432 0.838315 -0.524308 0.271549 0.696032 -0.664681 0.301964 0.794327 -0.527126 0.233147 0.86738 -0.439654 0.373887 0.747982 -0.54839 0.40055 0.782106 -0.477357 0.38919 0.801397 -0.454196 0.51756 0.690864 -0.504815 0.497427 0.771497 -0.396684 0.41632 0.858253 -0.300133 0.518032 0.78721 -0.33458 0.572199 0.765855 -0.29335 0.454318 0.872812 -0.178307 0.370259 0.92022 -0.126897 0.556459 0.818471 -0.143037 0.670148 0.738377 -0.0755037 0.478838 0.877855 -0.00922434 0.824151 0.140189 0.548746 0.648987 -0.223429 0.727252 0.458353 0.10596 0.882431 -0.188353 -0.0113478 0.982036 -0.603523 0.250375 0.757016 -0.830314 -0.178595 0.527903 -0.893237 -0.0410422 0.447709 -0.981181 0.116668 0.153858 -0.976398 -0.0649514 -0.205979 -0.976428 -0.0652741 -0.205736 -0.766877 0.0752912 -0.637362 -0.712827 -0.0563869 -0.699069 -0.358756 0.299138 -0.8842 0.188829 0.15279 -0.970051 0.592063 -0.129659 -0.795393 0.782627 0.0417038 -0.621093 0.968262 -0.177398 0.176067 0.0519618 -0.998641 0.00398985 0.0654376 -0.996177 0.0578682 -0.0413268 -0.350144 0.935784 -0.331774 -0.926705 -0.176479 -0.100934 -0.0981058 -0.990044 0.568639 -0.175447 -0.803659 0.0454027 -0.998106 -0.0415049 0.946688 -0.162652 -0.278077 0.819363 -0.573116 -0.013503 0.0268685 -0.999283 0.0266913 -0.362057 0.0183226 0.931976 0.0490837 0.0886648 0.994851 0.496602 -0.0700329 0.865148 0.648246 0.0390658 0.760428 -0.619032 0.00621854 -0.785341 -0.71335 -0.0607096 -0.698174 -0.954165 0.0699282 -0.290997 -0.998583 -0.0236237 -0.0476748 -0.012362 -0.999897 -0.00733607 -0.427067 0.847382 -0.315527 6.82863e-05 -1 -1.07833e-06 1.94802e-05 -1 -6.0108e-06 9.54214e-06 -1 -5.9072e-06 0.345872 -0.936559 -0.0568318 -0.563473 0.656824 0.501079 -0.909759 0.404109 0.0950486 0.0529146 0.923856 0.379064 -0.773228 0.632565 -0.0445046 -0.659224 0.406175 -0.632807 0.44912 -0.866871 0.216392 0.280208 -0.734044 -0.618598 0.286324 -0.747177 -0.599788 0.223869 -0.711547 -0.66602 -0.0257224 -0.816067 -0.577385 0.287928 -0.717445 0.634326 0.310056 -0.749679 0.584677 0.0658263 -0.730771 0.679441 0.396514 -0.761963 0.512044 0.417553 -0.712005 0.564534 0.467647 -0.717602 0.516094 0.491202 -0.705307 0.511139 0.604252 -0.705238 0.370835 0.453514 -0.702316 0.548705 0.58971 -0.714595 0.376294 0.487962 -0.711966 0.504973 0.556542 -0.67524 0.484058 0.580255 -0.736367 0.347949 0.669857 -0.719469 0.183457 0.682509 -0.711034 0.16915 0.707378 -0.706811 0.00587836 0.702323 -0.711845 -0.0043153 0.680502 -0.712728 0.170106 0.684753 -0.711171 -0.159213 0.702967 -0.700462 -0.12325 0.727979 -0.685573 0.00604955 0.716948 -0.696915 0.0171428 0.625799 -0.719572 -0.300984 0.650815 -0.706111 -0.279011 0.696501 -0.705924 -0.128677 0.593928 -0.699321 -0.397744 0.646897 -0.715142 -0.264756 0.606692 -0.704916 -0.367448 0.528161 -0.723516 -0.44449 0.502737 -0.698965 -0.508629 0.580631 -0.715312 -0.388839 0.421107 -0.714495 -0.558718 0.562405 -0.677584 -0.473899 0.364324 -0.707582 -0.605471 0.417136 -0.711702 -0.565224 0.495084 -0.714321 -0.494609 0.451778 -0.702997 -0.549265 0.416629 -0.712809 -0.564203 0.126782 -0.722967 -0.67915 0.132653 -0.719956 -0.681224 0.128633 -0.71803 -0.684022 0.0150454 -0.689438 -0.724189 -0.0535549 -0.715488 -0.69657 0.0757124 -0.685648 -0.723985 -0.0170283 -0.720205 -0.693552 -0.218776 -0.711544 -0.667715 -0.212669 -0.70695 -0.674532 -0.400739 -0.72419 -0.56121 -0.341329 -0.702223 -0.624801 -0.240997 -0.683484 -0.689035 -0.484843 -0.703607 -0.519485 -0.344326 -0.707449 -0.617216 -0.548204 -0.734386 -0.400188 -0.63425 -0.699537 -0.329205 -0.65456 -0.727661 -0.205086 -0.679557 -0.711118 -0.180315 -0.645167 -0.690595 -0.326861 -0.684345 -0.729095 0.00958727 -0.705373 -0.707902 -0.0363923 -0.682428 -0.706666 -0.186858 -0.701213 -0.707895 0.0847595 -0.690707 -0.721231 -0.0524342 -0.722321 -0.689145 0.0577209 -0.676265 -0.707343 0.205748 -0.667997 -0.713419 0.211691 -0.59312 -0.696579 0.403715 -0.5915 -0.715944 0.37088 -0.671338 -0.708254 0.21836 -0.609075 -0.703296 0.366608 -0.48808 -0.710214 0.507321 -0.48275 -0.71187 0.510092 -0.396355 -0.704473 0.588744 -0.324438 -0.722443 0.610586 -0.294769 -0.702476 0.647795 -0.373028 -0.675838 0.635684 -0.177159 -0.717687 0.673454 -0.268291 -0.722394 0.637312 -0.0128025 -0.718752 0.695149 -0.092568 -0.696303 0.711753 0.05325 -0.698608 0.713521 -0.10441 -0.710556 0.695851 0.142501 -0.726679 0.672035 0.0194621 -0.691402 0.722208 0.187803 -0.705499 0.683375 0.0576916 -0.807533 0.586994 0.148079 -0.717469 0.68067 0.048274 -0.713155 0.699342 0.131217 -0.705397 0.696561 0.387854 -0.702397 0.596831 0.919717 0.250693 0.302115 0.539615 -0.10738 0.835036 -0.468561 0.34661 0.812596 -0.696939 0.132146 0.70485 -0.922006 -0.0218893 -0.386557 -0.853968 0.103179 -0.509993 0.179898 -0.0832002 -0.98016 0.404884 0.111365 -0.907561 0.987975 -0.0546982 -0.144614 0.901486 0.403696 0.156057 0.211918 -0.226776 0.950612 -0.260149 0.0750963 0.962644 -0.911005 -0.229748 0.34247 -0.972622 0.163887 -0.164764 -0.326266 -0.119809 -0.937655 0.0143067 0.14011 -0.990033 0.864686 -0.153594 -0.478255 0.540804 0.301484 0.785263 0.708387 0.0941575 0.699516 -0.682917 -0.0349458 0.729659 -0.851751 0.181254 0.491597 -0.929133 -0.155935 -0.335255 -0.758771 0.0774025 -0.646742 0.0429262 -0.0808075 -0.995805 0.589825 0.306515 -0.747098 0.926349 0.0171404 -0.376277 0.288789 0.143559 0.946568 0.185191 0.0202506 0.982494 -0.926059 0.0177407 0.376962 -0.940095 0.323762 -0.106764 -0.545764 -0.154959 -0.823486 0.492297 0.463159 -0.736972 0.936738 -0.117057 -0.329879 0.676344 -0.193139 0.710813 0.0212439 0.301636 0.953187 -0.706561 -0.174029 0.685919 -0.977421 0.208426 -0.0347317 -0.9162 -0.00897851 -0.400621 -0.394389 0.0373337 -0.918185 -0.216238 0.143438 -0.965747 0.710373 -0.132977 -0.69115 0.920827 0.28099 -0.270412 0.410394 -0.194264 0.890976 0.127281 0.103764 0.986424 -0.869872 -0.149917 0.469944 -0.981807 0.162725 0.0978518 -0.540584 -0.109015 -0.834197 -0.154053 0.195735 -0.968481 0.739847 -0.231685 -0.631623 0.968975 0.177839 -0.171644 -0.526169 -0.849665 -0.0348734 0.392965 -0.916693 0.0724693 0.335338 -0.924016 -0.183689 0 -1 0 0 -1 0 -3.5696e-07 -1 8.8289e-08 0 -1 0 3.06743e-08 -1 1.13735e-07 -4.86012e-08 -1 1.17748e-07 0 -1 0 0 -1 0 0 -1 0 0 -1 0 0 -1 0 8.19029e-09 -1 1.08887e-07 -2.24655e-07 -1 2.795e-07 0 -1 0 0 -1 0 0 -1 0 1.22547e-06 -1 -1.11899e-06 0 -1 0 1.42299e-07 -1 1.4881e-07 0 -1 0 0 -1 0 0 -1 0 -2.00839e-07 -1 2.32605e-07 0 -1 0 0 -1 0 1.72003e-08 -1 9.1529e-08 0 -1 0 0 -1 0 0 -1 0 0 -1 0 0 -1 0 0 -1 0 0 -1 0 -1.6609e-05 -1 1.05061e-05 1.12804e-05 -1 4.60094e-06 -7.04887e-07 -1 -1.22919e-05 0 -1 0 -0.037849 -0.9942 0.10067 0 -1 0 0 -1 0 0 -1 0 0 -1 0 0 -1 0 0 -1 0 0 -1 0 0 -1 0 0 -1 0 7.52433e-09 -1 9.894e-08 0 -1 0 0 -1 0 0 -1 0 0 -1 0 -5.71102e-07 -1 9.35276e-07 0 -1 0 -3.53078e-08 -1 3.00395e-07 2.06038e-06 -1 -2.38072e-06 0 -1 0 0 -1 0 0 -1 0 0 -1 0 3.76748e-05 -1 3.62172e-06 -6.34627e-06 -1 3.27511e-05 0 -1 0 5.02151e-08 -1 8.68952e-07 -6.53919e-05 -1 -3.76241e-06 0 -1 0 3.8332e-07 -1 2.4368e-07 2.35832e-07 -1 -1.03643e-07 0 -1 0 0 -1 0 0 -1 0 0 -1 0 2.29738e-06 -1 2.22936e-06 0 -1 0 0 -1 0 5.07919e-08 -1 -2.85007e-07 -1.36366e-06 -1 -4.98286e-07 0 -1 0 0 -1 0 0 -1 0 0 -1 0 0 -1 0 0 -1 0 0 -1 0 0 -1 0 -1.65871e-06 -1 2.31143e-06 -4.76908e-06 -1 -5.21578e-07 0 -1 0 0 -1 0 0 -1 0 -2.78841e-06 -1 2.31559e-06 6.35136e-06 -1 4.46567e-05 0 -1 0 0 -1 0 0 -1 0 0 -1 0 -1.01373e-06 -1 4.08507e-05 0.332793 -0.92376 -0.189515 0 -1 0 0 -1 0 0 -1 0 0 -1 0 0 -1 0 0 -1 0 0 -1 0 0 -1 0 0 -1 0 -2.52444e-05 -1 1.27169e-05 0 -1 0 0 -1 0 -1.76314e-05 -1 -2.72019e-05 0 -1 0 0 -1 0 0 -1 0 0 -1 0 8.34262e-08 -1 5.89602e-06 0 -1 0 -2.06283e-06 -1 4.08753e-06 0 -1 0 0 -1 0 0 -1 0 0 -1 0 0.00586088 -0.999952 -0.00782465 -3.06199e-06 -1 -4.43404e-06 -4.05349e-06 -1 3.12641e-07 -0.00583304 -0.999983 -0.000586128 -0.00288735 -0.999989 -0.00369056 -2.35623e-06 -1 -5.68769e-06 0 1 0 0 -1 0 0 -1 0 0 -1 0 0 -1 0 0 -1 0 0 -1 0 0 -1 0 -5.43743e-07 -1 1.7515e-05 0 -1 0 -7.07871e-06 -1 5.70602e-06 4.64416e-05 -1 -1.79568e-05 0 -1 0 0 -1 0 -3.16068e-05 -1 -5.57636e-06 4.05484e-06 -1 -1.21967e-05 -8.45113e-06 -1 -1.99182e-06 0 -1 0 -1.6478e-06 -1 -3.4452e-05 0 -1 0 0 -1 0 0 -1 0 0 -1 0 0 -1 0 0 -1 0 0 -1 0 0 -1 0 -5.56638e-05 -1 4.13416e-05 0 -1 0 -2.79373e-06 -1 -8.80948e-05 -9.6434e-06 -1 -7.53543e-06 -1.13135e-05 -1 -8.55986e-05 1.76624e-05 -1 -5.92141e-06 -1.19248e-05 -1 -7.80579e-07 -6.43995e-05 -1 -3.9682e-05 -5.7788e-06 -1 -1.02808e-05 0 -1 0 0 -1 0 0 -1 0 0 -1 0 0 -1 0 0 -1 0 0 -1 0 0 -1 0 0 -1 0 0 -1 0 0 -1 0 0 -1 0 0 -1 0 0 -1 0 -0.452726 0.0427602 0.890624 0.733572 -0.358592 -0.577307 0 -1 0 0 -1 0 0 -1 0 0 -1 0 0 -1 0 0 -1 0 0 -1 0 0 -1 0 0 -1 0 0 -1 0 0 -1 0 0 -1 0 0 -1 0 0 -1 0 0 -1 0 0 -1 0 0 -1 0 0 1 0 0 1 0 0 1 0 0 1 0 0 1 0 0 1 0 0 1 0 0 1 0 0 1 0 0 1 0 2.43288e-05 1 2.20362e-06 0 1 0 0 1 0 0 1 0 0 1 0 0 1 0 0 1 0 0 1 0 0 1 0 0 1 0 0 1 0 0 1 0 0 1 0 -2.38247e-05 1 -9.85247e-06 2.69649e-05 1 -7.08809e-06 0 1 0 0 1 0 0 1 0 0 1 0 0 1 0 0 1 0 0 1 0 -3.20776e-06 1 3.14626e-06 1.01413e-06 1 2.44125e-05 -0.280457 0.66285 -0.694243 0 1 0 0.539027 0.817551 -0.202634 0 1 0 8.48885e-06 1 3.26746e-05 0 1 0 0.548383 0.816359 0.1812 0 1 0 0 1 0 0 1 0 0 1 0 0 1 0 0 1 0 0 1 0 0 1 0 0 1 0 0 1 0 0 1 0 0 1 0 0 1 0 -1.82769e-07 1 -2.48438e-07 0 1 0 0 1 0 0 1 0 0 1 0 -2.0054e-07 1 -2.2578e-07 0 1 0 0 1 0 0 1 0 0 1 0 0 1 0 -1.59628e-07 1 1.59859e-06 0 1 0 1.45736e-05 1 -8.32296e-05 -6.1046e-08 1 -2.69797e-07 1.02875e-07 1 -5.55774e-08 -0.000235319 1 -0.000742435 -3.80621e-05 1 -2.28662e-05 -2.4049e-05 1 9.80761e-06 0 1 0 8.99956e-06 1 4.87162e-05 -3.60384e-07 1 1.79105e-06 0 1 0 0 1 0 0 1 0 0 1 0 0 1 0 0.000405499 1 -0.000582327 0.000304728 1 0.000352011 0 1 0 0 1 0 0 1 0 0 1 0 0 1 0 0 1 0 0 1 0 0 1 0 0 1 0 0 1 0 0 1 0 0 1 0 0 1 0 0 1 0 0 1 0 0 1 0 0 1 0 0 1 0 0 1 0 0 1 0 0 1 0 -1.03015e-07 1 -2.12691e-07 0 1 0 0 1 0 0 1 0 0 1 0 0 1 0 0 1 0 0 1 0 0 1 0 0 1 0 0 1 0 0 1 0 0 1 0 1.35244e-07 1 -1.74178e-07 1.46935e-07 1 6.42494e-08 2.74807e-08 1 5.33218e-07 0 1 0 0 1 0 0 1 0 0 1 0 0 1 0 0 1 0 0 1 0 0 1 0 0 1 0 0 1 0 1.28251e-05 1 -1.29707e-05 -1.637e-06 1 -9.67977e-06 -5.618e-06 1 -5.51277e-06 3.32963e-05 1 -1.43193e-05 -9.90257e-06 1 1.53646e-06 0 1 0 -8.24302e-06 1 1.5613e-05 0 1 0 0 1 0 0 1 0 0 1 0 -7.15935e-06 1 1.81875e-05 0 1 0 0 1 0 0 1 0 0 1 0 0 1 0 0 1 0 0 1 0 0 1 0 0 1 0 0 1 0 0 1 0 0 1 0 -5.00594e-06 1 1.96856e-05 0 1 0 0 1 0 0 1 0 -1.17029e-05 1 8.76244e-06 0 1 0 0 1 0 4.85488e-05 1 -1.18955e-06 -1.2374e-05 1 7.96884e-06 -4.69576e-07 1 -3.44517e-05 0 1 0 0 1 0 0 1 0 0 1 0 0 1 0 1.07786e-06 1 1.97954e-07 0 1 0 -3.6009e-07 1 2.01681e-05 0 1 0 0 1 0 1.12934e-06 1 3.76899e-07 1.91401e-05 1 -6.81691e-06 2.39809e-05 1 -5.30864e-06 -1.99604e-06 1 1.35887e-05 0 1 0 0 1 0 0 1 0 0 1 0 0 1 0 0 1 0 -1.48955e-07 1 1.37115e-07 1.54604e-07 1 -2.86945e-07 1.77008e-07 1 -7.2053e-08 1.36729e-06 1 -5.27348e-07 -9.13568e-07 1 2.95611e-07 0 1 0 1.17124e-07 1 1.85598e-07 5.54192e-07 1 6.59074e-07 0 1 0 0 1 0 0 1 0 0 1 0 0 1 0 0 1 0 0 1 0 0 1 0 0 1 0 0 1 0 0 1 0 0 1 0 0 1 0 0 1 0 0 1 0 0 1 0 0 1 0 0 1 0 0 1 0 0 1 0 0 1 0 0 1 0 0 1 0 0 1 0 0 1 0 0 1 0 0 1 0 0 1 0 -0.511521 -0.00701796 0.859242 -0.422317 0.0115798 0.906374 -0.302408 -0.0154712 0.953053 -0.176345 0.014137 0.984227 -0.0538559 -0.00534747 0.998534 0.194601 0.00579156 0.980865 0.159149 0.0189985 0.987072 0.405511 0.00387031 0.914082 0.42271 0.0104837 0.906204 0.613841 -0.00526149 0.789412 0.652459 0.00526103 0.757805 0.783145 -0.00800511 0.621788 0.822714 0.0118232 0.568332 0.929736 -0.0130992 0.367994 0.950596 0.00860679 0.310313 0.987587 -0.00242797 0.157056 -0.614451 0 0.788955 -0.609443 0.00547831 0.792811 -0.614452 1.86799e-06 0.788954 0.999987 0 -0.0050949 0.999987 0 -0.0050949 0.996097 0.00619955 -0.0880513 0.99508 0 -0.0990736 0.985374 0.00103474 -0.170403 0.971882 0 -0.235468 0.980232 0.00965703 -0.197616 0.954102 0 -0.299483 0.954102 0 -0.299483 0.92596 0 -0.377622 0.932073 0.00827338 -0.362176 0.898837 -0.00206995 -0.438277 0.878513 0.00896333 -0.477634 0.859369 -0.00310368 -0.511347 0.804216 0 -0.594337 0.81742 0.0112816 -0.575931 0.741074 0 -0.671424 0.741074 0 -0.671424 0.653597 0 -0.756842 0.653597 0 -0.756842 0.561769 0 -0.827294 0.561769 0 -0.827294 0.466884 0 -0.884318 0.466884 0 -0.884318 0.355473 -0.00648803 -0.934664 0.366284 0 -0.930503 0.23435 0 -0.972152 0.246444 0.00775432 -0.969126 0.109454 0 -0.993992 0.109454 0 -0.993992 -0.0126652 0 -0.99992 -0.0126652 0 -0.99992 -0.112115 0 -0.993695 -0.112115 0 -0.993695 -0.210452 0 -0.977604 -0.210452 0 -0.977604 -0.306701 0 -0.951806 -0.306701 0 -0.951806 -0.399903 0 -0.916557 -0.399903 0 -0.916557 -0.489134 0 -0.872209 -0.489134 0 -0.872209 -0.582543 0 -0.8128 -0.591906 0.00648753 -0.805981 -0.672543 -0.00648779 -0.74003 -0.698067 0.0131801 -0.715911 -0.746899 0 -0.664938 -0.799489 -0.00413948 -0.600667 -0.77159 0.00709466 -0.636081 -0.846564 -0.00620766 -0.53225 -0.819011 -1.01383e-07 -0.573778 -0.866542 0.00827625 -0.499035 -0.887828 -2.21753e-07 -0.460175 -0.922936 0.00516932 -0.38492 -0.916356 0.012406 -0.400172 -0.946474 0.00103479 -0.322778 -0.965592 0.0217058 -0.259153 -0.969918 0.0124074 -0.243116 -0.986817 -0.00310364 -0.161808 -0.992313 0.00896402 -0.123429 -0.996844 -0.00206988 -0.0793636 -0.999896 0.00620725 -0.012992 -0.999993 0 0.00361947 -0.996244 0 0.086586 -0.993964 0.0112814 0.109124 -0.985624 2.4474e-07 0.168953 -0.974708 0.0103424 0.223242 -0.968208 0 0.250148 -0.944111 0 0.329628 -0.944111 0 0.329628 -0.906619 0 0.421951 -0.906619 0 0.421951 -0.86848 0 0.495725 -0.86848 0 0.495725 -0.824353 0 0.566076 -0.811586 -0.00827585 0.584175 -0.774535 0.00310394 0.632523 -0.749407 -0.00896371 0.662049 -0.707729 0.00620758 0.706457 -0.683878 -0.00206988 0.729593 -0.633919 0 0.773399 -0.646674 0.00413954 0.762755 0.999336 1.15396e-06 0.0364339 0.997573 0.0140554 0.0681934 0.999336 0 0.036433 0.999336 4.91321e-07 0.0364329 -0.993368 -0.0172409 0.113683 -0.943868 -0.000730992 0.330323 -0.956287 0.0294663 0.290943 -0.809921 -0.0228377 0.586095 -0.826671 0.000767806 0.562685 -0.687369 0.00354227 0.7263 -0.623503 -0.0468119 0.780418 -0.468995 0.0313998 0.882642 -0.400643 -0.00644543 0.916212 -0.170839 -0.0374607 0.984587 -0.254387 0.0117872 0.967031 -0.0184115 0.0155438 0.99971 0.0623319 -0.0158724 0.997929 0.29184 -0.0109688 0.956404 0.207304 0.0351984 0.977643 0.472911 0.0133844 0.881009 0.468434 0.0171721 0.883332 0.637491 -0.00165459 0.770456 0.671312 0.0216426 0.740859 0.79847 -0.0277509 0.601394 0.851773 0.0349981 0.522741 0.916566 -0.00574557 0.399842 0.962864 0.0579057 0.263704 0.986853 -0.00864402 0.161386 0.999943 0.00876258 -0.00614401 0.998732 -0.0173796 -0.0472521 0.973982 0.00855374 -0.226462 0.971088 0.0025954 -0.238706 0.892113 0.00685025 -0.45176 0.901136 -0.0104711 -0.433411 0.765104 -0.00355117 -0.643897 0.757047 -0.0140575 -0.653209 0.601877 0.00665425 -0.798561 0.534927 -0.0337275 -0.844225 0.412536 0.0196561 -0.910729 0.291483 -0.0316569 -0.956052 0.191079 0.0247675 -0.981262 -0.0325889 -0.0463957 -0.998391 -0.0766541 -0.00945832 -0.997013 -0.331429 -0.0217885 -0.943229 -0.311359 -0.00477119 -0.95028 -0.580993 0.0207544 -0.813644 -0.609756 -0.010764 -0.792516 -0.807425 0.0254772 -0.589419 -0.813948 0.0140441 -0.580769 -0.935988 0.00164848 -0.352029 -0.953528 0.0390752 -0.298759 -0.990636 -0.0156447 -0.135632 -0.998983 0.0428514 0.0139952 0 -1 0 0 -1 0 0 -1 0 0 -1 0 0 -1 0 0 -1 0 0 -1 0 0 -1 0 0 -1 0 0 -1 0 0 -1 0 0 -1 0 0 -1 0 0 -1 0 0 -1 0 0 -1 0 0 -1 0 0 -1 0 0 -1 0 0 -1 0 0 -1 0 0 -1 0 0 -1 0 0 -1 0 0 -1 0 0 -1 0 0 -1 0 0 -1 0 0 -1 0 0 -1 0 0 -1 0 0 -1 0 0 -1 0 0 -1 0 0 -1 0 0 -1 0 0 -1 0 0 -1 0 0 -1 0 0 -1 0 0 -1 0 0 -1 0 0 -1 0 0 -1 0 0 -1 0 0 -1 0 -0.9847 0.0317254 0.171344 -0.972694 -0.0119593 0.231783 -0.862012 -0.0104371 0.50678 -0.888221 0.0520947 0.456453 -0.654342 -0.059632 0.753844 -0.714006 0.00654753 0.700109 -0.555529 0 0.831497 -0.504825 -0.0531021 0.861587 -0.237987 0.0253165 0.970938 -0.217563 0 0.976046 0.0125125 0.013921 0.999825 0.220635 -0.010739 0.975297 0.0705656 0.0598057 0.995713 0.427596 0.0199268 0.90375 0.429711 0.017479 0.902797 0.625667 0.00941057 0.780034 0.639564 0.0239407 0.768365 0.801501 -0.0199838 0.59766 0.850825 0.0408933 0.523856 0.928268 -0.0392888 0.36983 0.964933 0.0528839 0.257113 0.997922 -0.039501 0.0508977 0.999281 0.0174755 -0.0336335 0.964265 -0.0415436 -0.261664 0.946975 0.019832 -0.320693 0.819508 -0.0227686 -0.572616 0.808914 -0.000795377 -0.587927 0.616114 -0.0170204 -0.787473 0.599676 -0.0347392 -0.799488 0.399721 0.0246941 -0.916304 0.355379 -0.00598605 -0.934703 0.113617 0.0373483 -0.992822 0.0968631 0.059194 -0.993536 -0.173043 -0.00654152 -0.984892 -0.254481 0.0526678 -0.965643 -0.399488 -0.0221781 -0.91647 -0.547003 0.0404138 -0.836154 -0.61831 -0.0226554 -0.785608 -0.769137 0.0362706 -0.638054 -0.803 -0.0102166 -0.595891 -0.924899 0.0149605 -0.379919 -0.921436 0.023187 -0.387838 -0.983673 0.000449489 -0.179962 -0.991066 0.0340703 -0.128944 -0.999387 -0.0179726 0.0300589 0 -1 0 0 -1 0 0 -1 0 0 -1 0 0 -1 0 0 -1 0 0 -1 0 0 -1 0 0 -1 0 0 -1 0 0 -1 0 0 -1 0 0 -1 0 0 -1 0 0 -1 0 0 -1 0 0 -1 0 0 -1 0 0 -1 0 0 -1 0 0 -1 0 0 -1 0 0 -1 0 0 -1 0 -0.0765019 -0.99522 0.0606989 0 -1 0 -0.0670915 -0.994471 0.0807784 -0.0331114 -0.996392 0.0781495 0 -1 0 0 -1 0 0 -1 0 0 -1 0 0 -1 0 0 -1 0 0 -1 0 0 -1 0 0 -1 0 0 -1 0 0 -1 0 0 -1 0 0 -1 0 0 -1 0 0 -1 0 0 -1 0 0 -1 0 0 -1 0 0 -1 0 0 -1 0 0 -1 0 0 -1 0 0 -1 0 0 -1 0 0 -1 0 0 -1 0 0 -1 0 0 -1 0 0 -1 0 0 -1 0 0 -1 0 0 -1 0 0 -1 0 0 -1 0 0 -1 0 0 -1 0 0 -1 0 0 -1 0 0 -1 0 0 1 0 0 1 0 0 1 0 0 1 0 0 1 0 0 1 0 0 1 0 0 1 0 0 1 0 0 1 0 0 1 0 0 1 0 0 1 0 0 1 0 0 1 0 0 1 0 0 1 0 0 1 0 0 1 0 0.0175196 0.998779 -0.0461882 -0.0014132 0.998657 -0.0517819 0 1 0 0 1 0 -0.024186 0.998719 -0.0444451 0 1 0 0 1 0 0 1 0 -0.66586 -0.686287 0.292643 -0.71248 -0.655847 0.249474 -0.724947 -0.688443 -0.0223039 -0.69756 -0.714594 -0.0525883 -0.657219 -0.75363 0.0102454 -0.712808 -0.664915 -0.223144 -0.549438 -0.803757 -0.228236 -0.558882 -0.741161 -0.37193 -0.518187 -0.665123 -0.537675 -0.437873 -0.603039 -0.666792 -0.279533 -0.722751 -0.632055 -0.139666 -0.682728 -0.7172 -0.0563225 -0.61273 -0.788283 -0.235614 -0.616074 -0.751625 -0.0429662 -0.79783 -0.601349 0.199962 -0.732048 -0.651246 0.247465 -0.698656 -0.671298 0.248184 -0.643032 -0.72451 0.55563 -0.737822 -0.383268 0.550893 -0.69284 -0.465284 0.718698 -0.674498 -0.168891 0.675952 -0.736612 0.0221757 0.728302 -0.658987 0.187918 0.575056 -0.686503 0.445 0.814172 -0.497785 0.29889 0.571217 -0.707796 0.415614 0.584766 -0.696331 0.416138 0.260032 -0.719677 0.643776 0.307562 -0.691759 0.653357 -0.0635644 -0.669734 0.739875 -0.14602 -0.735251 0.66188 -0.0941601 -0.620511 0.778524 -0.331781 -0.647352 0.68619 -0.466163 -0.71168 0.525551 -0.337228 -0.703009 0.626143 -0.589512 -0.670062 0.451102 -0.915482 0.00246005 0.402351 -0.86089 -0.0614247 0.50507 -0.66354 0.0100284 0.748073 -0.455571 -0.0670493 0.887671 -0.215156 0.0508497 0.975255 0.0272777 -0.0159249 0.999501 0.373582 0.070749 0.924895 0.486269 -0.000928093 0.873809 0.790455 0.032002 0.611684 0.764641 0.00990013 0.644381 0.987606 -0.0246937 0.154999 0.998472 0.0445021 0.0327565 0.946693 -0.0389952 -0.319768 0.819237 0.0975263 -0.565102 0.704066 0.0180407 -0.709906 0.348353 0.0186142 -0.937179 0.293128 0.0516797 -0.954675 -0.0426029 -0.0211944 -0.998867 -0.191091 0.0242761 -0.981272 -0.548911 0.000188038 -0.835881 -0.464679 -0.0357281 -0.884758 -0.814382 -0.0101535 -0.580241 -0.832464 0.00960081 -0.553996 -0.997156 -0.00536374 -0.0751746 -0.996151 -0.013349 -0.086631 -0.406853 0.847102 0.341889 0.480994 0.874764 -0.0585952 -0.42031 0.906266 0.0449622 -0.881718 0.466219 -0.0721954 -0.869615 0.488775 -0.0697732 -0.361158 0.899353 -0.246432 -0.630049 0.579663 -0.516749 -0.56105 0.688097 -0.460158 -0.475063 -0.726859 -0.495975 -0.151649 0.890161 -0.429669 -0.169728 0.847773 -0.502467 -0.0633515 0.297751 -0.952539 0.100038 0.801608 -0.589421 0.0887063 0.916462 -0.390165 0.284144 0.646559 -0.707972 0.423446 0.544945 -0.723691 0.260141 0.857124 -0.444595 0.541064 0.560172 -0.627262 0.300066 0.919913 -0.252429 0.440473 0.852954 -0.280093 0.507523 0.789164 -0.345891 0.58155 0.790994 -0.190073 -0.911884 -0.0228774 0.40981 0.406801 0.0101469 0.913461 0.990981 -0.00525237 0.133899 0.994121 -0.0148918 0.107246 0.607888 0.00907562 -0.793971 0.34479 -0.091163 -0.934243 -0.671544 0.0661644 -0.738005 0 1 0 -0.852317 0.4354 -0.289796 0 1 0 0.109445 0.122866 0.98637 -0.463579 0.0250966 0.8857 -0.440749 0.0137198 0.897526 0.75787 0.00470249 0.652389 0.790042 -0.121812 -0.600829 0.441658 0.0100817 -0.897127 -0.846376 -0.0205944 -0.532187 -0.797928 -0.0642215 -0.599322 0.917926 0.157091 0.364328 0 1 0 0 1 0 0.205802 -0.794731 -0.571006 -0.129913 -0.985203 -0.11179 -0.928819 -0.370241 -0.0147061 0.322738 -0.904784 0.277859 0.981232 -0.161176 0.105855 0.814465 -0.414039 -0.406471 -0.215198 -0.967757 -0.130904 -0.079203 -0.907573 0.412358 0.806088 -0.456702 0.376358 0 -1 0 0 -1 0 0 -1 0 0 -1 0 0 -1 0 0 -1 0 0 -1 0 0 -1 0 0 -1 0 0 -1 0 0 -1 0 0 -1 0 0.991215 0.0805874 -0.104879 0.831563 -0.0814504 -0.549425 0.677736 0.0175537 -0.735095 0.217588 -0.0509853 -0.974708 0.116733 -0.00490149 -0.993151 -0.426784 -0.0165722 -0.904202 -0.447189 -0.0260017 -0.894061 -0.831773 -0.00799576 -0.555059 -0.877244 0.0398935 -0.478385 -0.998857 -0.00415056 -0.0476278 -0.979243 -0.0780134 0.187077 -0.886393 0.0131278 0.462748 -0.466798 -0.112848 0.877134 -0.539213 -0.0603805 0.840002 0.0943107 0.0289696 0.995121 0.40854 -0.093218 0.907968 0.742442 0.0305648 0.669213 0.914013 -0.0890289 0.395796 0 -1 0 0 -1 0 0 -1 0 0 -1 0 0 -1 0 0 -1 0 0 -1 0 0 -1 0 0 -1 0 0 -1 0 0 -1 0 0 -1 0 0 -1 0 0.875328 0.0117007 -0.483387 0.801629 -0.0610389 -0.594697 0.390137 0.0204374 -0.92053 0.231724 -0.0279015 -0.972381 -0.182105 0.0272325 -0.982902 -0.372678 -0.0435244 -0.926939 -0.838826 0.0831334 -0.538014 -0.85506 0.0667636 -0.514214 -0.979482 0.00196836 0.201524 -0.970645 0.0244632 0.23927 -0.620173 -0.0275688 0.783981 -0.449717 0.0604656 0.891122 0.0334255 -0.0291711 0.999015 0.257291 0.0511844 0.964978 0.582791 -0.0468125 0.811272 0.75601 0.0178592 0.654316 0.990851 -0.0374309 0.129663 0.992819 -0.0297098 0.115875 0 -1 0 0 -1 0 0 -1 0 0 -1 0 0 -1 0 0 -1 0 0 -1 0 0 -1 0 0 -1 0 0 -1 0 0 -1 0 0.950434 0.0255336 -0.309875 0.8554 -0.072836 -0.512821 0.515895 0.0610374 -0.854475 0.228762 -0.0518555 -0.9721 -0.323538 0.0800128 -0.942826 -0.614156 -0.0744255 -0.785667 -0.930818 0.0948648 -0.352958 -0.997025 -0.0706657 -0.030767 -0.890602 0.0344829 0.453475 -0.737817 -0.0418395 0.673703 -0.559996 0.00975165 0.828438 -0.175004 -0.0427861 0.983638 -0.0604567 0.00618473 0.998152 0.475887 -0.00583119 0.879487 0.485136 -0.00032192 0.874439 0.930078 -0.023281 0.366624 0.945282 -0.0496762 0.32245 0 -1 0 0 -1 0 0 -1 0 0 -1 0 0 -1 0 0 -1 0 0 -1 0 0.36177 -0.517278 0.775594 0 -1 0 -0.559104 -0.558185 0.613052 0 -1 0 0 -1 0 0.994761 -0.0874008 -0.0530225 0.980135 0.00536846 -0.198259 0.403519 -0.0384462 -0.914163 0.539842 0.0961108 -0.836261 -0.27757 -0.02081 -0.96048 -0.532001 0.0858323 -0.842382 -0.881881 -0.0964511 -0.461501 -0.979682 0.0194677 -0.19961 -0.921545 -0.0686691 0.382152 -0.886163 -0.0184204 0.463008 -0.501331 -0.00114446 0.865255 0.00859623 -0.0435686 0.999013 0.357553 0.0330493 0.933308 0.667265 -0.0721533 0.741317 0.850509 0.0251303 0.525359 0 -1 0 0 -1 0 0 -1 0 0 -1 0 0 -1 0 0 -1 0 0 -1 0 0 -1 0 0 -1 0 0 -1 0 0 -1 0 0 -1 0 0 -1 0 -0.972096 0.0380214 0.231483 -0.821764 -0.0440681 0.568121 -0.60864 0.0226767 0.793122 -0.258642 -0.0265155 0.965609 -0.089271 0.00477053 0.995996 0.382355 -0.0208505 0.92378 0.31196 -0.000286958 0.950095 0.740389 -0.00293632 0.672173 0.761146 0.00191432 0.648578 0.958418 -0.00469205 0.285331 0.962659 -0.00120194 0.270714 0.983355 0.00337557 -0.181662 0.954976 -0.0445051 -0.293327 0.696603 0.0258805 -0.71699 0.417309 -0.0849966 -0.904781 0.147827 0.0244811 -0.98871 -0.5265 -0.123316 -0.841184 -0.43959 -0.0490189 -0.89686 -0.935591 0.016218 -0.352714 -0.991592 -0.0782114 -0.103094 0 -1 0 0 -1 0 0 -1 0 0 -1 0 0 -1 0 0 -1 0 0 -1 0 0 -1 0 0 -1 0 0 -1 0 0 -1 0 0 -1 0 0 -1 0 0 -1 0 -0.972428 0.0240611 -0.231959 -0.998324 -0.0442325 0.0373111 -0.932841 0.0588401 0.355452 -0.743973 -0.0412771 0.666934 -0.391672 0.0899061 0.915702 -0.118764 -0.0277991 0.992533 0.437224 0.0497369 0.897976 0.616779 -0.0737758 0.783672 0.919846 0.0104802 0.39214 0.987072 0.0230206 -0.158619 0.98867 -0.0420148 0.144105 0.894647 -0.00861461 -0.446691 0.772953 0.0193309 -0.634169 0.591077 -0.0138859 -0.806495 0.355172 0.0114235 -0.934731 0.201528 -0.00530538 -0.979468 -0.155267 0.00894104 -0.987832 -0.286426 -0.0158425 -0.957972 -0.635824 0.0279677 -0.771327 -0.785203 -0.0463041 -0.617505 0.999227 0.0224324 -0.0322699 0.984709 0.0546476 -0.165415 0.905054 -0.00221059 0.425291 0.719074 0.0278851 0.694374 0.541329 -0.0082078 0.840771 -0.0248039 0.0180272 0.99953 -0.178672 -0.0296738 0.983461 -0.769223 0.0156295 0.63879 -0.902148 -0.0379759 0.429751 -0.993692 0.0276528 -0.108677 -0.952886 0.00247089 -0.303319 -0.720733 -0.00181178 -0.693211 -0.769463 0.0128596 -0.638562 -0.397583 0.000464637 -0.917566 -0.273176 -0.0131373 -0.961874 -0.0217377 0.00333493 -0.999758 0.257664 -0.0166451 -0.966091 0.541714 0.0322618 -0.839943 0.797353 -0.0108704 -0.603416 0.968797 -0.0224389 0.24684 0.873056 0.00290064 0.487611 0.66387 -0.0251166 0.747426 0.528786 0.00239697 0.848752 0.0522717 -0.003246 0.998628 0.0432047 -0.00520601 0.999053 -0.650695 0.00591808 0.759316 -0.663502 0.00107069 0.748174 -0.990542 0.00440763 0.137139 -0.992892 -0.00081119 0.119017 -0.73076 -0.00317357 -0.682627 -0.738915 0.000106143 -0.673798 -0.157006 -0.00406391 -0.987589 -0.184688 0.00243186 -0.982794 0.528769 0.0355531 -0.848021 0.61431 0.00700387 -0.789034 0.890035 -0.00230056 -0.455886 0.97837 0.0409783 -0.202764 0.96412 -0.0108466 0.265247 0.930646 -0.0384354 0.363896 0.522126 0.0186641 0.852664 0.195133 -0.0420019 0.979877 -0.219887 0.0215867 0.975286 -0.563999 -0.0276127 0.825314 -0.834182 0.0353226 0.550357 -0.964544 -0.0068068 0.263835 -0.999454 0.00955555 -0.0316388 -0.975159 -0.0078231 -0.221366 -0.91601 0.00444635 -0.401132 -0.818038 -0.00998918 -0.575077 -0.701327 0.00422992 -0.712827 -0.422819 -0.0114236 -0.906142 -0.260353 0.0180282 -0.965345 0.150929 -0.015012 -0.988431 0.381448 0.0211995 -0.924147 0.848214 -0.0388854 -0.528224 0.898801 -0.0125178 -0.438178 0.926771 -0.00445211 0.375601 0.88294 -0.0266018 0.468731 0.594198 0.00686805 0.80429 0.397216 -0.0157536 0.91759 0.244262 0.00282272 0.969705 -0.278209 0.00581188 0.960503 -0.355774 -0.0149649 0.934452 -0.78828 0.00779953 0.615268 -0.850969 0.0323443 0.52422 -0.999736 -0.0221276 0.0062247 -0.954252 0.0200284 -0.298331 -0.816644 -0.0166104 -0.576903 -0.653637 0.0129895 -0.756696 -0.422258 -0.00661841 -0.906451 -0.077984 0.0131788 -0.996867 -0.0415047 0.00676349 -0.999115 0.577198 -0.00154443 -0.816603 0.575287 -0.00220928 -0.817949 0.969614 0.00347127 -0.244616 0.973419 0.00736931 -0.228911 0.91757 0.0158724 0.397257 0.712516 -0.0590222 0.699169 0.413117 0.00527719 0.910663 -0.261348 -0.0360212 0.964572 -0.417402 0.0153689 0.908592 -0.94854 -0.0260227 0.315586 -0.961749 -0.0134418 0.273603 -0.908854 -0.00758002 -0.417046 -0.864524 -0.025375 -0.50195 -0.62856 0.00905581 -0.777709 -0.276937 -0.0176189 -0.960727 -0.0306406 0.0171152 -0.999384 0.278972 -0.0132739 -0.960208 0.485611 0.0231684 -0.873868 0.788951 -0.0114019 -0.61435 0.956675 0.0230248 -0.290246 0.997862 -0.0150721 -0.063601 0.638825 0.0213199 0.769057 0.621124 0.0148077 0.783572 -0.199718 0.00218501 0.979851 -0.239317 0.0135745 0.970847 -0.851687 -0.014267 0.523857 -0.846001 -0.0111212 0.533065 -0.986699 0.00781416 -0.162369 -0.984411 0.00530344 -0.175802 -0.556285 -0.0089431 -0.830943 -0.61579 -0.0359251 -0.787091 0.179627 0.0126571 -0.983653 0.231762 -0.00149877 -0.972771 0.794954 0.00163426 -0.606668 0.840681 -0.0120781 -0.541396 0.999593 0.0144946 0.0245711 0.984867 -0.0205358 0.172093 0.990239 -0.0134046 0.138733 0.956092 0.0141876 0.292723 0.643879 -0.0387832 0.764144 0.515287 0.00287397 0.857013 -0.218198 -0.0178702 0.975741 -0.361451 -0.0552357 0.930754 -0.812385 0.0251239 0.58258 -0.932851 -0.0184457 0.359791 -0.997821 0.0093296 -0.0653158 -0.948269 -0.0251643 -0.31647 -0.787894 0.0133754 -0.615666 -0.413747 -0.0289002 -0.909933 -0.130937 0.0374765 -0.990682 0.347037 -0.0161034 -0.937713 0.591104 0.0365046 -0.805769 0.881579 -0.0130331 -0.471857 0.962773 0.00477287 -0.270269 0.997827 -0.030857 0.0582246 0.809365 0.0283035 0.586624 0.689956 -0.00657518 0.723822 -0.0770633 0.00270657 0.997023 0.035638 0.0404907 0.998544 -0.75049 0.00426844 0.660868 -0.778477 0.0140487 0.627516 -0.9924 -0.00614342 0.122902 -0.992626 0.0284863 -0.117822 -0.805788 -0.0417526 -0.590731 -0.568009 0.0285203 -0.822528 -0.0729049 -0.0315501 -0.99684 0.0978773 0.00194502 -0.995197 0.767058 -0.0258351 -0.641057 0.735333 -0.0122076 -0.677596 0.988113 0.00425521 -0.153668 0.825847 -0.00842511 0.563831 0.807941 0.00143199 0.589261 0.695671 0.00288708 0.718355 0.680333 0.0056591 0.732881 0.600357 -0.00199047 0.799729 0.551134 0.00174028 0.834415 0.470795 -0.0028102 0.882238 0.447058 -0.000165718 0.894505 0.311693 -0.00185598 0.950181 0.329526 0.00182426 0.944145 0.154799 -0.000213231 0.987946 0.149327 0.000608515 0.988788 0.112354 0.0128603 0.993585 -0.0371122 -0.0027504 0.999307 -0.0783118 -0.00878382 0.99689 -0.0835486 -0.00674021 0.996481 -0.384952 -0.011416 0.922866 -0.375651 -0.0045915 0.92675 -0.62883 0.00239373 0.777539 -0.687628 -0.0360069 0.72517 -0.819821 0.00673237 0.572581 -0.867225 -0.0148925 0.497694 -0.89677 -0.00136157 0.442495 -0.94566 -0.00205026 0.325152 -0.935615 -0.000214311 0.353021 -0.969891 0.00210611 0.24353 -0.982216 -0.00212702 0.187744 -0.998187 0.00734851 0.0597382 -0.999991 -0.00312713 0.00281508 -0.969483 -0.00926222 -0.244982 -0.98451 0.00470064 -0.175264 -0.904125 0.00665013 -0.427216 -0.870224 -0.0121382 -0.492507 -0.811597 0.0142492 -0.584043 -0.731086 -0.0159414 -0.682099 -0.629311 0.0138981 -0.77703 -0.523725 -0.0116741 -0.851807 -0.408029 0.023827 -0.912658 -0.237214 -0.0408547 -0.970598 -0.108905 0.0103822 -0.993998 0.0712533 -0.01463 -0.997351 0.0784575 -0.0116126 -0.99685 0.232058 0.00423579 -0.972693 0.301483 -0.00199926 -0.95347 0.493122 -0.00377608 -0.869952 0.437076 0.00705322 -0.899397 0.674084 -0.00508652 -0.738637 0.638916 0.00535553 -0.769258 0.804793 0.00301928 -0.593548 0.849532 0.0309346 -0.526629 0.877385 -0.0296287 -0.478871 0.925504 0.0188628 -0.378267 0.994488 -0.0430923 -0.0955846 0.998575 -0.0124166 -0.0519043 0.95619 -0.0238922 0.29177 0.968893 -0.000250294 0.247481 0.867343 0.00565852 0.497678 -0.434488 -0.707099 0.557882 -0.434482 -0.707109 0.557874 0.465185 -0.885172 0.00852993 0.522232 -0.852799 -0.00266075 0.658135 -0.750649 -0.0581768 0.61514 -0.781208 -0.106378 0.516425 -0.848357 -0.116598 0.549625 -0.82473 -0.133163 0.644693 -0.73717 -0.202363 0.62983 -0.73717 -0.244733 0.549687 -0.799679 -0.241575 0.61201 -0.732386 -0.298419 0.608143 -0.706554 -0.361861 0.400023 -0.864745 -0.303641 0.374227 -0.885137 -0.276564 0.465389 -0.778219 -0.42165 0.394448 -0.797361 -0.456757 0.38223 -0.808725 -0.447062 0.424839 -0.654281 -0.625642 0.306247 -0.771693 -0.557407 0.315598 -0.736932 -0.59777 0.240474 -0.736465 -0.632291 0.123438 -0.89178 -0.435306 0.128631 -0.8359 -0.533596 0.0679946 -0.78364 -0.617483 -0.00515725 -0.91334 -0.407166 0.00702944 -0.876722 -0.480945 -0.0766585 -0.729716 -0.679439 -0.134403 -0.769508 -0.624334 -0.134866 -0.839027 -0.527111 -0.207318 -0.736936 -0.643385 -0.27032 -0.736936 -0.619559 -0.251697 -0.824735 -0.50642 -0.330634 -0.73694 -0.589576 -0.393906 -0.736734 -0.549601 -0.340669 -0.83889 -0.424508 -0.461642 -0.727226 -0.507966 -0.454301 -0.793746 -0.404448 -0.385468 -0.871332 -0.303636 -0.43668 -0.837659 -0.328083 -0.565751 -0.743911 -0.355698 -0.540018 -0.793749 -0.279899 -0.474186 -0.854862 -0.210613 -0.420675 -0.890085 -0.175447 -0.606527 -0.767685 -0.206845 -0.610039 -0.777478 -0.15291 -0.560009 -0.8219 -0.104257 -0.493619 -0.865904 -0.0809387 -0.683932 -0.727511 -0.0544512 -0.636024 -0.771666 0.00230208 -0.565136 -0.824735 0.0208348 -0.673427 -0.736933 0.0585291 -0.665998 -0.737166 0.114164 -0.525072 -0.840176 0.135659 -0.511618 -0.84856 0.134878 -0.623774 -0.75065 0.217785 -0.559934 -0.786487 0.2606 -0.533392 -0.806521 0.254987 -0.60505 -0.717385 0.34536 -0.539097 -0.74753 0.388038 -0.467634 -0.808953 0.356249 -0.527819 -0.709916 0.466291 -0.414434 -0.795462 0.442137 -0.487565 -0.705435 0.514434 -0.296091 -0.884215 0.36124 -0.363115 -0.704346 0.609954 0.367603 -0.921789 -0.123176 0.028752 -0.995471 -0.0906132 -0.197638 -0.968608 0.150787 -0.0206699 -0.923418 0.383238 0.0672272 -0.938435 0.338851 0.109855 -0.985212 0.131489 0.0362104 -0.996005 0.0816235 0.0541529 -0.996101 0.0696417 0.0527892 -0.99715 -0.0538913 -0.0799108 -0.994781 -0.0634462 -0.177552 -0.976836 0.119444 0.441536 -0.880059 0.174762 0.372878 -0.927551 0.0247136 0.435022 -0.897758 0.0691817 0.706638 -0.707106 0.025762 -0.675732 -0.719346 0.16102 -0.457054 -0.875259 0.15819 -0.617517 -0.697764 0.36304 -0.349339 -0.885334 0.306834 -0.241873 -0.853158 0.462189 -0.181555 -0.646832 0.740707 -0.0585656 -0.848299 0.526269 0.00915027 -0.682139 0.731165 0.143791 -0.758497 0.635615 0.166129 -0.945826 0.278952 0.115771 -0.963035 0.243228 0.0607223 -0.954053 0.293422 0.463431 -0.671872 0.577771 0.501249 -0.780414 0.373769 0.299932 -0.943403 0.141535 0.388788 -0.908213 0.154896 0.504337 -0.863124 0.025723 0.368715 -0.929253 -0.0232001 0.758244 -0.618652 -0.205758 0.528774 -0.764225 -0.369267 0.529409 -0.763472 -0.369915 0.408465 -0.732533 -0.544565 0.271182 -0.863663 -0.424909 0.263614 -0.670656 -0.693345 0.0431049 -0.840425 -0.540211 0.051832 -0.890041 -0.452924 -0.113942 -0.752629 -0.648511 -0.16302 -0.916562 -0.365155 -0.165715 -0.909951 -0.380167 -0.42379 -0.728331 -0.538457 -0.394945 -0.870702 -0.293082 -0.322038 -0.923159 -0.209928 -0.593656 -0.766882 -0.243855 -0.607709 -0.786339 -0.11118 -0.502821 -0.862653 -0.0547702 -0.705393 -0.708498 0.0212164 0 1 0 0 1 0 0 1 0 0 1 0 0 1 0 0 1 0 0 1 0 0.798691 -0.0215125 -0.601357 0.972501 0.0782521 -0.219358 0.998447 -0.00236026 0.0556595 0.837108 0.0215345 0.546614 0.788957 -0.0270707 0.613852 0 1 0 0 1 0 0 1 0 0 1 0 0 1 0 0 1 0 0 1 0 -0.92743 0.00711269 -0.37393 -0.814327 0.102171 -0.571343 -0.476266 -0.0393534 -0.87842 0.0300288 0.0713436 -0.997 0.200364 0.00747298 -0.979693 0 1 0 0 1 0 0 1 0 0 1 0 0 1 0 0 1 0 0 1 0 0 1 0 0.0481836 -0.0120582 0.998766 0.104486 -0.0461482 0.993455 -0.667632 0.0185484 0.744261 -0.742536 -0.0243847 0.669363 0.137804 -0.00600033 0.990441 -0.111715 -0.0549465 0.99222 -0.399228 0.0150635 0.916728 -0.503148 0.00745159 0.864168 -0.806801 0.0347455 0.5898 0.0645832 -0.00424107 -0.997903 -0.193703 0.0483562 -0.979868 -0.367803 0.0141931 -0.929795 -0.853994 0.0527392 -0.517603 0.967005 -0.00873257 0.254607 0.96712 -0.00892101 0.254163 0.788365 -0.0167214 -0.614981 0.910955 0.0482022 -0.40968 0.999597 -0.0239449 0.015269 0.88927 0.0524595 0.454365 -0.958781 -0.0343593 0.28206 -0.93232 0.0057165 0.361588 -0.699417 0.00050979 0.714713 -0.306699 0.0372281 0.951078 -0.655819 -0.00873364 0.754868 -0.0371111 0.00828577 0.999277 -0.766917 -0.060203 -0.638917 -0.636909 -0.000475958 -0.770939 -0.0547595 0.0206144 -0.998287 0.231301 -0.0406362 0.972033 0.122309 -0.100806 0.987359 -0.99413 0.0781491 0.0748167 -0.882731 -0.19327 -0.428291 0.191922 0.0555102 -0.979839 0.781951 -0.212548 -0.585983 0.99854 -0.0326019 -0.0430686 0 -1 0 0.778907 0.000656129 0.627139 0.893164 0.087328 0.441172 -0.119903 -0.00542733 0.992771 -0.141802 -0.0142521 0.989792 -0.950637 0.0279367 0.309044 -0.913403 -0.0160577 0.40674 -0.927808 -0.000489648 -0.373059 -0.591682 -0.112544 -0.798277 -0.249852 -0.00567312 -0.968267 0.66583 -0.101757 -0.739132 0.66242 -0.0995236 -0.742493 0 -1 0 0 -1 0 0 -1 0 0.822283 0.102343 0.559801 0.0364484 -0.121793 0.991886 -0.373274 0.0201414 0.927503 -0.974183 -0.129815 -0.184705 -0.990997 -0.0897092 -0.0993795 -0.244043 0.0545771 -0.968228 0.190071 -0.110499 -0.975532 0.812143 0.0379349 -0.582224 0.993834 -0.0562651 0.0955395 0 -1 0 0 -1 0 -0.798126 -0.0074063 -0.602445 -0.812134 0.0255225 -0.582912 -0.906467 -0.0104433 -0.422148 -0.977868 0.0704382 -0.197008 -0.997025 -0.015908 -0.0754168 -0.999785 0.012771 0.0163664 -0.9977 -0.0178863 0.065383 -0.9732 0.0333736 0.227528 -0.790617 0.0282979 0.611656 -0.759693 0.0518618 0.64821 -0.996369 0.0791493 -0.0313628 -0.98612 -0.0170955 0.165155 -0.909501 0.0488638 0.412821 -0.753543 -0.098746 0.64994 -0.431845 0.032757 0.901353 0.0833285 0.034214 0.995935 0.287666 0.0443141 0.956705 0.533722 0.0467342 0.844368 0.380426 -0.0208753 0.924576 0.685432 -0.00502946 0.72812 0.810471 0.0280527 0.585107 0.903914 0.00832289 0.427634 0.946456 -0.00450338 0.3228 0.986831 0.117172 0.111515 0.999938 0.00240788 -0.0108942 0.969251 0.0390913 -0.242951 0.916328 -0.0127219 -0.400226 0.867537 0.0535856 -0.494477 0.789874 0.0102471 -0.613183 0.678767 -0.00268325 -0.734349 0.666606 0.0146433 -0.745267 0.534141 -0.00553157 -0.845377 0.0201376 0.0107723 -0.999739 0.706879 0.103599 -0.699706 0.0374509 -0.0220694 -0.999055 -0.00645977 0.0171209 -0.999833 -3.35283e-05 -1 0.000102915 -2.4794e-05 -1 3.11461e-05 -1.95298e-05 -1 1.29962e-05 -1.56696e-05 -1 4.21959e-06 -1.24828e-05 -1 -6.75467e-07 -9.25758e-06 -1 -4.10638e-06 -5.06066e-06 -1 -7.2784e-06 0 -1 0 0.428976 -0.0408519 -0.902392 -0.461709 0.0552271 -0.885311 -0.446186 0.0698325 -0.892212 -0.136728 0.0364896 -0.989936 -0.519709 -0.16768 -0.837727 -0.924283 0.0800855 -0.373211 -0.996141 -0.0382528 -0.0789941 -0.531728 -0.0717904 0.843867 -0.19019 0.0756526 0.978828 0.519232 -0.0558788 0.852805 0.351395 0.103876 0.930447 -0.9802 0.11705 0.159711 -0.832649 -0.0650081 0.549973 -0.300579 0.0706254 0.951138 -0.147047 -0.0271878 0.988756 -0.271741 0.536375 0.799036 -0.461298 0.842312 0.278775 -0.21115 0.975898 -0.0551185 0.218379 0.202893 -0.954539 0.00781731 0.997422 -0.0713329 0.0525179 0.780998 -0.622322 0.252561 0.180324 -0.950629 0.361028 0.244891 -0.899826 0.306063 0.797836 -0.519406 0.0295736 0.999088 -0.0307891 0.588616 0.508825 -0.628195 0.708801 0.668656 0.224724 0.793376 0.208771 -0.571811 0.41179 0.875818 -0.251735 0.609007 0.381979 -0.695127 0.0289647 0.997796 -0.0596982 0.944665 0.322714 -0.0588565 0.965555 0.0985161 -0.240826 0.734282 0.663197 -0.144914 0.54253 0.839945 -0.0123877 0.96411 0.206504 0.166879 -0.00336475 0.999467 0.0324693 0.969845 0.209251 0.124959 0.613549 0.746489 0.257511 0.804481 0.148625 0.575083 0.862229 0.193165 0.468239 0.0263129 0.999634 -0.00636408 0.536338 0.661954 0.523601 0.0382978 0.999162 0.0144309 0.579404 0.152023 0.800737 0.0501107 0.996217 0.0709985 0.591334 0.15223 0.791928 0.325703 0.685374 0.651292 0.200932 0.163891 0.965798 0.0428702 0.993236 0.107909 0.177925 0.173329 0.968659 0.0698785 0.658278 0.749524 0.0383497 0.993094 0.110877 0.173331 0.977053 0.123786 -0.187378 0.982211 -0.0122801 -0.0588356 0.90851 0.4137 -0.521742 0.808298 -0.272837 -0.505548 0.829462 -0.237517 -0.190583 0.677556 -0.710349 0.0157044 -0.996393 0.0833947 -0.23921 0.914569 0.326103 -0.256482 0.900552 0.351032 0.123348 0.921805 -0.367505 -0.897629 0.154525 0.412776 -0.68975 0.723581 -0.025985 -0.802435 0.389431 0.452153 -0.767494 0.419888 0.484404 -0.0810811 0.996707 -0.000333277 -0.64616 0.763129 0.0105776 -0.817285 0.573838 -0.0524897 -0.93565 0.21222 -0.281997 -0.0952287 0.995376 -0.0126085 -0.946379 0.200371 -0.253413 -0.547397 0.796159 -0.257852 -0.671664 0.56022 -0.48479 -0.0978817 0.994891 -0.0247022 -0.339344 0.71645 -0.609546 0.0835558 0.95723 -0.277001 0.622486 0.19334 -0.758374 0.10392 0.991249 -0.0814047 -0.144488 0.644994 0.750404 -0.205135 0.242203 0.948292 -0.657822 0.326526 -0.678712 -0.514747 0.109022 -0.850382 -0.714217 0.699921 0.0020106 0.673303 0.733206 -0.0952452 0.636007 0.6892 -0.347128 0.618917 0.701588 -0.35315 0.719622 0.666777 -0.193783 -0.728567 0.684878 0.011505 0.578216 0.7462 -0.329926 0.591015 0.704289 -0.393292 0.483661 0.69656 -0.529978 0.467239 0.662126 -0.585899 0.436095 0.713942 -0.547821 0.34896 0.706564 -0.615625 0.437071 0.713154 -0.548069 0.223307 0.671843 -0.70623 0.242514 0.687845 -0.684146 0.0495356 0.718884 -0.693363 0.00605699 0.693652 -0.720285 0.245567 0.678072 -0.692759 0.235165 0.65088 -0.72184 0.00585046 0.718285 -0.695724 -0.164131 0.722537 -0.671566 -0.0534547 0.667368 -0.742808 -0.217797 0.686702 -0.693546 -0.366588 0.714226 -0.596233 -0.189338 0.775008 -0.602921 -0.459503 0.671964 -0.580794 -0.515125 0.709692 -0.480608 -0.389471 0.660708 -0.641699 -0.419627 0.736613 -0.530391 -0.59482 0.684148 -0.422055 -0.60998 0.713266 -0.34522 -0.550034 0.689355 -0.471437 -0.564852 0.753469 -0.336491 -0.680557 0.709277 -0.183765 -0.677134 0.71569 -0.171107 -0.717224 0.696835 -0.00326598 -0.699886 0.693335 -0.171598 -0.714279 0.699854 -0.00325256 -0.699218 0.702305 0.133651 -0.703366 0.691975 0.162629 -0.668095 0.707729 0.229715 -0.6018 0.720109 0.345369 -0.643522 0.699885 0.309904 -0.696419 0.684708 0.214886 -0.678243 0.717909 0.15682 -0.565947 0.704223 0.428688 -0.637584 0.706548 0.307045 -0.466129 0.735578 0.491578 -0.638289 0.660643 0.395142 -0.440159 0.696282 0.566967 -0.563947 0.706744 0.427173 -0.453046 0.677834 0.579043 -0.269168 0.714948 0.645289 -0.269835 0.715664 0.644216 -0.306613 0.660503 0.685365 -0.0808962 0.704147 0.705431 -0.0546402 0.716391 0.695556 -0.0696376 0.679399 0.730457 0.112513 0.686813 0.718073 0.10865 0.684285 0.721075 0.232785 0.707792 0.666965 0.0932275 0.78006 0.61872 0.334455 0.703797 0.626745 0.302258 0.686032 0.661816 0.426116 0.704434 0.567625 0.30481 0.686323 0.660342 0.462837 0.691392 0.55476 0.494053 0.704021 0.510163 0.30349 0.682871 0.664515 0.599599 0.687679 0.409364 0.55511 0.633018 0.539575 0.457272 0.700358 0.548089 0.579138 0.700856 0.416413 0.680682 0.702518 0.207702 0.564987 0.718165 0.406238 0.730518 0.660735 0.172549 0.690676 0.655064 0.306363 0.628253 0.763726 0.148394 0.674633 0.7353 -0.0648419 0.747771 0.662723 0.0404631 0.696488 0.710772 -0.0985249 -0.896043 0.222713 -0.384064 0.163999 0.201792 -0.9656 0.776611 0.254979 -0.576074 0.859747 0.321331 0.396965 0.244868 0.326271 0.91301 -0.717051 0.293855 0.63205 0.845624 -0.363969 0.390444 0.915284 -0.39086 -0.0973806 -0.10627 -0.295578 -0.94939 -0.893881 -0.23277 -0.383138 -0.719622 -0.28247 0.634315 0.24395 -0.336357 0.909589 -0.828107 0.197222 -0.52473 -0.103438 0.296377 -0.949453 -0.112709 0.293384 -0.949327 0.778763 0.218728 -0.587951 0.916965 0.145569 0.371464 0.958731 0.133284 0.251138 -0.0854752 0.32765 0.940925 0.931634 0.285002 -0.225459 -0.909657 0.173155 0.377547 -0.847498 0.195043 0.493665 -0.10267 -0.09181 0.99047 0.816457 -0.412273 -0.404264 0.733151 -0.395108 -0.553515 -0.102461 -0.324008 -0.94049 -0.885701 -0.243554 -0.395241 -0.913077 -0.244974 0.326003 -0.0155167 -0.24523 0.969341 -0.280067 -0.184628 0.942059 -0.483763 -0.278762 0.829618 0.53831 -0.292641 0.790306 0.945444 -0.286061 -0.1559 0.396901 -0.272704 -0.876414 -0.576096 -0.26855 -0.772007 -0.960496 -0.275791 0.0372304 0.931612 0.329395 -0.153619 0.541331 0.274494 0.794741 -0.487674 0.250471 0.836324 -0.954559 0.295717 0.0370003 -0.562403 0.340154 -0.753657 0.385528 0.355885 -0.851301 -0.894165 -0.306398 0.326481 -0.0538077 -0.218495 0.974353 0.963338 -0.163188 0.212954 0.444538 -0.280032 -0.850863 -0.537916 -0.379452 -0.75277 0.903743 0.30007 0.305297 -0.0528841 0.283106 0.95763 -0.953675 0.231027 0.192695 -0.728639 0.270803 -0.629087 0.29412 0.319792 -0.900681 0.0120925 -0.999837 -0.0134295 0.0135772 -0.999775 -0.0162762 -0.0159882 -0.999764 -0.0146906 0.028514 -0.999588 -0.00315168 -0.027246 -0.999621 -0.00402955 0.0365018 -0.998968 0.027024 -0.0370218 -0.999017 0.0243809 0.0150401 -0.998443 0.0537222 -0.0180587 -0.998451 0.052617 -0.00147923 0.999639 -0.0268155 0.021855 0.999659 -0.0142784 -0.0376841 0.999108 -0.0190706 0.0345604 0.99925 0.0174899 -0.0747083 0.99601 0.0488087 0.00448792 0.996675 0.0813572 -0.835058 -0.0159079 0.549932 -0.9974 0.0158549 0.0703025 -0.989219 -0.00648458 -0.146301 -0.780067 0.00706454 -0.625656 -0.562722 -0.0246031 -0.82628 -0.199106 0.0165028 -0.979839 0.250001 -0.00562671 -0.968229 0.478022 0.0122355 -0.878263 0.669141 -0.00389678 -0.743125 0.993641 0.024814 -0.109828 0.962419 -0.00676141 -0.271485 0.865227 0.00208625 0.501376 0.803638 -0.0131834 0.594972 0.437883 0.00289979 0.899027 0.269584 -0.00868114 0.962938 -0.132039 0.00981551 0.991196 -0.324619 -0.00482886 0.945832 -0.680533 0.0113586 0.73263 -0.892251 0 -0.451539 -0.892251 0 -0.451539 -0.837169 0 0.546944 -0.837169 0 0.546944 0.0550793 0 0.998482 0.0550793 0 0.998482 0.892253 0 0.451537 0.892253 0 0.451537 0.83717 0 -0.546943 0.83717 0 -0.546943 -0.0550794 0 -0.998482 -0.0550794 0 -0.998482 0 -1 0 0 -1 0 0 -1 0 0 -1 0 -0.597503 -0.801422 -0.0266942 -0.438475 -0.686934 0.579536 -0.132858 -0.710948 0.69058 0.345026 -0.817964 0.460317 0.486456 -0.861978 -0.142665 0.441408 -0.866482 -0.23317 0.217619 -0.894976 -0.389437 -0.20249 -0.892081 -0.403968 -0.542588 0.830807 -0.123929 -0.503671 0.813031 0.292055 0.163977 0.773212 0.612581 0.444374 0.763125 0.469225 0.531598 0.818941 0.216193 0.426475 0.904457 -0.00880354 0.475529 0.747681 -0.463513 0.0965509 0.515648 -0.851343 -0.997137 0.052645 0.0542892 -0.285074 0.870973 -0.400175 -0.110649 0.993829 0.00779919 -0.102484 0.991333 -0.0821981 -0.0287349 0.989534 -0.14141 0.0604698 0.991968 -0.1111 0.0997479 0.994615 -0.0281375 0.0708481 0.996642 0.0410546 0.0325691 0.99723 0.0668683 -0.0102128 0.997005 0.076666 -0.0605484 0.996035 0.0651835 0.0281347 -0.99875 -0.0413249 -0.0238931 -0.993318 -0.112912 0.0253123 -0.999669 -0.00453643 -0.070826 -0.997075 -0.0287143 0.012836 -0.999849 0.0117164 -0.0124739 -0.999704 0.0208777 0 -1 0 -0.00237495 0.99907 -0.0430502 0.0289923 0.9994 -0.0189414 -0.0452174 0.998715 -0.0228829 0.0286934 0.999483 0.0145207 -0.0381369 0.998962 0.0249157 0.00199337 0.999345 0.0361331 -0.999784 0.0145139 -0.014909 -0.926118 -0.0364513 -0.375468 -0.569886 0.0192088 -0.8215 -0.207009 -0.0118557 -0.978267 0.332792 0.0329451 -0.942425 0.56277 -0.00231527 -0.826611 0.945313 0.00598779 -0.326109 0.984184 -0.0164783 -0.176384 0.82392 0.0119674 0.56658 0.738555 -0.00887126 0.674134 0.106055 0.0201646 0.994156 -0.0637096 -0.00628496 0.997949 -0.741839 0.00383483 0.670567 -0.829014 -0.0151402 0.559023 -0.892253 0 -0.451537 -0.892253 0 -0.451537 -0.83717 0 0.546943 -0.83717 0 0.546943 0.0550832 0 0.998482 0.0550832 0 0.998482 0.892252 0 0.451537 0.892252 0 0.451537 0.83717 0 -0.546943 0.83717 0 -0.546943 -0.0550836 0 -0.998482 -0.0550836 0 -0.998482 0 -1 0 0 -1 0 0 -1 0 0 -1 0 -0.562364 -0.773696 -0.291788 -0.587641 -0.80898 -0.0151141 -0.203293 -0.852978 0.48073 0.224075 -0.8634 0.452031 0.495993 -0.861244 0.110682 0.440676 -0.8709 -0.217573 -0.0499289 -0.832041 -0.552463 -0.592845 0.663446 -0.45648 -0.404589 0.864241 0.298991 -0.244092 0.873922 0.420332 0.127868 0.906779 0.401748 0.457742 0.883198 0.102146 0.472302 0.771055 -0.427089 0.0319233 0.605383 -0.795294 -0.105372 0.994432 -0.00157133 -0.0553779 0.995269 -0.0798282 0.0354961 0.994302 -0.100521 0.102127 0.994147 -0.0352314 0.103286 0.992113 0.0710262 0.0134822 0.99189 0.126382 -0.0812591 0.993983 0.0734522 0.0211752 -0.99737 -0.06931 -0.0245533 -0.998859 -0.040967 0.0440766 -0.998776 -0.0224648 -0.0264765 -0.999619 -0.00779425 0.0272115 -0.999604 0.00717258 -0.0170674 -0.999799 0.0105511 0.0109867 -0.9998 0.0167258 -0.00339676 -0.999839 0.0176283 -0.0113817 0.999932 -0.00261168 0.01459 0.999807 0.01317 -0.00618736 0.999976 -0.0031312 0.00781144 0.999962 0.00395308 -0.850301 -0.0259663 0.525656 -0.987196 0.00652406 0.159376 -0.95926 -0.00870349 -0.28239 -0.879911 0.0139167 -0.474935 -0.51403 -0.0140505 -0.857657 -0.314726 0.0112799 -0.949116 0.292161 -0.0120766 -0.956293 0.325792 -0.00748684 -0.945412 0.848699 -0.00106586 -0.528875 0.890909 -0.00986278 -0.454076 0.986162 0.00934804 -0.165524 0.966869 -0.0146482 0.254853 0.891467 0.00362118 0.453071 0.549009 -0.00620164 0.835793 0.505215 0.000180831 0.862994 -0.122518 -0.0115783 0.992399 -0.189207 -0.000286515 0.981937 -0.706496 -0.00119002 0.707716 -0.892253 0 -0.451537 -0.892253 0 -0.451537 -0.83717 0 0.546943 -0.92024 -0.209127 0.330795 0.0549538 0.0686123 0.996129 -0.00311134 0 0.999995 0.892252 0 0.451537 0.892252 0 0.451537 0.837169 0 -0.546944 0.817109 0.0322808 -0.575579 -0.0549907 -0.0579245 -0.996805 -0.122547 0 -0.992463 0 -1 0 0 -1 0 0 -1 0 0 -1 0 -0.25352 -0.954312 -0.158165 -0.687176 -0.678756 0.258997 -0.586252 -0.500353 0.637146 0.196933 -0.553965 0.808913 0.449903 -0.851372 0.269728 0.864916 -0.501798 -0.0108923 0.899075 -0.399804 -0.178383 0.0936311 -0.523974 -0.846572 -0.256555 -0.81242 -0.523597 -0.666065 0.713587 -0.217144 -0.627289 0.676576 -0.385686 -0.212684 0.9073 0.362728 0.191402 0.86889 0.456504 -0.0505477 0.816029 0.575797 0.52026 0.740048 -0.426214 0.0487288 0.633798 -0.771962 -0.116122 0.993058 0.0187472 -0.108156 0.992418 -0.0583777 -0.0359365 0.993461 -0.108373 0.0479679 0.994377 -0.0944078 0.0202506 0.998066 -0.058765 0.0872047 0.995922 0.023119 0.0832264 0.995633 0.0422982 0.049936 0.995103 0.0852994 -0.0133982 0.994003 0.108526 -0.0802626 0.993526 0.0804012 -0.00592196 -0.998804 -0.0485395 0.0754833 0.992648 -0.094618 -0.0141482 -0.999788 -0.0149804 -0.0129582 -0.999815 -0.0142282 0.10735 0.994113 -0.0146731 0.123265 -0.990752 0.0567042 -0.0141807 -0.999722 0.0188586 -0.0209701 0.973652 0.227071 -0.00135945 0.999695 -0.0246442 0.0196131 0.999726 -0.0128138 -0.0405688 0.998966 -0.0205304 0.03389 0.999278 0.0171506 -0.146982 0.984467 0.0960271 0.00702515 0.991833 0.127352 -0.977508 0.0218511 0.209762 -0.947769 0.00479841 -0.318922 -0.940813 0.0069544 -0.338855 -0.673325 -0.00698307 -0.739314 -0.563295 0.00628124 -0.826232 -0.121103 -0.00601143 -0.992622 -0.0727685 -0.000941665 -0.997348 0.596763 -0.00112839 -0.802417 0.623617 -0.00664806 -0.781702 0.961107 0.00695001 -0.276087 0.990736 -0.0102152 -0.135418 0.940881 0.00445947 0.338709 0.864968 -0.00834524 0.501758 -0.259779 0.106591 0.959767 0.615641 -0.0119526 0.787936 0.0311637 0.0056054 0.999499 -0.0919553 -0.0090173 0.995722 -0.592453 0.0095299 0.805549 -0.788997 -0.0217219 0.614013 -0.892252 0 -0.451539 -0.892252 0 -0.451539 -0.837169 0 0.546945 -0.837169 0 0.546945 0.0550793 0 0.998482 0.0550793 0 0.998482 0.892252 0 0.451537 0.892252 0 0.451537 0.83717 0 -0.546943 0.83717 0 -0.546943 -0.0550794 0 -0.998482 -0.0550794 0 -0.998482 0 -1 0 0 -1 0 0 -1 0 0 -1 0 -0.490201 -0.839923 -0.232879 -0.668089 -0.743187 -0.036478 -0.489117 -0.686559 0.53796 0.12976 -0.742505 0.657152 0.409855 -0.829999 0.378313 0.41694 -0.907766 -0.0460574 0.319862 -0.931865 -0.17122 -0.936527 0.346846 -0.0511348 -0.384613 0.635 0.669961 -0.409022 0.700381 0.584951 0.0861805 0.413581 0.90638 0.865859 0.382556 0.322396 0.579929 0.690407 0.432458 0.938957 0.267835 -0.215928 0.296146 0.367255 -0.881715 -0.172914 0.658156 -0.732756 -0.19395 0.698133 -0.689198 -0.090073 0.995748 0.0193286 -0.083255 0.996077 -0.0299861 -0.0496542 0.996107 -0.072832 -0.00671712 0.995731 -0.0920635 0.0672639 0.993627 -0.090444 0.121938 0.991919 -0.0350278 0.121461 0.991633 0.0437249 0.0804229 0.991432 0.10293 0.00388055 0.992217 0.124459 -0.063407 0.994257 0.0862135 -0.0736388 -0.98825 -0.13394 -0.00170115 -0.999562 -0.0295563 0.0276447 0.998757 -0.0414855 0.0494156 0.998488 -0.0240768 -0.0639144 -0.994591 -0.0818725 0.100529 0.99473 -0.0201594 -0.128243 0.991428 -0.0249728 0.0413661 0.999105 0.00882207 0.0337214 0.998907 0.0323709 -0.148664 0.987433 0.0536165 0.0501675 0.990446 0.12845 0.0165756 0.997426 0.0697647 -0.153276 -0.97499 0.160938 -0.000636466 0.999933 -0.0115371 -0.00553625 0.999981 -0.0028017 -0.00529754 0.99998 0.00346102 0.000686188 0.999922 0.0124384 -0.905483 0.0155898 0.424096 -0.940679 0.00508156 0.339261 -0.981563 -0.00031273 -0.19114 -0.949374 0.0161045 -0.313735 -0.615316 -0.0111118 -0.788202 -0.468241 0.00461908 -0.883589 -0.0574572 -0.0116128 -0.99828 0.302314 0.0260397 -0.952853 0.55449 0.0121249 -0.832102 0.732092 0.0221822 -0.680844 0.89896 -0.00512919 -0.438 0.977744 0.0231213 0.208522 0.996806 0 0.0798665 0.721405 0 0.692514 0.733422 -0.00163912 0.679772 0.368505 0.00129491 0.929625 0.231146 -0.0102545 0.972865 -0.0178796 0.00157197 0.999839 0.981068 0.0448111 0.188409 -0.500382 0.0231476 0.865495 -0.639466 -0.0030801 0.768813 -0.892253 0 -0.451537 -0.917602 0.0587038 -0.393142 -0.834159 0.0847382 0.544976 -0.884022 0 0.467446 0.0550833 0 0.998482 0.0550833 0 0.998482 0.892252 0 0.451537 0.892252 0 0.451537 0.837169 0 -0.546944 0.837169 0 -0.546944 -0.0550834 0 -0.998482 -0.0550834 0 -0.998482 0 -1 0 0 -1 0 0 -1 0 0 -1 0 -0.629945 -0.521064 -0.5759 -0.556045 -0.830427 0.034702 -0.213759 -0.944661 0.248842 -0.161243 -0.923357 0.348443 -0.318902 -0.49323 0.809337 0.510618 -0.723462 0.464621 0.851263 -0.517167 0.0888258 0.520356 -0.483906 -0.703608 0.546579 -0.813288 -0.199537 0.316574 -0.656259 -0.684913 -0.113819 -0.496941 -0.860288 -0.716087 0.49261 -0.494526 -0.930671 0.292873 0.219265 -0.696742 0.487689 0.526032 -0.560952 0.628301 0.539047 0.178959 0.357771 0.916501 0.400436 0.402805 0.823043 0.313839 0.258918 0.913491 0.977859 0.0344173 0.206415 0.874904 0.45957 -0.15277 0.879457 0.116117 -0.461598 0.41319 0.173612 -0.893942 -0.350103 0.683015 -0.641029 -0.1315 0.836836 -0.531426 -0.114915 0.991916 0.0538223 -0.115621 0.992558 -0.0382088 -0.0490541 0.994497 -0.0925669 -0.00475295 0.995317 -0.0965485 0.0514677 0.998666 0.00412372 0.116438 0.993101 -0.0138619 0.0756228 0.99467 0.070091 0.0399072 0.994119 0.100674 -0.00201995 0.993598 0.112957 -0.0590016 0.993028 0.102053 0.000651793 -0.999993 -0.00378954 0.00660595 -0.999962 -0.00564269 -0.00171625 -0.999997 -0.00200208 -0.00269218 -0.999996 0.000138645 -0.0025359 -0.999992 0.00311603 -0.000230886 -0.999962 0.00876799 0.0141402 0.999857 -0.00923811 0.00911835 0.999948 0.00461447 -0.0187546 0.999749 0.0122529 0.000608199 0.999939 0.0110247 -0.998527 -0.017303 0.0514233 -0.997158 0.00190794 -0.0753131 -0.650732 -0.00976597 -0.759245 -0.650801 -0.00975033 -0.759186 0.169496 0.0122333 -0.985455 0.157982 0.0103063 -0.987388 0.760366 -0.00189991 -0.649492 0.870137 0.0212878 -0.49235 0.99942 -0.0167875 0.0296324 0.958025 0.00958475 0.286524 0.614873 -0.0130704 0.788518 0.521862 0.00305157 0.853024 -0.0263235 -0.00367151 0.999647 -0.181359 0.0132085 0.983328 -0.631181 -0.0099656 0.775572 -0.778664 0.00922801 0.627373 -0.892252 0 -0.451537 -0.892252 0 -0.451537 -0.83717 0 0.546943 -0.83717 0 0.546943 0.0550833 0 0.998482 0.264785 0.196185 0.94414 0.888375 0.0931308 0.449575 0.829745 0 0.558143 0.837169 0 -0.546944 0.837169 0 -0.546944 -0.0550834 0 -0.998482 -0.0550834 0 -0.998482 0 -1 0 0 -1 0 0 -1 0 0 -1 0 -0.728006 -0.601033 -0.329797 -0.669069 -0.741586 0.0489529 -0.335347 -0.898174 0.284298 -0.395407 -0.434092 0.809455 0.391394 -0.919783 0.0284505 0.563888 -0.797231 0.215529 0.461905 -0.724604 -0.511462 0.0738638 -0.59665 -0.799095 -0.75799 0.444928 -0.476959 -0.740351 0.515218 0.431777 -0.535331 0.6235 0.569797 -0.141563 0.842566 0.519656 0.41692 0.425403 0.80325 0.151532 0.544434 0.825003 0.849935 0.489102 0.195932 0.733552 0.602374 -0.314717 -0.258563 0.729715 -0.632978 0.0631987 0.941967 -0.329704 -0.101106 0.994846 -0.00763629 -0.0876836 0.990881 -0.102305 0.0255383 0.986849 -0.159614 0.11354 0.991454 -0.0642441 0.0868876 0.995879 0.0259862 0.0402841 0.997016 0.0658475 -0.0133374 0.997293 0.0723155 -0.0612783 0.996899 0.0493721 -0.911502 -0.000355295 0.411295 -0.922386 0.00099039 0.386269 -0.968456 -0.000698111 0.249184 -0.975482 0.000698143 0.220079 -0.999226 0.00119337 0.0393074 -0.995437 -0.000776072 0.0954151 -0.998197 -0.00035291 -0.0600222 -0.990611 0.00174475 -0.136702 -0.97139 -0.00184619 -0.237482 -0.947126 0.000853102 -0.320861 -0.888215 -0.00324133 -0.459417 -0.850208 0.00139547 -0.526445 -0.751882 -0.000852048 -0.659297 -0.729506 0.000957325 -0.683974 -0.583739 0.00048512 -0.811942 -0.612174 -0.000894865 -0.790723 -0.41132 0.00242155 -0.911488 -0.47826 -0.000485091 -0.878218 -0.315081 -0.000790386 -0.949064 -0.222472 0.00200898 -0.974937 -0.133703 -0.00167401 -0.99102 -0.0143891 0.00111899 -0.999896 0.0722332 -0.00124088 -0.997387 0.128476 0.000517323 -0.991713 0.25882 -0.00155058 -0.965924 0.290773 0 -0.956792 0.436138 0 -0.89988 0.436138 0 -0.89988 0.592273 0 -0.805738 0.592273 0 -0.805738 0.708462 0 -0.705749 0.74104 0.00238934 -0.671456 0.833595 -0.00142403 -0.552374 0.864226 0.000828289 -0.503104 0.918484 -0.00175076 -0.395453 0.939694 0.00048519 -0.342016 0.978392 -0.000610482 -0.206758 0.981125 0 -0.193375 0.998388 0 -0.0567556 0.998388 0 -0.0567556 0.992749 0 0.120209 0.991355 0.000517185 0.131205 0.955328 0 0.295547 0.957452 -0.000423273 0.288594 0.869134 0 0.494577 0.859724 -0.00145145 0.510758 0.707107 0.00145142 0.707105 0.739435 -0.00218004 0.673225 0.593824 0.00048504 0.804595 0.558311 -0.00128875 0.829631 0.477027 0.000560804 0.878888 0.392271 -0.000905439 0.919849 0.355833 0.000317541 0.93455 0.188889 0 0.981998 0.210979 -0.00144453 0.97749 -0.0180285 0 0.999838 -0.0311792 -0.000918614 0.999513 -0.18244 0.000263126 0.983217 -0.252997 -0.00212579 0.967465 -0.317162 -4.32287e-05 0.948371 -0.459037 -0.000640884 0.888417 -0.467904 0 0.88378 -0.60963 0 0.792686 -0.658971 -0.00359502 0.75216 -0.74702 0.000258651 0.664802 -0.825277 -0.000813099 0.564728 -0.817481 -0.00150354 0.575954 0.118833 -0.992849 0.0114207 0.152578 -0.987529 0.0388001 0.0921275 -0.994362 0.0525106 0.11394 -0.993479 -0.00420461 0.0883957 -0.991583 0.0946025 0.0832514 -0.994547 0.0628129 0.106628 -0.993877 -0.0289566 0.108438 -0.991774 -0.0680146 0 -1 0 0.119056 -0.99056 -0.0679401 0 -1 0 0.0791382 -0.993904 -0.0767592 0 -1 0 0.0583069 -0.994091 -0.0915659 0.0451578 -0.99283 -0.110678 0 -1 0 0.038834 -0.993411 -0.107824 0 -1 0 -0.110592 -0.985996 0.124828 0.0148626 -0.994477 -0.103898 -0.0234467 -0.993299 -0.113167 -0.0140515 -0.991627 -0.128372 -0.106076 -0.986324 0.126142 -0.162101 -0.978697 0.125997 -0.150113 -0.980816 0.124363 -0.0302009 -0.993328 -0.1113 -0.139891 -0.988295 0.0608569 -0.0504284 -0.993652 -0.100567 -0.0516347 -0.99362 -0.100266 -0.0508551 -0.996365 -0.0683453 -0.149702 -0.988519 0.0204921 -0.0556545 -0.997384 -0.046124 -0.162579 -0.986685 0.00446273 -0.100135 -0.994869 -0.0144567 -0.0677192 -0.997245 -0.0302758 0 1 0 0 -1 0 0 -1 0 0 -1 0 0 -1 0 0 -1 0 0 -1 0 0 -1 0 0 -1 0 0 -1 0 0 -1 0 0 -1 0 0 -1 0 0 -1 0 0 -1 0 0 -1 0 0 -1 0 0 -1 0 0 -1 0 0 -1 0 0 -1 0 0 -1 0 0.915847 0.0232411 -0.400854 0.999097 -0.0364868 -0.0217472 0.997289 -0.0608167 -0.0414186 0.924418 -0.000373103 0.381382 0.902882 -0.0509112 0.426863 0.668385 0.0283714 0.743275 0.625482 -0.0121893 0.780143 0.330792 0.0320618 0.943159 0.201814 -0.0956837 0.974739 -0.107351 0.0284087 0.993815 -0.304591 -0.121627 0.944686 -0.502136 0.0238378 0.86446 -0.73957 0.0144886 0.672924 -0.719236 -0.0102159 0.694691 -0.905965 0.00995165 0.423236 -0.895794 -0.00703642 0.444415 0.912505 0.0120871 -0.408886 0.893814 -0.0089178 -0.44835 -0.916232 -0.00677818 0.400592 -0.982707 0.140585 0.120514 -0.992549 0.0915907 0.0803636 -0.922408 -0.0439179 -0.383713 -0.92202 -0.0424726 -0.384806 -0.560329 0.0106064 -0.828202 -0.446085 -0.141696 -0.883703 -0.149157 0.0055909 -0.988798 0.138849 -0.18817 -0.972272 0.364723 0.0363865 -0.930405 0.69166 -0.0154152 -0.722059 0.75843 0.10068 -0.643931 0 1 0 0 1 0 0 1 0 0 1 0 0 1 0 0 1 0 0 1 0 0 1 0 0 1 0 0 1 0 0 1 0 0 1 0 0 1 0 0 1 0 0 1 0 0 1 0 0 1 0 0 1 0 0 1 0 0 1 0 0 1 0 0 1 0 0 1 0 0 1 0 0 1 0 0 1 0 0 1 0 0 1 0 0 1 0 0 1 0 0 1 0 0 1 0 0 1 0 0 1 0 0 1 0 0 1 0 0 1 0 0 1 0 0 1 0 0 1 0 0 1 0 0 -1 0 0 -1 0 0 -1 0 0 -1 0 0 -1 0 0 -1 0 0 -1 0 0 -1 0 0 -1 0 0 -1 0 0 -1 0 0 -1 0 0 -1 0 0 -1 0 0 -1 0 0 -1 0 0 -1 0 0 -1 0 0 -1 0 0 -1 0 0 -1 0 0 -1 0 0 -1 0 0 -1 0 -0.535165 -0.809497 0.241481 -0.389764 -0.879019 0.274608 -0.316972 -0.911357 0.262599 -0.355662 -0.841845 0.405958 -0.280127 -0.792209 0.542157 -0.136242 -0.842618 0.520993 -0.0124089 -0.917391 0.397794 0.0261323 -0.947823 0.317725 0.0136597 0.49613 0.868141 0.0891328 -0.906376 0.412962 0.211382 -0.842391 0.495677 0.175361 -0.959495 0.220493 0.332272 -0.803624 0.493745 0.368438 -0.853526 0.368437 0.365897 -0.857844 0.360866 0.557097 -0.761644 0.330969 0.584435 -0.792088 0.17616 0.505661 -0.860557 0.0612292 0.487824 -0.871682 0.0468832 0.570521 -0.820643 -0.0324325 0.591834 -0.796297 -0.125069 0.522595 -0.822355 -0.225003 0.395512 -0.880275 -0.262082 0.250594 -0.935353 -0.249635 0.494297 -0.812127 -0.310033 0.370388 -0.780331 -0.503882 0.252743 -0.814971 -0.521481 0.121913 -0.882115 -0.454984 0.228005 -0.797328 -0.558822 0.0471515 -0.757558 -0.651063 -0.078671 -0.808569 -0.583118 -0.146912 -0.884645 -0.442517 -0.12051 -0.804463 -0.58165 -0.279388 -0.811626 -0.513035 -0.325021 -0.847416 -0.419818 -0.323441 -0.902746 -0.283613 -0.38627 -0.788866 -0.478001 -0.552477 -0.783013 -0.285762 -0.486121 -0.865772 -0.118845 -0.482362 -0.875492 -0.0290046 -0.424171 -0.903805 -0.0566992 -0.580014 -0.812707 0.0555957 -0.613608 -0.773665 0.157882 0.984653 -0.00177438 -0.174517 0.990761 0 -0.135622 0.991138 0 0.132837 0.989738 0.000363234 0.142891 0.924865 -0.000101309 0.380296 0.912916 0.00101052 0.408146 0.789515 -0.0011375 0.61373 0.769952 -6.04168e-06 0.638102 0.590972 -0.00050313 0.806692 0.596962 -0.000229887 0.80227 0.448245 0.000127706 0.893911 0.341518 -0.00173576 0.939874 0.261877 0.000232126 0.965101 0.108809 -0.000794393 0.994062 0.130293 0 0.991476 -0.118694 0 0.992931 -0.141608 0.000555501 0.989923 -0.301047 -0.00129624 0.953608 -0.338853 0 0.940839 -0.537123 0 0.843504 -0.537123 0 0.843504 -0.728147 -0.00058395 0.685421 -0.717814 0 0.696235 -0.868532 0.000643134 0.495632 -0.881783 -0.000337781 0.471655 -0.965048 8.79319e-05 0.262074 -0.969858 -0.000413912 0.243671 -0.999041 0.00123743 0.043774 -0.999319 0.000964785 0.0368767 -0.983188 -0.000260436 -0.182596 -0.969154 0.00115546 -0.246452 -0.914783 -0.00167072 -0.403941 -0.868785 0.0015053 -0.495188 -0.798616 -0.000178797 -0.601841 -0.68273 0.00161788 -0.730669 -0.643251 -1.96305e-05 -0.765655 -0.476214 0.000645992 -0.879329 -0.466344 0.00111918 -0.884603 -0.266155 -0.00030312 -0.96393 -0.217193 0.000458799 -0.976129 -0.0595703 -0.000892129 -0.998224 -0.00862004 0.000835556 -0.999963 0.194908 -0.000898673 -0.980821 0.243564 0.000605261 -0.969885 0.396519 -0.000308335 -0.918026 0.551381 -0.000373109 -0.834254 0.461118 0.00110953 -0.887338 0.643605 0.000822718 -0.765357 0.708935 -0.00118764 -0.705273 0.789544 0.000423369 -0.613694 0.875206 -0.00221588 -0.483746 0.916987 0.000763124 -0.398917 0 -1 0 0 -1 0 0 -1 0 0 -1 0 0 -1 0 0 -1 0 0 -1 0 0 -1 0 0 -1 0 0 -1 0 0 -1 0 0 -1 0 0 -1 0 0 -1 0 0 -1 0 -0.742967 0.668704 0.0289161 -0.756449 0.644741 -0.109976 -0.700943 0.674484 -0.231839 -0.590257 0.66158 -0.462503 -0.618953 0.646915 -0.445419 -0.860553 0.34066 -0.378681 -0.787792 0.605418 -0.113371 -0.89175 0.362319 0.271122 0.698642 0.197172 -0.687766 -0.504411 0.345133 -0.791488 -0.63687 0.617495 -0.461624 -0.0386994 0.647214 -0.761325 0.132219 0.696886 -0.704889 -0.403225 0.615272 -0.677385 -0.405967 0.622196 -0.669375 0.345723 0.626612 -0.69845 0.161318 0.47441 -0.865397 -0.0379112 0.686637 -0.726011 0.517271 0.694292 -0.50039 0.603679 0.660182 -0.446914 0.318087 0.686564 -0.653797 0.713753 0.689497 -0.123084 0.731012 0.661503 -0.167436 0.638904 0.545452 -0.542479 0.635796 0.605987 -0.478062 0.728907 0.652215 0.20811 0.720859 0.675249 0.156211 0.638395 0.661511 0.393515 0.626473 0.666195 0.404618 0.738516 0.663759 -0.1184 0.773442 0.629376 -0.0753233 0.483918 0.662097 0.572232 0.467153 0.649086 0.600379 0.71819 0.677961 0.156757 0.730152 0.578817 0.36311 0.227491 0.675845 0.701058 0.648728 0.645173 0.403613 0.155018 0.639342 0.753134 -0.0404097 0.675268 0.736465 0.456372 0.668706 0.586989 0.331535 0.45909 0.824209 -0.409745 0.645145 0.644901 -0.362616 0.580725 0.728881 0.157551 0.625978 0.76376 -0.69158 0.646083 0.322946 -0.368824 0.558621 0.742908 -0.197165 0.751429 0.629666 -0.741182 0.607985 0.284611 -0.796886 0.487587 0.356696 -0.765662 0.571288 0.295622 -0.999241 -0.00234564 0.0388902 -0.994764 0.0207884 -0.10006 -0.949415 -0.00132793 -0.314022 -0.798216 0.0136464 -0.602217 -0.787109 0.00890664 -0.616749 -0.508119 -0.00156787 -0.861286 -0.124432 0.0157091 -0.992104 0.1843 -0.0251924 -0.982547 0.381193 0.0160023 -0.924357 0.718521 -0.0245205 -0.695073 0.807074 0.00506637 -0.590428 0.974636 -0.0158325 -0.223237 0.984097 -0.00255532 -0.177615 0.97387 0.000204923 0.227107 0.961554 -0.00670633 0.274533 0.866641 0.00339124 0.49892 0.840025 -0.00214684 0.542544 0.66883 0.00557747 0.743395 0.645726 0 0.763569 0.398136 0 0.917326 0.308616 -0.0154443 0.951061 0.0683086 0.00562426 0.997648 -0.0547866 -0.00556959 0.998483 -0.357431 0.0214706 0.933693 -0.536153 -0.0211553 0.843856 -0.700177 0.00504198 0.713952 -0.905746 -0.0271083 0.422954 -0.95258 0.000967555 0.304286 0.0594963 0.997919 -0.0248584 0.148148 0.986755 -0.0660854 0.347583 0.934139 0.0810566 0.456336 0.850142 0.26271 0.372202 0.830855 0.413697 0.133379 0.942215 0.307312 -0.0394304 0.989905 0.136138 0.0099243 0.98939 0.144945 0.0192512 0.991508 0.128611 -0.0965179 0.962869 0.252127 -0.24225 0.938242 0.247016 -0.258596 0.962447 0.0826044 -0.168299 0.985591 -0.0169287 -0.0932005 0.993161 -0.0703155 -0.0879714 0.994816 -0.0510082 -0.0424561 0.998831 -0.023099 0.163757 0.215309 -0.962718 -0.89271 0.445138 -0.0701585 0.0938516 0.969226 -0.227581 0.133151 0.986297 -0.097409 0.108256 0.993931 -0.0195386 -0.499999 0 -0.866026 -0.499999 0 -0.866026 -1 0 0 -1 0 0 -0.500002 0 0.866024 -0.500002 0 0.866024 0.500002 0 0.866024 0.500002 0 0.866024 1 0 0 1 0 0 0.499999 0 -0.866026 0.499999 0 -0.866026 0 -1 0 0 -1 0 0 -1 0 0 -1 0 0.0140298 -0.999827 -0.0122146 0.0052564 -0.999869 -0.0153075 0.0236879 -0.999709 -0.00447787 0.0017918 -0.999878 -0.0155311 0.0350564 -0.999277 0.0147499 0.0347003 -0.998409 0.0444402 0.0158794 -0.996875 0.0773871 -0.0210803 -0.999777 0.00137699 -0.0228817 -0.997105 0.0725095 -0.0279515 -0.999609 0.000338341 -0.0386271 -0.998745 0.0318805 0.0169324 0.999426 -0.0293278 0.0266121 0.999646 0 -0.0299308 0.998207 -0.0518416 0.015247 0.999535 0.0264087 -0.0838109 0.996482 0 -0.0250425 0.998745 0.0433748 -0.997862 -0.00469624 0.0651816 -0.988021 0.00913708 -0.154047 -0.9155 0.000924212 -0.402317 -0.636839 0.0190186 -0.770762 -0.252422 -0.00664831 -0.967595 -0.121865 0.00212806 -0.992544 0.324773 -0.00256455 -0.945789 0.441049 0.00405764 -0.897474 0.754211 -0.00237503 -0.656628 0.839242 0.00592443 -0.543725 0.982583 -0.00540821 -0.185744 0.99955 0.00172762 -0.0299461 0.878166 -0.00894673 0.478272 0.921735 -8.82548e-05 0.387819 0.577405 0.00293256 0.816453 0.61544 0.000350109 0.788184 0.201006 -0.00209357 0.979588 0.0705138 0.00521296 0.997497 -0.300937 -0.0034811 0.953638 -0.434194 0.00298162 0.900814 -0.771217 -0.00840575 0.636517 -0.888945 0.00604582 0.457975 -0.499999 0 -0.866026 -0.499999 0 -0.866026 -1 0 0 -1 0 0 -0.499999 0 0.866026 -0.499999 0 0.866026 0.5 0 0.866025 0.5 0 0.866025 1 0 0 1 0 0 0.5 0 -0.866025 0.5 0 -0.866025 0 -1 0 0 -1 0 0 -1 0 0 -1 0 -0.594017 -0.779769 -0.197747 -0.621646 -0.772022 0.132431 -0.442651 -0.814668 0.374668 -0.245637 -0.868816 0.429907 0.378833 -0.925352 0.0144855 0.435483 -0.894097 -0.104617 0.373674 -0.853603 -0.362945 0.0668439 -0.84512 -0.530381 -0.268475 0.421076 -0.866381 -0.753065 0.368286 -0.545214 -0.598145 0.730421 0.329707 -0.547808 0.828425 0.116701 -0.404758 0.71257 0.573075 0.213951 0.544467 0.811037 0.35034 0.567003 0.7455 0.623219 0.739385 0.254768 0.346714 0.889226 -0.29844 0.48924 0.835913 -0.248783 -0.0918539 0.99567 -0.0143214 -0.0656228 0.994679 -0.0794229 -0.0132823 0.994043 -0.108179 0.0496339 0.993648 -0.100998 0.096519 0.993365 -0.0625324 0.105527 0.994411 -0.00316156 0.0863155 0.995158 0.0470097 0.0530792 0.995766 0.0750542 0.00614884 0.996191 0.0869822 -0.0364754 0.996465 0.0756749 -0.0776605 0.996177 0.0400099 0.0141824 -0.999898 0.00195408 0.014387 -0.999847 -0.00990828 0.00926091 -0.999894 0.0111911 0.00806525 -0.999635 -0.0257794 0.000895613 -0.999833 0.0182713 -0.0153605 -0.99854 -0.0517881 -0.0125602 -0.999651 0.0232591 -0.0380445 -0.998973 0.0246243 -0.0752262 -0.994736 -0.0695847 -0.111525 -0.993275 -0.0310902 -0.0813775 -0.996639 0.0094026 0.0519148 0.998555 -0.0139103 0.0252395 0.999363 0.0252395 0.0147917 0.998366 -0.0552033 -0.00712588 0.999621 0.0265945 -0.0274102 0.999248 -0.0274102 -0.0274325 0.999597 0.00735055 -0.303982 9.66424e-05 -0.952678 -0.284358 0.00198436 -0.958716 0.282646 -0.0014668 -0.959223 0.298585 -0.000167527 -0.954383 0.694894 -2.4977e-05 -0.719112 0.823544 -0.0094692 -0.567173 0.951783 0.00403887 -0.306746 0.990593 -0.00980219 0.136486 0.968011 -1.96171e-05 0.250908 0.624539 -0.00446049 0.780981 0.637538 -0.00313826 0.770413 0.121773 0.00401686 0.99255 0.0489588 -0.0015592 0.9988 -0.427161 0.00108593 0.904175 -0.475156 -0.00189464 0.8799 -0.815372 0.00305149 0.57893 -0.839496 2.70331e-05 0.543365 -0.999793 0.0059513 0.0194758 -0.993391 0.000219029 0.114779 -0.963269 -0.00121712 -0.268534 -0.8163 0.0080959 -0.577571 -0.734097 5.84398e-05 -0.679045 0.258816 0 -0.965927 0.258816 0 -0.965927 -0.707107 0 -0.707107 -0.707107 0 -0.707107 -0.965927 0 0.258816 -0.965927 0 0.258816 -0.25882 0 0.965926 -0.25882 0 0.965926 0.707107 0 0.707107 0.707107 0 0.707107 0.965926 0 -0.25882 0.965926 0 -0.25882 0 -1 0 0 -1 0 0 -1 0 0 -1 0 -0.149845 -0.783825 -0.602632 -0.170494 -0.786699 -0.593326 -0.439243 -0.879832 0.181554 -0.220897 -0.839264 0.49683 0.0472123 -0.829941 0.55585 0.568669 -0.806718 0.16069 0.53238 -0.803371 -0.266771 0.244648 0.828207 -0.504203 -0.651265 0.594446 -0.471686 -0.830591 0.555486 -0.0394236 -0.458475 0.78582 0.415076 0.251318 0.921741 0.29535 0.387648 0.915276 0.109539 0.351366 0.853038 -0.385834 -0.033332 0.99397 -0.104462 0.0265315 0.995585 -0.0900407 -0.0161163 0.991591 -0.128405 0.117062 0.985708 -0.121142 0.207946 0.975842 -0.067018 0.206426 0.976998 0.0535055 0.00608725 0.988559 0.150712 0.054137 0.996236 0.067698 0.0118062 0.995289 0.0962302 -0.0450911 0.994413 0.0954447 -0.097095 0.992885 0.0689393 -0.126543 0.991958 0.00246503 -0.100164 0.992444 -0.0708707 0.0151255 -0.999691 0.0197068 0.0206781 -0.999751 0.00834527 0.00386509 -0.999583 0.0286338 0.0205421 -0.999782 -0.00385524 -0.0108051 -0.999472 0.0306517 -0.0260158 -0.999376 0.0238985 0.0163414 -0.99978 -0.0131539 0.00750566 -0.999766 -0.0202901 -0.0372852 -0.999286 0.00610456 -0.0032764 -0.9997 -0.0242657 -0.0298484 -0.99947 -0.0129754 -0.0158672 -0.999622 -0.0224378 0.0303438 0.999386 0.017519 0 0.999535 0.0305071 0.0408373 0.998888 -0.0235774 -0.0291766 0.999432 0.0168451 0 0.998475 -0.0552118 -0.0387519 0.998998 -0.0223735 0.378703 0.00189596 -0.925516 0.346941 0 -0.937887 0.778987 -0.00116997 -0.627039 0.811931 0.00289692 -0.583746 0.997553 0.00210596 -0.0698891 0.982832 -0.00431443 -0.184453 0.927326 -0.00191514 0.37425 0.885405 0.00498419 0.464794 0.608858 -0.00249062 0.793275 0.502138 0.00416537 0.864777 0.133769 -0.0043351 0.991003 -0.00549568 0.00287856 0.999981 -0.33246 -0.00185746 0.943116 -0.519637 0.00867538 0.854343 -0.736437 -0.00168253 0.676504 -0.940079 0.00803128 0.340862 -0.986844 -0.00586203 0.161572 -0.974526 0.0025552 -0.224262 -0.917079 -0.00577108 -0.398663 -0.657244 0.00708395 -0.753645 -0.57738 0.000940437 -0.816475 -0.159814 0 -0.987147 -0.133808 0.00211867 -0.991005 0.866026 0 -0.499999 0.866026 0 -0.499999 0 0 -1 0 0 -1 -0.866026 0 -0.499999 -0.866026 0 -0.499999 -0.866025 0 0.5 -0.866025 0 0.5 0 0 1 0 0 1 0.866025 0 0.5 0.866025 0 0.5 0 -1 0 0 -1 0 0 -1 0 0 -1 0 0.529664 -0.845667 -0.0656004 0.244399 -0.759671 -0.602635 -0.23426 -0.707449 -0.666812 -0.640789 -0.762632 -0.0882215 -0.251915 -0.844243 0.473067 0.222046 -0.875334 0.429518 0.4126 0.878494 -0.240854 -0.204007 0.872453 -0.44408 -0.634636 0.772749 0.00977494 -0.247824 0.77434 0.582221 0.407273 0.822012 0.398026 0.544495 0.838 0.0358 0.0395831 0.994523 -0.0967375 0.0932684 0.99338 -0.0670562 0.113213 0.993539 -0.00793178 0.100419 0.993548 0.0527152 0.0526071 0.994497 0.0905995 -0.000533662 0.995274 0.0971048 -0.0486645 0.995605 0.08001 -0.0856629 0.99584 0.0310603 -0.0857963 0.996117 -0.0197438 -0.0620599 0.995532 -0.0711625 -0.0160119 0.994968 -0.098903 -0.00141387 -0.999708 0.0241399 0.0115816 -0.999648 0.0238852 -0.0108104 -0.999716 0.0212279 -0.0216534 -0.999668 0.0139489 0.0255698 -0.999505 0.0183463 0.0386096 -0.99924 0.00544279 -0.0294268 -0.999564 0.00262428 0.0478253 -0.998699 -0.0177177 -0.0334271 -0.999295 -0.0170747 0.0424319 -0.997623 -0.0542914 -0.0278637 -0.998766 -0.0411158 0.00168912 -0.997708 -0.0676499 0.0370683 0.998855 0.0302446 0.02991 -0.9933 0.111627 -0.0626371 -0.996069 0.0626371 -0.0305061 0.999501 -0.00817399 -0.755434 -0.642413 0.128938 0.209497 -0.494609 -0.843489 -0.00523662 0.999795 -0.0195433 0.933129 0.000389048 -0.359543 0.937719 -0.000394211 -0.347394 0.995615 -0.00138896 0.0935344 0.990208 0.00174915 0.139589 0.814931 0.000649853 0.579558 0.812496 0.000344929 0.582966 0.436302 -8.91161e-05 0.8998 0.411753 0.00177579 0.911294 -0.0584694 -0.00136127 0.998288 -0.146446 0.00376637 0.989211 -0.453798 -0.00176533 0.891103 -0.567946 0.00379353 0.823057 -0.840659 -0.00461085 0.541545 -0.874793 -0.00102365 0.484496 -0.99888 -0.000984326 0.0473111 -0.996044 0.00229555 0.0888272 -0.890544 -0.00109086 -0.454895 -0.880077 0.000342948 -0.474832 -0.539907 -0.00192507 -0.841722 -0.561001 0 -0.827815 -0.00158461 -0.0023383 -0.999996 0.0249609 0 -0.999688 0.615792 0.0029119 -0.787903 0.573151 -0.00233257 -0.819446 0.965927 0 0.258816 0.965927 0 0.258816 0.707107 0 -0.707107 0.707107 0 -0.707107 -0.258816 0 -0.965927 -0.258816 0 -0.965927 -0.965926 0 -0.25882 -0.944569 -0.0618656 -0.322431 -0.705506 -0.0672406 0.705506 -0.656658 0 0.754189 0.25882 0 0.965926 0.25882 0 0.965926 0 -1 0 0 -1 0 0 -1 0 0 -1 0 0.859718 -0.47149 0.196423 0.573308 -0.481589 -0.662865 -0.0206362 -0.876452 -0.481047 -0.759278 -0.63714 -0.132477 -0.468343 -0.883094 -0.0282836 -0.609139 -0.488718 0.624584 -0.361153 -0.320218 0.875802 0.380059 -0.585379 0.716161 0.477527 -0.748727 0.459756 0.582962 0.804538 0.113466 0.429428 0.616466 -0.65997 -0.414931 0.662259 -0.623896 -0.326055 0.621055 -0.712726 -0.532432 0.832576 0.152755 -0.577673 0.815244 0.0408811 -0.16737 0.898473 0.405874 0.217795 0.885515 0.4104 0.102248 0.993979 -0.0393971 0.103412 0.994591 0.00971522 0.0799462 0.995176 0.0568557 0.0376985 0.9958 0.0834344 -0.0127903 0.996179 0.0863955 -0.0484799 0.99635 0.0702562 -0.0750035 0.996318 0.04154 -0.0906827 0.995871 0.00429511 -0.0842652 0.995406 -0.045464 -0.0556476 0.994674 -0.0867553 -0.00017726 0.993723 -0.111868 0.0674259 0.993056 -0.0964002 -0.0165029 -0.999774 0.0133814 -0.011721 -0.999288 0.0358724 -0.0150516 -0.999886 0.0012883 0.0275468 -0.99603 0.0846481 -0.0107546 -0.999918 -0.0069616 0.116709 -0.989707 0.0828208 -0.00391343 -0.999912 -0.0127054 0.0533539 -0.998575 -0.000936394 0.00464261 -0.999867 -0.0156667 0.0218263 -0.999643 -0.0154334 -0.0150235 0.999549 0.0260215 -0.0602443 0.998184 0 0.0087409 0.999847 0.0151397 -0.0209906 0.999118 -0.0363568 0.0155203 0.99988 0 0.010474 0.999781 -0.0181415 0.976971 0.00132003 0.213367 0.815508 -0.0059745 0.578715 0.752657 0.00208851 0.658409 0.309453 -0.00157666 0.950914 0.287298 0.000121134 0.957841 -0.310582 -0.000650152 0.950547 -0.334409 0.00150806 0.942427 -0.776742 0.000363899 0.629819 -0.775906 0.000267636 0.630848 -0.99831 -0.00216181 0.0580754 -0.996357 0.000171126 0.0852803 -0.78668 0.000697376 -0.61736 -0.83942 0.0112542 -0.543367 -0.294364 -0.00421291 -0.955684 -0.253007 -0.00134458 -0.967464 0.310192 -0.00194958 -0.950672 0.284123 0.000247594 -0.958788 0.816499 0.00064368 -0.577346 0.784569 -0.00422521 -0.620027 0.978052 0.000369449 -0.20836 0.999819 -0.00741586 -0.0175474 0.499999 0 0.866026 0.499999 0 0.866026 1 0 0 1 0 0 0.499999 0 -0.866026 0.499999 0 -0.866026 -0.5 0 -0.866025 -0.5 0 -0.866025 -1 0 0 -1 0 0 -0.5 0 0.866025 -0.5 0 0.866025 0 -1 0 0 -1 0 0 -1 0 0 -1 0 0.181393 -0.911152 0.369998 0.337153 -0.939513 0.0603628 0.732207 -0.679836 -0.0411855 -0.0319081 -0.881087 -0.471877 0.0252613 -0.606475 -0.794701 -0.698279 -0.701725 -0.141379 -0.686579 -0.680387 0.256287 -0.140418 -0.842793 0.519598 0.537094 0.531368 0.655117 0.760707 0.614086 0.210293 0.172447 0.77927 -0.602495 0.634448 0.681006 -0.365658 -0.384732 0.876731 -0.28866 -0.22008 0.881904 -0.416905 -0.435303 0.860255 0.265466 -0.0244253 0.6574 0.753146 0.110809 0.993547 0.0242003 0.0897526 0.992865 0.0785137 0.0324819 0.993588 0.108293 -0.0356246 0.99431 0.100397 -0.0757074 0.995228 0.0615537 -0.0915255 0.995789 0.00532438 -0.074224 0.995539 -0.0582485 -0.0231452 0.995807 -0.0885041 0.0303245 0.99521 -0.0929379 0.0834841 0.994323 -0.0659755 0.106623 0.99404 -0.0227146 -0.00369757 -0.999993 -0.000952064 -0.00388575 -0.999992 0.000980448 -0.00351125 -0.999988 0.00341552 -0.00281448 -0.999991 -0.00323845 -0.00231477 -0.999977 0.00638509 -0.0199724 0.99914 -0.0363501 -0.000956596 -0.999984 -0.00556 0.00880389 -0.99898 0.0442952 0.0039115 -0.999951 -0.00904285 0.0200279 -0.999442 0.0267527 0.0379743 -0.99844 0.0409285 0.0192991 -0.999704 -0.0148206 -0.0195247 0.999796 0.00523156 -0.00289587 0.999937 0.0108075 0.00777238 0.99994 0.00777238 0.0183375 0.99982 -0.00491355 0.680141 0.00644108 0.733053 0.194942 -0.000686524 0.980815 -0.00583042 0.0115086 0.999917 -0.340821 -0.00258644 0.940125 -0.605644 0.00611397 0.795712 -0.716809 -0.00199904 0.697266 -0.956264 0.00292837 0.292491 -0.969611 -0.000284407 0.244651 -0.974202 -8.81826e-05 -0.225679 -0.968412 0.00184014 -0.24935 -0.645325 -0.000636774 -0.763908 -0.65597 0.00052458 -0.754786 -0.169558 0.00149241 -0.985519 -0.0922109 0.00744673 -0.995712 0.397 -0.0040393 -0.91781 0.544646 0.0046035 -0.838653 0.793105 -0.00523749 -0.609062 0.932733 0.0072509 -0.360495 0.995031 -0.00356401 -0.0994998 0.9871 0.00725761 0.15994 0.921475 -0.00136441 0.388435 0.651237 0.00290267 0.758869 -0.258816 0 0.965927 -0.0229759 0.21303 0.976775 0.696217 0.174825 0.696217 0.538536 0 0.842603 0.965927 0 -0.258816 0.965927 0 -0.258816 0.25882 0 -0.965926 0.25882 0 -0.965926 -0.707107 0 -0.707107 -0.707107 0 -0.707107 -0.965926 0 0.25882 -0.965926 0 0.25882 0 -1 0 0 -1 0 0 -1 0 0 -1 0 0.378153 -0.575823 0.724864 0.354519 -0.910087 0.214611 0.263986 -0.920555 0.287905 0.376563 -0.920105 0.107739 0.521855 -0.196982 -0.829979 0.253735 -0.730117 -0.634466 -0.245634 -0.636974 -0.730703 -0.624277 -0.730193 -0.277662 -0.521021 -0.839828 0.1524 -0.481401 -0.857448 0.18176 0.00529343 0.691122 0.722718 -0.477066 0.538059 0.69491 0.24838 0.883574 0.396993 -0.0178298 0.701669 0.71228 0.772879 0.523038 0.359291 0.870683 0.453825 -0.189615 0.944838 0.327233 0.0141452 -0.0179305 0.960026 -0.279335 -0.240738 0.815788 -0.525867 -0.171391 0.843019 -0.509847 -0.6289 0.725425 -0.279719 -0.711311 0.641969 0.286203 0.056829 0.996185 0.0662212 -0.000535501 0.995774 0.0918401 -0.0588849 0.995262 0.0773646 -0.101439 0.994358 0.0310272 -0.111354 0.993446 -0.0257958 -0.0764978 0.992949 -0.0905548 -0.0107354 0.9932 -0.115923 0.055281 0.994836 -0.0851224 0.0867865 0.995662 -0.0335424 0.0860364 0.996194 0.0139405 -0.0140292 -0.999832 -0.0117705 -0.00759019 -0.999772 -0.0199625 -0.0169247 -0.999853 -0.00276136 0.00376776 -0.999608 -0.0277524 -0.0154126 -0.999849 0.00806837 0.0226188 -0.999363 -0.0276189 -0.0100319 -0.999817 0.016297 0.0413984 -0.999023 -0.0154756 -0.00167282 -0.999732 0.0231084 0.0446746 -0.99898 0.00652309 0.0129786 -0.999567 0.0264034 0.0293291 -0.999318 0.0224179 -0.139314 -0.989763 -0.0310017 -0.0324749 -0.999297 -0.0187494 0 -0.999187 -0.0403233 0.0136221 -0.997023 -0.0758984 -0.0341895 -0.99922 0.0197393 0.0417839 -0.998835 -0.0241239 0.996323 -0.0344638 0.0784375 0 0.95348 0.301455 -0.0320008 -0.923512 0.382232 0.0724014 -0.996499 0.041801 -0.0722006 -0.00383906 0.997383 -0.139595 0.000465503 0.990209 -0.524209 -0.00193287 0.851588 -0.55847 0.000220094 0.829525 -0.823652 -0.00183997 0.567092 -0.885918 -0.00812717 0.463771 -0.986908 0.00322842 0.161251 -0.986928 -0.00672343 -0.161023 -0.956963 0.00108569 -0.29021 -0.70119 -0.00454934 -0.71296 -0.766079 0.0025255 -0.642742 -0.355399 -0.000773354 -0.934714 -0.332703 0.000410798 -0.943032 0.134529 -0.00283181 -0.990906 0.183102 0.0013711 -0.983093 0.633598 0.000119036 -0.773662 0.646114 0.00112382 -0.76324 0.941472 -0.00149231 -0.337089 0.936692 -0.000528866 -0.350155 0.986353 0.000691611 0.164645 0.989505 0.00234241 0.144481 0.7432 0.00350442 0.66906 0.794492 -0.000945054 0.607275 0.441136 -0.00261386 0.897436 0.342317 0.00273374 0.939581 -0.866026 0 0.499999 -0.866026 0 0.499999 0 0 1 0 0 1 0.866026 0 0.499999 0.866026 0 0.499999 0.866025 0 -0.5 0.866025 0 -0.5 0 0 -1 0 0 -1 -0.866025 0 -0.5 -0.866025 0 -0.5 0 -1 0 0 -1 0 0 -1 0 0 -1 0 -0.974671 -0.163603 0.152481 -0.42233 -0.206734 0.882552 -0.0746144 -0.549675 0.83204 0.433617 -0.193898 0.879988 0.887203 -0.459634 0.0400958 0.906749 -0.415485 0.0719553 0.53518 0.096048 -0.83926 0.0911355 -0.418441 -0.90366 -0.283405 -0.151116 -0.947019 -0.823495 -0.215186 -0.52493 -0.823651 -0.530028 -0.201667 -0.455343 0.889851 0.0287674 -0.291873 0.887158 0.357437 0.357692 0.793229 0.492793 0.724428 0.689196 0.0145718 0.368268 0.744236 -0.557218 -0.143559 0.865602 -0.479713 -0.413831 0.88601 -0.209117 -0.0123866 0.996056 0.0878635 -0.0494558 0.996071 0.0734593 -0.0739735 0.995959 0.0509315 -0.0944317 0.995412 0.0154293 -0.0979021 0.994753 -0.0296899 -0.0760569 0.9941 -0.0773335 -0.0377263 0.99355 -0.106934 0.0222419 0.992595 -0.119419 0.0747858 0.993279 -0.0883428 0.102567 0.994048 -0.0367235 0.102392 0.994597 0.0170916 0.070549 0.995484 0.0635113 0.0308861 0.995921 0.0847752 0.000229621 -0.99993 -0.0118026 0.00580208 -0.999934 -0.00995737 -0.00517258 -0.999913 -0.0121228 -0.0129295 -0.999864 -0.0102846 0.00998615 -0.999925 -0.00713956 -0.0243981 -0.999694 -0.00405677 0.0155694 -0.999879 -0.00021157 -0.0378762 -0.999165 0.0152895 0.0190743 -0.999762 0.010551 -0.0418265 -0.997317 0.0600701 -0.835931 0.459082 -0.300771 0.017442 -0.999437 0.0286537 0.835931 -0.459082 0.300771 -0.00243375 -0.997354 0.0726537 -0.00894751 0.999639 -0.0253427 -0.00658531 0.999676 -0.024577 0.0253155 -0.999359 -0.0253155 -0.0359808 0.999306 -0.00964107 0.0212951 0.999299 0.0308072 0.0454891 -0.998891 0.0121886 -0.0420232 0.998233 0.0420232 0.0134415 0.998651 0.0501642 -0.927298 -0.000730745 0.374323 -0.934293 0.000447185 0.356505 -0.984974 -0.000850048 -0.172701 -0.986455 -0.00159156 -0.164022 -0.798847 -0.000270616 -0.601535 -0.782607 -0.00162863 -0.622514 -0.392449 0.00224375 -0.919771 -0.492182 -0.00601263 -0.870472 -0.134466 0.000847427 -0.990918 0.0194513 -0.00330291 -0.999805 0.316264 0.00720888 -0.948644 0.503456 -0.00264789 -0.864017 0.74591 0.0025866 -0.666042 0.813476 -0.00289939 -0.581592 0.985988 0.00553224 -0.166726 0.999898 -0.00434746 -0.0135875 0.93856 0.0022585 0.345108 0.875033 -0.00584562 0.484028 0.657541 0.0030733 0.753412 0.519959 -0.00235341 0.854188 0.320431 0.00248142 0.947268 -0.0334772 -0.0109412 0.99938 -0.176236 -0.00162922 0.984347 -0.626127 -0.00302178 0.779715 -0.571418 0.00249611 0.820655 -0.965927 0 -0.258816 -0.965927 0 -0.258816 -0.707107 0 0.707107 -0.707107 0 0.707107 0.258816 0 0.965927 0.258816 0 0.965927 0.965926 0 0.25882 0.965926 0 0.25882 0.707107 0 -0.707107 0.707107 0 -0.707107 -0.25882 0 -0.965926 -0.25882 0 -0.965926 0 -1 0 0 -1 0 0 -1 0 0 -1 0 -0.367983 -0.848648 -0.379981 -0.532512 -0.844052 -0.0633064 -0.248648 -0.657238 0.711487 -0.331059 -0.665589 0.668873 0.426854 -0.817795 0.386014 0.493615 -0.840505 0.223373 0.415237 -0.476282 0.77507 0.920907 -0.0721978 -0.383038 0.579402 -0.323293 -0.748181 -0.172087 -0.934592 -0.311325 -0.428522 -0.834168 -0.347179 -0.438918 0.865021 -0.243083 -0.305089 0.904843 -0.296951 -0.643526 0.758103 0.105613 -0.645307 0.760482 0.072434 0.170945 0.720313 0.672256 0.492856 0.750941 0.439524 0.178635 0.879525 0.44105 0.741768 0.663405 0.0983559 0.817583 0.464667 -0.340062 0.268342 0.475695 -0.837679 0.123993 0.533854 -0.836436 -0.0766531 0.996629 0.029249 -0.0877853 0.99602 -0.0153918 -0.0745379 0.995637 -0.0561273 -0.0491298 0.995006 -0.086891 -0.0140899 0.994495 -0.103833 0.0360346 0.993488 -0.108087 0.0833763 0.993733 -0.0744488 0.105778 0.994229 -0.0178866 0.0908871 0.9953 0.0334191 0.0576108 0.996154 0.0660106 0.0266331 0.99654 0.0787334 -0.0141638 0.996765 0.0791105 -0.050514 0.99674 0.062905 0 -1 0 0 -1 0 0 -1 0 0 -1 0 0 -1 0 0 -1 0 0 -1 0 0 -1 0 0 -1 0 0 -1 0 0 -1 0 0 -1 0 0 -1 0 0 -1 0 0 -1 0 0 -1 0 0 -1 0 0 -1 0 0 -1 0 0 -1 0 0 -1 0 0 -1 0 0 -1 0 0 -1 0 0.0193921 -0.998232 -0.0561782 0 -1 0 0 -1 0 0 -1 0 0.0447292 -0.997072 -0.0620191 0 -1 0 0 -1 0 0 -1 0 0.0387975 -0.99724 -0.0632956 0 -1 0 0 -1 0 0 -1 0 0 -1 0 0 -1 0 0 -1 0 0 -1 0 0 -1 0 0 -1 0 0 -1 0 0 -1 0 0 -1 0 0 -1 0 0 -1 0 0 -1 0 0 -1 0 0 -1 0 0 -1 0 0 -1 0 0 -1 0 0 -1 0 0 -1 0 0 -1 0 0 -1 0 0 -1 0 0 -1 0 0 -1 0 0 1 0 0 1 0 0 1 0 0 1 0 0 1 0 0 1 0 0 -1 0 0 1 0 0 1 0 0 1 0 0 1 0 0 1 0 0 1 0 0 1 0 0 1 0 0 1 0 0 1 0 0 1 0 0.0171659 0.995731 -0.0906882 0 1 0 0.0988795 0.992746 -0.0683985 0 1 0 0 1 0 0 1 0 0 1 0 0 1 0 0 1 0 0 1 0 0.0638289 0.989914 -0.126475 0 1 0 0 1 0 0 1 0 0 1 0 0 1 0 0 1 0 0 1 0 0 1 0 0 1 0 0 1 0 0 1 0 0 1 0 0 1 0 0 1 0 0 1 0 0 1 0 0 1 0 0 1 0 0 1 0 0 1 0 0 1 0 0 1 0 0 1 0 0 1 0 0 1 0 0 1 0 0 1 0 0 1 0 0 1 0 0 1 0 0 1 0 -0.197477 0.00932939 -0.980263 -0.152639 0.18673 -0.970481 0.217807 -0.102326 -0.970613 0.275404 0.0724689 -0.958593 0.428784 -0.0835759 -0.899533 0.621175 -0.00119745 -0.783671 0.645025 0.334796 -0.686916 0.868081 -0.0273867 -0.495666 0.870434 -0.0468921 -0.490046 0.986306 0.0760653 -0.146335 0.953697 0.242718 -0.177624 0.99371 -0.0090103 0.111622 0.935807 0.258984 0.23915 0.923538 -0.0320812 0.382163 0.788194 0.0935506 0.608275 0.793376 0.232035 0.562773 0.654732 0.011663 0.755772 0.518084 0.247648 0.818694 0.366606 -0.215735 0.905018 0.139509 0.149827 0.97882 -0.00775436 -0.219505 0.975581 -0.25469 0.315112 0.914242 -0.418815 -0.284589 0.862324 -0.640817 0.147611 0.753369 -0.749061 -0.182907 0.636751 -0.85982 0.0522619 0.507915 -0.909932 -0.266667 0.317667 -0.95322 -0.117073 0.278684 -0.99972 0.015772 -0.0176197 -0.999582 -0.011458 -0.0265301 -0.949343 0.0752102 -0.305109 -0.822634 0.14648 -0.549379 -0.704686 -0.0218725 -0.709182 -0.546492 0.249218 -0.799523 -0.514857 0.0797045 -0.853563 0 1 0 0 1 0 0 1 0 0 1 0 0 1 0 0 1 0 0 1 0 0 1 0 0 1 0 0 1 0 0 1 0 0 1 0 0 1 0 0 1 0 0 1 0 0 1 0 0 1 0 0 1 0 0 1 0 0 1 0 0 1 0 0 1 0 0 1 0 0 1 0 0 1 0 0 1 0 0 1 0 0 1 0 0 1 0 0 1 0 0 1 0 0 1 0 0 1 0 -0.215822 0.975872 0.0330789 -0.366453 0.906184 -0.211053 0 1 0 -0.315476 0.915745 -0.24877 0 1 0 -0.449914 0.0220034 -0.892801 -0.345113 -0.0364928 -0.937851 -0.187058 0.0436495 -0.981379 -0.00647391 -0.0742191 -0.997221 0.134362 0.0514888 -0.989594 0.342369 -0.0604542 -0.937619 0.491918 0.0659855 -0.868138 0.601584 0.017587 -0.798616 0.62092 0.0373395 -0.782984 0.790033 -0.00704793 -0.613024 0.794346 -0.00278394 -0.607459 0.904701 -0.00773191 -0.425978 0.901247 -0.000567461 -0.433306 0.988344 0.00626043 -0.152112 0.982485 -0.0316282 -0.183636 0.99723 0.0102731 0.0736666 0.990383 -0.0415316 0.131974 0.930852 0.0366043 0.363559 0.913482 0.0023865 0.406871 0.792229 -0.0596837 0.607298 0.76568 -0.000928922 0.643221 0.604612 0.0113247 0.79644 0.488467 -0.0941992 0.867483 0.331931 0.0308015 0.942801 0.133461 -0.0450246 0.990031 0.06568 0.014983 0.997728 -0.219637 -0.0449949 0.974544 -0.246377 -0.0798923 0.965875 -0.460055 0.0178647 0.887711 -0.588016 -0.0365093 0.808025 -0.680783 0.0476159 0.730936 -0.784269 -0.0264396 0.619858 -0.856646 0.0482664 0.513642 -0.941438 -0.0592466 0.33194 -0.974883 0.0239724 0.221422 -0.998493 -0.034771 0.0424644 -0.998435 0.0339414 -0.0444418 -0.964989 -0.0272863 -0.260867 -0.939486 0.0351211 -0.340783 -0.866173 -0.0297269 -0.498859 -0.811985 0.0375332 -0.58247 -0.715743 -0.0186025 -0.698116 -0.633846 0.022849 -0.773122 -0.558231 -0.0189403 -0.829469 -0.829494 -0.0356898 0.557374 -0.734064 0.0315175 0.678348 -0.102901 -0.0223705 0.99444 0.0961654 0.0455659 0.994322 -0.967131 0.0250957 -0.253036 -0.997404 -0.033885 -0.0635466 -0.999228 0.00630183 0.0387796 -0.942994 -0.040697 0.330311 -0.964603 0.00183326 0.263699 0.18371 -0.0158963 -0.982852 -0.242941 0.0507319 -0.968714 -0.456446 -0.0131189 -0.889655 -0.909041 0.000368345 -0.416707 -0.88197 0.0256242 -0.470609 0.778219 -0.0238198 -0.627542 0.653253 0.0193223 -0.756893 0.547206 -0.0228377 -0.836687 0.460074 0.00923043 -0.887833 0.190651 0.0151634 -0.981541 0.284834 -0.0175226 -0.958417 0.782107 0.00703045 0.623104 0.986736 -2.20223e-05 0.162331 0.99088 -0.114698 -0.0707155 0.788694 0.010596 -0.614695 0.796723 0.00525716 -0.604321 0.378294 0.012326 0.925604 0.364896 0.0045189 0.931037 0.669482 -0.0195584 0.74257 0.672879 -0.0164682 0.739569 -0.733126 -0.000115533 0.680093 -0.585938 0.0516855 0.808706 -0.111326 -0.0155635 0.993662 0.16146 0.0299443 0.986425 -0.196971 -0.0271764 -0.980033 -0.366892 0.0290251 -0.929811 -0.852799 -0.0375342 -0.520889 -0.91382 0.000323461 -0.406119 0.834624 0.0355129 0.549674 0.984357 -0.0861556 0.153683 0.942107 0.0426399 -0.332589 0.867962 0.0137707 0.49644 0.979857 -0.0496077 0.193441 0.934051 0.0677922 -0.350646 0.833043 0.00290426 -0.553201 -0.890115 -0.0228175 0.455164 -0.864993 -0.00189191 0.50178 -0.095164 -0.017034 0.995316 -0.0618994 0.00215291 0.99808 0.206762 -0.0111392 -0.978328 0.0210185 0.0292626 -0.999351 -0.358695 -0.0243177 -0.933138 -0.683058 0.0474432 -0.728822 -0.912631 -0.0249817 -0.408019 0.936809 0.0128813 0.349603 0.995993 -0.023964 0.0861605 0.57308 0.0691945 -0.816573 0.620741 0.0472252 -0.782592 -0.567542 -0.0230756 -0.823021 -0.735666 0.0508327 -0.675434 -0.887682 -0.0384126 0.458852 -0.806 0.00266563 0.591909 0.154611 -0.0239242 0.987686 0.260872 -0.0625366 0.963346 0.997996 -0.0487061 -0.0403843 0.974493 0.0197909 -0.223542 0.175506 -0.0335705 -0.983906 0.0237162 0.00768063 -0.999689 -0.931124 0.0546207 -0.360588 -0.836492 -0.00997293 -0.547889 -0.8222 -0.0227019 0.568745 -0.584271 0.0483216 0.810119 0.135635 -0.0682269 0.988407 0.52398 0.0139664 0.851616 0.870378 -0.0449411 0.490328 0.995731 0.0183313 0.0904687 0.538731 -0.10455 -0.835965 0.79644 -0.00814144 -0.604663 -0.149921 0.025398 -0.988372 -0.140508 0.0224971 -0.989824 -0.973093 0.00337604 -0.230388 -0.949359 -0.0188945 -0.313625 -0.831542 7.24833e-06 0.555462 -0.794185 0.0162189 0.60746 -0.0744695 -0.0135595 0.997131 0.38264 0.0859641 0.91989 -0.268887 0.801872 -0.533574 -0.0908393 0.93209 -0.350653 -0.088966 0.879903 -0.46675 0.0903621 0.740882 -0.665529 0.109946 0.942351 -0.316049 0.404216 0.796621 -0.449449 0.574556 0.69053 -0.439379 0.457968 0.872627 -0.169667 0.297735 0.944299 -0.140188 0.588595 0.800908 -0.110014 0.486807 0.872769 0.035961 0.319938 0.945484 0.0608314 0.541163 0.813922 0.21136 0.464573 0.810768 0.356127 0.191983 0.953723 0.231419 0.213256 0.935739 0.280917 0.193689 0.812297 0.550144 0.0241985 0.929672 0.367593 0.0195726 0.935693 0.352273 -0.16179 0.67711 0.717876 -0.27079 0.80849 0.52251 -0.262419 0.833812 0.485689 -0.582211 0.519882 0.625102 -0.399688 0.872191 0.282015 -0.538129 0.778658 0.32266 -0.501767 0.857462 0.113965 -0.374875 0.92556 0.0529792 -0.658232 0.752244 -0.0292989 -0.523467 0.830619 -0.189879 -0.631571 0.748243 -0.203104 -0.603764 0.499442 -0.621311 -0.24086 0.955057 -0.172779 -0.356257 0.827199 -0.434538 -0.272593 -0.849387 -0.451923 -0.447793 -0.772266 -0.450651 -0.350364 -0.902536 -0.250347 -0.797502 -0.466563 -0.382505 -0.820514 -0.4458 -0.357796 -0.387342 -0.92082 -0.0453524 -0.57519 -0.817877 -0.0152662 -0.610996 -0.762354 0.213305 -0.308349 -0.939287 0.150538 -0.525507 -0.724077 0.446715 -0.171715 -0.919518 0.353554 -0.107644 -0.959739 0.25945 -0.00611955 -0.63813 0.769905 0.0933873 -0.935587 0.340523 0.246199 -0.754981 0.607775 0.469734 -0.696666 0.542224 0.387239 -0.84071 0.378488 0.603528 -0.672666 0.428106 0.433706 -0.888559 0.149539 0.315917 -0.939738 0.130727 0.671484 -0.73717 0.0754271 0.48018 -0.872599 -0.0894327 0.337577 -0.937331 -0.0863279 0.558016 -0.768065 -0.314158 0.24752 -0.932336 -0.263596 0.168952 -0.962858 -0.210619 0.0639897 -0.896777 -0.437832 -0.124268 -0.777202 -0.616859 -0.111915 -0.954536 -0.27629 0.311454 -0.940269 -0.137442 0.303997 0.917212 0.257503 -0.0216465 -0.999659 -0.0145744 -0.150492 0.837285 0.525649 -0.166462 -0.981423 -0.0953944 -0.0118429 -0.999914 0.0056987 0.00893177 0.99984 -0.0154703 0.0079887 0.999964 0.00276737 0.496662 0.732953 -0.464873 -0.829421 -0.0142801 -0.558441 -0.386455 0.0322533 -0.921744 0.0577501 -0.0352347 -0.997709 0.592252 -0.0102183 -0.805688 0.89192 -0.0622838 -0.447884 0.998515 0.00571611 0.0541861 0.7628 -0.0254163 0.646135 0.574904 0.0154698 0.818075 -0.275212 -0.0140944 0.96128 -0.488687 0.018984 0.872252 -0.900942 -0.0189663 0.433524 -0.999086 0.0397723 -0.0156867 -0.751116 -0.112667 -0.650485 -0.938895 0.112667 -0.325243 -0.737209 -0.221162 0.638443 -0.5 0 0.866026 0.5 0 0.866025 0.438904 -0.0474836 0.897278 0.999771 0.0173438 0.0125169 0.316652 0.253321 -0.91409 0.711869 -0.569494 -0.410998 0 -1 0 0 -1 0 -0.678248 -0.42101 -0.602271 -0.638202 -0.707728 0.303018 0.0329292 -0.945404 0.324234 0.304422 -0.336696 0.891046 0.396927 -0.867555 -0.299662 0.303757 -0.715186 -0.629477 -0.509002 0.754915 -0.413546 -0.349459 0.870448 0.346698 -0.655204 0.740743 0.14835 0.833042 0.552899 -0.018542 0.552305 0.754128 0.355318 0.353823 0.361827 -0.862491 -0.0435206 0.993645 -0.103802 0.0677337 0.993439 -0.0921436 0.147036 0.989099 0.00797916 0.0956609 0.986063 0.136123 -0.0721449 0.989047 0.128771 -0.122086 0.992518 -0.00191688 -0.0368329 -0.891169 0.452173 0 1 0 -0.035572 0.998683 0.0369597 0 -1 0 0.0510943 -0.998561 0.0162689 -0.0725384 0.997365 0.0012723 0.0939937 0.992058 -0.0835855 -0.0386653 -0.998713 -0.0328115 -0.0453043 -0.997842 -0.0475185 0.0124918 0.9828 -0.184253 0.937128 -0.219387 0.271405 -0.281677 -0.792359 0.541133 0.0120365 0.99971 0.0208478 -0.128762 -0.966272 0.223023 0.154763 0.987952 0 -0.0439513 -0.999034 0 0.042208 -0.996431 -0.0731064 -0.0566222 0.993567 -0.0980726 -0.0900263 0.985935 -0.140812 0.74702 -0.0258393 -0.6643 0.933594 0.0205024 -0.357746 0.998707 -0.00433179 0.0506522 0.867375 0.00408886 0.497639 0.764544 0.0339174 0.643679 0.217819 0.0344835 0.97538 0.999967 0.00799218 0.00107974 -0.0811866 -0.00703602 0.996674 -0.4442 0.011609 0.895852 -0.693361 -0.0161593 0.720409 -0.960256 0.0143321 0.278753 -0.999734 -0.0149543 0.017535 -0.889545 0.0163364 -0.456556 -0.689946 -0.0168171 -0.723666 -0.342958 0.00792663 -0.939317 0.0676356 -0.013384 -0.99762 0.309104 0.00846512 -0.950991 0.957826 -0.287348 0 0.957826 -0.287348 0 0.5 -1.05019e-07 -0.866025 -0.478913 -0.287348 -0.829502 -0.478913 -0.287348 -0.829502 -1 0 0 -0.478913 -0.287348 0.829502 -0.478913 -0.287348 0.829502 0.5 -1.05019e-07 0.866025 0 -1 0 0.604809 -0.782096 0.150107 0.581305 -0.426106 -0.693195 -0.103722 -0.449231 -0.887374 -0.34474 -0.754295 -0.558743 -0.861091 -0.33665 -0.381036 -0.926787 -0.252607 0.27795 -0.181952 -0.85858 0.479306 0.378114 -0.884734 0.272535 0.687381 0.711766 0.144554 0.858653 0.512384 -0.0133438 0.681337 0.432113 -0.590812 -0.156508 0.475651 -0.865599 -0.42084 0.811775 -0.404864 -0.637851 0.682057 -0.357691 -0.891204 0.11566 0.43861 -0.380173 0.243537 0.892277 0.219717 0.632504 0.742741 -0.108526 -0.0796614 0.990897 0.132402 0.989897 -0.0507354 0.156111 0.98367 0.0895656 0.0363137 0.986022 0.162611 -0.0631487 0.989845 0.127357 -0.112391 0.993128 0.0326262 -0.0890383 0.994979 -0.0456986 -0.0318866 0.995669 -0.0873332 0.0324543 0.994473 -0.0998491 -0.0755668 -0.995494 -0.057276 -0.0963296 0.978653 -0.181545 -0.0257933 -0.99858 0.0466203 0.00476535 0.997769 -0.0665852 -0.605014 -0.329418 0.724874 0.0912622 0.993538 -0.0674803 -0.36539 0.231378 0.90164 0.510959 0.820479 -0.256389 0.996789 0.0465256 0.0651772 0.774766 0.588177 0.231916 -0.0106474 0.999901 -0.00922088 0.0141047 0.999826 -0.012215 -0.457529 0.00267164 0.889191 -0.484091 0.00871775 0.874974 -0.867452 0.00159393 0.497518 -0.995786 0.0455847 0.0795733 -0.885879 -0.0111811 -0.463782 -0.733927 0.0107626 -0.679143 -0.468705 -0.0066382 -0.88333 -0.223601 0.00636631 -0.97466 0.0713821 -0.0092514 -0.997406 0.328013 0.00650193 -0.944651 0.803864 -0.0225093 -0.594387 0.859367 -0.00627459 -0.511321 0.975895 -0.00317725 0.218219 0.391637 -0.00316614 0.920115 -0.755929 0 0.654653 -0.755929 0 0.654653 0.755929 0 0.654653 0.755929 0 0.654653 0.755929 0 -0.654654 0.515025 0.257437 -0.817604 -0.755335 0.0396187 -0.65414 -0.715588 0 -0.698523 0 -1 0 0 -1 0 0.405999 -0.583735 0.703149 0.439936 -0.586081 0.680415 0.338466 -0.764027 -0.549275 0.441519 -0.773708 -0.454354 -0.416136 -0.871802 -0.258442 -0.512571 -0.712363 0.479385 -0.663945 0.416638 0.620959 -0.235911 0.760303 0.605215 0.793535 0.560238 0.237561 0.463103 -0.24631 -0.851391 -0.634527 0.4938 -0.59459 -0.745866 0.367342 -0.555647 -0.0789692 0.984992 0.153474 -0.16417 0.986345 0.0131189 -0.0953288 0.99153 -0.088213 -0.0251205 0.99367 -0.109498 0.0344848 0.994458 -0.0993133 0.0929797 0.99413 -0.0553227 0.238778 0.284067 0.928596 0.936918 0.291669 -0.192648 0.119245 0.992864 -0.00114459 0.11681 0.985101 -0.126218 0 1 0 0.0824035 0.986417 -0.142097 0.0405287 0.990375 -0.132344 0.0446223 0.991453 -0.122598 0 1 0 0 1 0 0.0185824 0.99086 -0.133605 0 1 0 0 1 0 -0.00662436 0.993159 -0.116579 0 1 0 -0.0236952 0.995767 -0.0888101 0.019619 0.968171 -0.249521 0 1 0 -0.0709857 0.98768 -0.139459 0 1 0 -0.0777592 0.991804 -0.101386 -0.0777258 0.991877 -0.100694 0.0532658 0.998537 0.00927578 -0.102717 0.990218 -0.0944321 0.0627827 0.995252 0.0743816 -0.114593 0.990843 -0.0714099 0.0566242 0.992966 0.103979 -0.106883 0.992956 -0.0511378 -0.123502 0.991385 -0.0436327 0.0388422 0.991548 0.123793 -0.133502 0.990791 -0.0225919 0.0141233 0.992446 0.121864 -0.122166 0.992508 0.00182907 -0.126661 0.991945 -0.00139267 0.000794519 0.992848 0.119386 -0.0098066 0.995138 0.098001 -0.137432 0.99017 0.0260042 -0.0334293 0.990781 0.131282 -0.129019 0.990543 0.0466782 -0.0516444 0.990633 0.126411 -0.122371 0.991217 0.0501354 -0.0633867 0.991788 0.111084 -0.0623665 0.991461 0.114524 -0.132586 0.988052 0.0785778 -0.0909335 0.988889 0.117597 -0.12049 0.986842 0.10782 0 -1 0 0 -1 0 0 -1 0 0 -1 0 0 -1 0 0 -1 0 0 -1 0 0 -1 0 0 -1 0 0 -1 0 0 -1 0 0 -1 0 0 -1 0 0 -1 0 0 -1 0 0 -1 0 0 -1 0 0 -1 0 0 -1 0 0 -1 0 0 -1 0 0 -1 0 0 -1 0 0 -1 0 0 -1 0 0 -1 0 0 -1 0 0 -1 0 0 -1 0 0 -1 0 0 -1 0 0 -1 0 0 -1 0 0 -1 0 0 -1 0 0 -1 0 0 -1 0 0 -1 0 0 -1 0 0 -1 0 0 -1 0 0 -1 0 0 -1 0 0 -1 0 0 -1 0 0 -1 0 0 -1 0 0 -1 0 0 -1 0 0 -1 0 0 -1 0 0 -1 0 0 -1 0 0 -1 0 0 -1 0 0 -1 0 0 -1 0 0 -1 0 0 -1 0 0.991469 -0.00251194 0.13032 0.985981 0.00107535 0.166853 0.942885 0 0.333118 0.946957 -0.00140235 0.321357 0.857886 0 0.51384 0.848697 0.00212139 0.528875 0.73617 0.00100421 0.676796 0.754009 -0.00159514 0.656862 0.608578 0.00238978 0.793491 0.64279 -3.56479e-08 0.766042 0.511503 -0.00262934 0.859277 0.453622 0.00224956 0.891192 0.331921 -0.00545888 0.943291 0.257789 0.00267882 0.966197 0.0935705 -0.00251214 0.99561 0.0567315 0.00107522 0.998389 -0.108311 -0.00149164 0.994116 -0.137758 0.00196544 0.990464 -0.32804 -0.00184386 0.944662 -0.342021 0 0.939692 -0.50166 0 0.865065 -0.512906 -0.00131884 0.858444 -0.679222 0.00191684 0.733931 -0.682301 0.00132996 0.73107 -0.810238 -0.000171685 0.586101 -0.846701 0.00792521 0.53201 -0.926226 -0.0029043 0.376959 -0.951834 0.00290412 0.306599 -0.993713 0.000970113 0.111957 -0.982562 -0.00484328 0.185874 -0.999922 -0.000970326 -0.0124595 -0.999689 0 -0.0249309 -0.978887 0 -0.204402 -0.978403 0.00032016 -0.206708 -0.927045 -0.00104832 -0.374949 -0.907668 0.0040634 -0.419669 -0.843267 -0.00168347 -0.537492 -0.783606 0.00391165 -0.621246 -0.741208 -0.00143889 -0.671273 -0.645006 0.00376043 -0.764168 -0.613698 0 -0.789541 -0.478255 0.001164 -0.87822 -0.489171 0 -0.872188 -0.332002 -0.00132933 -0.943278 -0.299375 0.00187602 -0.954134 -0.15725 -0.00209988 -0.987557 -0.115123 0.00268847 -0.993348 0.0597913 -0.00139632 -0.99821 0.0995688 0.00232542 -0.995028 0.214424 -0.00129283 -0.97674 0.246764 0.000776173 -0.969075 0.378199 0.000560869 -0.925724 0.352404 -0.000949338 -0.935848 0.478253 -0.00232525 -0.878219 0.486978 -0.00131877 -0.873413 0.611714 0.00139631 -0.791078 0.642784 -0.00232511 -0.766044 0.745201 0.00211144 -0.666837 0.767278 -0.000641931 -0.641315 0.863007 0.00259469 -0.505185 0.860266 0.00196529 -0.509842 0.940349 0 -0.340213 0.935495 -0.00141411 -0.353338 0.982565 0 -0.185917 0.980619 0.000951096 -0.19592 0.999136 -0.000258943 -0.0415574 0.999886 0.00201616 -0.0149703 -0.999688 0 -0.024965 -0.994458 0.00671855 -0.104921 -0.974936 -0.000309915 -0.222487 -0.901442 0.0014194 -0.432898 -0.910465 0.00468265 -0.413559 -0.740768 9.21738e-05 -0.671761 -0.732845 0.00177728 -0.680393 -0.500943 -0.00372981 -0.865472 -0.508019 -0.00271431 -0.861341 -0.315278 0.0013224 -0.948999 -0.233628 -0.00631769 -0.972306 -0.0721468 0.00332823 -0.997388 0.0876407 -0.00609579 -0.996134 0.136737 -0.00128288 -0.990607 0.387237 -0.00490773 -0.921967 0.366554 -0.00183556 -0.930395 0.599041 0.00313334 -0.800712 0.650825 -0.00427558 -0.759216 0.788007 0.00250708 -0.615662 0.822434 -0.0036145 -0.568849 0.939156 -0.000938324 -0.343489 0.923869 0.00298161 -0.382698 0.989327 -0.00226049 -0.145698 0.985329 0.000174158 -0.170665 0.996373 0.00205289 0.0850741 0.990866 -0.00368738 0.134802 0.946416 0.00230689 0.322942 0.918576 -0.00561449 0.395204 0.857589 0.000620704 0.514336 0.785571 -0.00293042 0.618765 0.760683 0 0.649123 0.625695 0 0.780068 0.625695 0 0.780068 0.458646 0 0.888619 0.458646 0 0.888619 0.218908 0 0.975745 0.235505 0.00174485 0.971872 0.0391337 -9.99537e-05 0.999234 -0.0105967 0.00590891 0.999926 -0.198143 -0.00170485 0.980172 -0.32402 0.00599096 0.946031 -0.436828 -0.00461862 0.899533 -0.58829 0.00441322 0.808638 -0.663007 -0.00523398 0.748595 -0.78475 0.00411049 0.6198 -0.845786 -0.00442404 0.533504 -0.913964 0.00278017 0.405787 -0.944706 -0.00164445 0.327913 -0.991626 0 0.129142 -0.984199 0.00466277 0.177006 -0.836554 0.547807 -0.00919814 -0.72127 0.686256 0.0939331 -0.689069 0.684088 0.23918 -0.754454 0.508645 0.414825 -0.66605 0.616335 0.42013 -0.506438 0.645407 0.571814 -0.519492 0.462197 0.718681 -0.314644 0.693677 0.647928 -0.150119 0.652686 0.742607 0.00631825 0.31403 0.949392 0.0355038 0.42061 0.906547 0.188749 0.598043 0.778921 0.392348 0.517887 0.760168 0.56455 0.198208 0.801247 0.560699 0.443809 0.699035 0.407396 -0.768681 0.49311 0.617464 0.618223 0.486353 0.885298 0.266781 0.380887 0.789446 0.482048 0.380006 0.543921 0.797245 0.261821 0.997768 -0.0445665 -0.049727 0.672705 0.734229 0.0915178 0.773115 0.624496 -0.110899 0.955818 0.260025 -0.137107 0.949697 0.280205 -0.139862 0.729194 0.630198 -0.266697 0.686679 0.550357 -0.474952 0.707619 0.486956 -0.512005 0.65121 0.588448 -0.479223 0.443028 0.732551 -0.516812 0.281182 0.641533 -0.713703 0.325541 0.579945 -0.746784 -0.0262835 0.669911 -0.741976 0.0848999 0.248201 -0.964981 -0.188714 0.58954 -0.785385 -0.499552 0.0745699 -0.863069 -0.434252 0.329643 -0.838309 -0.510665 0.724407 -0.463094 -0.746499 0.561406 -0.357159 -0.747977 0.558128 -0.3592 -0.732611 0.659796 -0.167187 -0.821908 0.56925 -0.0205253</float_array>
                    <technique_common>
                        <accessor count="7060" source="#shape0-lib-normals-array" stride="3">
                            <param name="X" type="float"/>
                            <param name="Y" type="float"/>
                            <param name="Z" type="float"/>
                        </accessor>
                    </technique_common>
                </source>
                <vertices id="shape0-lib-vertices">
                    <input semantic="POSITION" source="#shape0-lib-positions"/>
                </vertices>
                <triangles count="7060">
                    <input offset="0" semantic="VERTEX" source="#shape0-lib-vertices"/>
                    <input offset="1" semantic="NORMAL" source="#shape0-lib-normals"/>
                    <p>28 0 0 0 1 0 0 1 2 1 1 1 2 2 3 2 1 2 1 3 3 3 4 3 3 4 5 4 4 4 4 5 5 5 6 5 5 6 8 6 6 6 6 7 8 7 7 7 8 8 9 8 7 8 7 9 9 9 10 9 9 10 11 10 10 10 11 11 13 11 10 11 10 12 13 12 12 12 13 13 14 13 12 13 12 14 14 14 15 14 14 15 16 15 15 15 15 16 16 16 17 16 16 17 18 17 17 17 17 18 18 18 19 18 18 19 20 19 19 19 19 20 20 20 21 20 21 21 20 21 22 21 20 22 23 22 22 22 22 23 23 23 25 23 23 24 24 24 25 24 24 25 27 25 25 25 25 26 27 26 26 26 26 27 27 27 28 27 27 28 0 28 28 28 47 29 29 29 30 29 29 30 31 30 30 30 30 31 33 31 32 31 31 32 33 32 30 32 32 33 33 33 34 33 33 34 35 34 34 34 34 35 35 35 36 35 35 36 38 36 36 36 36 37 38 37 37 37 38 38 39 38 37 38 37 39 39 39 40 39 39 40 41 40 40 40 40 41 41 41 42 41 42 42 41 42 43 42 41 43 44 43 43 43 43 44 46 44 45 44 44 45 46 45 43 45 46 46 29 46 45 46 45 47 29 47 47 47 66 48 67 48 48 48 67 49 49 49 48 49 48 50 49 50 50 50 49 51 51 51 50 51 50 52 51 52 52 52 51 53 53 53 52 53 52 54 53 54 54 54 53 55 55 55 54 55 54 56 55 56 56 56 56 57 55 57 57 57 55 58 58 58 57 58 57 59 58 59 59 59 58 60 60 60 59 60 60 61 61 61 59 61 59 62 61 62 62 62 61 63 63 63 62 63 62 64 63 64 64 64 63 65 65 65 64 65 64 66 65 66 66 66 65 67 67 67 66 67 86 68 87 68 68 68 87 69 69 69 68 69 68 70 69 70 70 70 69 71 71 71 70 71 70 72 71 72 72 72 71 73 73 73 72 73 73 74 74 74 72 74 72 75 74 75 75 75 74 76 77 76 75 76 75 77 77 77 76 77 77 78 78 78 76 78 76 79 78 79 79 79 78 80 80 80 79 80 79 81 80 81 81 81 80 82 82 82 81 82 81 83 82 83 83 83 83 84 84 84 85 84 82 85 84 85 83 85 84 86 87 86 85 86 85 87 87 87 86 87 106 88 88 88 105 88 105 89 88 89 89 89 88 90 90 90 89 90 89 91 90 91 91 91 90 92 92 92 91 92 91 93 92 93 93 93 92 94 94 94 93 94 93 95 94 95 96 95 94 96 95 96 96 96 96 97 95 97 98 97 95 98 97 98 98 98 98 99 99 99 100 99 97 100 99 100 98 100 100 101 99 101 101 101 99 102 102 102 101 102 101 103 102 103 103 103 102 104 104 104 103 104 103 105 104 105 105 105 104 106 106 106 105 106 126 107 107 107 108 107 107 108 109 108 108 108 108 109 109 109 110 109 109 110 111 110 110 110 110 111 111 111 112 111 111 112 113 112 112 112 112 113 113 113 115 113 113 114 114 114 115 114 115 115 117 115 116 115 114 116 117 116 115 116 116 117 117 117 118 117 117 118 119 118 118 118 119 119 120 119 118 119 118 120 120 120 121 120 120 121 123 121 121 121 121 122 123 122 122 122 122 123 125 123 124 123 123 124 125 124 122 124 124 125 125 125 126 125 125 126 107 126 126 126 127 127 128 127 129 127 127 128 129 128 131 128 127 129 131 129 132 129 127 130 132 130 136 130 138 131 135 131 956 131 138 132 136 132 135 132 138 133 127 133 136 133 956 134 135 134 137 134 139 135 127 135 138 135 957 136 956 136 137 136 957 137 137 137 140 137 953 138 957 138 140 138 141 139 127 139 139 139 141 140 1131 140 127 140 143 141 142 141 144 141 144 142 142 142 134 142 144 143 134 143 133 143 145 144 1131 144 141 144 146 145 144 145 133 145 148 146 1131 146 145 146 954 147 140 147 149 147 954 148 953 148 140 148 147 149 142 149 143 149 1061 150 146 150 133 150 960 151 133 151 1131 151 960 152 1131 152 148 152 960 153 1061 153 133 153 150 154 1061 154 960 154 1050 155 149 155 151 155 1050 156 954 156 149 156 150 157 152 157 1061 157 154 158 152 158 150 158 1051 159 1050 159 151 159 1051 160 151 160 153 160 155 161 1051 161 153 161 158 162 152 162 154 162 158 163 156 163 152 163 1052 164 155 164 153 164 157 165 1052 165 153 165 173 166 1052 166 157 166 161 167 156 167 158 167 159 168 160 168 162 168 166 169 159 169 162 169 165 170 156 170 161 170 159 171 163 171 160 171 164 172 163 172 159 172 166 173 162 173 171 173 165 174 169 174 156 174 170 175 166 175 171 175 167 176 168 176 163 176 167 177 163 177 164 177 168 178 142 178 147 178 172 179 169 179 165 179 170 180 171 180 169 180 172 181 170 181 169 181 174 182 173 182 157 182 178 183 174 183 157 183 174 184 177 184 173 184 176 185 177 185 174 185 178 186 157 186 175 186 181 187 178 187 175 187 176 188 179 188 177 188 181 189 175 189 180 189 185 190 179 190 176 190 185 191 183 191 179 191 182 192 181 192 180 192 186 193 182 193 180 193 185 194 184 194 183 194 191 195 184 195 185 195 187 196 182 196 186 196 189 197 184 197 191 197 188 198 187 198 186 198 190 199 189 199 191 199 190 200 191 200 195 200 194 201 190 201 195 201 192 202 195 202 193 202 196 203 192 203 193 203 196 204 193 204 187 204 194 205 195 205 192 205 197 206 187 206 188 206 197 207 196 207 187 207 1049 208 188 208 198 208 1049 209 197 209 188 209 199 210 1049 210 198 210 944 211 1049 211 199 211 945 212 944 212 199 212 200 213 945 213 199 213 946 214 945 214 200 214 201 215 946 215 200 215 947 216 946 216 201 216 202 217 947 217 201 217 203 218 142 218 168 218 204 219 947 219 202 219 948 220 947 220 204 220 207 221 205 221 206 221 213 222 207 222 206 222 207 223 209 223 205 223 208 224 209 224 207 224 213 225 206 225 212 225 208 226 203 226 209 226 210 227 948 227 204 227 211 228 948 228 210 228 1043 229 211 229 210 229 219 230 213 230 212 230 219 231 212 231 214 231 215 232 203 232 208 232 215 233 142 233 203 233 215 234 217 234 216 234 215 235 208 235 217 235 218 236 1043 236 210 236 218 237 1044 237 1043 237 220 238 219 238 214 238 220 239 227 239 219 239 221 240 215 240 216 240 242 241 221 241 216 241 222 242 1045 242 1044 242 222 243 1044 243 218 243 226 244 227 244 220 244 231 245 223 245 224 245 231 246 225 246 223 246 231 247 228 247 225 247 230 248 224 248 223 248 230 249 223 249 229 249 231 250 234 250 228 250 235 251 234 251 231 251 230 252 229 252 1045 252 232 253 230 253 1045 253 233 254 1045 254 222 254 232 255 1045 255 233 255 235 256 236 256 234 256 237 257 232 257 233 257 238 258 227 258 226 258 240 259 236 259 235 259 240 260 248 260 236 260 238 261 241 261 227 261 239 262 241 262 238 262 251 263 221 263 242 263 239 264 1066 264 241 264 243 265 244 265 237 265 243 266 245 266 244 266 243 267 246 267 245 267 243 268 247 268 246 268 243 269 256 269 247 269 243 270 237 270 233 270 976 271 1066 271 239 271 251 272 242 272 1066 272 976 273 251 273 1066 273 253 274 248 274 240 274 252 275 251 275 976 275 252 276 269 276 251 276 250 277 254 277 249 277 255 278 257 278 256 278 255 279 268 279 257 279 255 280 256 280 243 280 259 281 269 281 252 281 258 282 253 282 240 282 250 283 260 283 254 283 258 284 240 284 261 284 271 285 260 285 250 285 263 286 258 286 261 286 262 287 268 287 255 287 263 288 261 288 266 288 264 289 263 289 266 289 265 290 269 290 259 290 267 291 266 291 268 291 267 292 268 292 262 292 264 293 266 293 267 293 1040 294 264 294 267 294 270 295 269 295 265 295 270 296 271 296 269 296 272 297 1040 297 267 297 272 298 1041 298 1040 298 984 299 271 299 270 299 275 300 271 300 984 300 275 301 273 301 271 301 274 302 1042 302 1041 302 274 303 1041 303 272 303 275 304 984 304 983 304 276 305 1042 305 274 305 276 306 933 306 1042 306 277 307 275 307 983 307 277 308 278 308 982 308 277 309 983 309 278 309 279 310 933 310 276 310 279 311 934 311 933 311 280 312 277 312 982 312 280 313 982 313 981 313 281 314 935 314 934 314 281 315 934 315 279 315 282 316 280 316 981 316 282 317 981 317 980 317 283 318 935 318 281 318 297 319 290 319 288 319 290 320 289 320 288 320 285 321 287 321 284 321 286 322 287 322 285 322 295 323 285 323 284 323 297 324 288 324 291 324 295 325 284 325 299 325 290 326 292 326 289 326 286 327 293 327 287 327 286 328 294 328 293 328 296 329 294 329 286 329 297 330 291 330 298 330 300 331 980 331 301 331 300 332 282 332 980 332 295 333 299 333 304 333 302 334 935 334 283 334 302 335 936 335 935 335 305 336 297 336 298 336 290 337 303 337 292 337 306 338 303 338 290 338 306 339 309 339 303 339 296 340 1030 340 294 340 295 341 304 341 310 341 305 342 298 342 1039 342 307 343 300 343 301 343 308 344 937 344 936 344 308 345 936 345 302 345 312 346 295 346 310 346 312 347 310 347 311 347 314 348 1030 348 296 348 333 349 305 349 1039 349 318 350 309 350 306 350 320 351 309 351 318 351 313 352 307 352 301 352 313 353 301 353 1032 353 315 354 316 354 317 354 315 355 317 355 937 355 315 356 937 356 308 356 319 357 1032 357 1031 357 319 358 313 358 1032 358 321 359 1038 359 316 359 321 360 316 360 315 360 311 361 322 361 312 361 323 362 322 362 311 362 320 363 318 363 343 363 926 364 320 364 343 364 324 365 319 365 1031 365 325 366 1038 366 321 366 326 367 322 367 323 367 326 368 1074 368 322 368 1033 369 1074 369 326 369 327 370 1031 370 1030 370 327 371 324 371 1031 371 327 372 1030 372 314 372 327 373 314 373 328 373 329 374 1039 374 1038 374 329 375 1038 375 325 375 329 376 333 376 1039 376 330 377 328 377 331 377 330 378 327 378 328 378 332 379 333 379 329 379 332 380 336 380 333 380 334 381 330 381 331 381 335 382 342 382 336 382 335 383 336 383 332 383 337 384 331 384 338 384 337 385 334 385 331 385 339 386 342 386 335 386 340 387 337 387 338 387 340 388 338 388 1074 388 341 389 926 389 343 389 341 390 343 390 342 390 341 391 342 391 339 391 344 392 1033 392 345 392 344 393 340 393 1074 393 344 394 1074 394 1033 394 346 395 926 395 341 395 346 396 1037 396 347 396 346 397 347 397 348 397 346 398 348 398 926 398 349 399 345 399 350 399 349 400 344 400 345 400 351 401 1037 401 346 401 352 402 349 402 350 402 352 403 350 403 353 403 352 404 353 404 993 404 354 405 357 405 1037 405 354 406 1037 406 351 406 355 407 993 407 992 407 355 408 352 408 993 408 356 409 357 409 354 409 358 410 992 410 360 410 358 411 355 411 992 411 359 412 360 412 357 412 359 413 357 413 356 413 361 414 358 414 360 414 361 415 360 415 359 415 383 416 363 416 384 416 384 417 363 417 362 417 363 418 364 418 362 418 362 419 364 419 365 419 364 420 366 420 365 420 365 421 366 421 367 421 366 422 368 422 367 422 367 423 368 423 369 423 368 424 370 424 369 424 370 425 372 425 369 425 369 426 372 426 371 426 371 427 372 427 374 427 372 428 373 428 374 428 374 429 373 429 375 429 373 430 376 430 375 430 376 431 377 431 375 431 375 432 377 432 378 432 378 433 377 433 379 433 377 434 380 434 379 434 379 435 381 435 382 435 380 436 381 436 379 436 382 437 381 437 384 437 381 438 383 438 384 438 402 439 385 439 386 439 385 440 387 440 386 440 386 441 387 441 388 441 387 442 390 442 388 442 388 443 390 443 389 443 390 444 391 444 389 444 389 445 391 445 393 445 391 446 392 446 393 446 393 447 392 447 394 447 392 448 395 448 394 448 394 449 395 449 396 449 395 450 397 450 396 450 396 451 397 451 398 451 397 452 399 452 398 452 398 453 399 453 400 453 399 454 401 454 400 454 400 455 401 455 402 455 401 456 385 456 402 456 403 457 405 457 404 457 404 458 405 458 406 458 405 459 407 459 406 459 406 460 407 460 408 460 407 461 409 461 408 461 408 462 409 462 410 462 409 463 411 463 410 463 410 464 411 464 412 464 412 465 411 465 413 465 411 466 414 466 413 466 413 467 414 467 416 467 414 468 415 468 416 468 416 469 415 469 417 469 415 470 419 470 417 470 417 471 419 471 418 471 419 472 420 472 418 472 418 473 420 473 404 473 420 474 403 474 404 474 421 475 1237 475 422 475 424 476 1237 476 421 476 423 477 421 477 422 477 423 478 422 478 425 478 428 479 426 479 429 479 427 480 425 480 429 480 427 481 429 481 426 481 430 482 425 482 427 482 431 483 428 483 429 483 432 484 425 484 430 484 432 485 423 485 425 485 432 486 436 486 423 486 433 487 431 487 429 487 435 488 436 488 432 488 433 489 429 489 434 489 437 490 433 490 434 490 438 491 439 491 440 491 438 492 440 492 1237 492 438 493 424 493 450 493 438 494 1237 494 424 494 441 495 436 495 435 495 441 496 444 496 436 496 442 497 437 497 434 497 443 498 444 498 441 498 443 499 445 499 444 499 447 500 438 500 446 500 446 501 438 501 450 501 447 502 451 502 438 502 448 503 442 503 434 503 448 504 434 504 449 504 453 505 446 505 450 505 453 506 450 506 455 506 460 507 451 507 447 507 452 508 448 508 449 508 460 509 456 509 451 509 454 510 452 510 449 510 457 511 453 511 455 511 457 512 455 512 458 512 459 513 454 513 449 513 461 514 457 514 458 514 461 515 458 515 462 515 461 516 462 516 488 516 465 517 461 517 488 517 463 518 456 518 460 518 464 519 463 519 460 519 466 520 459 520 449 520 469 521 463 521 464 521 467 522 466 522 449 522 467 523 449 523 468 523 470 524 467 524 468 524 471 525 469 525 464 525 472 526 470 526 468 526 473 527 472 527 468 527 474 528 473 528 468 528 475 529 476 529 471 529 477 530 475 530 471 530 477 531 471 531 464 531 477 532 464 532 478 532 475 533 482 533 476 533 480 534 477 534 478 534 480 535 478 535 479 535 481 536 482 536 475 536 483 537 480 537 479 537 483 538 479 538 485 538 481 539 486 539 482 539 484 540 486 540 481 540 487 541 485 541 465 541 487 542 483 542 485 542 487 543 465 543 488 543 487 544 488 544 445 544 489 545 486 545 484 545 489 546 484 546 490 546 491 547 489 547 490 547 491 548 490 548 496 548 492 549 487 549 445 549 492 550 494 550 487 550 492 551 493 551 494 551 492 552 445 552 443 552 495 553 493 553 492 553 495 554 496 554 493 554 498 555 491 555 496 555 497 556 496 556 495 556 497 557 498 557 496 557 499 558 500 558 498 558 499 559 498 559 497 559 501 560 500 560 499 560 502 561 500 561 501 561 503 562 500 562 502 562 503 563 502 563 504 563 505 564 503 564 504 564 506 565 505 565 504 565 508 566 507 566 506 566 468 567 509 567 510 567 468 568 510 568 511 568 468 569 511 569 474 569 506 570 507 570 505 570 514 571 513 571 516 571 514 572 512 572 513 572 515 573 514 573 516 573 515 574 516 574 518 574 517 575 515 575 518 575 519 576 517 576 518 576 519 577 518 577 520 577 519 578 520 578 522 578 521 579 519 579 522 579 521 580 522 580 524 580 523 581 521 581 524 581 523 582 524 582 525 582 526 583 523 583 525 583 527 584 526 584 525 584 527 585 525 585 528 585 529 586 527 586 528 586 529 587 528 587 530 587 532 588 529 588 530 588 532 589 530 589 531 589 533 590 532 590 531 590 509 591 468 591 534 591 534 592 468 592 512 592 468 593 535 593 512 593 535 594 513 594 512 594 537 595 536 595 438 595 537 596 438 596 451 596 538 597 537 597 451 597 538 598 451 598 456 598 539 599 538 599 456 599 539 600 456 600 463 600 540 601 539 601 463 601 540 602 463 602 469 602 541 603 540 603 469 603 541 604 469 604 471 604 542 605 541 605 471 605 542 606 471 606 476 606 543 607 542 607 476 607 543 608 476 608 482 608 544 609 543 609 482 609 544 610 482 610 486 610 545 611 544 611 486 611 545 612 486 612 489 612 546 613 489 613 491 613 546 614 545 614 489 614 547 615 491 615 498 615 547 616 546 616 491 616 548 617 547 617 498 617 548 618 498 618 500 618 549 619 548 619 500 619 549 620 500 620 503 620 550 621 503 621 505 621 550 622 549 622 503 622 551 623 505 623 507 623 551 624 550 624 505 624 508 625 275 625 277 625 551 626 507 626 508 626 552 627 551 627 508 627 552 628 508 628 277 628 553 629 552 629 277 629 553 630 277 630 280 630 554 631 553 631 280 631 554 632 280 632 282 632 555 633 554 633 282 633 555 634 282 634 300 634 556 635 555 635 300 635 556 636 300 636 307 636 557 637 556 637 307 637 557 638 307 638 313 638 558 639 557 639 313 639 558 640 313 640 319 640 559 641 558 641 319 641 559 642 319 642 324 642 560 643 559 643 324 643 560 644 324 644 327 644 561 645 560 645 327 645 561 646 330 646 334 646 561 647 327 647 330 647 562 648 561 648 334 648 562 649 334 649 337 649 563 650 337 650 340 650 563 651 562 651 337 651 564 652 340 652 344 652 564 653 563 653 340 653 565 654 344 654 349 654 565 655 564 655 344 655 566 656 349 656 352 656 566 657 565 657 349 657 567 658 352 658 355 658 567 659 566 659 352 659 568 660 355 660 358 660 568 661 567 661 355 661 569 662 358 662 361 662 569 663 568 663 358 663 570 664 361 664 359 664 570 665 569 665 361 665 571 666 359 666 356 666 571 667 570 667 359 667 572 668 571 668 356 668 572 669 356 669 354 669 573 670 572 670 354 670 573 671 354 671 351 671 574 672 573 672 351 672 574 673 351 673 346 673 575 674 574 674 346 674 575 675 346 675 341 675 576 676 575 676 341 676 576 677 341 677 339 677 577 678 576 678 339 678 577 679 339 679 335 679 578 680 577 680 335 680 578 681 335 681 332 681 579 682 578 682 332 682 579 683 332 683 329 683 580 684 579 684 329 684 580 685 329 685 325 685 581 686 580 686 325 686 581 687 325 687 321 687 582 688 581 688 321 688 582 689 321 689 315 689 583 690 315 690 308 690 583 691 582 691 315 691 584 692 308 692 302 692 584 693 583 693 308 693 585 694 302 694 283 694 585 695 584 695 302 695 586 696 283 696 281 696 586 697 585 697 283 697 587 698 281 698 279 698 587 699 586 699 281 699 588 700 279 700 276 700 588 701 587 701 279 701 589 702 276 702 274 702 589 703 588 703 276 703 590 704 274 704 272 704 590 705 589 705 274 705 591 706 272 706 267 706 591 707 590 707 272 707 592 708 267 708 262 708 592 709 591 709 267 709 593 710 262 710 255 710 593 711 592 711 262 711 594 712 255 712 243 712 594 713 593 713 255 713 595 714 243 714 233 714 595 715 594 715 243 715 596 716 233 716 222 716 596 717 595 717 233 717 597 718 596 718 222 718 597 719 222 719 218 719 598 720 597 720 218 720 598 721 218 721 210 721 599 722 598 722 210 722 599 723 210 723 204 723 600 724 599 724 204 724 600 725 204 725 202 725 601 726 600 726 202 726 601 727 202 727 201 727 602 728 601 728 201 728 602 729 201 729 200 729 603 730 602 730 200 730 509 731 200 731 199 731 509 732 603 732 200 732 534 733 603 733 509 733 510 734 199 734 198 734 510 735 509 735 199 735 511 736 198 736 188 736 511 737 510 737 198 737 474 738 188 738 186 738 474 739 511 739 188 739 473 740 474 740 186 740 472 741 186 741 180 741 472 742 473 742 186 742 470 743 180 743 175 743 470 744 472 744 180 744 467 745 175 745 157 745 467 746 470 746 175 746 466 747 157 747 153 747 466 748 467 748 157 748 459 749 153 749 151 749 459 750 466 750 153 750 454 751 151 751 149 751 454 752 459 752 151 752 452 753 454 753 149 753 448 754 149 754 140 754 448 755 452 755 149 755 442 756 448 756 140 756 442 757 140 757 137 757 437 758 137 758 135 758 437 759 442 759 137 759 433 760 437 760 135 760 531 761 604 761 533 761 604 762 439 762 533 762 439 763 536 763 533 763 439 764 438 764 536 764 606 765 609 765 605 765 605 766 607 766 610 766 607 767 612 767 610 767 608 768 609 768 606 768 608 769 618 769 609 769 610 770 612 770 611 770 612 771 613 771 611 771 612 772 614 772 613 772 614 773 615 773 613 773 616 774 619 774 617 774 617 775 620 775 616 775 618 776 620 776 617 776 617 777 619 777 622 777 608 778 620 778 618 778 608 779 623 779 620 779 619 780 621 780 622 780 608 781 624 781 623 781 608 782 625 782 624 782 622 783 626 783 628 783 621 784 626 784 622 784 608 785 637 785 625 785 626 786 627 786 628 786 628 787 627 787 615 787 627 788 629 788 615 788 615 789 629 789 613 789 629 790 630 790 613 790 630 791 631 791 613 791 631 792 632 792 613 792 633 793 613 793 634 793 634 794 613 794 632 794 608 795 635 795 636 795 608 796 636 796 637 796 250 797 249 797 499 797 250 798 499 798 497 798 251 799 250 799 497 799 221 800 497 800 495 800 221 801 251 801 497 801 215 802 495 802 492 802 215 803 221 803 495 803 142 804 215 804 492 804 142 805 492 805 443 805 134 806 443 806 441 806 134 807 142 807 443 807 133 808 441 808 435 808 133 809 134 809 441 809 130 810 133 810 435 810 130 811 435 811 432 811 275 812 508 812 506 812 273 813 275 813 506 813 273 814 506 814 504 814 271 815 273 815 504 815 271 816 504 816 502 816 260 817 271 817 502 817 260 818 502 818 501 818 254 819 260 819 501 819 249 820 501 820 499 820 249 821 254 821 501 821 127 822 432 822 430 822 127 823 130 823 432 823 127 824 430 824 427 824 128 825 127 825 427 825 129 826 427 826 426 826 129 827 128 827 427 827 131 828 129 828 426 828 131 829 426 829 428 829 132 830 131 830 428 830 132 831 428 831 431 831 136 832 132 832 431 832 135 833 431 833 433 833 135 834 136 834 431 834 25 835 528 835 525 835 26 836 528 836 25 836 25 837 525 837 524 837 26 838 530 838 528 838 22 839 25 839 524 839 22 840 524 840 522 840 28 841 531 841 530 841 28 842 530 842 26 842 22 843 522 843 520 843 28 844 638 844 531 844 21 845 22 845 520 845 21 846 520 846 518 846 1 847 638 847 28 847 19 848 21 848 518 848 19 849 518 849 516 849 1 850 639 850 638 850 19 851 516 851 513 851 17 852 19 852 513 852 17 853 513 853 640 853 639 854 1 854 4 854 640 855 15 855 17 855 639 856 4 856 6 856 641 857 639 857 6 857 640 858 12 858 15 858 641 859 6 859 7 859 642 860 12 860 640 860 642 861 10 861 12 861 641 862 7 862 10 862 643 863 10 863 642 863 643 864 641 864 10 864 644 865 752 865 753 865 644 866 753 866 645 866 646 867 644 867 645 867 646 868 645 868 647 868 648 869 646 869 647 869 648 870 647 870 649 870 648 871 649 871 650 871 651 872 648 872 650 872 651 873 650 873 652 873 653 874 651 874 652 874 653 875 652 875 654 875 655 876 653 876 654 876 655 877 654 877 656 877 657 878 656 878 658 878 657 879 655 879 656 879 659 880 658 880 660 880 659 881 657 881 658 881 662 882 660 882 661 882 662 883 659 883 660 883 662 884 661 884 663 884 664 885 662 885 663 885 664 886 663 886 665 886 666 887 665 887 667 887 666 888 664 888 665 888 668 889 667 889 669 889 668 890 666 890 667 890 670 891 669 891 671 891 670 892 668 892 669 892 672 893 671 893 673 893 672 894 670 894 671 894 674 895 673 895 675 895 674 896 672 896 673 896 676 897 674 897 675 897 676 898 675 898 677 898 678 899 676 899 677 899 678 900 677 900 679 900 680 901 678 901 679 901 680 902 679 902 681 902 682 903 680 903 681 903 682 904 681 904 683 904 684 905 682 905 683 905 684 906 683 906 685 906 686 907 685 907 687 907 686 908 684 908 685 908 688 909 686 909 687 909 688 910 687 910 689 910 688 911 689 911 690 911 691 912 688 912 690 912 691 913 690 913 692 913 693 914 691 914 692 914 693 915 692 915 694 915 695 916 694 916 696 916 695 917 693 917 694 917 697 918 696 918 698 918 697 919 695 919 696 919 697 920 698 920 699 920 700 921 697 921 699 921 700 922 699 922 701 922 702 923 700 923 701 923 702 924 701 924 703 924 704 925 703 925 705 925 704 926 702 926 703 926 704 927 705 927 707 927 706 928 704 928 707 928 706 929 707 929 708 929 709 930 708 930 710 930 709 931 706 931 708 931 711 932 710 932 712 932 711 933 709 933 710 933 713 934 711 934 712 934 713 935 712 935 714 935 713 936 714 936 715 936 716 937 713 937 715 937 716 938 715 938 717 938 718 939 717 939 719 939 718 940 716 940 717 940 720 941 719 941 721 941 720 942 718 942 719 942 722 943 720 943 721 943 722 944 721 944 724 944 723 945 722 945 724 945 723 946 724 946 725 946 726 947 723 947 725 947 726 948 725 948 728 948 727 949 726 949 728 949 727 950 728 950 729 950 730 951 727 951 729 951 730 952 729 952 731 952 732 953 731 953 733 953 732 954 730 954 731 954 732 955 733 955 734 955 735 956 732 956 734 956 737 957 734 957 736 957 737 958 735 958 734 958 737 959 736 959 738 959 739 960 738 960 740 960 739 961 737 961 738 961 741 962 740 962 742 962 741 963 739 963 740 963 743 964 741 964 742 964 743 965 742 965 744 965 745 966 743 966 744 966 745 967 744 967 746 967 747 968 745 968 746 968 747 969 746 969 748 969 747 970 748 970 749 970 750 971 747 971 749 971 750 972 749 972 751 972 752 973 750 973 751 973 752 974 751 974 753 974 60 975 754 975 755 975 61 976 60 976 755 976 58 977 754 977 60 977 55 978 754 978 58 978 63 979 61 979 755 979 757 980 762 980 1343 980 1318 981 755 981 756 981 758 982 1318 982 756 982 1294 983 755 983 1318 983 1343 984 762 984 754 984 1294 985 63 985 755 985 1317 986 754 986 55 986 1317 987 1343 987 754 987 1317 988 55 988 53 988 1294 989 65 989 63 989 763 990 65 990 1294 990 760 991 1317 991 53 991 760 992 53 992 51 992 758 993 756 993 765 993 759 994 762 994 757 994 761 995 758 995 765 995 763 996 67 996 65 996 759 997 766 997 762 997 764 998 67 998 763 998 1293 999 766 999 759 999 767 1000 761 1000 765 1000 769 1001 760 1001 51 1001 769 1002 51 1002 49 1002 770 1003 67 1003 764 1003 768 1004 767 1004 765 1004 768 1005 765 1005 774 1005 772 1006 768 1006 774 1006 770 1007 49 1007 67 1007 771 1008 769 1008 49 1008 771 1009 49 1009 770 1009 773 1010 766 1010 1293 1010 1319 1011 772 1011 774 1011 82 1012 80 1012 766 1012 38 1013 774 1013 775 1013 39 1014 38 1014 775 1014 82 1015 766 1015 773 1015 38 1016 1319 1016 774 1016 41 1017 39 1017 775 1017 35 1018 1319 1018 38 1018 78 1019 766 1019 80 1019 44 1020 41 1020 775 1020 82 1021 773 1021 777 1021 78 1022 776 1022 766 1022 84 1023 82 1023 777 1023 77 1024 776 1024 78 1024 35 1025 778 1025 1319 1025 46 1026 44 1026 775 1026 46 1027 775 1027 787 1027 74 1028 776 1028 77 1028 87 1029 84 1029 777 1029 779 1030 87 1030 777 1030 780 1031 778 1031 35 1031 29 1032 46 1032 787 1032 73 1033 776 1033 74 1033 780 1034 35 1034 33 1034 781 1035 87 1035 779 1035 786 1036 780 1036 33 1036 781 1037 69 1037 87 1037 782 1038 69 1038 781 1038 786 1039 33 1039 31 1039 784 1040 29 1040 787 1040 783 1041 73 1041 71 1041 1332 1042 73 1042 783 1042 783 1043 71 1043 69 1043 783 1044 69 1044 782 1044 1332 1045 776 1045 73 1045 1316 1046 776 1046 1332 1046 1316 1047 785 1047 776 1047 788 1048 785 1048 1316 1048 784 1049 31 1049 29 1049 1315 1050 785 1050 788 1050 789 1051 786 1051 31 1051 789 1052 31 1052 784 1052 790 1053 785 1053 1315 1053 790 1054 794 1054 785 1054 805 1055 784 1055 787 1055 791 1056 794 1056 790 1056 792 1057 789 1057 784 1057 793 1058 792 1058 784 1058 795 1059 793 1059 784 1059 795 1060 784 1060 805 1060 1259 1061 795 1061 805 1061 796 1062 794 1062 791 1062 796 1063 797 1063 794 1063 1314 1064 797 1064 796 1064 798 1065 1259 1065 805 1065 797 1066 1314 1066 1313 1066 805 1067 799 1067 798 1067 797 1068 1313 1068 801 1068 414 1069 799 1069 415 1069 414 1070 800 1070 799 1070 415 1071 799 1071 805 1071 97 1072 797 1072 801 1072 99 1073 97 1073 801 1073 99 1074 801 1074 803 1074 95 1075 797 1075 97 1075 411 1076 800 1076 414 1076 95 1077 802 1077 797 1077 411 1078 807 1078 800 1078 99 1079 803 1079 804 1079 102 1080 99 1080 804 1080 419 1081 415 1081 805 1081 94 1082 802 1082 95 1082 102 1083 804 1083 806 1083 411 1084 808 1084 807 1084 104 1085 806 1085 809 1085 104 1086 102 1086 806 1086 813 1087 419 1087 805 1087 808 1088 411 1088 409 1088 420 1089 419 1089 813 1089 802 1090 94 1090 92 1090 810 1091 104 1091 809 1091 814 1092 808 1092 409 1092 811 1093 802 1093 92 1093 814 1094 409 1094 407 1094 812 1095 106 1095 104 1095 812 1096 104 1096 810 1096 813 1097 403 1097 420 1097 815 1098 814 1098 407 1098 815 1099 407 1099 405 1099 816 1100 106 1100 812 1100 811 1101 92 1101 90 1101 816 1102 88 1102 106 1102 817 1103 815 1103 405 1103 1312 1104 88 1104 816 1104 1312 1105 90 1105 88 1105 821 1106 403 1106 813 1106 817 1107 405 1107 403 1107 817 1108 403 1108 821 1108 1312 1109 811 1109 90 1109 818 1110 811 1110 1312 1110 821 1111 1263 1111 817 1111 820 1112 818 1112 819 1112 820 1113 819 1113 1311 1113 820 1114 811 1114 818 1114 820 1115 1311 1115 1285 1115 821 1116 1264 1116 1263 1116 823 1117 820 1117 1285 1117 823 1118 1285 1118 1284 1118 822 1119 1264 1119 821 1119 822 1120 1265 1120 1264 1120 823 1121 1284 1121 1283 1121 823 1122 1283 1122 1310 1122 837 1123 1304 1123 1265 1123 837 1124 1265 1124 822 1124 824 1125 1310 1125 1309 1125 824 1126 823 1126 1310 1126 119 1127 826 1127 827 1127 397 1128 395 1128 825 1128 395 1129 828 1129 825 1129 397 1130 825 1130 1270 1130 120 1131 119 1131 827 1131 120 1132 827 1132 830 1132 117 1133 826 1133 119 1133 117 1134 1281 1134 826 1134 123 1135 120 1135 830 1135 399 1136 397 1136 1270 1136 395 1137 829 1137 828 1137 392 1138 829 1138 395 1138 392 1139 831 1139 829 1139 114 1140 1281 1140 117 1140 123 1141 830 1141 832 1141 824 1142 1309 1142 1281 1142 114 1143 824 1143 1281 1143 125 1144 123 1144 832 1144 837 1145 1270 1145 1304 1145 837 1146 399 1146 1270 1146 392 1147 833 1147 831 1147 391 1148 833 1148 392 1148 125 1149 832 1149 1275 1149 834 1150 833 1150 391 1150 837 1151 401 1151 399 1151 834 1152 391 1152 390 1152 824 1153 114 1153 113 1153 837 1154 385 1154 401 1154 835 1155 834 1155 390 1155 847 1156 1275 1156 836 1156 835 1157 390 1157 387 1157 847 1158 125 1158 1275 1158 847 1159 107 1159 125 1159 847 1160 836 1160 838 1160 824 1161 113 1161 111 1161 847 1162 838 1162 839 1162 847 1163 109 1163 107 1163 841 1164 387 1164 385 1164 841 1165 385 1165 837 1165 842 1166 847 1166 839 1166 840 1167 824 1167 111 1167 840 1168 109 1168 847 1168 840 1169 111 1169 109 1169 1329 1170 847 1170 842 1170 376 1171 843 1171 845 1171 377 1172 376 1172 845 1172 376 1173 844 1173 843 1173 841 1174 1321 1174 835 1174 841 1175 835 1175 387 1175 373 1176 844 1176 376 1176 373 1177 846 1177 844 1177 380 1178 377 1178 845 1178 380 1179 845 1179 848 1179 372 1180 846 1180 373 1180 372 1181 1271 1181 846 1181 841 1182 849 1182 1321 1182 380 1183 848 1183 1306 1183 381 1184 380 1184 1306 1184 841 1185 851 1185 849 1185 850 1186 840 1186 847 1186 854 1187 851 1187 841 1187 850 1188 847 1188 1329 1188 854 1189 852 1189 851 1189 850 1190 1329 1190 1308 1190 853 1191 850 1191 1308 1191 854 1192 1305 1192 852 1192 853 1193 1308 1193 1307 1193 853 1194 1271 1194 372 1194 853 1195 1307 1195 1271 1195 854 1196 1306 1196 1305 1196 854 1197 381 1197 1306 1197 854 1198 383 1198 381 1198 853 1199 370 1199 368 1199 853 1200 372 1200 370 1200 855 1201 363 1201 383 1201 855 1202 383 1202 854 1202 855 1203 364 1203 363 1203 855 1204 366 1204 364 1204 855 1205 853 1205 368 1205 855 1206 368 1206 366 1206 883 1207 752 1207 644 1207 856 1208 883 1208 644 1208 856 1209 644 1209 646 1209 857 1210 646 1210 648 1210 857 1211 856 1211 646 1211 858 1212 648 1212 651 1212 858 1213 857 1213 648 1213 859 1214 651 1214 653 1214 859 1215 858 1215 651 1215 860 1216 859 1216 653 1216 860 1217 653 1217 655 1217 860 1218 655 1218 657 1218 861 1219 860 1219 657 1219 861 1220 657 1220 659 1220 862 1221 659 1221 662 1221 862 1222 861 1222 659 1222 863 1223 662 1223 664 1223 863 1224 862 1224 662 1224 864 1225 863 1225 664 1225 864 1226 664 1226 666 1226 865 1227 864 1227 666 1227 865 1228 666 1228 668 1228 866 1229 865 1229 668 1229 866 1230 668 1230 670 1230 867 1231 866 1231 670 1231 867 1232 670 1232 672 1232 868 1233 867 1233 672 1233 868 1234 672 1234 674 1234 869 1235 868 1235 674 1235 869 1236 674 1236 676 1236 869 1237 676 1237 678 1237 870 1238 869 1238 678 1238 870 1239 678 1239 680 1239 871 1240 870 1240 680 1240 871 1241 680 1241 682 1241 871 1242 682 1242 684 1242 872 1243 871 1243 684 1243 872 1244 684 1244 686 1244 873 1245 872 1245 686 1245 873 1246 686 1246 688 1246 874 1247 873 1247 688 1247 874 1248 688 1248 691 1248 875 1249 874 1249 691 1249 875 1250 691 1250 693 1250 876 1251 693 1251 695 1251 876 1252 875 1252 693 1252 877 1253 695 1253 697 1253 877 1254 876 1254 695 1254 536 1255 877 1255 697 1255 635 1256 536 1256 697 1256 635 1257 697 1257 700 1257 636 1258 635 1258 700 1258 636 1259 700 1259 702 1259 637 1260 636 1260 702 1260 625 1261 637 1261 702 1261 625 1262 702 1262 704 1262 624 1263 625 1263 704 1263 624 1264 704 1264 706 1264 623 1265 624 1265 706 1265 623 1266 706 1266 709 1266 620 1267 623 1267 709 1267 620 1268 709 1268 711 1268 616 1269 711 1269 713 1269 616 1270 620 1270 711 1270 619 1271 616 1271 713 1271 619 1272 713 1272 716 1272 619 1273 716 1273 718 1273 621 1274 619 1274 718 1274 621 1275 718 1275 720 1275 621 1276 720 1276 722 1276 626 1277 621 1277 722 1277 626 1278 722 1278 723 1278 626 1279 723 1279 726 1279 627 1280 626 1280 726 1280 627 1281 726 1281 727 1281 629 1282 627 1282 727 1282 629 1283 727 1283 730 1283 630 1284 730 1284 732 1284 630 1285 629 1285 730 1285 631 1286 732 1286 735 1286 631 1287 630 1287 732 1287 632 1288 735 1288 737 1288 632 1289 631 1289 735 1289 634 1290 737 1290 739 1290 634 1291 632 1291 737 1291 633 1292 634 1292 739 1292 878 1293 633 1293 739 1293 878 1294 739 1294 741 1294 879 1295 878 1295 741 1295 879 1296 741 1296 743 1296 880 1297 879 1297 743 1297 880 1298 743 1298 745 1298 880 1299 745 1299 747 1299 881 1300 880 1300 747 1300 881 1301 747 1301 750 1301 882 1302 881 1302 750 1302 882 1303 750 1303 752 1303 883 1304 882 1304 752 1304 512 1305 633 1305 534 1305 613 1306 633 1306 512 1306 878 1307 534 1307 633 1307 603 1308 534 1308 878 1308 602 1309 603 1309 878 1309 879 1310 602 1310 878 1310 601 1311 602 1311 879 1311 600 1312 601 1312 879 1312 599 1313 600 1313 879 1313 598 1314 599 1314 879 1314 597 1315 598 1315 879 1315 880 1316 597 1316 879 1316 596 1317 597 1317 880 1317 595 1318 596 1318 880 1318 594 1319 595 1319 880 1319 881 1320 594 1320 880 1320 593 1321 594 1321 881 1321 592 1322 593 1322 881 1322 591 1323 592 1323 881 1323 882 1324 591 1324 881 1324 590 1325 591 1325 882 1325 589 1326 590 1326 882 1326 588 1327 589 1327 882 1327 587 1328 882 1328 883 1328 587 1329 588 1329 882 1329 586 1330 587 1330 883 1330 585 1331 586 1331 883 1331 584 1332 883 1332 856 1332 584 1333 585 1333 883 1333 583 1334 584 1334 856 1334 582 1335 583 1335 856 1335 581 1336 856 1336 857 1336 581 1337 582 1337 856 1337 580 1338 581 1338 857 1338 579 1339 580 1339 857 1339 578 1340 857 1340 858 1340 578 1341 579 1341 857 1341 577 1342 578 1342 858 1342 576 1343 858 1343 859 1343 576 1344 577 1344 858 1344 575 1345 576 1345 859 1345 574 1346 575 1346 859 1346 573 1347 859 1347 860 1347 573 1348 574 1348 859 1348 572 1349 573 1349 860 1349 571 1350 572 1350 860 1350 570 1351 571 1351 860 1351 570 1352 860 1352 861 1352 569 1353 570 1353 861 1353 568 1354 569 1354 861 1354 567 1355 568 1355 861 1355 567 1356 861 1356 862 1356 566 1357 567 1357 862 1357 565 1358 566 1358 862 1358 564 1359 565 1359 862 1359 564 1360 862 1360 863 1360 563 1361 564 1361 863 1361 563 1362 863 1362 864 1362 562 1363 563 1363 864 1363 561 1364 562 1364 864 1364 561 1365 864 1365 865 1365 560 1366 561 1366 865 1366 559 1367 560 1367 865 1367 558 1368 865 1368 866 1368 558 1369 559 1369 865 1369 557 1370 558 1370 866 1370 556 1371 557 1371 866 1371 555 1372 556 1372 866 1372 554 1373 866 1373 867 1373 554 1374 555 1374 866 1374 553 1375 554 1375 867 1375 552 1376 867 1376 868 1376 552 1377 553 1377 867 1377 551 1378 552 1378 868 1378 550 1379 868 1379 869 1379 550 1380 551 1380 868 1380 549 1381 550 1381 869 1381 549 1382 869 1382 870 1382 548 1383 549 1383 870 1383 547 1384 548 1384 870 1384 547 1385 870 1385 871 1385 546 1386 547 1386 871 1386 546 1387 871 1387 872 1387 545 1388 546 1388 872 1388 544 1389 545 1389 872 1389 544 1390 872 1390 873 1390 543 1391 544 1391 873 1391 543 1392 873 1392 874 1392 542 1393 543 1393 874 1393 541 1394 542 1394 874 1394 541 1395 874 1395 875 1395 540 1396 541 1396 875 1396 539 1397 540 1397 875 1397 539 1398 875 1398 876 1398 538 1399 539 1399 876 1399 538 1400 876 1400 877 1400 537 1401 877 1401 536 1401 537 1402 538 1402 877 1402 533 1403 608 1403 606 1403 532 1404 533 1404 606 1404 529 1405 532 1405 606 1405 527 1406 529 1406 606 1406 527 1407 606 1407 605 1407 526 1408 527 1408 605 1408 523 1409 526 1409 605 1409 523 1410 605 1410 610 1410 521 1411 523 1411 610 1411 519 1412 521 1412 610 1412 517 1413 519 1413 610 1413 517 1414 610 1414 611 1414 515 1415 517 1415 611 1415 514 1416 515 1416 611 1416 512 1417 611 1417 613 1417 512 1418 514 1418 611 1418 536 1419 608 1419 533 1419 635 1420 608 1420 536 1420 890 1421 891 1421 884 1421 891 1422 885 1422 884 1422 884 1423 885 1423 887 1423 885 1424 886 1424 887 1424 887 1425 886 1425 888 1425 886 1426 897 1426 888 1426 897 1427 889 1427 888 1427 889 1428 891 1428 890 1428 890 1429 888 1429 889 1429 884 1430 888 1430 890 1430 884 1431 887 1431 888 1431 892 1432 898 1432 893 1432 893 1433 898 1433 894 1433 898 1434 895 1434 894 1434 894 1435 895 1435 896 1435 895 1436 899 1436 896 1436 899 1437 892 1437 893 1437 893 1438 896 1438 899 1438 893 1439 894 1439 896 1439 784 1440 885 1440 891 1440 784 1441 886 1441 885 1441 784 1442 897 1442 886 1442 897 1443 891 1443 889 1443 784 1444 891 1444 897 1444 847 1445 898 1445 892 1445 847 1446 895 1446 898 1446 847 1447 899 1447 895 1447 847 1448 892 1448 899 1448 417 1449 418 1449 900 1449 417 1450 900 1450 901 1450 404 1451 900 1451 418 1451 404 1452 902 1452 900 1452 416 1453 417 1453 901 1453 416 1454 901 1454 903 1454 905 1455 902 1455 404 1455 903 1456 413 1456 416 1456 905 1457 404 1457 406 1457 904 1458 413 1458 903 1458 904 1459 412 1459 413 1459 905 1460 406 1460 408 1460 906 1461 905 1461 408 1461 907 1462 412 1462 904 1462 907 1463 410 1463 412 1463 907 1464 408 1464 410 1464 907 1465 906 1465 408 1465 444 1466 445 1466 904 1466 904 1467 445 1467 907 1467 445 1468 488 1468 907 1468 907 1469 488 1469 906 1469 488 1470 462 1470 906 1470 462 1471 458 1471 906 1471 906 1472 458 1472 905 1472 458 1473 455 1473 905 1473 455 1474 450 1474 905 1474 905 1475 450 1475 902 1475 450 1476 424 1476 902 1476 902 1477 424 1477 900 1477 424 1478 421 1478 900 1478 900 1479 421 1479 901 1479 421 1480 423 1480 901 1480 901 1481 423 1481 903 1481 423 1482 436 1482 903 1482 436 1483 444 1483 903 1483 903 1484 444 1484 904 1484 402 1485 908 1485 400 1485 402 1486 909 1486 908 1486 398 1487 400 1487 908 1487 398 1488 908 1488 910 1488 386 1489 909 1489 402 1489 396 1490 398 1490 910 1490 386 1491 911 1491 909 1491 396 1492 910 1492 912 1492 913 1493 396 1493 912 1493 911 1494 386 1494 388 1494 913 1495 394 1495 396 1495 914 1496 911 1496 388 1496 914 1497 388 1497 389 1497 913 1498 393 1498 394 1498 915 1499 393 1499 913 1499 916 1500 914 1500 389 1500 916 1501 389 1501 393 1501 915 1502 916 1502 393 1502 913 1503 485 1503 915 1503 465 1504 485 1504 913 1504 485 1505 479 1505 915 1505 915 1506 479 1506 916 1506 479 1507 478 1507 916 1507 916 1508 464 1508 914 1508 478 1509 464 1509 916 1509 464 1510 460 1510 914 1510 914 1511 460 1511 911 1511 911 1512 460 1512 909 1512 460 1513 447 1513 909 1513 447 1514 446 1514 909 1514 909 1515 446 1515 908 1515 908 1516 446 1516 910 1516 446 1517 453 1517 910 1517 910 1518 453 1518 912 1518 453 1519 457 1519 912 1519 912 1520 457 1520 913 1520 457 1521 461 1521 913 1521 461 1522 465 1522 913 1522 379 1523 917 1523 918 1523 379 1524 382 1524 917 1524 384 1525 917 1525 382 1525 379 1526 918 1526 919 1526 384 1527 920 1527 917 1527 378 1528 379 1528 919 1528 362 1529 920 1529 384 1529 378 1530 919 1530 922 1530 362 1531 921 1531 920 1531 365 1532 921 1532 362 1532 375 1533 378 1533 922 1533 921 1534 365 1534 367 1534 923 1535 375 1535 922 1535 924 1536 921 1536 367 1536 924 1537 367 1537 369 1537 923 1538 374 1538 375 1538 925 1539 374 1539 923 1539 925 1540 371 1540 374 1540 924 1541 369 1541 371 1541 925 1542 924 1542 371 1542 493 1543 496 1543 925 1543 925 1544 496 1544 924 1544 496 1545 490 1545 924 1545 924 1546 490 1546 921 1546 490 1547 484 1547 921 1547 921 1548 484 1548 920 1548 484 1549 481 1549 920 1549 920 1550 481 1550 917 1550 481 1551 475 1551 917 1551 917 1552 475 1552 918 1552 475 1553 477 1553 918 1553 477 1554 480 1554 918 1554 918 1555 480 1555 919 1555 480 1556 483 1556 919 1556 919 1557 483 1557 922 1557 483 1558 487 1558 922 1558 922 1559 494 1559 923 1559 487 1560 494 1560 922 1560 923 1561 493 1561 925 1561 494 1562 493 1562 923 1562 320 1563 926 1563 927 1563 309 1564 320 1564 927 1564 309 1565 927 1565 928 1565 303 1566 309 1566 928 1566 303 1567 928 1567 1134 1567 292 1568 303 1568 1134 1568 292 1569 1134 1569 929 1569 289 1570 292 1570 929 1570 289 1571 929 1571 930 1571 288 1572 289 1572 930 1572 288 1573 930 1573 931 1573 288 1574 931 1574 932 1574 291 1575 288 1575 932 1575 291 1576 932 1576 1133 1576 298 1577 291 1577 1133 1577 263 1578 264 1578 938 1578 258 1579 263 1579 938 1579 258 1580 938 1580 939 1580 253 1581 258 1581 939 1581 253 1582 939 1582 940 1582 248 1583 253 1583 940 1583 248 1584 940 1584 941 1584 236 1585 248 1585 941 1585 234 1586 941 1586 942 1586 234 1587 236 1587 941 1587 228 1588 234 1588 942 1588 228 1589 942 1589 1004 1589 225 1590 228 1590 1004 1590 225 1591 1004 1591 943 1591 223 1592 225 1592 943 1592 194 1593 1047 1593 949 1593 194 1594 192 1594 1047 1594 190 1595 194 1595 949 1595 190 1596 949 1596 950 1596 189 1597 190 1597 950 1597 189 1598 950 1598 951 1598 184 1599 951 1599 1164 1599 184 1600 189 1600 951 1600 183 1601 1164 1601 1163 1601 183 1602 184 1602 1164 1602 183 1603 1163 1603 952 1603 179 1604 183 1604 952 1604 179 1605 952 1605 1165 1605 177 1606 179 1606 1165 1606 177 1607 1165 1607 173 1607 141 1608 139 1608 958 1608 958 1609 139 1609 955 1609 955 1610 139 1610 138 1610 141 1611 958 1611 959 1611 145 1612 141 1612 959 1612 148 1613 959 1613 961 1613 148 1614 145 1614 959 1614 154 1615 150 1615 962 1615 962 1616 150 1616 960 1616 960 1617 148 1617 961 1617 154 1618 962 1618 963 1618 158 1619 154 1619 963 1619 158 1620 963 1620 964 1620 158 1621 964 1621 965 1621 161 1622 158 1622 965 1622 165 1623 965 1623 966 1623 165 1624 161 1624 965 1624 165 1625 966 1625 967 1625 172 1626 165 1626 967 1626 172 1627 967 1627 968 1627 170 1628 172 1628 968 1628 166 1629 170 1629 968 1629 166 1630 968 1630 1183 1630 203 1631 168 1631 969 1631 969 1632 168 1632 970 1632 214 1633 1027 1633 971 1633 214 1634 212 1634 1027 1634 220 1635 214 1635 971 1635 220 1636 971 1636 972 1636 226 1637 220 1637 972 1637 226 1638 972 1638 973 1638 238 1639 973 1639 974 1639 238 1640 226 1640 973 1640 238 1641 974 1641 977 1641 239 1642 238 1642 977 1642 978 1643 259 1643 975 1643 259 1644 252 1644 975 1644 975 1645 252 1645 976 1645 976 1646 239 1646 977 1646 259 1647 978 1647 979 1647 265 1648 259 1648 979 1648 265 1649 979 1649 986 1649 982 1650 278 1650 983 1650 984 1651 270 1651 985 1651 985 1652 265 1652 986 1652 270 1653 265 1653 985 1653 294 1654 1030 1654 987 1654 293 1655 987 1655 988 1655 293 1656 294 1656 987 1656 287 1657 293 1657 988 1657 287 1658 988 1658 989 1658 284 1659 287 1659 989 1659 284 1660 989 1660 990 1660 299 1661 284 1661 990 1661 299 1662 990 1662 1155 1662 304 1663 299 1663 1155 1663 304 1664 1155 1664 991 1664 310 1665 304 1665 991 1665 311 1666 310 1666 991 1666 311 1667 991 1667 1152 1667 311 1668 1152 1668 1035 1668 994 1669 1175 1669 1170 1669 1183 1670 995 1670 997 1670 1170 1671 996 1671 994 1671 998 1672 996 1672 1170 1672 998 1673 997 1673 996 1673 998 1674 1183 1674 997 1674 1359 1675 1184 1675 1183 1675 1359 1676 1183 1676 998 1676 1000 1677 998 1677 999 1677 1213 1678 999 1678 998 1678 1361 1679 1359 1679 998 1679 1002 1680 998 1680 1000 1680 1002 1681 1361 1681 998 1681 1002 1682 1001 1682 1361 1682 1001 1683 1002 1683 1003 1683 1362 1684 1001 1684 1003 1684 1172 1685 1186 1685 1006 1685 1004 1686 1007 1686 1005 1686 1004 1687 1003 1687 1007 1687 1004 1688 1362 1688 1003 1688 1172 1689 1006 1689 1357 1689 1004 1690 1363 1690 1362 1690 1009 1691 1010 1691 1004 1691 1010 1692 1363 1692 1004 1692 1009 1693 1004 1693 1148 1693 1011 1694 1009 1694 1148 1694 1013 1695 1363 1695 1010 1695 1013 1696 1012 1696 1363 1696 1011 1697 1148 1697 1135 1697 1014 1698 1008 1698 1172 1698 1135 1699 1136 1699 1011 1699 1132 1700 1012 1700 1013 1700 1132 1701 1013 1701 1015 1701 1172 1702 1017 1702 1014 1702 1172 1703 1357 1703 1016 1703 1132 1704 1015 1704 1140 1704 1172 1705 1162 1705 1017 1705 1018 1706 1016 1706 1012 1706 1154 1707 1162 1707 1172 1707 1019 1708 1018 1708 1012 1708 1019 1709 1012 1709 1132 1709 1018 1710 1172 1710 1016 1710 1021 1711 1019 1711 1132 1711 1020 1712 1172 1712 1018 1712 1020 1713 1149 1713 1172 1713 1022 1714 1149 1714 1020 1714 1023 1715 1021 1715 1132 1715 168 1716 167 1716 970 1716 970 1717 167 1717 1024 1717 167 1718 164 1718 1024 1718 1024 1719 164 1719 1025 1719 164 1720 159 1720 1025 1720 1025 1721 159 1721 1026 1721 159 1722 166 1722 1026 1722 1026 1723 166 1723 1183 1723 212 1724 206 1724 1027 1724 1027 1725 206 1725 1028 1725 206 1726 205 1726 1028 1726 1028 1727 205 1727 1029 1727 205 1728 209 1728 1029 1728 1029 1729 209 1729 969 1729 209 1730 203 1730 969 1730 353 1731 350 1731 993 1731 1033 1732 326 1732 1034 1732 326 1733 323 1733 1034 1733 1034 1734 323 1734 1035 1734 323 1735 311 1735 1035 1735 926 1736 348 1736 1036 1736 348 1737 347 1737 1036 1737 1036 1738 347 1738 1037 1738 937 1739 317 1739 316 1739 1039 1740 298 1740 1133 1740 211 1741 1043 1741 948 1741 1045 1742 229 1742 1046 1742 229 1743 223 1743 1046 1743 1046 1744 223 1744 943 1744 1047 1745 192 1745 1048 1745 192 1746 196 1746 1048 1746 1048 1747 196 1747 197 1747 1051 1748 155 1748 1052 1748 156 1749 169 1749 1063 1749 1063 1750 169 1750 1053 1750 169 1751 171 1751 1053 1751 1053 1752 162 1752 1054 1752 171 1753 162 1753 1053 1753 162 1754 160 1754 1054 1754 1054 1755 160 1755 1055 1755 160 1756 163 1756 1055 1756 1055 1757 163 1757 1056 1757 163 1758 168 1758 1056 1758 1056 1759 147 1759 1057 1759 168 1760 147 1760 1056 1760 147 1761 143 1761 1057 1761 1057 1762 143 1762 1058 1762 143 1763 144 1763 1058 1763 1058 1764 144 1764 1059 1764 144 1765 146 1765 1059 1765 1059 1766 146 1766 1060 1766 146 1767 1061 1767 1060 1767 1061 1768 152 1768 1062 1768 152 1769 156 1769 1062 1769 1062 1770 156 1770 1063 1770 1055 1771 1056 1771 1057 1771 1055 1772 1057 1772 1058 1772 1062 1773 1060 1773 1061 1773 1062 1774 1059 1774 1060 1774 1054 1775 1055 1775 1058 1775 1054 1776 1058 1776 1059 1776 1053 1777 1054 1777 1059 1777 1063 1778 1053 1778 1059 1778 1063 1779 1059 1779 1062 1779 1064 1780 241 1780 1065 1780 227 1781 241 1781 1064 1781 241 1782 1066 1782 1065 1782 1066 1783 242 1783 1067 1783 242 1784 216 1784 1067 1784 1067 1785 216 1785 1068 1785 1068 1786 216 1786 1069 1786 216 1787 217 1787 1069 1787 217 1788 208 1788 1069 1788 1069 1789 208 1789 1070 1789 208 1790 207 1790 1070 1790 1070 1791 207 1791 1071 1791 207 1792 213 1792 1071 1792 1071 1793 213 1793 1072 1793 213 1794 219 1794 1072 1794 1072 1795 219 1795 1073 1795 219 1796 227 1796 1073 1796 1073 1797 227 1797 1064 1797 1069 1798 1070 1798 1071 1798 1068 1799 1069 1799 1071 1799 1073 1800 1071 1800 1072 1800 1064 1801 1071 1801 1073 1801 1065 1802 1067 1802 1068 1802 1065 1803 1066 1803 1067 1803 1065 1804 1071 1804 1064 1804 1065 1805 1068 1805 1071 1805 322 1806 1074 1806 1084 1806 1074 1807 338 1807 1075 1807 1075 1808 338 1808 1076 1808 338 1809 331 1809 1076 1809 1076 1810 331 1810 1077 1810 331 1811 328 1811 1077 1811 1077 1812 328 1812 1078 1812 328 1813 314 1813 1078 1813 1078 1814 314 1814 1079 1814 314 1815 296 1815 1079 1815 1079 1816 296 1816 1080 1816 296 1817 286 1817 1080 1817 286 1818 285 1818 1080 1818 1080 1819 285 1819 1081 1819 285 1820 295 1820 1081 1820 1081 1821 295 1821 1082 1821 1082 1822 295 1822 1083 1822 295 1823 312 1823 1083 1823 1083 1824 322 1824 1084 1824 312 1825 322 1825 1083 1825 1084 1826 1082 1826 1083 1826 1084 1827 1081 1827 1082 1827 1084 1828 1080 1828 1081 1828 1075 1829 1084 1829 1074 1829 1076 1830 1077 1830 1078 1830 1076 1831 1079 1831 1080 1831 1076 1832 1078 1832 1079 1832 1076 1833 1084 1833 1075 1833 1076 1834 1080 1834 1084 1834 1091 1835 336 1835 1085 1835 336 1836 342 1836 1085 1836 1085 1837 342 1837 343 1837 343 1838 318 1838 1086 1838 1086 1839 318 1839 1087 1839 318 1840 306 1840 1087 1840 1087 1841 306 1841 1088 1841 306 1842 290 1842 1088 1842 1088 1843 290 1843 1089 1843 290 1844 297 1844 1089 1844 297 1845 305 1845 1089 1845 1089 1846 305 1846 1090 1846 305 1847 333 1847 1090 1847 1090 1848 333 1848 1091 1848 333 1849 336 1849 1091 1849 1090 1850 1088 1850 1089 1850 1085 1851 343 1851 1086 1851 1085 1852 1086 1852 1087 1852 1085 1853 1090 1853 1091 1853 1085 1854 1088 1854 1090 1854 1085 1855 1087 1855 1088 1855 1105 1856 268 1856 1092 1856 268 1857 266 1857 1092 1857 266 1858 261 1858 1092 1858 1092 1859 261 1859 1093 1859 261 1860 240 1860 1093 1860 1093 1861 240 1861 1094 1861 240 1862 235 1862 1094 1862 1094 1863 235 1863 1095 1863 235 1864 231 1864 1095 1864 1095 1865 231 1865 1096 1865 231 1866 224 1866 1096 1866 1096 1867 224 1867 1097 1867 224 1868 230 1868 1097 1868 1097 1869 230 1869 1098 1869 230 1870 232 1870 1098 1870 1098 1871 232 1871 1099 1871 232 1872 237 1872 1099 1872 1099 1873 237 1873 1100 1873 237 1874 244 1874 1100 1874 1100 1875 245 1875 1101 1875 244 1876 245 1876 1100 1876 1101 1877 246 1877 1102 1877 245 1878 246 1878 1101 1878 1102 1879 247 1879 1103 1879 246 1880 247 1880 1102 1880 1103 1881 256 1881 1104 1881 247 1882 256 1882 1103 1882 256 1883 257 1883 1104 1883 1104 1884 268 1884 1105 1884 257 1885 268 1885 1104 1885 1098 1886 1096 1886 1097 1886 1098 1887 1095 1887 1096 1887 1103 1888 1100 1888 1101 1888 1103 1889 1101 1889 1102 1889 1103 1890 1098 1890 1099 1890 1103 1891 1099 1891 1100 1891 1093 1892 1094 1892 1095 1892 1105 1893 1103 1893 1104 1893 1092 1894 1103 1894 1105 1894 1092 1895 1098 1895 1103 1895 1092 1896 1095 1896 1098 1896 1092 1897 1093 1897 1095 1897 187 1898 193 1898 1115 1898 1115 1899 193 1899 1106 1899 193 1900 195 1900 1106 1900 1106 1901 195 1901 1107 1901 195 1902 191 1902 1107 1902 1107 1903 191 1903 1108 1903 191 1904 185 1904 1108 1904 1108 1905 185 1905 1109 1905 185 1906 176 1906 1109 1906 1109 1907 176 1907 1110 1907 176 1908 174 1908 1110 1908 174 1909 178 1909 1110 1909 1110 1910 178 1910 1111 1910 178 1911 181 1911 1111 1911 1111 1912 181 1912 1112 1912 181 1913 182 1913 1112 1913 1112 1914 182 1914 1113 1914 1113 1915 182 1915 1114 1915 182 1916 187 1916 1114 1916 1114 1917 187 1917 1115 1917 1108 1918 1109 1918 1110 1918 1113 1919 1111 1919 1112 1919 1115 1920 1113 1920 1114 1920 1107 1921 1108 1921 1110 1921 1107 1922 1110 1922 1111 1922 1106 1923 1113 1923 1115 1923 1106 1924 1111 1924 1113 1924 1106 1925 1107 1925 1111 1925 269 1926 1130 1926 1123 1926 1123 1927 1130 1927 1116 1927 1130 1928 1117 1928 1116 1928 1116 1929 1117 1929 1118 1929 1117 1930 1119 1930 1118 1930 1119 1931 1120 1931 1121 1931 1120 1932 1122 1932 1121 1932 1121 1933 1122 1933 1123 1933 1122 1934 269 1934 1123 1934 1118 1935 1119 1935 1121 1935 1116 1936 1121 1936 1123 1936 1116 1937 1118 1937 1121 1937 1131 1938 1124 1938 1129 1938 1129 1939 1124 1939 1125 1939 1124 1940 1126 1940 1125 1940 1126 1941 1128 1941 1127 1941 1127 1942 1128 1942 1129 1942 1128 1943 1131 1943 1129 1943 1125 1944 1126 1944 1127 1944 1129 1945 1125 1945 1127 1945 271 1946 1130 1946 269 1946 271 1947 1117 1947 1130 1947 250 1948 1117 1948 271 1948 250 1949 1119 1949 1117 1949 251 1950 1119 1950 250 1950 251 1951 1120 1951 1119 1951 251 1952 1122 1952 1120 1952 269 1953 1122 1953 251 1953 133 1954 1124 1954 1131 1954 133 1955 1126 1955 1124 1955 130 1956 1126 1956 133 1956 127 1957 1126 1957 130 1957 127 1958 1128 1958 1126 1958 127 1959 1131 1959 1128 1959 937 1960 316 1960 1132 1960 1038 1961 1132 1961 316 1961 1039 1962 1132 1962 1038 1962 1039 1963 1133 1963 1132 1963 927 1964 1134 1964 928 1964 929 1965 1134 1965 930 1965 1134 1966 1133 1966 930 1966 930 1967 1133 1967 931 1967 931 1968 1133 1968 932 1968 1132 1969 1133 1969 1134 1969 1135 1970 1141 1970 1136 1970 933 1971 1141 1971 1143 1971 1143 1972 1141 1972 1135 1972 1136 1973 1141 1973 1137 1973 934 1974 1141 1974 933 1974 1141 1975 1138 1975 1137 1975 935 1976 1141 1976 934 1976 1138 1977 1141 1977 1139 1977 1139 1978 1141 1978 1132 1978 1139 1979 1132 1979 1140 1979 936 1980 1141 1980 935 1980 937 1981 1141 1981 936 1981 937 1982 1132 1982 1141 1982 1037 1983 357 1983 1142 1983 1134 1984 927 1984 1132 1984 927 1985 1142 1985 1132 1985 1036 1986 927 1986 926 1986 1036 1987 1142 1987 927 1987 1037 1988 1142 1988 1036 1988 1042 1989 933 1989 1143 1989 1148 1990 1143 1990 1135 1990 1040 1991 1143 1991 264 1991 264 1992 1143 1992 1148 1992 1041 1993 1143 1993 1040 1993 1042 1994 1143 1994 1041 1994 1132 1995 1142 1995 1023 1995 1023 1996 1142 1996 1144 1996 357 1997 1145 1997 1142 1997 1142 1998 1145 1998 1144 1998 360 1999 1145 1999 357 1999 992 2000 1145 2000 360 2000 1145 2001 1147 2001 1146 2001 1146 2002 1147 2002 1022 2002 1022 2003 1147 2003 1149 2003 993 2004 1145 2004 992 2004 993 2005 1147 2005 1145 2005 264 2006 1148 2006 938 2006 938 2007 1148 2007 939 2007 939 2008 1148 2008 940 2008 940 2009 942 2009 941 2009 1148 2010 942 2010 940 2010 1148 2011 1004 2011 942 2011 993 2012 350 2012 1147 2012 1147 2013 1150 2013 1149 2013 1147 2014 1151 2014 1150 2014 350 2015 1151 2015 1147 2015 345 2016 1151 2016 350 2016 1033 2017 1151 2017 345 2017 1151 2018 1152 2018 1150 2018 1034 2019 1151 2019 1033 2019 1034 2020 1152 2020 1151 2020 1035 2021 1152 2021 1034 2021 948 2022 1043 2022 1158 2022 1158 2023 1153 2023 1004 2023 1044 2024 1158 2024 1043 2024 1044 2025 1153 2025 1158 2025 1045 2026 1153 2026 1044 2026 1046 2027 1153 2027 1045 2027 1046 2028 1004 2028 1153 2028 943 2029 1004 2029 1046 2029 1154 2030 988 2030 987 2030 988 2031 1154 2031 1156 2031 988 2032 1156 2032 989 2032 989 2033 1156 2033 990 2033 1172 2034 1156 2034 1154 2034 1156 2035 1155 2035 990 2035 1156 2036 1150 2036 1155 2036 1155 2037 1152 2037 991 2037 1172 2038 1149 2038 1156 2038 1155 2039 1150 2039 1152 2039 1149 2040 1150 2040 1156 2040 944 2041 998 2041 1161 2041 945 2042 998 2042 944 2042 946 2043 998 2043 945 2043 946 2044 1159 2044 998 2044 1159 2045 1158 2045 1157 2045 947 2046 1159 2046 946 2046 1157 2047 1158 2047 1005 2047 1005 2048 1158 2048 1004 2048 947 2049 1158 2049 1159 2049 948 2050 1158 2050 947 2050 1032 2051 301 2051 1160 2051 987 2052 1162 2052 1154 2052 987 2053 1160 2053 1162 2053 1030 2054 1160 2054 987 2054 1031 2055 1160 2055 1030 2055 1032 2056 1160 2056 1031 2056 1049 2057 944 2057 1161 2057 1048 2058 1161 2058 1047 2058 197 2059 1161 2059 1048 2059 1049 2060 1161 2060 197 2060 1162 2061 1160 2061 1166 2061 980 2062 1160 2062 301 2062 1166 2063 1160 2063 1167 2063 1167 2064 1160 2064 980 2064 1047 2065 1161 2065 949 2065 1161 2066 950 2066 949 2066 998 2067 1164 2067 1161 2067 1161 2068 1164 2068 950 2068 950 2069 1164 2069 951 2069 1164 2070 1165 2070 1163 2070 1163 2071 1165 2071 952 2071 1164 2072 1170 2072 1165 2072 998 2073 1170 2073 1164 2073 986 2074 1169 2074 985 2074 981 2075 1167 2075 980 2075 982 2076 1167 2076 981 2076 983 2077 1167 2077 982 2077 983 2078 1168 2078 1167 2078 984 2079 1168 2079 983 2079 984 2080 1169 2080 1168 2080 985 2081 1169 2081 984 2081 954 2082 1050 2082 1171 2082 1171 2083 1165 2083 1170 2083 1051 2084 1171 2084 1050 2084 1052 2085 1171 2085 1051 2085 173 2086 1165 2086 1052 2086 1052 2087 1165 2087 1171 2087 1172 2088 1169 2088 979 2088 1172 2089 979 2089 978 2089 979 2090 1169 2090 986 2090 1174 2091 1173 2091 1171 2091 1174 2092 1170 2092 1175 2092 1174 2093 1171 2093 1170 2093 954 2094 1173 2094 953 2094 954 2095 1171 2095 1173 2095 975 2096 1172 2096 978 2096 976 2097 1172 2097 975 2097 976 2098 1179 2098 1172 2098 977 2099 1179 2099 976 2099 957 2100 1173 2100 1178 2100 953 2101 1173 2101 957 2101 955 2102 1176 2102 958 2102 1176 2103 1178 2103 1177 2103 138 2104 1176 2104 955 2104 138 2105 1178 2105 1176 2105 956 2106 1178 2106 138 2106 957 2107 1178 2107 956 2107 971 2108 1179 2108 972 2108 1179 2109 973 2109 972 2109 973 2110 1179 2110 974 2110 974 2111 1179 2111 977 2111 1176 2112 961 2112 958 2112 1180 2113 961 2113 1176 2113 958 2114 961 2114 959 2114 1180 2115 1183 2115 961 2115 995 2116 1183 2116 1180 2116 1029 2117 969 2117 1191 2117 1179 2118 1181 2118 1172 2118 971 2119 1181 2119 1179 2119 971 2120 1182 2120 1181 2120 1028 2121 971 2121 1027 2121 1029 2122 971 2122 1028 2122 1190 2123 1182 2123 1191 2123 1182 2124 971 2124 1191 2124 1191 2125 971 2125 1029 2125 1192 2126 963 2126 1183 2126 960 2127 963 2127 962 2127 960 2128 1183 2128 963 2128 961 2129 1183 2129 960 2129 1184 2130 1185 2130 1183 2130 1172 2131 1181 2131 1186 2131 1184 2132 1188 2132 1185 2132 1181 2133 1187 2133 1186 2133 1188 2134 1189 2134 1185 2134 1181 2135 1182 2135 1187 2135 1191 2136 969 2136 970 2136 1188 2137 1190 2137 1189 2137 1190 2138 1187 2138 1182 2138 964 2139 963 2139 965 2139 963 2140 1192 2140 965 2140 965 2141 1192 2141 966 2141 966 2142 1192 2142 967 2142 967 2143 1192 2143 968 2143 1192 2144 1183 2144 968 2144 970 2145 1024 2145 1191 2145 1189 2146 1183 2146 1185 2146 1190 2147 1183 2147 1189 2147 1191 2148 1183 2148 1190 2148 1024 2149 1183 2149 1191 2149 1025 2150 1183 2150 1024 2150 1026 2151 1183 2151 1025 2151 45 2152 1193 2152 1194 2152 47 2153 1193 2153 45 2153 43 2154 45 2154 1194 2154 47 2155 1196 2155 1193 2155 43 2156 1194 2156 1195 2156 42 2157 43 2157 1195 2157 47 2158 1197 2158 1196 2158 30 2159 1197 2159 47 2159 40 2160 1195 2160 1198 2160 40 2161 42 2161 1195 2161 37 2162 40 2162 1198 2162 1200 2163 1197 2163 30 2163 1199 2164 37 2164 1198 2164 1200 2165 30 2165 32 2165 1199 2166 36 2166 37 2166 1201 2167 1200 2167 32 2167 1201 2168 32 2168 34 2168 1202 2169 36 2169 1199 2169 1202 2170 34 2170 36 2170 1202 2171 1201 2171 34 2171 1199 2172 996 2172 1202 2172 994 2173 996 2173 1199 2173 996 2174 997 2174 1202 2174 1202 2175 997 2175 1201 2175 997 2176 995 2176 1201 2176 1201 2177 995 2177 1200 2177 1200 2178 995 2178 1197 2178 995 2179 1180 2179 1197 2179 1180 2180 1176 2180 1197 2180 1197 2181 1176 2181 1196 2181 1176 2182 1177 2182 1196 2182 1196 2183 1177 2183 1193 2183 1177 2184 1178 2184 1193 2184 1193 2185 1178 2185 1194 2185 1194 2186 1173 2186 1195 2186 1178 2187 1173 2187 1194 2187 1173 2188 1174 2188 1195 2188 1195 2189 1174 2189 1198 2189 1174 2190 1175 2190 1198 2190 1198 2191 1175 2191 1199 2191 1175 2192 994 2192 1199 2192 124 2193 1203 2193 1205 2193 124 2194 1204 2194 1203 2194 126 2195 1204 2195 124 2195 122 2196 124 2196 1205 2196 108 2197 1204 2197 126 2197 108 2198 1207 2198 1204 2198 122 2199 1205 2199 1206 2199 121 2200 122 2200 1206 2200 110 2201 1207 2201 108 2201 110 2202 1208 2202 1207 2202 118 2203 121 2203 1206 2203 118 2204 1206 2204 1209 2204 1209 2205 116 2205 118 2205 1208 2206 110 2206 112 2206 1210 2207 1208 2207 112 2207 1211 2208 116 2208 1209 2208 1211 2209 115 2209 116 2209 1211 2210 1210 2210 112 2210 1211 2211 112 2211 115 2211 1209 2212 1162 2212 1211 2212 1211 2213 1162 2213 1210 2213 1162 2214 1166 2214 1210 2214 1210 2215 1166 2215 1208 2215 1166 2216 1167 2216 1208 2216 1167 2217 1168 2217 1208 2217 1208 2218 1168 2218 1207 2218 1168 2219 1169 2219 1207 2219 1207 2220 1169 2220 1204 2220 1169 2221 1172 2221 1204 2221 1204 2222 1172 2222 1203 2222 1172 2223 1008 2223 1203 2223 1203 2224 1008 2224 1205 2224 1008 2225 1014 2225 1205 2225 1205 2226 1014 2226 1206 2226 1206 2227 1014 2227 1209 2227 1014 2228 1017 2228 1209 2228 1017 2229 1162 2229 1209 2229 66 2230 1212 2230 64 2230 66 2231 1214 2231 1212 2231 62 2232 64 2232 1212 2232 62 2233 1212 2233 1213 2233 62 2234 1213 2234 1215 2234 48 2235 1214 2235 66 2235 59 2236 62 2236 1215 2236 48 2237 1216 2237 1214 2237 59 2238 1215 2238 1217 2238 1216 2239 48 2239 50 2239 1217 2240 57 2240 59 2240 1219 2241 1216 2241 50 2241 1219 2242 50 2242 52 2242 1218 2243 57 2243 1217 2243 1218 2244 56 2244 57 2244 1218 2245 54 2245 56 2245 1219 2246 54 2246 1218 2246 1219 2247 52 2247 54 2247 1157 2248 1005 2248 1218 2248 1218 2249 1005 2249 1219 2249 1005 2250 1007 2250 1219 2250 1007 2251 1003 2251 1219 2251 1219 2252 1003 2252 1216 2252 1003 2253 1002 2253 1216 2253 1216 2254 1002 2254 1214 2254 1002 2255 1000 2255 1214 2255 1000 2256 999 2256 1214 2256 1214 2257 999 2257 1212 2257 1212 2258 999 2258 1213 2258 1213 2259 998 2259 1215 2259 998 2260 1159 2260 1215 2260 1215 2261 1159 2261 1217 2261 1159 2262 1157 2262 1217 2262 1217 2263 1157 2263 1218 2263 103 2264 1220 2264 1221 2264 101 2265 103 2265 1221 2265 103 2266 1222 2266 1220 2266 105 2267 1222 2267 103 2267 100 2268 101 2268 1221 2268 100 2269 1221 2269 1223 2269 89 2270 1222 2270 105 2270 98 2271 100 2271 1223 2271 89 2272 1224 2272 1222 2272 91 2273 1224 2273 89 2273 1225 2274 98 2274 1223 2274 1225 2275 96 2275 98 2275 1227 2276 1224 2276 91 2276 1226 2277 96 2277 1225 2277 1227 2278 91 2278 93 2278 1226 2279 93 2279 96 2279 1226 2280 1227 2280 93 2280 1144 2281 1145 2281 1226 2281 1226 2282 1145 2282 1227 2282 1145 2283 1146 2283 1227 2283 1146 2284 1022 2284 1227 2284 1227 2285 1022 2285 1224 2285 1224 2286 1022 2286 1222 2286 1022 2287 1020 2287 1222 2287 1020 2288 1018 2288 1222 2288 1222 2289 1018 2289 1220 2289 1018 2290 1019 2290 1220 2290 1220 2291 1019 2291 1221 2291 1019 2292 1021 2292 1221 2292 1221 2293 1021 2293 1223 2293 1223 2294 1021 2294 1225 2294 1021 2295 1023 2295 1225 2295 1225 2296 1023 2296 1226 2296 1023 2297 1144 2297 1226 2297 85 2298 1229 2298 1228 2298 86 2299 1229 2299 85 2299 83 2300 85 2300 1228 2300 83 2301 1228 2301 1230 2301 86 2302 1231 2302 1229 2302 81 2303 83 2303 1230 2303 68 2304 1231 2304 86 2304 81 2305 1230 2305 1232 2305 1231 2306 68 2306 70 2306 1233 2307 1231 2307 70 2307 1232 2308 79 2308 81 2308 1234 2309 79 2309 1232 2309 1233 2310 70 2310 72 2310 1234 2311 76 2311 79 2311 1235 2312 72 2312 75 2312 1235 2313 1233 2313 72 2313 1235 2314 76 2314 1234 2314 1235 2315 75 2315 76 2315 1138 2316 1139 2316 1234 2316 1234 2317 1139 2317 1235 2317 1139 2318 1140 2318 1235 2318 1235 2319 1140 2319 1233 2319 1140 2320 1015 2320 1233 2320 1233 2321 1015 2321 1231 2321 1015 2322 1013 2322 1231 2322 1231 2323 1013 2323 1229 2323 1013 2324 1010 2324 1229 2324 1229 2325 1010 2325 1228 2325 1010 2326 1009 2326 1228 2326 1228 2327 1009 2327 1230 2327 1009 2328 1011 2328 1230 2328 1011 2329 1136 2329 1230 2329 1230 2330 1136 2330 1232 2330 1136 2331 1137 2331 1232 2331 1232 2332 1137 2332 1234 2332 1137 2333 1138 2333 1234 2333 638 2334 604 2334 531 2334 513 2335 535 2335 640 2335 1236 2336 604 2336 638 2336 1236 2337 439 2337 604 2337 1236 2338 440 2338 439 2338 1236 2339 638 2339 639 2339 1237 2340 1236 2340 639 2340 1237 2341 440 2341 1236 2341 1237 2342 639 2342 641 2342 1238 2343 425 2343 422 2343 1238 2344 422 2344 1237 2344 1238 2345 1237 2345 641 2345 1238 2346 429 2346 425 2346 1239 2347 429 2347 1238 2347 1239 2348 1238 2348 641 2348 1239 2349 641 2349 643 2349 1240 2350 429 2350 1239 2350 1240 2351 643 2351 642 2351 1240 2352 1239 2352 643 2352 1240 2353 434 2353 429 2353 1241 2354 1240 2354 642 2354 1241 2355 434 2355 1240 2355 1241 2356 642 2356 640 2356 1241 2357 449 2357 434 2357 1241 2358 468 2358 449 2358 1241 2359 640 2359 535 2359 1241 2360 535 2360 468 2360 16 2361 614 2361 18 2361 18 2362 614 2362 1242 2362 614 2363 612 2363 1242 2363 1242 2364 612 2364 1243 2364 612 2365 607 2365 1243 2365 1243 2366 607 2366 1244 2366 607 2367 605 2367 1244 2367 605 2368 1245 2368 1244 2368 1245 2369 609 2369 1246 2369 609 2370 1247 2370 1246 2370 2 2371 1248 2371 3 2371 1249 2372 1250 2372 1251 2372 1250 2373 1253 2373 1251 2373 1251 2374 1253 2374 1252 2374 1253 2375 1254 2375 1252 2375 1252 2376 1254 2376 1255 2376 1256 2377 614 2377 16 2377 20 2378 18 2378 1242 2378 20 2379 1242 2379 1243 2379 14 2380 1256 2380 16 2380 23 2381 20 2381 1243 2381 23 2382 1243 2382 1244 2382 13 2383 1256 2383 14 2383 13 2384 1255 2384 1256 2384 24 2385 23 2385 1244 2385 11 2386 1255 2386 13 2386 24 2387 1244 2387 1245 2387 11 2388 1252 2388 1255 2388 1252 2389 11 2389 9 2389 1246 2390 24 2390 1245 2390 1246 2391 27 2391 24 2391 1251 2392 1252 2392 9 2392 1251 2393 9 2393 8 2393 1246 2394 0 2394 27 2394 1247 2395 0 2395 1246 2395 2 2396 0 2396 1247 2396 1249 2397 1251 2397 8 2397 1249 2398 8 2398 5 2398 1248 2399 1249 2399 5 2399 3 2400 1248 2400 5 2400 605 2401 609 2401 1245 2401 609 2402 618 2402 1247 2402 1247 2403 618 2403 2 2403 2 2404 618 2404 1248 2404 618 2405 617 2405 1248 2405 1248 2406 617 2406 1249 2406 1249 2407 617 2407 1250 2407 617 2408 622 2408 1250 2408 1250 2409 622 2409 1253 2409 1253 2410 622 2410 1254 2410 622 2411 628 2411 1254 2411 1254 2412 628 2412 1255 2412 1255 2413 628 2413 1256 2413 628 2414 615 2414 1256 2414 1256 2415 615 2415 614 2415 1365 2416 1366 2416 1295 2416 1336 2417 1258 2417 1344 2417 1344 2418 1365 2418 1295 2418 1344 2419 1258 2419 1365 2419 1258 2420 1334 2420 1366 2420 1334 2421 1258 2421 1328 2421 815 2422 817 2422 1353 2422 814 2423 815 2423 1353 2423 814 2424 1353 2424 1260 2424 808 2425 814 2425 1260 2425 808 2426 1260 2426 1351 2426 807 2427 1351 2427 1261 2427 807 2428 808 2428 1351 2428 807 2429 1261 2429 1262 2429 800 2430 807 2430 1262 2430 833 2431 834 2431 1266 2431 833 2432 1266 2432 1267 2432 831 2433 833 2433 1267 2433 831 2434 1267 2434 1268 2434 829 2435 831 2435 1268 2435 828 2436 829 2436 1268 2436 828 2437 1268 2437 1269 2437 825 2438 828 2438 1269 2438 825 2439 1269 2439 1270 2439 846 2440 1271 2440 1272 2440 844 2441 846 2441 1272 2441 844 2442 1272 2442 1273 2442 843 2443 844 2443 1273 2443 843 2444 1273 2444 1337 2444 845 2445 843 2445 1337 2445 845 2446 1337 2446 1274 2446 848 2447 845 2447 1274 2447 848 2448 1274 2448 1306 2448 836 2449 1275 2449 1276 2449 838 2450 1276 2450 1277 2450 838 2451 836 2451 1276 2451 839 2452 838 2452 1277 2452 839 2453 1277 2453 1278 2453 842 2454 839 2454 1278 2454 1279 2455 832 2455 1280 2455 1275 2456 832 2456 1279 2456 832 2457 830 2457 1280 2457 826 2458 1281 2458 1282 2458 827 2459 826 2459 1282 2459 827 2460 1282 2460 1324 2460 830 2461 827 2461 1324 2461 830 2462 1324 2462 1280 2462 803 2463 801 2463 1286 2463 804 2464 803 2464 1286 2464 804 2465 1286 2465 1287 2465 806 2466 804 2466 1287 2466 806 2467 1287 2467 1326 2467 809 2468 806 2468 1326 2468 810 2469 809 2469 1326 2469 810 2470 1326 2470 1288 2470 812 2471 810 2471 1288 2471 812 2472 1288 2472 1289 2472 816 2473 812 2473 1289 2473 779 2474 1290 2474 1291 2474 779 2475 777 2475 1290 2475 781 2476 779 2476 1291 2476 781 2477 1291 2477 1292 2477 782 2478 781 2478 1292 2478 782 2479 1292 2479 1334 2479 783 2480 782 2480 1334 2480 783 2481 1334 2481 1332 2481 763 2482 1294 2482 1295 2482 764 2483 763 2483 1295 2483 764 2484 1295 2484 1296 2484 770 2485 764 2485 1296 2485 770 2486 1296 2486 1297 2486 771 2487 770 2487 1297 2487 771 2488 1297 2488 1298 2488 769 2489 771 2489 1298 2489 769 2490 1298 2490 1342 2490 760 2491 769 2491 1342 2491 760 2492 1342 2492 1317 2492 780 2493 786 2493 1300 2493 780 2494 1300 2494 1299 2494 778 2495 780 2495 1299 2495 778 2496 1299 2496 1320 2496 1300 2497 786 2497 789 2497 792 2498 1302 2498 1303 2498 792 2499 793 2499 1302 2499 789 2500 1303 2500 1301 2500 789 2501 792 2501 1303 2501 799 2502 800 2502 1262 2502 1329 2503 842 2503 1278 2503 819 2504 818 2504 1311 2504 1312 2505 816 2505 1289 2505 1315 2506 788 2506 1316 2506 1290 2507 777 2507 773 2507 1319 2508 778 2508 1320 2508 1302 2509 793 2509 795 2509 1266 2510 834 2510 835 2510 1310 2511 1322 2511 1309 2511 1309 2512 1322 2512 1281 2512 1323 2513 1324 2513 1322 2513 1281 2514 1322 2514 1324 2514 1258 2515 1324 2515 1323 2515 1311 2516 1325 2516 1285 2516 1285 2517 1325 2517 1284 2517 1258 2518 1323 2518 1328 2518 1325 2519 1322 2519 1284 2519 1325 2520 1323 2520 1322 2520 1284 2521 1322 2521 1283 2521 1283 2522 1322 2522 1310 2522 1281 2523 1324 2523 1282 2523 1289 2524 1325 2524 1312 2524 1312 2525 1325 2525 818 2525 818 2526 1325 2526 1311 2526 1328 2527 1323 2527 1325 2527 1280 2528 1324 2528 1279 2528 1324 2529 1276 2529 1279 2529 1279 2530 1276 2530 1275 2530 1258 2531 1276 2531 1324 2531 1289 2532 1288 2532 1325 2532 1288 2533 1328 2533 1325 2533 1326 2534 1328 2534 1288 2534 1328 2535 1326 2535 1286 2535 1287 2536 1286 2536 1326 2536 801 2537 1328 2537 1286 2537 1277 2538 1276 2538 1278 2538 1327 2539 1314 2539 796 2539 1314 2540 1327 2540 1313 2540 1313 2541 1327 2541 801 2541 1327 2542 1330 2542 1328 2542 1327 2543 1328 2543 801 2543 1334 2544 1328 2544 1330 2544 1276 2545 1329 2545 1278 2545 1276 2546 1331 2546 1329 2546 1329 2547 1331 2547 1308 2547 1331 2548 1276 2548 1336 2548 1258 2549 1336 2549 1276 2549 1315 2550 1333 2550 790 2550 790 2551 1333 2551 791 2551 791 2552 1327 2552 796 2552 1333 2553 1327 2553 791 2553 1333 2554 1330 2554 1327 2554 1332 2555 1333 2555 1316 2555 1334 2556 1333 2556 1332 2556 1316 2557 1333 2557 1315 2557 1334 2558 1330 2558 1333 2558 1308 2559 1331 2559 1307 2559 1307 2560 1331 2560 1271 2560 1331 2561 1272 2561 1271 2561 1334 2562 1335 2562 1366 2562 1292 2563 1335 2563 1334 2563 1291 2564 1335 2564 1292 2564 1335 2565 1291 2565 1290 2565 1337 2566 1336 2566 1274 2566 1273 2567 1336 2567 1337 2567 1272 2568 1336 2568 1273 2568 1336 2569 1272 2569 1331 2569 1293 2570 1338 2570 773 2570 773 2571 1338 2571 1290 2571 1339 2572 1335 2572 1338 2572 1335 2573 1290 2573 1338 2573 1366 2574 1335 2574 1339 2574 1274 2575 1336 2575 1306 2575 1336 2576 1341 2576 1306 2576 1306 2577 1341 2577 1305 2577 1305 2578 1341 2578 852 2578 1341 2579 1336 2579 1344 2579 1343 2580 1340 2580 757 2580 757 2581 1340 2581 759 2581 759 2582 1340 2582 1293 2582 1339 2583 1338 2583 1340 2583 1293 2584 1340 2584 1338 2584 852 2585 1341 2585 851 2585 851 2586 1341 2586 849 2586 1341 2587 1344 2587 849 2587 1342 2588 1343 2588 1317 2588 1342 2589 1340 2589 1343 2589 1339 2590 1340 2590 1342 2590 1339 2591 1342 2591 1366 2591 1344 2592 1321 2592 849 2592 1321 2593 1344 2593 835 2593 835 2594 1344 2594 1266 2594 1366 2595 1342 2595 1295 2595 1298 2596 1297 2596 1342 2596 1342 2597 1297 2597 1295 2597 1296 2598 1295 2598 1297 2598 1269 2599 1345 2599 1270 2599 1269 2600 1268 2600 1345 2600 1295 2601 1268 2601 1344 2601 1267 2602 1344 2602 1268 2602 1266 2603 1344 2603 1267 2603 1347 2604 1318 2604 758 2604 1318 2605 1347 2605 1294 2605 1346 2606 1295 2606 1347 2606 1347 2607 1295 2607 1294 2607 1304 2608 1348 2608 1265 2608 1345 2609 1304 2609 1270 2609 1345 2610 1348 2610 1304 2610 1295 2611 1345 2611 1268 2611 768 2612 1349 2612 767 2612 767 2613 1349 2613 761 2613 1349 2614 1347 2614 761 2614 761 2615 1347 2615 758 2615 1349 2616 1346 2616 1347 2616 1265 2617 1348 2617 1264 2617 1264 2618 1348 2618 1263 2618 772 2619 1349 2619 768 2619 1319 2620 1349 2620 772 2620 1320 2621 1354 2621 1319 2621 1354 2622 1346 2622 1319 2622 1319 2623 1346 2623 1349 2623 1346 2624 1354 2624 1295 2624 1348 2625 817 2625 1263 2625 1348 2626 1352 2626 817 2626 1295 2627 1352 2627 1345 2627 1345 2628 1352 2628 1348 2628 1320 2629 1300 2629 1354 2629 1299 2630 1300 2630 1320 2630 1257 2631 1350 2631 1295 2631 1261 2632 1350 2632 1262 2632 1261 2633 1351 2633 1350 2633 1351 2634 1352 2634 1350 2634 1350 2635 1352 2635 1295 2635 1260 2636 1352 2636 1351 2636 1353 2637 1352 2637 1260 2637 1352 2638 1353 2638 817 2638 1301 2639 1354 2639 789 2639 1257 2640 1354 2640 1303 2640 789 2641 1354 2641 1300 2641 1295 2642 1354 2642 1257 2642 1262 2643 1350 2643 799 2643 1350 2644 1355 2644 799 2644 799 2645 1355 2645 798 2645 798 2646 1355 2646 1259 2646 1257 2647 1355 2647 1350 2647 1303 2648 1354 2648 1301 2648 1259 2649 1355 2649 795 2649 1355 2650 1303 2650 795 2650 795 2651 1303 2651 1302 2651 1257 2652 1303 2652 1355 2652 699 2653 698 2653 837 2653 701 2654 699 2654 837 2654 703 2655 701 2655 837 2655 822 2656 703 2656 837 2656 705 2657 703 2657 822 2657 707 2658 705 2658 822 2658 821 2659 707 2659 822 2659 708 2660 707 2660 821 2660 710 2661 708 2661 821 2661 813 2662 710 2662 821 2662 712 2663 710 2663 813 2663 714 2664 712 2664 813 2664 805 2665 714 2665 813 2665 715 2666 714 2666 805 2666 717 2667 715 2667 805 2667 719 2668 717 2668 805 2668 787 2669 719 2669 805 2669 721 2670 719 2670 787 2670 724 2671 721 2671 787 2671 725 2672 724 2672 787 2672 775 2673 725 2673 787 2673 728 2674 725 2674 775 2674 774 2675 728 2675 775 2675 729 2676 728 2676 774 2676 731 2677 729 2677 774 2677 765 2678 731 2678 774 2678 733 2679 731 2679 765 2679 734 2680 733 2680 765 2680 756 2681 734 2681 765 2681 736 2682 734 2682 756 2682 738 2683 736 2683 756 2683 755 2684 738 2684 756 2684 740 2685 738 2685 755 2685 742 2686 740 2686 755 2686 754 2687 742 2687 755 2687 744 2688 742 2688 754 2688 762 2689 744 2689 754 2689 746 2690 744 2690 762 2690 748 2691 746 2691 762 2691 766 2692 748 2692 762 2692 749 2693 748 2693 766 2693 751 2694 749 2694 766 2694 753 2695 751 2695 766 2695 776 2696 753 2696 766 2696 645 2697 753 2697 776 2697 647 2698 645 2698 776 2698 647 2699 776 2699 785 2699 649 2700 647 2700 785 2700 649 2701 785 2701 794 2701 650 2702 649 2702 794 2702 652 2703 650 2703 794 2703 797 2704 652 2704 794 2704 654 2705 652 2705 797 2705 802 2706 654 2706 797 2706 656 2707 654 2707 802 2707 658 2708 656 2708 802 2708 658 2709 802 2709 811 2709 660 2710 658 2710 811 2710 661 2711 660 2711 811 2711 820 2712 661 2712 811 2712 663 2713 661 2713 820 2713 665 2714 820 2714 823 2714 665 2715 663 2715 820 2715 667 2716 665 2716 823 2716 669 2717 823 2717 824 2717 669 2718 667 2718 823 2718 671 2719 669 2719 824 2719 840 2720 671 2720 824 2720 673 2721 671 2721 840 2721 675 2722 673 2722 840 2722 677 2723 675 2723 840 2723 677 2724 840 2724 850 2724 679 2725 677 2725 850 2725 853 2726 679 2726 850 2726 681 2727 679 2727 853 2727 683 2728 681 2728 853 2728 685 2729 683 2729 853 2729 855 2730 685 2730 853 2730 687 2731 685 2731 855 2731 689 2732 687 2732 855 2732 689 2733 855 2733 854 2733 690 2734 689 2734 854 2734 692 2735 690 2735 854 2735 694 2736 692 2736 854 2736 694 2737 854 2737 841 2737 696 2738 694 2738 841 2738 698 2739 696 2739 841 2739 698 2740 841 2740 837 2740 1012 2741 1016 2741 1364 2741 1364 2742 1016 2742 1356 2742 1016 2743 1357 2743 1356 2743 1357 2744 1006 2744 1258 2744 1006 2745 1186 2745 1258 2745 1258 2746 1186 2746 1365 2746 1186 2747 1187 2747 1365 2747 1187 2748 1190 2748 1365 2748 1365 2749 1190 2749 1358 2749 1190 2750 1188 2750 1358 2750 1188 2751 1184 2751 1358 2751 1358 2752 1184 2752 1366 2752 1184 2753 1359 2753 1366 2753 1360 2754 1359 2754 1361 2754 1361 2755 1001 2755 1367 2755 1367 2756 1001 2756 1362 2756 1364 2757 1363 2757 1012 2757 1364 2758 1258 2758 1366 2758 1356 2759 1258 2759 1364 2759 1258 2760 1356 2760 1357 2760 1366 2761 1365 2761 1358 2761 1360 2762 1366 2762 1359 2762 1360 2763 1361 2763 1367 2763 1367 2764 1366 2764 1360 2764 1363 2765 1367 2765 1362 2765 1364 2766 1367 2766 1363 2766 1364 2767 1366 2767 1367 2767 1368 2768 2230 2768 2229 2768 1369 2769 1368 2769 2229 2769 1369 2770 2229 2770 1370 2770 1739 2771 1369 2771 1370 2771 1371 2772 1703 2772 1386 2772 1371 2773 1386 2773 1385 2773 1373 2774 1371 2774 1385 2774 1373 2775 1385 2775 1372 2775 1375 2776 1376 2776 1374 2776 1375 2777 1374 2777 2201 2777 1375 2778 1378 2778 1377 2778 1375 2779 1379 2779 1378 2779 1375 2780 1380 2780 1379 2780 1375 2781 2249 2781 1380 2781 2230 2782 1382 2782 2250 2782 2250 2783 1382 2783 1383 2783 2250 2784 1383 2784 2206 2784 1372 2785 1385 2785 1384 2785 1384 2786 1385 2786 1386 2786 1402 2787 1532 2787 1401 2787 1389 2788 1388 2788 1391 2788 1390 2789 1389 2789 1391 2789 1422 2790 1390 2790 1391 2790 1427 2791 1394 2791 1425 2791 1396 2792 1395 2792 1459 2792 1396 2793 1459 2793 1387 2793 1548 2794 1462 2794 1460 2794 1400 2795 1397 2795 1396 2795 1401 2796 1397 2796 1400 2796 1400 2797 1387 2797 1398 2797 1399 2798 1400 2798 1398 2798 1399 2799 1398 2799 1403 2799 1400 2800 1402 2800 1401 2800 1404 2801 1399 2801 1403 2801 1399 2802 1402 2802 1400 2802 1399 2803 1406 2803 1402 2803 1404 2804 1406 2804 1399 2804 1404 2805 1403 2805 1405 2805 1407 2806 1404 2806 1405 2806 1410 2807 1407 2807 1405 2807 1410 2808 1405 2808 1408 2808 1407 2809 1409 2809 1404 2809 1414 2810 1408 2810 1411 2810 1414 2811 1410 2811 1408 2811 1410 2812 1409 2812 1407 2812 1410 2813 1412 2813 1409 2813 1416 2814 1411 2814 1413 2814 1416 2815 1414 2815 1411 2815 1414 2816 1412 2816 1410 2816 1418 2817 1416 2817 1413 2817 1416 2818 1415 2818 1414 2818 1416 2819 1419 2819 1415 2819 1418 2820 1413 2820 1417 2820 1420 2821 1418 2821 1417 2821 1418 2822 1419 2822 1416 2822 1420 2823 1417 2823 1388 2823 1418 2824 1393 2824 1419 2824 1421 2825 1388 2825 1389 2825 1421 2826 1420 2826 1388 2826 1420 2827 1393 2827 1418 2827 1420 2828 1392 2828 1393 2828 1421 2829 1392 2829 1420 2829 1423 2830 1422 2830 1391 2830 1423 2831 1391 2831 1424 2831 1423 2832 1425 2832 1422 2832 1429 2833 1423 2833 1424 2833 1429 2834 1424 2834 1426 2834 1423 2835 1427 2835 1425 2835 1429 2836 1427 2836 1423 2836 1431 2837 1426 2837 1428 2837 1431 2838 1429 2838 1426 2838 1430 2839 1428 2839 1433 2839 1430 2840 1431 2840 1428 2840 1431 2841 1432 2841 1429 2841 1436 2842 1430 2842 1433 2842 1430 2843 1432 2843 1431 2843 1436 2844 1433 2844 1434 2844 1435 2845 1436 2845 1434 2845 1435 2846 1434 2846 1438 2846 1437 2847 1435 2847 1438 2847 1435 2848 1439 2848 1436 2848 1441 2849 1438 2849 1440 2849 1441 2850 1437 2850 1438 2850 1437 2851 1439 2851 1435 2851 1443 2852 1441 2852 1440 2852 1441 2853 1442 2853 1437 2853 1441 2854 1443 2854 1442 2854 1445 2855 1440 2855 1444 2855 1445 2856 1443 2856 1440 2856 1445 2857 1444 2857 1446 2857 1450 2858 1445 2858 1446 2858 1445 2859 1447 2859 1443 2859 1445 2860 1450 2860 1447 2860 1449 2861 1450 2861 1446 2861 1449 2862 1446 2862 1448 2862 1451 2863 1449 2863 1448 2863 1451 2864 1448 2864 1452 2864 1453 2865 1451 2865 1452 2865 1451 2866 1455 2866 1449 2866 1453 2867 1452 2867 1454 2867 1453 2868 1455 2868 1451 2868 1456 2869 1454 2869 1457 2869 1456 2870 1453 2870 1454 2870 1463 2871 1456 2871 1457 2871 1456 2872 1458 2872 1453 2872 1463 2873 1457 2873 1459 2873 1456 2874 1462 2874 1458 2874 1395 2875 1463 2875 1459 2875 1395 2876 1461 2876 1463 2876 1463 2877 1461 2877 1460 2877 1463 2878 1462 2878 1456 2878 1463 2879 1460 2879 1462 2879 1396 2880 1387 2880 1400 2880 1471 2881 1465 2881 1464 2881 1464 2882 1465 2882 1466 2882 1465 2883 1468 2883 1466 2883 1466 2884 1468 2884 1467 2884 1467 2885 1468 2885 1469 2885 1468 2886 1470 2886 1469 2886 1469 2887 1470 2887 1472 2887 1470 2888 1471 2888 1472 2888 1472 2889 1471 2889 1464 2889 1480 2890 1474 2890 1473 2890 1473 2891 1474 2891 1476 2891 1474 2892 1475 2892 1476 2892 1476 2893 1475 2893 1477 2893 1475 2894 1478 2894 1477 2894 1477 2895 1478 2895 1479 2895 1478 2896 1480 2896 1479 2896 1479 2897 1480 2897 1473 2897 1489 2898 1487 2898 1481 2898 1487 2899 1482 2899 1481 2899 1481 2900 1482 2900 1483 2900 1482 2901 1484 2901 1483 2901 1483 2902 1484 2902 1485 2902 1484 2903 1486 2903 1485 2903 1485 2904 1486 2904 1488 2904 1486 2905 1487 2905 1488 2905 1488 2906 1487 2906 1489 2906 1490 2907 1493 2907 1491 2907 1491 2908 1493 2908 1492 2908 1492 2909 1493 2909 1495 2909 1493 2910 1494 2910 1495 2910 1495 2911 1494 2911 1496 2911 1494 2912 1490 2912 1496 2912 1496 2913 1490 2913 1491 2913 1505 2914 1497 2914 1498 2914 1497 2915 1499 2915 1498 2915 1498 2916 1499 2916 1500 2916 1499 2917 1502 2917 1500 2917 1500 2918 1502 2918 1501 2918 1501 2919 1502 2919 1504 2919 1502 2920 1503 2920 1504 2920 1504 2921 1503 2921 1505 2921 1503 2922 1497 2922 1505 2922 1513 2923 1506 2923 1508 2923 1506 2924 1507 2924 1508 2924 1508 2925 1507 2925 1510 2925 1507 2926 1509 2926 1510 2926 1510 2927 1509 2927 1512 2927 1509 2928 1511 2928 1512 2928 1512 2929 1511 2929 1513 2929 1511 2930 1506 2930 1513 2930 2027 2931 1517 2931 1516 2931 2026 2932 1517 2932 2027 2932 1559 2933 1519 2933 1520 2933 1523 2934 1522 2934 1521 2934 1523 2935 2024 2935 1522 2935 1521 2936 1522 2936 1526 2936 1524 2937 2024 2937 1523 2937 1525 2938 1521 2938 1526 2938 1528 2939 1525 2939 1526 2939 1517 2940 1524 2940 1527 2940 1517 2941 2024 2941 1524 2941 1517 2942 2026 2942 2024 2942 1531 2943 1529 2943 1528 2943 1530 2944 1531 2944 1528 2944 1530 2945 1528 2945 1526 2945 1530 2946 1526 2946 2040 2946 1532 2947 1529 2947 1531 2947 1533 2948 1534 2948 1537 2948 1536 2949 1535 2949 1517 2949 1533 2950 2040 2950 1534 2950 1536 2951 1517 2951 1527 2951 1533 2952 1530 2952 2040 2952 1536 2953 1527 2953 1545 2953 1538 2954 1536 2954 1545 2954 1539 2955 1517 2955 1535 2955 1537 2956 1534 2956 2036 2956 1542 2957 1530 2957 1533 2957 1539 2958 1546 2958 1517 2958 1540 2959 1537 2959 2036 2959 1532 2960 1541 2960 1529 2960 1543 2961 1530 2961 1542 2961 1402 2962 1544 2962 1541 2962 1547 2963 1546 2963 1539 2963 1402 2964 1541 2964 1532 2964 1406 2965 1544 2965 1402 2965 1406 2966 1545 2966 1544 2966 1404 2967 1545 2967 1406 2967 1404 2968 1538 2968 1545 2968 1409 2969 1538 2969 1404 2969 1409 2970 1551 2970 1538 2970 1462 2971 1548 2971 1543 2971 1549 2972 1547 2972 1550 2972 1549 2973 1546 2973 1547 2973 1462 2974 1543 2974 1542 2974 1462 2975 1542 2975 1553 2975 1549 2976 1550 2976 1564 2976 1458 2977 1462 2977 1553 2977 1552 2978 1556 2978 1540 2978 1555 2979 1556 2979 1552 2979 1409 2980 1558 2980 1551 2980 1554 2981 1540 2981 2036 2981 1554 2982 1552 2982 1540 2982 1458 2983 1553 2983 1557 2983 1555 2984 1560 2984 1556 2984 1412 2985 1558 2985 1409 2985 1554 2986 2036 2986 1559 2986 1561 2987 1560 2987 1555 2987 1570 2988 1554 2988 1559 2988 1570 2989 1559 2989 1520 2989 1458 2990 1557 2990 1562 2990 1561 2991 1562 2991 1560 2991 1412 2992 1563 2992 1558 2992 1565 2993 1562 2993 1561 2993 1453 2994 1458 2994 1562 2994 1453 2995 1562 2995 1565 2995 1412 2996 1564 2996 1563 2996 1414 2997 1564 2997 1412 2997 1455 2998 1453 2998 1565 2998 1455 2999 1565 2999 1567 2999 1414 3000 1549 3000 1564 3000 1414 3001 1566 3001 1549 3001 1455 3002 1567 3002 1572 3002 1568 3003 1575 3003 1569 3003 1568 3004 1569 3004 1570 3004 1568 3005 1570 3005 1520 3005 1449 3006 1455 3006 1572 3006 1574 3007 1571 3007 1575 3007 1571 3008 1572 3008 1575 3008 1573 3009 1566 3009 1414 3009 1573 3010 1414 3010 1415 3010 1577 3011 1573 3011 1415 3011 1579 3012 1576 3012 1566 3012 1579 3013 1566 3013 1573 3013 1577 3014 1415 3014 1419 3014 1583 3015 1577 3015 1419 3015 1578 3016 1574 3016 1575 3016 1578 3017 1575 3017 1568 3017 1581 3018 1578 3018 1568 3018 1571 3019 1449 3019 1572 3019 1580 3020 1449 3020 1571 3020 1581 3021 1568 3021 1585 3021 1582 3022 1576 3022 1579 3022 1588 3023 1581 3023 1585 3023 1586 3024 1449 3024 1580 3024 1450 3025 1449 3025 1586 3025 1393 3026 1583 3026 1419 3026 1584 3027 1583 3027 1393 3027 1393 3028 1591 3028 1584 3028 1576 3029 1582 3029 1587 3029 1450 3030 1586 3030 1589 3030 1590 3031 1393 3031 1392 3031 1590 3032 1591 3032 1393 3032 1585 3033 1596 3033 1588 3033 1594 3034 1591 3034 1590 3034 1592 3035 1576 3035 1587 3035 1599 3036 1596 3036 1585 3036 1594 3037 1593 3037 1591 3037 1595 3038 1589 3038 1596 3038 1595 3039 1597 3039 1589 3039 1592 3040 1587 3040 1593 3040 1597 3041 1450 3041 1589 3041 1595 3042 1596 3042 1599 3042 1600 3043 1595 3043 1599 3043 1597 3044 1447 3044 1450 3044 1598 3045 1592 3045 1593 3045 1598 3046 1593 3046 1594 3046 1602 3047 1600 3047 1599 3047 1601 3048 1447 3048 1597 3048 1601 3049 1443 3049 1447 3049 1604 3050 1602 3050 1599 3050 1613 3051 1443 3051 1601 3051 1598 3052 1594 3052 1606 3052 1604 3053 1603 3053 1602 3053 1618 3054 1598 3054 1606 3054 1604 3055 1608 3055 1603 3055 1607 3056 1606 3056 1394 3056 1611 3057 1609 3057 1443 3057 1611 3058 1443 3058 1613 3058 1605 3059 1394 3059 1427 3059 1605 3060 1607 3060 1394 3060 1609 3061 1442 3061 1443 3061 1604 3062 1616 3062 1608 3062 1610 3063 1606 3063 1607 3063 1610 3064 1618 3064 1606 3064 1612 3065 1442 3065 1609 3065 1615 3066 1613 3066 1616 3066 1615 3067 1611 3067 1613 3067 1618 3068 1610 3068 1614 3068 1617 3069 1616 3069 1604 3069 1612 3070 1437 3070 1442 3070 1621 3071 1605 3071 1427 3071 1622 3072 1437 3072 1612 3072 1621 3073 1427 3073 1429 3073 1617 3074 1615 3074 1616 3074 1617 3075 1619 3075 1615 3075 1623 3076 1429 3076 1432 3076 1620 3077 1439 3077 1437 3077 1620 3078 1437 3078 1622 3078 1627 3079 1623 3079 1432 3079 1623 3080 1621 3080 1429 3080 1623 3081 1624 3081 1621 3081 1618 3082 1614 3082 1634 3082 1639 3083 1629 3083 1619 3083 1639 3084 1619 3084 1617 3084 1625 3085 1620 3085 1622 3085 1626 3086 1439 3086 1620 3086 1635 3087 1624 3087 1623 3087 1635 3088 1632 3088 1624 3088 1626 3089 1436 3089 1439 3089 1625 3090 1622 3090 1628 3090 1630 3091 1430 3091 1436 3091 1631 3092 1430 3092 1630 3092 1640 3093 1630 3093 1436 3093 1627 3094 1432 3094 1430 3094 1633 3095 1430 3095 1631 3095 1640 3096 1436 3096 1626 3096 1633 3097 1627 3097 1430 3097 1638 3098 1618 3098 1634 3098 1639 3099 1628 3099 1629 3099 1633 3100 1636 3100 1627 3100 1640 3101 1626 3101 1637 3101 1641 3102 1636 3102 1633 3102 1638 3103 1634 3103 1632 3103 1643 3104 1640 3104 1637 3104 1638 3105 1635 3105 1642 3105 1638 3106 1632 3106 1635 3106 1651 3107 1625 3107 1628 3107 1651 3108 1628 3108 1639 3108 1651 3109 1648 3109 1625 3109 1643 3110 1637 3110 1645 3110 1644 3111 1643 3111 1645 3111 1649 3112 1642 3112 1646 3112 1649 3113 1646 3113 1647 3113 1649 3114 1638 3114 1642 3114 1651 3115 1652 3115 1648 3115 1649 3116 1647 3116 1650 3116 1651 3117 1655 3117 1652 3117 1657 3118 1655 3118 1651 3118 1653 3119 1650 3119 1654 3119 1653 3120 1649 3120 1650 3120 1657 3121 1656 3121 1655 3121 1653 3122 1654 3122 1636 3122 1657 3123 1645 3123 1656 3123 1653 3124 1636 3124 1641 3124 1653 3125 1641 3125 1658 3125 1657 3126 1644 3126 1645 3126 1659 3127 1653 3127 1658 3127 1659 3128 1644 3128 1657 3128 1659 3129 1660 3129 1644 3129 1659 3130 1658 3130 1660 3130 1661 3131 1663 3131 1662 3131 1664 3132 1663 3132 1661 3132 1662 3133 1665 3133 1661 3133 1661 3134 1665 3134 1666 3134 1664 3135 1670 3135 1663 3135 1665 3136 1667 3136 1666 3136 1666 3137 1684 3137 1680 3137 1667 3138 1684 3138 1666 3138 1671 3139 1684 3139 1667 3139 1668 3140 1669 3140 1664 3140 2050 3141 1669 3141 1668 3141 1664 3142 1669 3142 1670 3142 1670 3143 1669 3143 1676 3143 1674 3144 1673 3144 1672 3144 1672 3145 1673 3145 1671 3145 1673 3146 1685 3146 1671 3146 1674 3147 1675 3147 1673 3147 1676 3148 1675 3148 1674 3148 1669 3149 1681 3149 1677 3149 1684 3150 1679 3150 1678 3150 1684 3151 1678 3151 1680 3151 1669 3152 1682 3152 1676 3152 1677 3153 1682 3153 1669 3153 1682 3154 2187 3154 1676 3154 1676 3155 2187 3155 1675 3155 1686 3156 1681 3156 1669 3156 1684 3157 1687 3157 1679 3157 1678 3158 1683 3158 1680 3158 1686 3159 1689 3159 1681 3159 1671 3160 1477 3160 1684 3160 1477 3161 1479 3161 1684 3161 1685 3162 1477 3162 1671 3162 1680 3163 1683 3163 1828 3163 1688 3164 2187 3164 1682 3164 2211 3165 1477 3165 1685 3165 1691 3166 1689 3166 1686 3166 2211 3167 1476 3167 1477 3167 1691 3168 1695 3168 1689 3168 1688 3169 1690 3169 2187 3169 1693 3170 1690 3170 1688 3170 1701 3171 1476 3171 2211 3171 1692 3172 1698 3172 1684 3172 1684 3173 1698 3173 1687 3173 1479 3174 1692 3174 1684 3174 1687 3175 1698 3175 1696 3175 1693 3176 1700 3176 1690 3176 1691 3177 1694 3177 1695 3177 1695 3178 1694 3178 1709 3178 1479 3179 1373 3179 1692 3179 1697 3180 1700 3180 1693 3180 1696 3181 1698 3181 1699 3181 1473 3182 1373 3182 1479 3182 1701 3183 1703 3183 1476 3183 1694 3184 1702 3184 1709 3184 1698 3185 2200 3185 1699 3185 1704 3186 1700 3186 1697 3186 1473 3187 1371 3187 1373 3187 1476 3188 1703 3188 1473 3188 1703 3189 1371 3189 1473 3189 1699 3190 2200 3190 1705 3190 1704 3191 1706 3191 1700 3191 1707 3192 1510 3192 1512 3192 1709 3193 1706 3193 1704 3193 1708 3194 1510 3194 1707 3194 1707 3195 1512 3195 1683 3195 1683 3196 1512 3196 1828 3196 1705 3197 1510 3197 1708 3197 1709 3198 1710 3198 1706 3198 2200 3199 1510 3199 1705 3199 2200 3200 1508 3200 1510 3200 2200 3201 2218 3201 1508 3201 1702 3202 1710 3202 1709 3202 1711 3203 1710 3203 1702 3203 1718 3204 1715 3204 1711 3204 1711 3205 1715 3205 1710 3205 1512 3206 1712 3206 1828 3206 1513 3207 1712 3207 1512 3207 1718 3208 1714 3208 1715 3208 1719 3209 1713 3209 1513 3209 1718 3210 1716 3210 1714 3210 1508 3211 1719 3211 1513 3211 2218 3212 1719 3212 1508 3212 1717 3213 1719 3213 2218 3213 1714 3214 1720 3214 1715 3214 1513 3215 1713 3215 1712 3215 1713 3216 1721 3216 1712 3216 1717 3217 1723 3217 1719 3217 1722 3218 1716 3218 1718 3218 1715 3219 1720 3219 1724 3219 1717 3220 1727 3220 1723 3220 1712 3221 1721 3221 1725 3221 1721 3222 1730 3222 1725 3222 1722 3223 1735 3223 1716 3223 1720 3224 1726 3224 1724 3224 1722 3225 1728 3225 1735 3225 1717 3226 1736 3226 1727 3226 1732 3227 1724 3227 1726 3227 1732 3228 1733 3228 1724 3228 1730 3229 1729 3229 1725 3229 1731 3230 1729 3230 1730 3230 1734 3231 1733 3231 1732 3231 1735 3232 1740 3232 1741 3232 1728 3233 1740 3233 1735 3233 1727 3234 1736 3234 1737 3234 1736 3235 2197 3235 1737 3235 1731 3236 1738 3236 1729 3236 1742 3237 1738 3237 1731 3237 1739 3238 1467 3238 1469 3238 1739 3239 1469 3239 1369 3239 1369 3240 1469 3240 1368 3240 1733 3241 1467 3241 1739 3241 1469 3242 1472 3242 1368 3242 1734 3243 1467 3243 1733 3243 1368 3244 1472 3244 1743 3244 1740 3245 1748 3245 1741 3245 1472 3246 1744 3246 1743 3246 1737 3247 1501 3247 1745 3247 2197 3248 1501 3248 1737 3248 2197 3249 1500 3249 1501 3249 1747 3250 1500 3250 2197 3250 1745 3251 1501 3251 1742 3251 1501 3252 1504 3252 1742 3252 1742 3253 1504 3253 1738 3253 1738 3254 1504 3254 1746 3254 1464 3255 1744 3255 1472 3255 1746 3256 1504 3256 1749 3256 1750 3257 1500 3257 1747 3257 1504 3258 1505 3258 1749 3258 1750 3259 1498 3259 1500 3259 1464 3260 1751 3260 1744 3260 1467 3261 2052 3261 1466 3261 1734 3262 2052 3262 1467 3262 1741 3263 2052 3263 1734 3263 2052 3264 1769 3264 1466 3264 1748 3265 2052 3265 1741 3265 1466 3266 1769 3266 1464 3266 1752 3267 2052 3267 1748 3267 1464 3268 1769 3268 1751 3268 1750 3269 2195 3269 1498 3269 1505 3270 1753 3270 1749 3270 1769 3271 1754 3271 1751 3271 1752 3272 1755 3272 2052 3272 1505 3273 1759 3273 1753 3273 1754 3274 1756 3274 1758 3274 1769 3275 1756 3275 1754 3275 1754 3276 1758 3276 1762 3276 2195 3277 1760 3277 1757 3277 2195 3278 1757 3278 1498 3278 1498 3279 1759 3279 1505 3279 1757 3280 1764 3280 1498 3280 1769 3281 1761 3281 1756 3281 1763 3282 1760 3282 2195 3282 1763 3283 1768 3283 1760 3283 1769 3284 1773 3284 1761 3284 1755 3285 1765 3285 2052 3285 1498 3286 1766 3286 1759 3286 1764 3287 1766 3287 1498 3287 1758 3288 1770 3288 1762 3288 1762 3289 1770 3289 1767 3289 1763 3290 1771 3290 1768 3290 1769 3291 1765 3291 1773 3291 2052 3292 1765 3292 1769 3292 1770 3293 1772 3293 1767 3293 2193 3294 1771 3294 1763 3294 1774 3295 1766 3295 1764 3295 1765 3296 1775 3296 1773 3296 1774 3297 1776 3297 1766 3297 1773 3298 1775 3298 1790 3298 1791 3299 1776 3299 1774 3299 1787 3300 1778 3300 1777 3300 1778 3301 1779 3301 1777 3301 1784 3302 1496 3302 2193 3302 1784 3303 1495 3303 1496 3303 1780 3304 1483 3304 1485 3304 1787 3305 1782 3305 1778 3305 1767 3306 1483 3306 1780 3306 2193 3307 1496 3307 1771 3307 1772 3308 1483 3308 1767 3308 1775 3309 1789 3309 1790 3309 1791 3310 1781 3310 1776 3310 1780 3311 1485 3311 1783 3311 1771 3312 1496 3312 1786 3312 1485 3313 1488 3313 1783 3313 1788 3314 1483 3314 1772 3314 1777 3315 1779 3315 1785 3315 1785 3316 1495 3316 1784 3316 1785 3317 1492 3317 1495 3317 1787 3318 1792 3318 1782 3318 1783 3319 1488 3319 1787 3319 1790 3320 1789 3320 1788 3320 1785 3321 1779 3321 1492 3321 1488 3322 1792 3322 1787 3322 1779 3323 1793 3323 1492 3323 1789 3324 1795 3324 1788 3324 1786 3325 1794 3325 1791 3325 1791 3326 1794 3326 1781 3326 1489 3327 1792 3327 1488 3327 1788 3328 1795 3328 1483 3328 1496 3329 1794 3329 1786 3329 1793 3330 1796 3330 1492 3330 1489 3331 1806 3331 1792 3331 1795 3332 1797 3332 1483 3332 1483 3333 1797 3333 1481 3333 1491 3334 1798 3334 1496 3334 1496 3335 1798 3335 1794 3335 1797 3336 1799 3336 1481 3336 1481 3337 1799 3337 1489 3337 1799 3338 1800 3338 1489 3338 1491 3339 1801 3339 1798 3339 1800 3340 1802 3340 1489 3340 1489 3341 1802 3341 1806 3341 1492 3342 1803 3342 1491 3342 1491 3343 1803 3343 1801 3343 1796 3344 1803 3344 1492 3344 1802 3345 1805 3345 1806 3345 1796 3346 1804 3346 1803 3346 1808 3347 1807 3347 1796 3347 1796 3348 1807 3348 1804 3348 1806 3349 1807 3349 1808 3349 1805 3350 1807 3350 1806 3350 1810 3351 1809 3351 1811 3351 1812 3352 1810 3352 1811 3352 1812 3353 1811 3353 1813 3353 1814 3354 1812 3354 1813 3354 1814 3355 1813 3355 1815 3355 1816 3356 1815 3356 1817 3356 1816 3357 1814 3357 1815 3357 1816 3358 1817 3358 1818 3358 1819 3359 1816 3359 1818 3359 1819 3360 1818 3360 1820 3360 1821 3361 1819 3361 1820 3361 1821 3362 1820 3362 1823 3362 1822 3363 1821 3363 1823 3363 1822 3364 1823 3364 1824 3364 1825 3365 1822 3365 1824 3365 1825 3366 1824 3366 1826 3366 1827 3367 1828 3367 1712 3367 1828 3368 1809 3368 1810 3368 1827 3369 1809 3369 1828 3369 1686 3370 1669 3370 1829 3370 1686 3371 1829 3371 1830 3371 1691 3372 1830 3372 1831 3372 1691 3373 1686 3373 1830 3373 1691 3374 1831 3374 1832 3374 1694 3375 1832 3375 1833 3375 1694 3376 1691 3376 1832 3376 1702 3377 1833 3377 1834 3377 1702 3378 1694 3378 1833 3378 1711 3379 1702 3379 1834 3379 1711 3380 1834 3380 1835 3380 1711 3381 1835 3381 1836 3381 1718 3382 1711 3382 1836 3382 1718 3383 1836 3383 1837 3383 1722 3384 1837 3384 1838 3384 1722 3385 1718 3385 1837 3385 1728 3386 1838 3386 1839 3386 1728 3387 1722 3387 1838 3387 1740 3388 1839 3388 1840 3388 1740 3389 1728 3389 1839 3389 1748 3390 1840 3390 1841 3390 1748 3391 1740 3391 1840 3391 1752 3392 1841 3392 1842 3392 1752 3393 1748 3393 1841 3393 1755 3394 1842 3394 1843 3394 1755 3395 1752 3395 1842 3395 1765 3396 1843 3396 1844 3396 1765 3397 1755 3397 1843 3397 1765 3398 1844 3398 1845 3398 1775 3399 1765 3399 1845 3399 1775 3400 1845 3400 1846 3400 1789 3401 1775 3401 1846 3401 1795 3402 1789 3402 1846 3402 1795 3403 1846 3403 1847 3403 1795 3404 1847 3404 1848 3404 1797 3405 1795 3405 1848 3405 1797 3406 1848 3406 1849 3406 1799 3407 1797 3407 1849 3407 1800 3408 1799 3408 1849 3408 1800 3409 1849 3409 1850 3409 1802 3410 1800 3410 1850 3410 1802 3411 1850 3411 1851 3411 1802 3412 1851 3412 1852 3412 1805 3413 1802 3413 1852 3413 1805 3414 1852 3414 1853 3414 1807 3415 1805 3415 1853 3415 1807 3416 1853 3416 1854 3416 1804 3417 1854 3417 1855 3417 1804 3418 1807 3418 1854 3418 1803 3419 1855 3419 1856 3419 1803 3420 1804 3420 1855 3420 1801 3421 1803 3421 1856 3421 1801 3422 1856 3422 1857 3422 1798 3423 1857 3423 1858 3423 1798 3424 1801 3424 1857 3424 1798 3425 1858 3425 1859 3425 1794 3426 1798 3426 1859 3426 1794 3427 1859 3427 1860 3427 1794 3428 1860 3428 1861 3428 1781 3429 1794 3429 1861 3429 1781 3430 1861 3430 1862 3430 1776 3431 1781 3431 1862 3431 1776 3432 1862 3432 1863 3432 1776 3433 1863 3433 1864 3433 1766 3434 1776 3434 1864 3434 1766 3435 1864 3435 1865 3435 1759 3436 1766 3436 1865 3436 1759 3437 1865 3437 1866 3437 1759 3438 1866 3438 1867 3438 1753 3439 1759 3439 1867 3439 1749 3440 1753 3440 1867 3440 1749 3441 1867 3441 1868 3441 1749 3442 1868 3442 1869 3442 1746 3443 1749 3443 1869 3443 1738 3444 1746 3444 1869 3444 1738 3445 1869 3445 1870 3445 1729 3446 1738 3446 1870 3446 1729 3447 1870 3447 1871 3447 1725 3448 1729 3448 1871 3448 1725 3449 1871 3449 1872 3449 1712 3450 1872 3450 1827 3450 1712 3451 1725 3451 1872 3451 1873 3452 1826 3452 2050 3452 1825 3453 1826 3453 1873 3453 2050 3454 1829 3454 1669 3454 1826 3455 1829 3455 2050 3455 1440 3456 1874 3456 1875 3456 1444 3457 1875 3457 1876 3457 1444 3458 1440 3458 1875 3458 1446 3459 1876 3459 1877 3459 1446 3460 1444 3460 1876 3460 1448 3461 1446 3461 1877 3461 1448 3462 1877 3462 1878 3462 1452 3463 1448 3463 1878 3463 1452 3464 1878 3464 1879 3464 1454 3465 1879 3465 1880 3465 1454 3466 1452 3466 1879 3466 1457 3467 1454 3467 1880 3467 1457 3468 1880 3468 1881 3468 1459 3469 1881 3469 1882 3469 1459 3470 1457 3470 1881 3470 1387 3471 1882 3471 1883 3471 1387 3472 1459 3472 1882 3472 1387 3473 1883 3473 1884 3473 1398 3474 1387 3474 1884 3474 1398 3475 1884 3475 1885 3475 1403 3476 1398 3476 1885 3476 1403 3477 1885 3477 1886 3477 1405 3478 1403 3478 1886 3478 1405 3479 1886 3479 1887 3479 1408 3480 1405 3480 1887 3480 1408 3481 1887 3481 1888 3481 1411 3482 1408 3482 1888 3482 1411 3483 1888 3483 1889 3483 1411 3484 1889 3484 1890 3484 1413 3485 1411 3485 1890 3485 1417 3486 1413 3486 1890 3486 1417 3487 1890 3487 1891 3487 1388 3488 1417 3488 1891 3488 1388 3489 1891 3489 1892 3489 1391 3490 1388 3490 1892 3490 1391 3491 1892 3491 1893 3491 1424 3492 1391 3492 1893 3492 1424 3493 1893 3493 1894 3493 1426 3494 1424 3494 1894 3494 1428 3495 1894 3495 1895 3495 1428 3496 1426 3496 1894 3496 1433 3497 1428 3497 1895 3497 1433 3498 1895 3498 1896 3498 1434 3499 1433 3499 1896 3499 1434 3500 1896 3500 1897 3500 1434 3501 1897 3501 1898 3501 1438 3502 1434 3502 1898 3502 1438 3503 1898 3503 1874 3503 1440 3504 1438 3504 1874 3504 1900 3505 1899 3505 1884 3505 1899 3506 1885 3506 1884 3506 1900 3507 1884 3507 1883 3507 1902 3508 1885 3508 1899 3508 1900 3509 1883 3509 1882 3509 1902 3510 1886 3510 1885 3510 1901 3511 1900 3511 1882 3511 1901 3512 1882 3512 1881 3512 1903 3513 1886 3513 1902 3513 1903 3514 1887 3514 1886 3514 1904 3515 1901 3515 1881 3515 1904 3516 1881 3516 1880 3516 1905 3517 1888 3517 1887 3517 1905 3518 1887 3518 1903 3518 1904 3519 1880 3519 1879 3519 1906 3520 1904 3520 1879 3520 1905 3521 1889 3521 1888 3521 1907 3522 1889 3522 1905 3522 1907 3523 1890 3523 1889 3523 1906 3524 1879 3524 1878 3524 1908 3525 1906 3525 1878 3525 1908 3526 1878 3526 1877 3526 1910 3527 1890 3527 1907 3527 1910 3528 1891 3528 1890 3528 1909 3529 1908 3529 1877 3529 1891 3530 1910 3530 1911 3530 1892 3531 1891 3531 1911 3531 1876 3532 1909 3532 1877 3532 1912 3533 1892 3533 1911 3533 1876 3534 1913 3534 1909 3534 1875 3535 1913 3535 1876 3535 1893 3536 1892 3536 1912 3536 1893 3537 1912 3537 1915 3537 1874 3538 1913 3538 1875 3538 1874 3539 1914 3539 1913 3539 1894 3540 1893 3540 1915 3540 1874 3541 1916 3541 1914 3541 1898 3542 1916 3542 1874 3542 1894 3543 1915 3543 1917 3543 1897 3544 1916 3544 1898 3544 1895 3545 1894 3545 1917 3545 1897 3546 1918 3546 1916 3546 1895 3547 1917 3547 1919 3547 1896 3548 1895 3548 1919 3548 1896 3549 1918 3549 1897 3549 1896 3550 1919 3550 1918 3550 1913 3551 1914 3551 1920 3551 1913 3552 1920 3552 1921 3552 1909 3553 1921 3553 1922 3553 1909 3554 1913 3554 1921 3554 1908 3555 1922 3555 1923 3555 1908 3556 1909 3556 1922 3556 1906 3557 1923 3557 1924 3557 1906 3558 1908 3558 1923 3558 1904 3559 1924 3559 1925 3559 1904 3560 1906 3560 1924 3560 1904 3561 1925 3561 1926 3561 1901 3562 1926 3562 1927 3562 1901 3563 1904 3563 1926 3563 1900 3564 1901 3564 1927 3564 1900 3565 1927 3565 1928 3565 1900 3566 1928 3566 1929 3566 1899 3567 1900 3567 1929 3567 1899 3568 1929 3568 1930 3568 1902 3569 1899 3569 1930 3569 1902 3570 1930 3570 1931 3570 1903 3571 1902 3571 1931 3571 1903 3572 1931 3572 1932 3572 1905 3573 1903 3573 1932 3573 1905 3574 1932 3574 1933 3574 1907 3575 1905 3575 1933 3575 1907 3576 1933 3576 1934 3576 1910 3577 1907 3577 1934 3577 1911 3578 1910 3578 1934 3578 1911 3579 1934 3579 1935 3579 1912 3580 1911 3580 1935 3580 1912 3581 1935 3581 1936 3581 1912 3582 1936 3582 1937 3582 1915 3583 1912 3583 1937 3583 1915 3584 1937 3584 1938 3584 1917 3585 1915 3585 1938 3585 1917 3586 1938 3586 1939 3586 1919 3587 1917 3587 1939 3587 1919 3588 1939 3588 1940 3588 1918 3589 1919 3589 1940 3589 1918 3590 1940 3590 1941 3590 1916 3591 1941 3591 1942 3591 1916 3592 1918 3592 1941 3592 1916 3593 1942 3593 1943 3593 1914 3594 1916 3594 1943 3594 1914 3595 1943 3595 1920 3595 1949 3596 1945 3596 1944 3596 1946 3597 1950 3597 1945 3597 1948 3598 1950 3598 1946 3598 1947 3599 1946 3599 1945 3599 1947 3600 1945 3600 1949 3600 1955 3601 1944 3601 1952 3601 1951 3602 1950 3602 1948 3602 1953 3603 1955 3603 1952 3603 1954 3604 1947 3604 1949 3604 1956 3605 1953 3605 1952 3605 1953 3606 1957 3606 1955 3606 1956 3607 1952 3607 1958 3607 1960 3608 1956 3608 1958 3608 1961 3609 1950 3609 1951 3609 1959 3610 1957 3610 1953 3610 1954 3611 1949 3611 1957 3611 1959 3612 1954 3612 1957 3612 1961 3613 1965 3613 1950 3613 1963 3614 1960 3614 1958 3614 1962 3615 1965 3615 1961 3615 1964 3616 1965 3616 1962 3616 1966 3617 1965 3617 1964 3617 1967 3618 1963 3618 1958 3618 1974 3619 1965 3619 1966 3619 1967 3620 1958 3620 1923 3620 1974 3621 1966 3621 1971 3621 1968 3622 1967 3622 1923 3622 1983 3623 1968 3623 1923 3623 1970 3624 1971 3624 1969 3624 1975 3625 1970 3625 1969 3625 1972 3626 1971 3626 1970 3626 1972 3627 1974 3627 1971 3627 1975 3628 1969 3628 1973 3628 1978 3629 1974 3629 1972 3629 1983 3630 1980 3630 1968 3630 1973 3631 1977 3631 1975 3631 1976 3632 1977 3632 1973 3632 1989 3633 1974 3633 1978 3633 1989 3634 1978 3634 1979 3634 1983 3635 1986 3635 1980 3635 1982 3636 1984 3636 1986 3636 1981 3637 1977 3637 1976 3637 1981 3638 1979 3638 1977 3638 1982 3639 1987 3639 1984 3639 1985 3640 1987 3640 1982 3640 1988 3641 1982 3641 1986 3641 1983 3642 1988 3642 1986 3642 1985 3643 1990 3643 1987 3643 1992 3644 1988 3644 1983 3644 1989 3645 1979 3645 1981 3645 1989 3646 1981 3646 1991 3646 1992 3647 1995 3647 1988 3647 1990 3648 1985 3648 1994 3648 1998 3649 1989 3649 1991 3649 1998 3650 1991 3650 1993 3650 1996 3651 1994 3651 1995 3651 1996 3652 1995 3652 1992 3652 1998 3653 1993 3653 1997 3653 1996 3654 1990 3654 1994 3654 1998 3655 1997 3655 2000 3655 1996 3656 1999 3656 1990 3656 2003 3657 1998 3657 2000 3657 2003 3658 2000 3658 2001 3658 2003 3659 2001 3659 2002 3659 2003 3660 1999 3660 1996 3660 2003 3661 2004 3661 1999 3661 2003 3662 2002 3662 2004 3662 2007 3663 2005 3663 2006 3663 2007 3664 2006 3664 1810 3664 2007 3665 1810 3665 1812 3665 2009 3666 2007 3666 1812 3666 2008 3667 2006 3667 2005 3667 2008 3668 2011 3668 2006 3668 2009 3669 1812 3669 1814 3669 2010 3670 2009 3670 1814 3670 2010 3671 1814 3671 1816 3671 2012 3672 2011 3672 2008 3672 2013 3673 1816 3673 1819 3673 2013 3674 2010 3674 1816 3674 2014 3675 2011 3675 2012 3675 2014 3676 2015 3676 2011 3676 2013 3677 1819 3677 1821 3677 1822 3678 2013 3678 1821 3678 1822 3679 2016 3679 2013 3679 2015 3680 2014 3680 2017 3680 1825 3681 2016 3681 1822 3681 2047 3682 2015 3682 2017 3682 2047 3683 2017 3683 2018 3683 1825 3684 2019 3684 2016 3684 2020 3685 2019 3685 1825 3685 2022 3686 2047 3686 2018 3686 2020 3687 2021 3687 2019 3687 2022 3688 2018 3688 2021 3688 2022 3689 2021 3689 2020 3689 2044 3690 2026 3690 2023 3690 2026 3691 2027 3691 2023 3691 2027 3692 2028 3692 2023 3692 2023 3693 2028 3693 2029 3693 1516 3694 2028 3694 2027 3694 2028 3695 1514 3695 2029 3695 1514 3696 2028 3696 1516 3696 2029 3697 1514 3697 2030 3697 1514 3698 1515 3698 2030 3698 2030 3699 2031 3699 2032 3699 1515 3700 2031 3700 2030 3700 2032 3701 2031 3701 2033 3701 2031 3702 2035 3702 2033 3702 1518 3703 2031 3703 1515 3703 1518 3704 2035 3704 2031 3704 2033 3705 2035 3705 2034 3705 2035 3706 1519 3706 2034 3706 1518 3707 1519 3707 2035 3707 2034 3708 1559 3708 2025 3708 1519 3709 1559 3709 2034 3709 1559 3710 2036 3710 2025 3710 2025 3711 2036 3711 2037 3711 2036 3712 2038 3712 2037 3712 2037 3713 2038 3713 2039 3713 1534 3714 2038 3714 2036 3714 2038 3715 2040 3715 2039 3715 1534 3716 2040 3716 2038 3716 2039 3717 1526 3717 2041 3717 2040 3718 1526 3718 2039 3718 1526 3719 2043 3719 2041 3719 2041 3720 2043 3720 2042 3720 1522 3721 2043 3721 1526 3721 2043 3722 2024 3722 2042 3722 2042 3723 2024 3723 2044 3723 1522 3724 2024 3724 2043 3724 2024 3725 2026 3725 2044 3725 2023 3726 2019 3726 2044 3726 2019 3727 2021 3727 2044 3727 2044 3728 2021 3728 2042 3728 2021 3729 2018 3729 2042 3729 2042 3730 2018 3730 2041 3730 2018 3731 2017 3731 2041 3731 2041 3732 2017 3732 2039 3732 2017 3733 2014 3733 2039 3733 2039 3734 2012 3734 2037 3734 2014 3735 2012 3735 2039 3735 2012 3736 2008 3736 2037 3736 2037 3737 2008 3737 2025 3737 2008 3738 2005 3738 2025 3738 2025 3739 2005 3739 2034 3739 2005 3740 2007 3740 2034 3740 2007 3741 2009 3741 2034 3741 2034 3742 2009 3742 2033 3742 2009 3743 2010 3743 2033 3743 2033 3744 2010 3744 2032 3744 2032 3745 2013 3745 2030 3745 2010 3746 2013 3746 2032 3746 2013 3747 2016 3747 2030 3747 2030 3748 2016 3748 2029 3748 2029 3749 2019 3749 2023 3749 2016 3750 2019 3750 2029 3750 2006 3751 1828 3751 1810 3751 1825 3752 1873 3752 2020 3752 1828 3753 2006 3753 2011 3753 2045 3754 1680 3754 1828 3754 2045 3755 1828 3755 2011 3755 2045 3756 2011 3756 2015 3756 2046 3757 1680 3757 2045 3757 2046 3758 2045 3758 2015 3758 2046 3759 1666 3759 1680 3759 2047 3760 2046 3760 2015 3760 2047 3761 1666 3761 2046 3761 2047 3762 1661 3762 1666 3762 2048 3763 1661 3763 2047 3763 2048 3764 2047 3764 2022 3764 2048 3765 1664 3765 1661 3765 2049 3766 2048 3766 2022 3766 2049 3767 1664 3767 2048 3767 2049 3768 1668 3768 1664 3768 2049 3769 2022 3769 2020 3769 2050 3770 1668 3770 2049 3770 2050 3771 2049 3771 2020 3771 2050 3772 2020 3772 1873 3772 2059 3773 2052 3773 2051 3773 2052 3774 2053 3774 2054 3774 2054 3775 2053 3775 2055 3775 2053 3776 2056 3776 2055 3776 2055 3777 2056 3777 2057 3777 2056 3778 2058 3778 2057 3778 2057 3779 2058 3779 2059 3779 2054 3780 2055 3780 2057 3780 2051 3781 2057 3781 2059 3781 2051 3782 2054 3782 2057 3782 2051 3783 2052 3783 2054 3783 2067 3784 2060 3784 2061 3784 2060 3785 2062 3785 2061 3785 2062 3786 2064 3786 2061 3786 2064 3787 2065 3787 2063 3787 2063 3788 2065 3788 2066 3788 2066 3789 2060 3789 2067 3789 2065 3790 2060 3790 2066 3790 2061 3791 2064 3791 2063 3791 2061 3792 2063 3792 2066 3792 2067 3793 2061 3793 2066 3793 1769 3794 2058 3794 2056 3794 2052 3795 2058 3795 1769 3795 2052 3796 2059 3796 2058 3796 1769 3797 2053 3797 2052 3797 1769 3798 2056 3798 2053 3798 1684 3799 2065 3799 2064 3799 1684 3800 2060 3800 2065 3800 1684 3801 2062 3801 2060 3801 1684 3802 2064 3802 2062 3802 1509 3803 2069 3803 2068 3803 1509 3804 2068 3804 2070 3804 1511 3805 1509 3805 2070 3805 1509 3806 2072 3806 2069 3806 1507 3807 2072 3807 1509 3807 1511 3808 2070 3808 2071 3808 2074 3809 2072 3809 1507 3809 2073 3810 1511 3810 2071 3810 2073 3811 1506 3811 1511 3811 2074 3812 1507 3812 1506 3812 2075 3813 1506 3813 2073 3813 2075 3814 2074 3814 1506 3814 1575 3815 2073 3815 1569 3815 2073 3816 2071 3816 1569 3816 1569 3817 2071 3817 1570 3817 2071 3818 2070 3818 1570 3818 1570 3819 2070 3819 1554 3819 1554 3820 2070 3820 1552 3820 2070 3821 2068 3821 1552 3821 1552 3822 2069 3822 1555 3822 2068 3823 2069 3823 1552 3823 1555 3824 2069 3824 1561 3824 2069 3825 2072 3825 1561 3825 1561 3826 2072 3826 1565 3826 1565 3827 2072 3827 1567 3827 2072 3828 2074 3828 1567 3828 1567 3829 2074 3829 1572 3829 2074 3830 2075 3830 1572 3830 1572 3831 2075 3831 1575 3831 2075 3832 2073 3832 1575 3832 1502 3833 2077 3833 2076 3833 1502 3834 2076 3834 2078 3834 1499 3835 2077 3835 1502 3835 1503 3836 1502 3836 2078 3836 1499 3837 2080 3837 2077 3837 1503 3838 2078 3838 2079 3838 2082 3839 1503 3839 2079 3839 2081 3840 2080 3840 1499 3840 2082 3841 1497 3841 1503 3841 2081 3842 1499 3842 1497 3842 2083 3843 2081 3843 1497 3843 2084 3844 1497 3844 2082 3844 2083 3845 1497 3845 2084 3845 1603 3846 2082 3846 1602 3846 2082 3847 2079 3847 1602 3847 1602 3848 2079 3848 1600 3848 2079 3849 2078 3849 1600 3849 1600 3850 2078 3850 1595 3850 2078 3851 2076 3851 1595 3851 1595 3852 2076 3852 1597 3852 2076 3853 2077 3853 1597 3853 2077 3854 2080 3854 1597 3854 1597 3855 2080 3855 1601 3855 2080 3856 2081 3856 1601 3856 1601 3857 2081 3857 1613 3857 2081 3858 2083 3858 1613 3858 1613 3859 2083 3859 1616 3859 2083 3860 2084 3860 1616 3860 1616 3861 2084 3861 1608 3861 2084 3862 2082 3862 1608 3862 1608 3863 2082 3863 1603 3863 1494 3864 2085 3864 2086 3864 1494 3865 2087 3865 2085 3865 1493 3866 2087 3866 1494 3866 1494 3867 2086 3867 2088 3867 2089 3868 2087 3868 1493 3868 1490 3869 1494 3869 2088 3869 2091 3870 1490 3870 2088 3870 2090 3871 2089 3871 1493 3871 2090 3872 1493 3872 1490 3872 2092 3873 1490 3873 2091 3873 2092 3874 2090 3874 1490 3874 1652 3875 2091 3875 1648 3875 2091 3876 2088 3876 1648 3876 1648 3877 2088 3877 1625 3877 2088 3878 2086 3878 1625 3878 1625 3879 2086 3879 1620 3879 2086 3880 2085 3880 1620 3880 1620 3881 2085 3881 1626 3881 2085 3882 2087 3882 1626 3882 1626 3883 2087 3883 1637 3883 2087 3884 2089 3884 1637 3884 1637 3885 2089 3885 1645 3885 2089 3886 2090 3886 1645 3886 1645 3887 2090 3887 1656 3887 2090 3888 2092 3888 1656 3888 1656 3889 2092 3889 1655 3889 1655 3890 2092 3890 1652 3890 2092 3891 2091 3891 1652 3891 1486 3892 1484 3892 2093 3892 1484 3893 2095 3893 2093 3893 1486 3894 2093 3894 2094 3894 1487 3895 1486 3895 2094 3895 1484 3896 2097 3896 2095 3896 1487 3897 2094 3897 2096 3897 1482 3898 2097 3898 1484 3898 1646 3899 2097 3899 1482 3899 2099 3900 1487 3900 2096 3900 2098 3901 1646 3901 1482 3901 2098 3902 1482 3902 1487 3902 2099 3903 2098 3903 1487 3903 2099 3904 2096 3904 1654 3904 1654 3905 2096 3905 1636 3905 1636 3906 2096 3906 1627 3906 2096 3907 2094 3907 1627 3907 2094 3908 2093 3908 1627 3908 1627 3909 2093 3909 1623 3909 2093 3910 2095 3910 1623 3910 1623 3911 2095 3911 1635 3911 2095 3912 2097 3912 1635 3912 1635 3913 2097 3913 1642 3913 1642 3914 2097 3914 1646 3914 1646 3915 2098 3915 1647 3915 1647 3916 2098 3916 1650 3916 2098 3917 2099 3917 1650 3917 1650 3918 2099 3918 1654 3918 1478 3919 2100 3919 2101 3919 1478 3920 2102 3920 2100 3920 1480 3921 1478 3921 2101 3921 1475 3922 2102 3922 1478 3922 1480 3923 2101 3923 2103 3923 2104 3924 2102 3924 1475 3924 2104 3925 1475 3925 1474 3925 2105 3926 2104 3926 1474 3926 2106 3927 1480 3927 2103 3927 2107 3928 1480 3928 2106 3928 2108 3929 2105 3929 1474 3929 2107 3930 1474 3930 1480 3930 2108 3931 1474 3931 2107 3931 1532 3932 2102 3932 1401 3932 2102 3933 2104 3933 1401 3933 1401 3934 2104 3934 1397 3934 2104 3935 2105 3935 1397 3935 1397 3936 2105 3936 1396 3936 1396 3937 2105 3937 1395 3937 2105 3938 2108 3938 1395 3938 2108 3939 2107 3939 1395 3939 1395 3940 2107 3940 1461 3940 1461 3941 2106 3941 1460 3941 2107 3942 2106 3942 1461 3942 1460 3943 2106 3943 1548 3943 2106 3944 2103 3944 1548 3944 1548 3945 2103 3945 1543 3945 2103 3946 2101 3946 1543 3946 1543 3947 2101 3947 1530 3947 1530 3948 2101 3948 1531 3948 2101 3949 2100 3949 1531 3949 1531 3950 2100 3950 1532 3950 2100 3951 2102 3951 1532 3951 1468 3952 2109 3952 1470 3952 1468 3953 2110 3953 2109 3953 1470 3954 2109 3954 2111 3954 1468 3955 2113 3955 2110 3955 1470 3956 2111 3956 2112 3956 1471 3957 1470 3957 2112 3957 1471 3958 2112 3958 2114 3958 1468 3959 2115 3959 2113 3959 2115 3960 1468 3960 1465 3960 2116 3961 1471 3961 2114 3961 2118 3962 2115 3962 1465 3962 2117 3963 1471 3963 2116 3963 2117 3964 1465 3964 1471 3964 2117 3965 2118 3965 1465 3965 1392 3966 2110 3966 1590 3966 2110 3967 2113 3967 1590 3967 1590 3968 2113 3968 1594 3968 2113 3969 2115 3969 1594 3969 1594 3970 2115 3970 1606 3970 2115 3971 2118 3971 1606 3971 1606 3972 2118 3972 1394 3972 2118 3973 2117 3973 1394 3973 1394 3974 2117 3974 1425 3974 1425 3975 2116 3975 1422 3975 2117 3976 2116 3976 1425 3976 2116 3977 2114 3977 1422 3977 1422 3978 2114 3978 1390 3978 2114 3979 2112 3979 1390 3979 1390 3980 2112 3980 1389 3980 2112 3981 2111 3981 1389 3981 1389 3982 2111 3982 1421 3982 2111 3983 2109 3983 1421 3983 1421 3984 2109 3984 1392 3984 2109 3985 2110 3985 1392 3985 1731 3986 1596 3986 1742 3986 1588 3987 1596 3987 1731 3987 1742 3988 1596 3988 1745 3988 1596 3989 1589 3989 1745 3989 1745 3990 1589 3990 1737 3990 1589 3991 1586 3991 1737 3991 1737 3992 1586 3992 1727 3992 1586 3993 1580 3993 1727 3993 1727 3994 1580 3994 1723 3994 1580 3995 1571 3995 1723 3995 1723 3996 1571 3996 1719 3996 1719 3997 1574 3997 1713 3997 1571 3998 1574 3998 1719 3998 1574 3999 1578 3999 1713 3999 1713 4000 1578 4000 1721 4000 1578 4001 1581 4001 1721 4001 1721 4002 1581 4002 1730 4002 1581 4003 1588 4003 1730 4003 1730 4004 1588 4004 1731 4004 1708 4005 1560 4005 1705 4005 1560 4006 1562 4006 1705 4006 1705 4007 1562 4007 1699 4007 1562 4008 1557 4008 1699 4008 1699 4009 1553 4009 1696 4009 1557 4010 1553 4010 1699 4010 1553 4011 1542 4011 1696 4011 1696 4012 1542 4012 1687 4012 1542 4013 1533 4013 1687 4013 1687 4014 1533 4014 1679 4014 1679 4015 1537 4015 1678 4015 1533 4016 1537 4016 1679 4016 1678 4017 1540 4017 1683 4017 1537 4018 1540 4018 1678 4018 1683 4019 1556 4019 1707 4019 1540 4020 1556 4020 1683 4020 1707 4021 1556 4021 1708 4021 1556 4022 1560 4022 1708 4022 1529 4023 1541 4023 1671 4023 1671 4024 1541 4024 1672 4024 1541 4025 1544 4025 1672 4025 1672 4026 1544 4026 1674 4026 1544 4027 1545 4027 1674 4027 1674 4028 1545 4028 1676 4028 1545 4029 1527 4029 1676 4029 1676 4030 1527 4030 1670 4030 1527 4031 1524 4031 1670 4031 1670 4032 1524 4032 1663 4032 1524 4033 1523 4033 1663 4033 1663 4034 1523 4034 1662 4034 1523 4035 1521 4035 1662 4035 1662 4036 1521 4036 1665 4036 1521 4037 1525 4037 1665 4037 1665 4038 1525 4038 1667 4038 1525 4039 1528 4039 1667 4039 1667 4040 1528 4040 1671 4040 1528 4041 1529 4041 1671 4041 1558 4042 1563 4042 1697 4042 1697 4043 1563 4043 1704 4043 1563 4044 1564 4044 1704 4044 1704 4045 1564 4045 1709 4045 1564 4046 1550 4046 1709 4046 1709 4047 1547 4047 1695 4047 1550 4048 1547 4048 1709 4048 1695 4049 1547 4049 1689 4049 1547 4050 1539 4050 1689 4050 1689 4051 1539 4051 1681 4051 1539 4052 1535 4052 1681 4052 1681 4053 1535 4053 1677 4053 1535 4054 1536 4054 1677 4054 1677 4055 1536 4055 1682 4055 1536 4056 1538 4056 1682 4056 1682 4057 1538 4057 1688 4057 1688 4058 1538 4058 1693 4058 1538 4059 1551 4059 1693 4059 1693 4060 1551 4060 1697 4060 1551 4061 1558 4061 1697 4061 1591 4062 1593 4062 1734 4062 1734 4063 1593 4063 1741 4063 1593 4064 1587 4064 1741 4064 1741 4065 1587 4065 1735 4065 1587 4066 1582 4066 1735 4066 1735 4067 1582 4067 1716 4067 1582 4068 1579 4068 1716 4068 1579 4069 1573 4069 1716 4069 1716 4070 1573 4070 1714 4070 1573 4071 1577 4071 1714 4071 1714 4072 1577 4072 1720 4072 1577 4073 1583 4073 1720 4073 1720 4074 1583 4074 1726 4074 1583 4075 1584 4075 1726 4075 1726 4076 1584 4076 1732 4076 1584 4077 1591 4077 1732 4077 1732 4078 1591 4078 1734 4078 1632 4079 1634 4079 1788 4079 1788 4080 1634 4080 1790 4080 1790 4081 1634 4081 1773 4081 1634 4082 1614 4082 1773 4082 1614 4083 1610 4083 1773 4083 1773 4084 1610 4084 1761 4084 1610 4085 1607 4085 1761 4085 1761 4086 1607 4086 1756 4086 1756 4087 1607 4087 1758 4087 1607 4088 1605 4088 1758 4088 1605 4089 1621 4089 1758 4089 1758 4090 1621 4090 1770 4090 1621 4091 1624 4091 1770 4091 1770 4092 1624 4092 1772 4092 1624 4093 1632 4093 1772 4093 1772 4094 1632 4094 1788 4094 1796 4095 1644 4095 1808 4095 1644 4096 1660 4096 1808 4096 1808 4097 1660 4097 1806 4097 1660 4098 1658 4098 1806 4098 1658 4099 1641 4099 1806 4099 1806 4100 1641 4100 1792 4100 1641 4101 1633 4101 1792 4101 1792 4102 1633 4102 1782 4102 1633 4103 1631 4103 1782 4103 1782 4104 1631 4104 1778 4104 1631 4105 1630 4105 1778 4105 1778 4106 1630 4106 1779 4106 1630 4107 1640 4107 1779 4107 1779 4108 1640 4108 1793 4108 1640 4109 1643 4109 1793 4109 1793 4110 1643 4110 1796 4110 1643 4111 1644 4111 1796 4111 1774 4112 1629 4112 1791 4112 1629 4113 1628 4113 1791 4113 1791 4114 1628 4114 1786 4114 1786 4115 1622 4115 1771 4115 1628 4116 1622 4116 1786 4116 1771 4117 1622 4117 1768 4117 1622 4118 1612 4118 1768 4118 1768 4119 1612 4119 1760 4119 1612 4120 1609 4120 1760 4120 1760 4121 1609 4121 1757 4121 1609 4122 1611 4122 1757 4122 1757 4123 1611 4123 1764 4123 1611 4124 1615 4124 1764 4124 1615 4125 1619 4125 1764 4125 1764 4126 1619 4126 1774 4126 1619 4127 1629 4127 1774 4127 2156 4128 2162 4128 2119 4128 2162 4129 2004 4129 2119 4129 2119 4130 2004 4130 2120 4130 2004 4131 2002 4131 2120 4131 2120 4132 2002 4132 2121 4132 2002 4133 2001 4133 2121 4133 2121 4134 2001 4134 2122 4134 2001 4135 2000 4135 2122 4135 2000 4136 1997 4136 2122 4136 2122 4137 1997 4137 2123 4137 2123 4138 1997 4138 2125 4138 1997 4139 2124 4139 2125 4139 1997 4140 1993 4140 2124 4140 2124 4141 2172 4141 2125 4141 2125 4142 2172 4142 2127 4142 2172 4143 2126 4143 2127 4143 2127 4144 2128 4144 2129 4144 2126 4145 2128 4145 2127 4145 2128 4146 2130 4146 2129 4146 2129 4147 2130 4147 2131 4147 2130 4148 2132 4148 2131 4148 2131 4149 2132 4149 2133 4149 2132 4150 1964 4150 2133 4150 2133 4151 1962 4151 2134 4151 1964 4152 1962 4152 2133 4152 1962 4153 1961 4153 2134 4153 2134 4154 1961 4154 2135 4154 1961 4155 1951 4155 2135 4155 2135 4156 1951 4156 2136 4156 2136 4157 1948 4157 2137 4157 1951 4158 1948 4158 2136 4158 1948 4159 2138 4159 2137 4159 2137 4160 2138 4160 2139 4160 2138 4161 2140 4161 2139 4161 2139 4162 2140 4162 2141 4162 2140 4163 2142 4163 2141 4163 2141 4164 2142 4164 2143 4164 2142 4165 2144 4165 2143 4165 2143 4166 2144 4166 2145 4166 2144 4167 2146 4167 2145 4167 2146 4168 2147 4168 2145 4168 2146 4169 1960 4169 2147 4169 1960 4170 1963 4170 2147 4170 2147 4171 1963 4171 2148 4171 2148 4172 1967 4172 2149 4172 1963 4173 1967 4173 2148 4173 2149 4174 1968 4174 2150 4174 1967 4175 1968 4175 2149 4175 1968 4176 2157 4176 2150 4176 1968 4177 1980 4177 2157 4177 2150 4178 2157 4178 2151 4178 2157 4179 2152 4179 2151 4179 2151 4180 2152 4180 2153 4180 2152 4181 2154 4181 2153 4181 2153 4182 2155 4182 2156 4182 2154 4183 2155 4183 2153 4183 2155 4184 2162 4184 2156 4184 1520 4185 1827 4185 1568 4185 1809 4186 1827 4186 1520 4186 1546 4187 1829 4187 1517 4187 1830 4188 1829 4188 1546 4188 1831 4189 1830 4189 1546 4189 1832 4190 1831 4190 1546 4190 1549 4191 1832 4191 1546 4191 1833 4192 1832 4192 1549 4192 1834 4193 1833 4193 1549 4193 1835 4194 1834 4194 1549 4194 1566 4195 1835 4195 1549 4195 1836 4196 1835 4196 1566 4196 1837 4197 1836 4197 1566 4197 1576 4198 1837 4198 1566 4198 1838 4199 1837 4199 1576 4199 1839 4200 1838 4200 1576 4200 1840 4201 1839 4201 1576 4201 1592 4202 1840 4202 1576 4202 1841 4203 1840 4203 1592 4203 1598 4204 1841 4204 1592 4204 1842 4205 1841 4205 1598 4205 1843 4206 1842 4206 1598 4206 1618 4207 1843 4207 1598 4207 1844 4208 1843 4208 1618 4208 1845 4209 1844 4209 1618 4209 1846 4210 1845 4210 1618 4210 1846 4211 1618 4211 1638 4211 1847 4212 1846 4212 1638 4212 1848 4213 1847 4213 1638 4213 1848 4214 1638 4214 1649 4214 1849 4215 1848 4215 1649 4215 1850 4216 1849 4216 1649 4216 1850 4217 1649 4217 1653 4217 1851 4218 1850 4218 1653 4218 1852 4219 1851 4219 1653 4219 1852 4220 1653 4220 1659 4220 1853 4221 1852 4221 1659 4221 1854 4222 1853 4222 1659 4222 1657 4223 1854 4223 1659 4223 1855 4224 1854 4224 1657 4224 1856 4225 1855 4225 1657 4225 1857 4226 1856 4226 1657 4226 1858 4227 1657 4227 1651 4227 1858 4228 1857 4228 1657 4228 1859 4229 1858 4229 1651 4229 1860 4230 1859 4230 1651 4230 1861 4231 1651 4231 1639 4231 1861 4232 1860 4232 1651 4232 1862 4233 1861 4233 1639 4233 1863 4234 1862 4234 1639 4234 1863 4235 1639 4235 1617 4235 1864 4236 1863 4236 1617 4236 1865 4237 1864 4237 1617 4237 1866 4238 1865 4238 1617 4238 1866 4239 1617 4239 1604 4239 1867 4240 1866 4240 1604 4240 1868 4241 1867 4241 1604 4241 1599 4242 1868 4242 1604 4242 1869 4243 1868 4243 1599 4243 1870 4244 1869 4244 1599 4244 1870 4245 1599 4245 1585 4245 1871 4246 1870 4246 1585 4246 1872 4247 1871 4247 1585 4247 1827 4248 1585 4248 1568 4248 1827 4249 1872 4249 1585 4249 1811 4250 1809 4250 1520 4250 1811 4251 1520 4251 1519 4251 1813 4252 1811 4252 1519 4252 1813 4253 1519 4253 1518 4253 1815 4254 1813 4254 1518 4254 1817 4255 1815 4255 1518 4255 1817 4256 1518 4256 1515 4256 1818 4257 1817 4257 1515 4257 1820 4258 1818 4258 1515 4258 1820 4259 1515 4259 1514 4259 1823 4260 1820 4260 1514 4260 1823 4261 1514 4261 1516 4261 1824 4262 1823 4262 1516 4262 1826 4263 1516 4263 1517 4263 1826 4264 1824 4264 1516 4264 1829 4265 1826 4265 1517 4265 1921 4266 1920 4266 1992 4266 1983 4267 1921 4267 1992 4267 1922 4268 1921 4268 1983 4268 1923 4269 1922 4269 1983 4269 1924 4270 1923 4270 1958 4270 1925 4271 1924 4271 1958 4271 1952 4272 1925 4272 1958 4272 1926 4273 1925 4273 1952 4273 1927 4274 1926 4274 1952 4274 1944 4275 1927 4275 1952 4275 1928 4276 1927 4276 1944 4276 1928 4277 1944 4277 1945 4277 1929 4278 1928 4278 1945 4278 1930 4279 1929 4279 1945 4279 1950 4280 1930 4280 1945 4280 1931 4281 1930 4281 1950 4281 1932 4282 1931 4282 1950 4282 1965 4283 1932 4283 1950 4283 1933 4284 1932 4284 1965 4284 1933 4285 1965 4285 1974 4285 1934 4286 1933 4286 1974 4286 1935 4287 1934 4287 1974 4287 1935 4288 1974 4288 1989 4288 1936 4289 1935 4289 1989 4289 1936 4290 1989 4290 1998 4290 1937 4291 1936 4291 1998 4291 1938 4292 1937 4292 1998 4292 1939 4293 1998 4293 2003 4293 1939 4294 1938 4294 1998 4294 1940 4295 1939 4295 2003 4295 1941 4296 1940 4296 2003 4296 1996 4297 1941 4297 2003 4297 1942 4298 1941 4298 1996 4298 1943 4299 1942 4299 1996 4299 1992 4300 1943 4300 1996 4300 1920 4301 1943 4301 1992 4301 2158 4302 2152 4302 2157 4302 2159 4303 2152 4303 2158 4303 2159 4304 2154 4304 2152 4304 2160 4305 2154 4305 2159 4305 2161 4306 2154 4306 2160 4306 2161 4307 2155 4307 2154 4307 2162 4308 2155 4308 2161 4308 1987 4309 1990 4309 2160 4309 1987 4310 2160 4310 2159 4310 1984 4311 1987 4311 2159 4311 1984 4312 2159 4312 2158 4312 1986 4313 1984 4313 2158 4313 2138 4314 2163 4314 2140 4314 2163 4315 2164 4315 2140 4315 2140 4316 2164 4316 2142 4316 2144 4317 2165 4317 2146 4317 2164 4318 2166 4318 2142 4318 2142 4319 2165 4319 2144 4319 2142 4320 2166 4320 2165 4320 1959 4321 1953 4321 2165 4321 1959 4322 2165 4322 2166 4322 1954 4323 1959 4323 2166 4323 1954 4324 2166 4324 2164 4324 1947 4325 1954 4325 2164 4325 2167 4326 2130 4326 2168 4326 2132 4327 2130 4327 2167 4327 2130 4328 2128 4328 2168 4328 2168 4329 2128 4329 2169 4329 2169 4330 2128 4330 2170 4330 2126 4331 2170 4331 2128 4331 2170 4332 2126 4332 2171 4332 2126 4333 2172 4333 2171 4333 1973 4334 1969 4334 2168 4334 1973 4335 2168 4335 2169 4335 1973 4336 2169 4336 2170 4336 1976 4337 1973 4337 2170 4337 1969 4338 1971 4338 2168 4338 2168 4339 1971 4339 2167 4339 1971 4340 1966 4340 2167 4340 2167 4341 1966 4341 2132 4341 1966 4342 1964 4342 2132 4342 2164 4343 2163 4343 1947 4343 1947 4344 2163 4344 1946 4344 2163 4345 2138 4345 1946 4345 1946 4346 2138 4346 1948 4346 1986 4347 2158 4347 1980 4347 2158 4348 2157 4348 1980 4348 2160 4349 1990 4349 2161 4349 1990 4350 1999 4350 2161 4350 2161 4351 1999 4351 2162 4351 1999 4352 2004 4352 2162 4352 1976 4353 2171 4353 1981 4353 2170 4354 2171 4354 1976 4354 1981 4355 2171 4355 1991 4355 1991 4356 2172 4356 1993 4356 2171 4357 2172 4357 1991 4357 2172 4358 2124 4358 1993 4358 2165 4359 1953 4359 2146 4359 1953 4360 1956 4360 2146 4360 1956 4361 1960 4361 2146 4361 1957 4362 1949 4362 2173 4362 2173 4363 1949 4363 2174 4363 1949 4364 1944 4364 2174 4364 2174 4365 1944 4365 2175 4365 1944 4366 1955 4366 2175 4366 2175 4367 1955 4367 2173 4367 1955 4368 1957 4368 2173 4368 2173 4369 2174 4369 2175 4369 2176 4370 1979 4370 2177 4370 1977 4371 1979 4371 2176 4371 1979 4372 1978 4372 2177 4372 2177 4373 1978 4373 2178 4373 2178 4374 1978 4374 2179 4374 1978 4375 1972 4375 2179 4375 1972 4376 1970 4376 2179 4376 2179 4377 1970 4377 2180 4377 1970 4378 1975 4378 2180 4378 1975 4379 1977 4379 2180 4379 2180 4380 1977 4380 2176 4380 2176 4381 2179 4381 2180 4381 2176 4382 2178 4382 2179 4382 2177 4383 2178 4383 2176 4383 1995 4384 1994 4384 2181 4384 2181 4385 1994 4385 2182 4385 1994 4386 1985 4386 2182 4386 1985 4387 1982 4387 2182 4387 2182 4388 1982 4388 2183 4388 1982 4389 1988 4389 2183 4389 2183 4390 1988 4390 2184 4390 1988 4391 1995 4391 2184 4391 2184 4392 1995 4392 2181 4392 2182 4393 2183 4393 2184 4393 2181 4394 2182 4394 2184 4394 1673 4395 1675 4395 2185 4395 2185 4396 1675 4396 2186 4396 1675 4397 2187 4397 2186 4397 2187 4398 1690 4398 2188 4398 1690 4399 1700 4399 2188 4399 2188 4400 1700 4400 2189 4400 1700 4401 1706 4401 2189 4401 2189 4402 1706 4402 1710 4402 1715 4403 1724 4403 2232 4403 2232 4404 1724 4404 2190 4404 1744 4405 1751 4405 1383 4405 1744 4406 1383 4406 1382 4406 1743 4407 1744 4407 1382 4407 1743 4408 1382 4408 2230 4408 1368 4409 1743 4409 2230 4409 2191 4410 1762 4410 1767 4410 1767 4411 1780 4411 2192 4411 2192 4412 1783 4412 1787 4412 1780 4413 1783 4413 2192 4413 1787 4414 1777 4414 2225 4414 1777 4415 1785 4415 2225 4415 1785 4416 1784 4416 2224 4416 2224 4417 1784 4417 2193 4417 2193 4418 1763 4418 2194 4418 1763 4419 2195 4419 2194 4419 2195 4420 1750 4420 2196 4420 1750 4421 1747 4421 2196 4421 2196 4422 1747 4422 2197 4422 2197 4423 1736 4423 2198 4423 1736 4424 1717 4424 2198 4424 2198 4425 1717 4425 2199 4425 2199 4426 1717 4426 2218 4426 2200 4427 1698 4427 2213 4427 1701 4428 2211 4428 2201 4428 1701 4429 2201 4429 1386 4429 1703 4430 1701 4430 1386 4430 2202 4431 2203 4431 2236 4431 2203 4432 2204 4432 2236 4432 2205 4433 2236 4433 2204 4433 2207 4434 2236 4434 2205 4434 2208 4435 2236 4435 2207 4435 2210 4436 2236 4436 2208 4436 2210 4437 2206 4437 2236 4437 2209 4438 2206 4438 2210 4438 2211 4439 1685 4439 2212 4439 2212 4440 1685 4440 2185 4440 1685 4441 1673 4441 2185 4441 2213 4442 1698 4442 2214 4442 1698 4443 1692 4443 2214 4443 2214 4444 1692 4444 1372 4444 1692 4445 1373 4445 1372 4445 1724 4446 1733 4446 2190 4446 2190 4447 1733 4447 2215 4447 2215 4448 1733 4448 1370 4448 1733 4449 1739 4449 1370 4449 1383 4450 1751 4450 2216 4450 1751 4451 1754 4451 2216 4451 2216 4452 1754 4452 2191 4452 1754 4453 1762 4453 2191 4453 2191 4454 2217 4454 2216 4454 2217 4455 1383 4455 2216 4455 2206 4456 1383 4456 2217 4456 2213 4457 2219 4457 2200 4457 2236 4458 2219 4458 2231 4458 2231 4459 2219 4459 2213 4459 2219 4460 2218 4460 2200 4460 2219 4461 2199 4461 2218 4461 2219 4462 2220 4462 2199 4462 2236 4463 2220 4463 2219 4463 2199 4464 2220 4464 2198 4464 2198 4465 2220 4465 2197 4465 2220 4466 2222 4466 2197 4466 2220 4467 2221 4467 2222 4467 2222 4468 2196 4468 2197 4468 2236 4469 2221 4469 2220 4469 2196 4470 2222 4470 2195 4470 2222 4471 2194 4471 2195 4471 2222 4472 2221 4472 2194 4472 2221 4473 2223 4473 2194 4473 2194 4474 2223 4474 2193 4474 2236 4475 2223 4475 2221 4475 2223 4476 2224 4476 2193 4476 2223 4477 2226 4477 2224 4477 2224 4478 2226 4478 1785 4478 1785 4479 2226 4479 2225 4479 2206 4480 2223 4480 2236 4480 2226 4481 2227 4481 2225 4481 2206 4482 2226 4482 2223 4482 2225 4483 2227 4483 1787 4483 2206 4484 2227 4484 2226 4484 2227 4485 2192 4485 1787 4485 2227 4486 2228 4486 2192 4486 2192 4487 2228 4487 1767 4487 2206 4488 2228 4488 2227 4488 2228 4489 2191 4489 1767 4489 2217 4490 2191 4490 2228 4490 2206 4491 2217 4491 2228 4491 2215 4492 1370 4492 1381 4492 1375 4493 1381 4493 2249 4493 1381 4494 1370 4494 2229 4494 1372 4495 2231 4495 2214 4495 1372 4496 1384 4496 2231 4496 2214 4497 2231 4497 2213 4497 2236 4498 2231 4498 1384 4498 2215 4499 2232 4499 2190 4499 1381 4500 2232 4500 2215 4500 1386 4501 2201 4501 1374 4501 2232 4502 1710 4502 1715 4502 1381 4503 1710 4503 2232 4503 1381 4504 2233 4504 1710 4504 1710 4505 2233 4505 2189 4505 1375 4506 2233 4506 1381 4506 2189 4507 2234 4507 2188 4507 2233 4508 2234 4508 2189 4508 2188 4509 2234 4509 2187 4509 1375 4510 2234 4510 2233 4510 2187 4511 2234 4511 2186 4511 2234 4512 2235 4512 2186 4512 2186 4513 2235 4513 2185 4513 1375 4514 2235 4514 2234 4514 2235 4515 2212 4515 2185 4515 2235 4516 2201 4516 2212 4516 2212 4517 2201 4517 2211 4517 1375 4518 2201 4518 2235 4518 2229 4519 2249 4519 1381 4519 2229 4520 2230 4520 2250 4520 1386 4521 2236 4521 1384 4521 1386 4522 1374 4522 2236 4522 2136 4523 2245 4523 2135 4523 2207 4524 2237 4524 2256 4524 2151 4525 2238 4525 2150 4525 2237 4526 2238 4526 2151 4526 2205 4527 2237 4527 2207 4527 1377 4528 1378 4528 2245 4528 2205 4529 2238 4529 2237 4529 2204 4530 2238 4530 2205 4530 2150 4531 2238 4531 2149 4531 2238 4532 2239 4532 2149 4532 2203 4533 2238 4533 2204 4533 2149 4534 2239 4534 2148 4534 2203 4535 2239 4535 2238 4535 2148 4536 2239 4536 2147 4536 2239 4537 2240 4537 2147 4537 2147 4538 2240 4538 2145 4538 2240 4539 2241 4539 2145 4539 2203 4540 2240 4540 2239 4540 2202 4541 2240 4541 2203 4541 2202 4542 2241 4542 2240 4542 2145 4543 2241 4543 2143 4543 2236 4544 2241 4544 2202 4544 2241 4545 2242 4545 2143 4545 2143 4546 2242 4546 2141 4546 2236 4547 2242 4547 2241 4547 2242 4548 2243 4548 2141 4548 2141 4549 2243 4549 2139 4549 1374 4550 2242 4550 2236 4550 1374 4551 2243 4551 2242 4551 2243 4552 1375 4552 2139 4552 2139 4553 1375 4553 2137 4553 1376 4554 2243 4554 1374 4554 1376 4555 1375 4555 2243 4555 1375 4556 2244 4556 2137 4556 2137 4557 2244 4557 2136 4557 2136 4558 2244 4558 2245 4558 1377 4559 2244 4559 1375 4559 2245 4560 2244 4560 1377 4560 2135 4561 2245 4561 2134 4561 2245 4562 2246 4562 2134 4562 2134 4563 2246 4563 2133 4563 2133 4564 2247 4564 2131 4564 2246 4565 2247 4565 2133 4565 1379 4566 2246 4566 1378 4566 1378 4567 2246 4567 2245 4567 2247 4568 2248 4568 2131 4568 1379 4569 2247 4569 2246 4569 2131 4570 2248 4570 2129 4570 1380 4571 2247 4571 1379 4571 2248 4572 2249 4572 2129 4572 1380 4573 2248 4573 2247 4573 1380 4574 2249 4574 2248 4574 2129 4575 2249 4575 2127 4575 2249 4576 2250 4576 2127 4576 2250 4577 2249 4577 2229 4577 2250 4578 2251 4578 2127 4578 2127 4579 2251 4579 2125 4579 2206 4580 2251 4580 2250 4580 2125 4581 2252 4581 2123 4581 2251 4582 2252 4582 2125 4582 2123 4583 2252 4583 2122 4583 2206 4584 2252 4584 2251 4584 2122 4585 2253 4585 2121 4585 2252 4586 2253 4586 2122 4586 2121 4587 2253 4587 2120 4587 2209 4588 2252 4588 2206 4588 2253 4589 2254 4589 2120 4589 2120 4590 2254 4590 2119 4590 2209 4591 2253 4591 2252 4591 2119 4592 2254 4592 2156 4592 2210 4593 2254 4593 2209 4593 2209 4594 2254 4594 2253 4594 2254 4595 2255 4595 2156 4595 2156 4596 2255 4596 2153 4596 2210 4597 2255 4597 2254 4597 2255 4598 2256 4598 2153 4598 2208 4599 2255 4599 2210 4599 2208 4600 2256 4600 2255 4600 2153 4601 2256 4601 2151 4601 2207 4602 2256 4602 2208 4602 2256 4603 2237 4603 2151 4603 2257 4604 2263 4604 2261 4604 2257 4605 2258 4605 2263 4605 2257 4606 2262 4606 2258 4606 2257 4607 2259 4607 2262 4607 2257 4608 2260 4608 2259 4608 2257 4609 2261 4609 2260 4609 2264 4610 2262 4610 2259 4610 2264 4611 2258 4611 2262 4611 2264 4612 2263 4612 2258 4612 2264 4613 2261 4613 2263 4613 2264 4614 2260 4614 2261 4614 2264 4615 2259 4615 2260 4615 2266 4616 2267 4616 2273 4616 2266 4617 2268 4617 2267 4617 2265 4618 2268 4618 2266 4618 2265 4619 2269 4619 2268 4619 2265 4620 2274 4620 2269 4620 2265 4621 2270 4621 2274 4621 2266 4622 2270 4622 2265 4622 2266 4623 2271 4623 2270 4623 2266 4624 2272 4624 2271 4624 2266 4625 2273 4625 2272 4625 2271 4626 2272 4626 2270 4626 2275 4627 2269 4627 2274 4627 2275 4628 2268 4628 2269 4628 2275 4629 2267 4629 2268 4629 2275 4630 2273 4630 2267 4630 2275 4631 2272 4631 2273 4631 2275 4632 2270 4632 2272 4632 2275 4633 2274 4633 2270 4633 2278 4634 2277 4634 2276 4634 2278 4635 2279 4635 2277 4635 2278 4636 2282 4636 2279 4636 2278 4637 2280 4637 2282 4637 2278 4638 2281 4638 2280 4638 2278 4639 2276 4639 2281 4639 2279 4640 2282 4640 2283 4640 2283 4641 2277 4641 2279 4641 2283 4642 2276 4642 2277 4642 2283 4643 2281 4643 2276 4643 2283 4644 2280 4644 2281 4644 2283 4645 2282 4645 2280 4645 2284 4646 2289 4646 2286 4646 2284 4647 2285 4647 2289 4647 2284 4648 2288 4648 2285 4648 2284 4649 2287 4649 2288 4649 2284 4650 2286 4650 2287 4650 2290 4651 2285 4651 2288 4651 2290 4652 2289 4652 2285 4652 2290 4653 2286 4653 2289 4653 2290 4654 2287 4654 2286 4654 2290 4655 2288 4655 2287 4655 2301 4656 2299 4656 2300 4656 2301 4657 2303 4657 2299 4657 2302 4658 2299 4658 2303 4658 2304 4659 2303 4659 2301 4659 2305 4660 2302 4660 2303 4660 2303 4661 2304 4661 2306 4661 2303 4662 2307 4662 2305 4662 2303 4663 2306 4663 2308 4663 2303 4664 2308 4664 2307 4664 2309 4665 2310 4665 2330 4665 2330 4666 2311 4666 2309 4666 2310 4667 2312 4667 2330 4667 2330 4668 2313 4668 2311 4668 2314 4669 2330 4669 2312 4669 2313 4670 2330 4670 2314 4670 2305 4671 2307 4671 2315 4671 2305 4672 2315 4672 2316 4672 2302 4673 2305 4673 2316 4673 2302 4674 2316 4674 2317 4674 2299 4675 2302 4675 2317 4675 2299 4676 2317 4676 2318 4676 2300 4677 2299 4677 2318 4677 2300 4678 2318 4678 2319 4678 2301 4679 2300 4679 2319 4679 2304 4680 2301 4680 2319 4680 2304 4681 2319 4681 2320 4681 2304 4682 2320 4682 2321 4682 2306 4683 2304 4683 2321 4683 2306 4684 2321 4684 2322 4684 2308 4685 2306 4685 2322 4685 2308 4686 2322 4686 2323 4686 2307 4687 2308 4687 2323 4687 2307 4688 2323 4688 2315 4688 2324 4689 2325 4689 2313 4689 2313 4690 2325 4690 2311 4690 2325 4691 2326 4691 2311 4691 2311 4692 2326 4692 2309 4692 2326 4693 2327 4693 2309 4693 2309 4694 2327 4694 2310 4694 2327 4695 2328 4695 2310 4695 2310 4696 2328 4696 2312 4696 2328 4697 2329 4697 2312 4697 2312 4698 2329 4698 2314 4698 2329 4699 2324 4699 2314 4699 2314 4700 2324 4700 2313 4700 2324 4701 2329 4701 2328 4701 2324 4702 2328 4702 2327 4702 2325 4703 2327 4703 2326 4703 2325 4704 2324 4704 2327 4704 2330 4705 2298 4705 2291 4705 2330 4706 2297 4706 2298 4706 2330 4707 2296 4707 2297 4707 2330 4708 2295 4708 2296 4708 2330 4709 2294 4709 2295 4709 2330 4710 2293 4710 2294 4710 2292 4711 2293 4711 2330 4711 2330 4712 2291 4712 2292 4712 2303 4713 2291 4713 2298 4713 2303 4714 2298 4714 2297 4714 2303 4715 2297 4715 2296 4715 2303 4716 2296 4716 2295 4716 2303 4717 2295 4717 2294 4717 2299 4718 2303 4718 2294 4718 2299 4719 2294 4719 2293 4719 2292 4720 2299 4720 2293 4720 2292 4721 2303 4721 2299 4721 2303 4722 2292 4722 2291 4722 2331 4723 2316 4723 2315 4723 2331 4724 2317 4724 2316 4724 2331 4725 2318 4725 2317 4725 2331 4726 2319 4726 2318 4726 2331 4727 2320 4727 2319 4727 2331 4728 2321 4728 2320 4728 2331 4729 2322 4729 2321 4729 2331 4730 2323 4730 2322 4730 2331 4731 2315 4731 2323 4731 2341 4732 2367 4732 2339 4732 2340 4733 2339 4733 2367 4733 2342 4734 2367 4734 2341 4734 2343 4735 2340 4735 2367 4735 2367 4736 2342 4736 2344 4736 2344 4737 2343 4737 2367 4737 2344 4738 2345 4738 2343 4738 2346 4739 2347 4739 2348 4739 2348 4740 2349 4740 2346 4740 2347 4741 2350 4741 2348 4741 2348 4742 2351 4742 2349 4742 2352 4743 2348 4743 2350 4743 2351 4744 2348 4744 2352 4744 2343 4745 2359 4745 2353 4745 2340 4746 2343 4746 2353 4746 2340 4747 2353 4747 2354 4747 2339 4748 2340 4748 2354 4748 2339 4749 2354 4749 2355 4749 2341 4750 2339 4750 2355 4750 2341 4751 2355 4751 2356 4751 2342 4752 2341 4752 2356 4752 2342 4753 2356 4753 2357 4753 2344 4754 2342 4754 2357 4754 2344 4755 2357 4755 2358 4755 2345 4756 2344 4756 2358 4756 2345 4757 2358 4757 2359 4757 2343 4758 2345 4758 2359 4758 2361 4759 2362 4759 2351 4759 2351 4760 2362 4760 2349 4760 2362 4761 2363 4761 2349 4761 2349 4762 2363 4762 2346 4762 2363 4763 2364 4763 2346 4763 2346 4764 2364 4764 2347 4764 2364 4765 2365 4765 2347 4765 2347 4766 2365 4766 2350 4766 2365 4767 2366 4767 2350 4767 2350 4768 2366 4768 2352 4768 2366 4769 2361 4769 2352 4769 2352 4770 2361 4770 2351 4770 2361 4771 2366 4771 2365 4771 2361 4772 2365 4772 2364 4772 2362 4773 2364 4773 2363 4773 2362 4774 2361 4774 2364 4774 2348 4775 2332 4775 2333 4775 2348 4776 2338 4776 2332 4776 2348 4777 2337 4777 2338 4777 2348 4778 2336 4778 2337 4778 2348 4779 2335 4779 2336 4779 2348 4780 2334 4780 2335 4780 2348 4781 2333 4781 2334 4781 2367 4782 2333 4782 2332 4782 2367 4783 2332 4783 2338 4783 2367 4784 2338 4784 2337 4784 2367 4785 2337 4785 2336 4785 2367 4786 2336 4786 2335 4786 2367 4787 2335 4787 2334 4787 2367 4788 2334 4788 2333 4788 2360 4789 2353 4789 2359 4789 2360 4790 2354 4790 2353 4790 2360 4791 2355 4791 2354 4791 2360 4792 2356 4792 2355 4792 2360 4793 2357 4793 2356 4793 2360 4794 2358 4794 2357 4794 2360 4795 2359 4795 2358 4795 2375 4796 2376 4796 2406 4796 2377 4797 2375 4797 2406 4797 2378 4798 2406 4798 2376 4798 2379 4799 2377 4799 2406 4799 2406 4800 2378 4800 2380 4800 2406 4801 2381 4801 2379 4801 2406 4802 2380 4802 2382 4802 2406 4803 2382 4803 2381 4803 2383 4804 2387 4804 2405 4804 2387 4805 2384 4805 2405 4805 2383 4806 2385 4806 2387 4806 2387 4807 2386 4807 2384 4807 2379 4808 2381 4808 2388 4808 2379 4809 2388 4809 2389 4809 2377 4810 2379 4810 2389 4810 2377 4811 2389 4811 2390 4811 2375 4812 2377 4812 2390 4812 2375 4813 2390 4813 2391 4813 2376 4814 2375 4814 2391 4814 2376 4815 2391 4815 2392 4815 2376 4816 2392 4816 2393 4816 2378 4817 2376 4817 2393 4817 2378 4818 2393 4818 2394 4818 2380 4819 2378 4819 2394 4819 2380 4820 2394 4820 2395 4820 2382 4821 2380 4821 2395 4821 2382 4822 2395 4822 2396 4822 2381 4823 2396 4823 2397 4823 2381 4824 2382 4824 2396 4824 2381 4825 2397 4825 2388 4825 2399 4826 2400 4826 2386 4826 2386 4827 2400 4827 2384 4827 2400 4828 2401 4828 2384 4828 2384 4829 2401 4829 2405 4829 2401 4830 2402 4830 2405 4830 2405 4831 2402 4831 2383 4831 2402 4832 2403 4832 2383 4832 2383 4833 2403 4833 2385 4833 2403 4834 2404 4834 2385 4834 2385 4835 2404 4835 2387 4835 2404 4836 2399 4836 2387 4836 2387 4837 2399 4837 2386 4837 2399 4838 2404 4838 2403 4838 2399 4839 2403 4839 2402 4839 2400 4840 2402 4840 2401 4840 2400 4841 2399 4841 2402 4841 2368 4842 2405 4842 2387 4842 2387 4843 2374 4843 2368 4843 2387 4844 2373 4844 2374 4844 2387 4845 2372 4845 2373 4845 2405 4846 2372 4846 2387 4846 2405 4847 2371 4847 2372 4847 2405 4848 2370 4848 2371 4848 2405 4849 2369 4849 2370 4849 2368 4850 2369 4850 2405 4850 2406 4851 2369 4851 2368 4851 2406 4852 2368 4852 2374 4852 2406 4853 2374 4853 2373 4853 2406 4854 2373 4854 2372 4854 2371 4855 2406 4855 2372 4855 2406 4856 2371 4856 2370 4856 2406 4857 2370 4857 2369 4857 2398 4858 2389 4858 2388 4858 2398 4859 2390 4859 2389 4859 2398 4860 2391 4860 2390 4860 2393 4861 2391 4861 2398 4861 2393 4862 2392 4862 2391 4862 2398 4863 2394 4863 2393 4863 2398 4864 2395 4864 2394 4864 2398 4865 2396 4865 2395 4865 2398 4866 2397 4866 2396 4866 2398 4867 2388 4867 2397 4867 2416 4868 2414 4868 2446 4868 2415 4869 2446 4869 2414 4869 2416 4870 2446 4870 2419 4870 2418 4871 2416 4871 2419 4871 2417 4872 2446 4872 2415 4872 2446 4873 2417 4873 2420 4873 2420 4874 2422 4874 2419 4874 2420 4875 2421 4875 2422 4875 2423 4876 2424 4876 2428 4876 2428 4877 2425 4877 2423 4877 2424 4878 2426 4878 2428 4878 2428 4879 2427 4879 2425 4879 2429 4880 2428 4880 2426 4880 2427 4881 2428 4881 2429 4881 2419 4882 2430 4882 2431 4882 2418 4883 2419 4883 2431 4883 2418 4884 2431 4884 2432 4884 2416 4885 2418 4885 2432 4885 2416 4886 2432 4886 2433 4886 2414 4887 2416 4887 2433 4887 2414 4888 2433 4888 2434 4888 2414 4889 2434 4889 2435 4889 2415 4890 2414 4890 2435 4890 2415 4891 2435 4891 2436 4891 2417 4892 2415 4892 2436 4892 2417 4893 2436 4893 2437 4893 2420 4894 2417 4894 2437 4894 2421 4895 2420 4895 2437 4895 2421 4896 2437 4896 2438 4896 2421 4897 2438 4897 2439 4897 2422 4898 2421 4898 2439 4898 2422 4899 2439 4899 2430 4899 2419 4900 2422 4900 2430 4900 2440 4901 2441 4901 2427 4901 2427 4902 2441 4902 2425 4902 2441 4903 2442 4903 2425 4903 2425 4904 2442 4904 2423 4904 2442 4905 2443 4905 2423 4905 2423 4906 2443 4906 2424 4906 2443 4907 2444 4907 2424 4907 2424 4908 2444 4908 2426 4908 2444 4909 2445 4909 2426 4909 2426 4910 2445 4910 2429 4910 2445 4911 2440 4911 2429 4911 2429 4912 2440 4912 2427 4912 2442 4913 2444 4913 2443 4913 2441 4914 2440 4914 2445 4914 2441 4915 2445 4915 2444 4915 2441 4916 2444 4916 2442 4916 2428 4917 2407 4917 2408 4917 2428 4918 2413 4918 2407 4918 2428 4919 2412 4919 2413 4919 2428 4920 2411 4920 2412 4920 2428 4921 2410 4921 2411 4921 2409 4922 2410 4922 2428 4922 2408 4923 2409 4923 2428 4923 2419 4924 2407 4924 2413 4924 2420 4925 2419 4925 2413 4925 2420 4926 2413 4926 2412 4926 2420 4927 2412 4927 2411 4927 2446 4928 2420 4928 2411 4928 2446 4929 2411 4929 2410 4929 2446 4930 2410 4930 2409 4930 2446 4931 2409 4931 2408 4931 2446 4932 2408 4932 2407 4932 2419 4933 2446 4933 2407 4933 2447 4934 2431 4934 2430 4934 2447 4935 2432 4935 2431 4935 2447 4936 2433 4936 2432 4936 2447 4937 2434 4937 2433 4937 2447 4938 2435 4938 2434 4938 2447 4939 2436 4939 2435 4939 2447 4940 2437 4940 2436 4940 2447 4941 2438 4941 2437 4941 2447 4942 2439 4942 2438 4942 2447 4943 2430 4943 2439 4943 2456 4944 2494 4944 2491 4944 2458 4945 2456 4945 2491 4945 2457 4946 2494 4946 2456 4946 2459 4947 2494 4947 2457 4947 2460 4948 2458 4948 2491 4948 2459 4949 2493 4949 2494 4949 2462 4950 2460 4950 2491 4950 2493 4951 2459 4951 2461 4951 2493 4952 2461 4952 2463 4952 2491 4953 2464 4953 2462 4953 2465 4954 2493 4954 2463 4954 2465 4955 2463 4955 2466 4955 2491 4956 2465 4956 2464 4956 2467 4957 2468 4957 2489 4957 2468 4958 2469 4958 2489 4958 2471 4959 2489 4959 2469 4959 2470 4960 2489 4960 2471 4960 2464 4961 2480 4961 2472 4961 2462 4962 2464 4962 2472 4962 2460 4963 2462 4963 2472 4963 2460 4964 2472 4964 2473 4964 2458 4965 2460 4965 2473 4965 2458 4966 2473 4966 2474 4966 2456 4967 2458 4967 2474 4967 2456 4968 2474 4968 2482 4968 2457 4969 2456 4969 2482 4969 2457 4970 2482 4970 2475 4970 2459 4971 2457 4971 2475 4971 2461 4972 2459 4972 2475 4972 2461 4973 2475 4973 2476 4973 2463 4974 2461 4974 2476 4974 2463 4975 2476 4975 2477 4975 2463 4976 2477 4976 2478 4976 2466 4977 2463 4977 2478 4977 2466 4978 2478 4978 2479 4978 2465 4979 2466 4979 2479 4979 2465 4980 2479 4980 2480 4980 2464 4981 2465 4981 2480 4981 2483 4982 2484 4982 2470 4982 2470 4983 2484 4983 2489 4983 2484 4984 2485 4984 2489 4984 2489 4985 2485 4985 2467 4985 2485 4986 2486 4986 2467 4986 2467 4987 2486 4987 2468 4987 2486 4988 2487 4988 2468 4988 2468 4989 2487 4989 2469 4989 2487 4990 2488 4990 2469 4990 2469 4991 2488 4991 2471 4991 2488 4992 2483 4992 2471 4992 2471 4993 2483 4993 2470 4993 2483 4994 2488 4994 2487 4994 2483 4995 2487 4995 2486 4995 2483 4996 2486 4996 2485 4996 2484 4997 2483 4997 2485 4997 2490 4998 2449 4998 2450 4998 2490 4999 2448 4999 2449 4999 2448 5000 2490 5000 2489 5000 2455 5001 2448 5001 2489 5001 2455 5002 2492 5002 2448 5002 2489 5003 2454 5003 2455 5003 2489 5004 2453 5004 2454 5004 2490 5005 2453 5005 2489 5005 2490 5006 2452 5006 2453 5006 2490 5007 2451 5007 2452 5007 2490 5008 2450 5008 2451 5008 2491 5009 2450 5009 2449 5009 2491 5010 2449 5010 2448 5010 2491 5011 2448 5011 2492 5011 2492 5012 2465 5012 2491 5012 2465 5013 2492 5013 2455 5013 2465 5014 2455 5014 2454 5014 2493 5015 2465 5015 2454 5015 2493 5016 2454 5016 2453 5016 2494 5017 2493 5017 2453 5017 2494 5018 2453 5018 2452 5018 2494 5019 2452 5019 2451 5019 2491 5020 2494 5020 2451 5020 2491 5021 2451 5021 2450 5021 2481 5022 2472 5022 2480 5022 2481 5023 2473 5023 2472 5023 2481 5024 2474 5024 2473 5024 2482 5025 2474 5025 2481 5025 2482 5026 2476 5026 2475 5026 2481 5027 2476 5027 2482 5027 2481 5028 2477 5028 2476 5028 2481 5029 2478 5029 2477 5029 2481 5030 2479 5030 2478 5030 2481 5031 2480 5031 2479 5031 2504 5032 2503 5032 2507 5032 2505 5033 2507 5033 2503 5033 2506 5034 2504 5034 2507 5034 2507 5035 2508 5035 2506 5035 2507 5036 2510 5036 2508 5036 2507 5037 2509 5037 2510 5037 2512 5038 2513 5038 2511 5038 2512 5039 2515 5039 2513 5039 2516 5040 2512 5040 2514 5040 2515 5041 2512 5041 2516 5041 2506 5042 2508 5042 2517 5042 2506 5043 2517 5043 2518 5043 2506 5044 2518 5044 2519 5044 2504 5045 2506 5045 2519 5045 2503 5046 2504 5046 2519 5046 2503 5047 2519 5047 2520 5047 2505 5048 2503 5048 2520 5048 2505 5049 2520 5049 2521 5049 2507 5050 2505 5050 2521 5050 2507 5051 2521 5051 2522 5051 2509 5052 2507 5052 2522 5052 2509 5053 2522 5053 2523 5053 2510 5054 2509 5054 2523 5054 2510 5055 2523 5055 2524 5055 2508 5056 2510 5056 2524 5056 2508 5057 2524 5057 2517 5057 2525 5058 2526 5058 2515 5058 2515 5059 2526 5059 2513 5059 2526 5060 2527 5060 2513 5060 2513 5061 2527 5061 2511 5061 2527 5062 2528 5062 2511 5062 2511 5063 2528 5063 2512 5063 2528 5064 2529 5064 2512 5064 2512 5065 2529 5065 2514 5065 2529 5066 2530 5066 2514 5066 2514 5067 2530 5067 2516 5067 2530 5068 2525 5068 2516 5068 2516 5069 2525 5069 2515 5069 2525 5070 2530 5070 2529 5070 2525 5071 2529 5071 2528 5071 2525 5072 2528 5072 2527 5072 2526 5073 2525 5073 2527 5073 2512 5074 2495 5074 2496 5074 2512 5075 2502 5075 2495 5075 2500 5076 2502 5076 2512 5076 2500 5077 2501 5077 2502 5077 2498 5078 2500 5078 2512 5078 2498 5079 2499 5079 2500 5079 2512 5080 2497 5080 2498 5080 2512 5081 2496 5081 2497 5081 2531 5082 2496 5082 2495 5082 2531 5083 2495 5083 2502 5083 2531 5084 2502 5084 2501 5084 2507 5085 2531 5085 2501 5085 2507 5086 2501 5086 2500 5086 2507 5087 2500 5087 2499 5087 2507 5088 2499 5088 2498 5088 2507 5089 2498 5089 2497 5089 2531 5090 2497 5090 2496 5090 2531 5091 2507 5091 2497 5091 2532 5092 2518 5092 2517 5092 2532 5093 2519 5093 2518 5093 2532 5094 2520 5094 2519 5094 2532 5095 2521 5095 2520 5095 2532 5096 2522 5096 2521 5096 2532 5097 2523 5097 2522 5097 2532 5098 2524 5098 2523 5098 2532 5099 2517 5099 2524 5099 2533 5100 2598 5100 2599 5100 2533 5101 2599 5101 2534 5101 2535 5102 2533 5102 2534 5102 2535 5103 2534 5103 2536 5103 2537 5104 2536 5104 2539 5104 2537 5105 2535 5105 2536 5105 2538 5106 2537 5106 2539 5106 2538 5107 2539 5107 2540 5107 2541 5108 2538 5108 2540 5108 2541 5109 2540 5109 2542 5109 2543 5110 2541 5110 2542 5110 2543 5111 2542 5111 2544 5111 2545 5112 2543 5112 2544 5112 2545 5113 2544 5113 2546 5113 2547 5114 2546 5114 2548 5114 2547 5115 2545 5115 2546 5115 2549 5116 2548 5116 2551 5116 2549 5117 2547 5117 2548 5117 2550 5118 2549 5118 2551 5118 2550 5119 2551 5119 2552 5119 2553 5120 2550 5120 2552 5120 2553 5121 2552 5121 2554 5121 2555 5122 2553 5122 2554 5122 2555 5123 2554 5123 2556 5123 2557 5124 2555 5124 2556 5124 2557 5125 2556 5125 2558 5125 2559 5126 2557 5126 2558 5126 2559 5127 2558 5127 2560 5127 2562 5128 2559 5128 2560 5128 2562 5129 2560 5129 2561 5129 2563 5130 2562 5130 2561 5130 2563 5131 2561 5131 2564 5131 2565 5132 2563 5132 2564 5132 2565 5133 2564 5133 2566 5133 2567 5134 2565 5134 2566 5134 2567 5135 2566 5135 2568 5135 2569 5136 2567 5136 2568 5136 2569 5137 2568 5137 2570 5137 2569 5138 2570 5138 2572 5138 2571 5139 2569 5139 2572 5139 2573 5140 2571 5140 2572 5140 2573 5141 2572 5141 2574 5141 2575 5142 2574 5142 2576 5142 2575 5143 2573 5143 2574 5143 2575 5144 2576 5144 2578 5144 2577 5145 2575 5145 2578 5145 2579 5146 2577 5146 2578 5146 2579 5147 2578 5147 2580 5147 2579 5148 2580 5148 2581 5148 2582 5149 2579 5149 2581 5149 2582 5150 2581 5150 2583 5150 2584 5151 2582 5151 2583 5151 2584 5152 2583 5152 2585 5152 2587 5153 2585 5153 2586 5153 2587 5154 2584 5154 2585 5154 2587 5155 2586 5155 2589 5155 2588 5156 2587 5156 2589 5156 2588 5157 2589 5157 2590 5157 2591 5158 2588 5158 2590 5158 2591 5159 2590 5159 2592 5159 2593 5160 2591 5160 2592 5160 2593 5161 2592 5161 2594 5161 2593 5162 2594 5162 2596 5162 2595 5163 2593 5163 2596 5163 2595 5164 2596 5164 2597 5164 2598 5165 2597 5165 2599 5165 2598 5166 2595 5166 2597 5166 2600 5167 2604 5167 2689 5167 2601 5168 2604 5168 2600 5168 2602 5169 2600 5169 2689 5169 2603 5170 2604 5170 2601 5170 2606 5171 2602 5171 2689 5171 2606 5172 2689 5172 2614 5172 2605 5173 2604 5173 2603 5173 2605 5174 2610 5174 2604 5174 2608 5175 2606 5175 2614 5175 2607 5176 2610 5176 2605 5176 2609 5177 2608 5177 2614 5177 2611 5178 2610 5178 2607 5178 2612 5179 2609 5179 2614 5179 2613 5180 2610 5180 2611 5180 2617 5181 2610 5181 2613 5181 2616 5182 2612 5182 2614 5182 2617 5183 2613 5183 2615 5183 2614 5184 2619 5184 2616 5184 2687 5185 2619 5185 2614 5185 2617 5186 2615 5186 2618 5186 2624 5187 2617 5187 2618 5187 2624 5188 2618 5188 2620 5188 2687 5189 2621 5189 2619 5189 2687 5190 2622 5190 2621 5190 2627 5191 2622 5191 2687 5191 2624 5192 2620 5192 2623 5192 2627 5193 2626 5193 2622 5193 2624 5194 2623 5194 2625 5194 2631 5195 2624 5195 2625 5195 2631 5196 2625 5196 2628 5196 2627 5197 2629 5197 2626 5197 2631 5198 2628 5198 2630 5198 2631 5199 2629 5199 2627 5199 2631 5200 2632 5200 2629 5200 2631 5201 2630 5201 2632 5201 2599 5202 2536 5202 2534 5202 2633 5203 2536 5203 2599 5203 2633 5204 2539 5204 2536 5204 2633 5205 2634 5205 2539 5205 2634 5206 2540 5206 2539 5206 2634 5207 2542 5207 2540 5207 2634 5208 2544 5208 2542 5208 2634 5209 2635 5209 2544 5209 2544 5210 2635 5210 2546 5210 2546 5211 2635 5211 2548 5211 2635 5212 2637 5212 2548 5212 2548 5213 2637 5213 2551 5213 2564 5214 2636 5214 2566 5214 2561 5215 2636 5215 2564 5215 2560 5216 2636 5216 2561 5216 2551 5217 2637 5217 2552 5217 2560 5218 2638 5218 2636 5218 2558 5219 2638 5219 2560 5219 2552 5220 2637 5220 2554 5220 2556 5221 2638 5221 2558 5221 2637 5222 2638 5222 2554 5222 2554 5223 2638 5223 2556 5223 2639 5224 2655 5224 2640 5224 2642 5225 2640 5225 2641 5225 2642 5226 2639 5226 2640 5226 2642 5227 2641 5227 2644 5227 2643 5228 2642 5228 2644 5228 2643 5229 2644 5229 2646 5229 2645 5230 2643 5230 2646 5230 2645 5231 2646 5231 2647 5231 2648 5232 2645 5232 2647 5232 2648 5233 2647 5233 2649 5233 2650 5234 2648 5234 2649 5234 2650 5235 2649 5235 2651 5235 2652 5236 2651 5236 2653 5236 2652 5237 2650 5237 2651 5237 2599 5238 2653 5238 2654 5238 2599 5239 2652 5239 2653 5239 2639 5240 2566 5240 2655 5240 2566 5241 2636 5241 2655 5241 2633 5242 2599 5242 2654 5242 2633 5243 2654 5243 2656 5243 2634 5244 2633 5244 2656 5244 2635 5245 2634 5245 2656 5245 2635 5246 2656 5246 2657 5246 2635 5247 2657 5247 2658 5247 2637 5248 2635 5248 2658 5248 2637 5249 2658 5249 2659 5249 2638 5250 2637 5250 2659 5250 2638 5251 2659 5251 2660 5251 2636 5252 2638 5252 2660 5252 2636 5253 2660 5253 2655 5253 2662 5254 2651 5254 2661 5254 2661 5255 2651 5255 2649 5255 2664 5256 2661 5256 2649 5256 2663 5257 2653 5257 2651 5257 2663 5258 2651 5258 2662 5258 2664 5259 2649 5259 2647 5259 2665 5260 2654 5260 2653 5260 2665 5261 2653 5261 2663 5261 2666 5262 2664 5262 2647 5262 2667 5263 2647 5263 2646 5263 2667 5264 2666 5264 2647 5264 2668 5265 2654 5265 2665 5265 2669 5266 2667 5266 2646 5266 2669 5267 2646 5267 2644 5267 2671 5268 2654 5268 2668 5268 2670 5269 2669 5269 2644 5269 2672 5270 2644 5270 2641 5270 2672 5271 2670 5271 2644 5271 2673 5272 2656 5272 2654 5272 2673 5273 2654 5273 2671 5273 2641 5274 2675 5274 2672 5274 2674 5275 2656 5275 2673 5275 2640 5276 2675 5276 2641 5276 2656 5277 2674 5277 2676 5277 2640 5278 2677 5278 2675 5278 2657 5279 2656 5279 2676 5279 2640 5280 2678 5280 2677 5280 2655 5281 2678 5281 2640 5281 2655 5282 2679 5282 2678 5282 2658 5283 2657 5283 2676 5283 2658 5284 2676 5284 2680 5284 2655 5285 2681 5285 2679 5285 2655 5286 2682 5286 2681 5286 2658 5287 2680 5287 2683 5287 2660 5288 2684 5288 2682 5288 2660 5289 2682 5289 2655 5289 2659 5290 2658 5290 2683 5290 2660 5291 2685 5291 2684 5291 2659 5292 2683 5292 2686 5292 2659 5293 2686 5293 2685 5293 2660 5294 2659 5294 2685 5294 2650 5295 2590 5295 2648 5295 2592 5296 2590 5296 2650 5296 2650 5297 2594 5297 2592 5297 2590 5298 2589 5298 2648 5298 2652 5299 2594 5299 2650 5299 2589 5300 2586 5300 2648 5300 2652 5301 2596 5301 2594 5301 2599 5302 2597 5302 2652 5302 2652 5303 2597 5303 2596 5303 2586 5304 2585 5304 2648 5304 2648 5305 2585 5305 2645 5305 2585 5306 2583 5306 2645 5306 2583 5307 2581 5307 2645 5307 2645 5308 2581 5308 2643 5308 2581 5309 2580 5309 2643 5309 2580 5310 2578 5310 2643 5310 2643 5311 2578 5311 2642 5311 2578 5312 2576 5312 2642 5312 2574 5313 2642 5313 2576 5313 2574 5314 2639 5314 2642 5314 2574 5315 2572 5315 2639 5315 2570 5316 2639 5316 2572 5316 2570 5317 2568 5317 2639 5317 2568 5318 2566 5318 2639 5318 2598 5319 2533 5319 2627 5319 2627 5320 2595 5320 2598 5320 2687 5321 2595 5321 2627 5321 2687 5322 2593 5322 2595 5322 2687 5323 2591 5323 2593 5323 2687 5324 2588 5324 2591 5324 2687 5325 2587 5325 2588 5325 2688 5326 2587 5326 2687 5326 2688 5327 2687 5327 2614 5327 2688 5328 2584 5328 2587 5328 2688 5329 2582 5329 2584 5329 2688 5330 2614 5330 2689 5330 2688 5331 2579 5331 2582 5331 2688 5332 2577 5332 2579 5332 2689 5333 2577 5333 2688 5333 2689 5334 2575 5334 2577 5334 2689 5335 2573 5335 2575 5335 2689 5336 2571 5336 2573 5336 2604 5337 2571 5337 2689 5337 2604 5338 2569 5338 2571 5338 2604 5339 2567 5339 2569 5339 2604 5340 2565 5340 2567 5340 2604 5341 2563 5341 2565 5341 2604 5342 2562 5342 2563 5342 2610 5343 2562 5343 2604 5343 2610 5344 2559 5344 2562 5344 2610 5345 2557 5345 2559 5345 2610 5346 2555 5346 2557 5346 2617 5347 2555 5347 2610 5347 2617 5348 2553 5348 2555 5348 2617 5349 2550 5349 2553 5349 2617 5350 2549 5350 2550 5350 2624 5351 2549 5351 2617 5351 2624 5352 2547 5352 2549 5352 2624 5353 2545 5353 2547 5353 2624 5354 2543 5354 2545 5354 2631 5355 2543 5355 2624 5355 2631 5356 2541 5356 2543 5356 2631 5357 2538 5357 2541 5357 2627 5358 2537 5358 2538 5358 2627 5359 2538 5359 2631 5359 2627 5360 2535 5360 2537 5360 2627 5361 2533 5361 2535 5361 2668 5362 2626 5362 2671 5362 2626 5363 2629 5363 2671 5363 2671 5364 2629 5364 2673 5364 2629 5365 2632 5365 2673 5365 2673 5366 2632 5366 2674 5366 2632 5367 2630 5367 2674 5367 2674 5368 2630 5368 2676 5368 2630 5369 2628 5369 2676 5369 2676 5370 2625 5370 2680 5370 2628 5371 2625 5371 2676 5371 2625 5372 2623 5372 2680 5372 2680 5373 2623 5373 2683 5373 2623 5374 2620 5374 2683 5374 2620 5375 2618 5375 2683 5375 2683 5376 2618 5376 2686 5376 2686 5377 2618 5377 2685 5377 2618 5378 2615 5378 2685 5378 2685 5379 2615 5379 2684 5379 2615 5380 2613 5380 2684 5380 2684 5381 2611 5381 2682 5381 2613 5382 2611 5382 2684 5382 2682 5383 2607 5383 2681 5383 2611 5384 2607 5384 2682 5384 2607 5385 2605 5385 2681 5385 2681 5386 2605 5386 2679 5386 2605 5387 2603 5387 2679 5387 2679 5388 2603 5388 2678 5388 2678 5389 2601 5389 2677 5389 2603 5390 2601 5390 2678 5390 2677 5391 2601 5391 2675 5391 2601 5392 2600 5392 2675 5392 2675 5393 2600 5393 2672 5393 2600 5394 2602 5394 2672 5394 2672 5395 2602 5395 2670 5395 2602 5396 2606 5396 2670 5396 2670 5397 2606 5397 2669 5397 2669 5398 2606 5398 2667 5398 2606 5399 2608 5399 2667 5399 2667 5400 2608 5400 2666 5400 2608 5401 2609 5401 2666 5401 2666 5402 2609 5402 2664 5402 2609 5403 2612 5403 2664 5403 2664 5404 2612 5404 2661 5404 2612 5405 2616 5405 2661 5405 2661 5406 2616 5406 2662 5406 2662 5407 2619 5407 2663 5407 2616 5408 2619 5408 2662 5408 2619 5409 2621 5409 2663 5409 2663 5410 2621 5410 2665 5410 2621 5411 2622 5411 2665 5411 2665 5412 2622 5412 2668 5412 2622 5413 2626 5413 2668 5413 2690 5414 2691 5414 2692 5414 2693 5415 2695 5415 2694 5415 2693 5416 2690 5416 2692 5416 2693 5417 2692 5417 2695 5417 2696 5418 2691 5418 2690 5418 2696 5419 2697 5419 2691 5419 2702 5420 2697 5420 2696 5420 2698 5421 2693 5421 2694 5421 2700 5422 2698 5422 2694 5422 2702 5423 2696 5423 2699 5423 2700 5424 2701 5424 2698 5424 2703 5425 2702 5425 2699 5425 2704 5426 2701 5426 2700 5426 2704 5427 2703 5427 2699 5427 2704 5428 2699 5428 2701 5428 2732 5429 2705 5429 2706 5429 2710 5430 2732 5430 2706 5430 2710 5431 2706 5431 2707 5431 2712 5432 2707 5432 2708 5432 2712 5433 2710 5433 2707 5433 2710 5434 2704 5434 2700 5434 2710 5435 2700 5435 2732 5435 2712 5436 2708 5436 2709 5436 2714 5437 2709 5437 2711 5437 2714 5438 2712 5438 2709 5438 2712 5439 2704 5439 2710 5439 2713 5440 2714 5440 2711 5440 2713 5441 2711 5441 2715 5441 2714 5442 2704 5442 2712 5442 2714 5443 2703 5443 2704 5443 2717 5444 2713 5444 2715 5444 2713 5445 2702 5445 2703 5445 2713 5446 2703 5446 2714 5446 2717 5447 2715 5447 2716 5447 2720 5448 2717 5448 2716 5448 2717 5449 2702 5449 2713 5449 2719 5450 2720 5450 2716 5450 2719 5451 2716 5451 2718 5451 2717 5452 2697 5452 2702 5452 2720 5453 2697 5453 2717 5453 2719 5454 2718 5454 2721 5454 2725 5455 2719 5455 2721 5455 2723 5456 2725 5456 2721 5456 2723 5457 2721 5457 2722 5457 2719 5458 2697 5458 2720 5458 2719 5459 2691 5459 2697 5459 2723 5460 2722 5460 2724 5460 2727 5461 2723 5461 2724 5461 2725 5462 2691 5462 2719 5462 2725 5463 2692 5463 2691 5463 2727 5464 2724 5464 2726 5464 2723 5465 2692 5465 2725 5465 2729 5466 2727 5466 2726 5466 2729 5467 2726 5467 2728 5467 2727 5468 2692 5468 2723 5468 2727 5469 2695 5469 2692 5469 2730 5470 2728 5470 2731 5470 2730 5471 2729 5471 2728 5471 2729 5472 2695 5472 2727 5472 2730 5473 2731 5473 2705 5473 2730 5474 2695 5474 2729 5474 2730 5475 2694 5475 2695 5475 2732 5476 2730 5476 2705 5476 2730 5477 2700 5477 2694 5477 2732 5478 2700 5478 2730 5478 2706 5479 2705 5479 2733 5479 2706 5480 2733 5480 2734 5480 2707 5481 2706 5481 2734 5481 2707 5482 2734 5482 2735 5482 2708 5483 2707 5483 2735 5483 2709 5484 2708 5484 2735 5484 2711 5485 2709 5485 2736 5485 2715 5486 2711 5486 2736 5486 2715 5487 2736 5487 2737 5487 2716 5488 2715 5488 2737 5488 2716 5489 2737 5489 2738 5489 2718 5490 2716 5490 2738 5490 2718 5491 2738 5491 2739 5491 2718 5492 2739 5492 2740 5492 2721 5493 2718 5493 2740 5493 2721 5494 2740 5494 2741 5494 2722 5495 2721 5495 2741 5495 2722 5496 2741 5496 2742 5496 2724 5497 2722 5497 2742 5497 2724 5498 2742 5498 2743 5498 2726 5499 2724 5499 2743 5499 2726 5500 2743 5500 2744 5500 2728 5501 2726 5501 2744 5501 2728 5502 2744 5502 2745 5502 2731 5503 2728 5503 2745 5503 2731 5504 2745 5504 2746 5504 2705 5505 2731 5505 2746 5505 2705 5506 2746 5506 2733 5506 2750 5507 2747 5507 2748 5507 2748 5508 2739 5508 2750 5508 2748 5509 2740 5509 2739 5509 2748 5510 2741 5510 2740 5510 2748 5511 2742 5511 2741 5511 2748 5512 2743 5512 2742 5512 2747 5513 2743 5513 2748 5513 2749 5514 2744 5514 2743 5514 2749 5515 2743 5515 2747 5515 2749 5516 2745 5516 2744 5516 2749 5517 2746 5517 2745 5517 2749 5518 2733 5518 2746 5518 2749 5519 2734 5519 2733 5519 2750 5520 2735 5520 2734 5520 2750 5521 2734 5521 2749 5521 2750 5522 2749 5522 2747 5522 2750 5523 2709 5523 2735 5523 2750 5524 2736 5524 2709 5524 2750 5525 2737 5525 2736 5525 2750 5526 2738 5526 2737 5526 2750 5527 2739 5527 2738 5527 2693 5528 2751 5528 2690 5528 2751 5529 2752 5529 2690 5529 2752 5530 2753 5530 2690 5530 2690 5531 2753 5531 2696 5531 2753 5532 2754 5532 2696 5532 2696 5533 2754 5533 2699 5533 2754 5534 2755 5534 2699 5534 2699 5535 2755 5535 2701 5535 2755 5536 2756 5536 2701 5536 2701 5537 2756 5537 2698 5537 2756 5538 2751 5538 2698 5538 2698 5539 2751 5539 2693 5539 2756 5540 2752 5540 2751 5540 2755 5541 2754 5541 2753 5541 2755 5542 2753 5542 2752 5542 2755 5543 2752 5543 2756 5543 2766 5544 2768 5544 2765 5544 2767 5545 2765 5545 2768 5545 2770 5546 2768 5546 2766 5546 2769 5547 2767 5547 2768 5547 2771 5548 2768 5548 2770 5548 2768 5549 2771 5549 2772 5549 2768 5550 2772 5550 2775 5550 2769 5551 2774 5551 2773 5551 2768 5552 2775 5552 2776 5552 2768 5553 2774 5553 2769 5553 2768 5554 2776 5554 2774 5554 2777 5555 2778 5555 2801 5555 2801 5556 2779 5556 2777 5556 2778 5557 2780 5557 2801 5557 2801 5558 2781 5558 2779 5558 2782 5559 2801 5559 2780 5559 2781 5560 2801 5560 2782 5560 2773 5561 2774 5561 2793 5561 2773 5562 2793 5562 2783 5562 2769 5563 2773 5563 2783 5563 2769 5564 2783 5564 2784 5564 2767 5565 2769 5565 2784 5565 2767 5566 2784 5566 2785 5566 2765 5567 2767 5567 2785 5567 2765 5568 2785 5568 2786 5568 2766 5569 2765 5569 2786 5569 2766 5570 2786 5570 2787 5570 2770 5571 2766 5571 2787 5571 2770 5572 2787 5572 2788 5572 2770 5573 2788 5573 2789 5573 2771 5574 2770 5574 2789 5574 2772 5575 2789 5575 2790 5575 2772 5576 2771 5576 2789 5576 2775 5577 2772 5577 2790 5577 2775 5578 2790 5578 2791 5578 2776 5579 2775 5579 2791 5579 2776 5580 2791 5580 2792 5580 2774 5581 2776 5581 2792 5581 2774 5582 2792 5582 2793 5582 2795 5583 2796 5583 2781 5583 2781 5584 2796 5584 2779 5584 2796 5585 2797 5585 2779 5585 2779 5586 2797 5586 2777 5586 2797 5587 2798 5587 2777 5587 2777 5588 2798 5588 2778 5588 2798 5589 2799 5589 2778 5589 2778 5590 2799 5590 2780 5590 2799 5591 2800 5591 2780 5591 2780 5592 2800 5592 2782 5592 2800 5593 2795 5593 2782 5593 2782 5594 2795 5594 2781 5594 2797 5595 2799 5595 2798 5595 2796 5596 2795 5596 2800 5596 2796 5597 2800 5597 2799 5597 2796 5598 2799 5598 2797 5598 2801 5599 2764 5599 2757 5599 2801 5600 2763 5600 2764 5600 2801 5601 2762 5601 2763 5601 2761 5602 2762 5602 2801 5602 2760 5603 2761 5603 2801 5603 2801 5604 2759 5604 2760 5604 2801 5605 2758 5605 2759 5605 2757 5606 2758 5606 2801 5606 2769 5607 2758 5607 2757 5607 2769 5608 2757 5608 2764 5608 2769 5609 2764 5609 2768 5609 2768 5610 2764 5610 2763 5610 2768 5611 2763 5611 2762 5611 2768 5612 2762 5612 2761 5612 2768 5613 2761 5613 2760 5613 2768 5614 2760 5614 2759 5614 2768 5615 2759 5615 2758 5615 2769 5616 2768 5616 2758 5616 2794 5617 2783 5617 2793 5617 2794 5618 2784 5618 2783 5618 2794 5619 2785 5619 2784 5619 2794 5620 2786 5620 2785 5620 2794 5621 2787 5621 2786 5621 2794 5622 2788 5622 2787 5622 2794 5623 2789 5623 2788 5623 2794 5624 2790 5624 2789 5624 2794 5625 2791 5625 2790 5625 2794 5626 2792 5626 2791 5626 2794 5627 2793 5627 2792 5627 2810 5628 2846 5628 2809 5628 2811 5629 2809 5629 2846 5629 2812 5630 2846 5630 2810 5630 2814 5631 2811 5631 2846 5631 2846 5632 2812 5632 2813 5632 2846 5633 2815 5633 2814 5633 2846 5634 2813 5634 2816 5634 2846 5635 2816 5635 2817 5635 2846 5636 2818 5636 2815 5636 2846 5637 2819 5637 2818 5637 2846 5638 2817 5638 2819 5638 2820 5639 2821 5639 2845 5639 2845 5640 2822 5640 2820 5640 2821 5641 2823 5641 2845 5641 2845 5642 2824 5642 2822 5642 2825 5643 2845 5643 2823 5643 2824 5644 2845 5644 2825 5644 2814 5645 2826 5645 2827 5645 2814 5646 2815 5646 2826 5646 2811 5647 2827 5647 2828 5647 2811 5648 2814 5648 2827 5648 2811 5649 2828 5649 2829 5649 2809 5650 2811 5650 2829 5650 2809 5651 2829 5651 2830 5651 2810 5652 2809 5652 2830 5652 2810 5653 2830 5653 2831 5653 2810 5654 2831 5654 2832 5654 2812 5655 2810 5655 2832 5655 2812 5656 2832 5656 2833 5656 2813 5657 2812 5657 2833 5657 2813 5658 2833 5658 2834 5658 2816 5659 2813 5659 2834 5659 2816 5660 2834 5660 2835 5660 2817 5661 2816 5661 2835 5661 2819 5662 2835 5662 2836 5662 2819 5663 2817 5663 2835 5663 2818 5664 2819 5664 2836 5664 2818 5665 2836 5665 2826 5665 2815 5666 2818 5666 2826 5666 2839 5667 2840 5667 2824 5667 2824 5668 2840 5668 2822 5668 2840 5669 2841 5669 2822 5669 2822 5670 2841 5670 2820 5670 2841 5671 2842 5671 2820 5671 2820 5672 2842 5672 2821 5672 2842 5673 2843 5673 2821 5673 2821 5674 2843 5674 2823 5674 2843 5675 2844 5675 2823 5675 2823 5676 2844 5676 2825 5676 2844 5677 2839 5677 2825 5677 2825 5678 2839 5678 2824 5678 2839 5679 2844 5679 2843 5679 2839 5680 2843 5680 2842 5680 2839 5681 2842 5681 2841 5681 2840 5682 2839 5682 2841 5682 2845 5683 2802 5683 2803 5683 2845 5684 2808 5684 2802 5684 2845 5685 2807 5685 2808 5685 2845 5686 2806 5686 2807 5686 2845 5687 2805 5687 2806 5687 2845 5688 2804 5688 2805 5688 2845 5689 2803 5689 2804 5689 2846 5690 2803 5690 2802 5690 2846 5691 2802 5691 2808 5691 2846 5692 2808 5692 2807 5692 2806 5693 2846 5693 2807 5693 2846 5694 2806 5694 2805 5694 2846 5695 2805 5695 2804 5695 2846 5696 2804 5696 2803 5696 2837 5697 2827 5697 2826 5697 2837 5698 2828 5698 2827 5698 2838 5699 2828 5699 2837 5699 2838 5700 2829 5700 2828 5700 2838 5701 2830 5701 2829 5701 2838 5702 2831 5702 2830 5702 2837 5703 2831 5703 2838 5703 2837 5704 2832 5704 2831 5704 2837 5705 2833 5705 2832 5705 2837 5706 2834 5706 2833 5706 2837 5707 2835 5707 2834 5707 2837 5708 2836 5708 2835 5708 2837 5709 2826 5709 2836 5709 2854 5710 2890 5710 2853 5710 2855 5711 2853 5711 2890 5711 2857 5712 2890 5712 2854 5712 2856 5713 2855 5713 2890 5713 2858 5714 2890 5714 2857 5714 2860 5715 2890 5715 2858 5715 2859 5716 2856 5716 2890 5716 2890 5717 2861 5717 2859 5717 2890 5718 2860 5718 2862 5718 2890 5719 2863 5719 2861 5719 2890 5720 2862 5720 2864 5720 2890 5721 2864 5721 2863 5721 2865 5722 2866 5722 2889 5722 2889 5723 2867 5723 2865 5723 2866 5724 2868 5724 2889 5724 2889 5725 2869 5725 2867 5725 2870 5726 2889 5726 2868 5726 2869 5727 2889 5727 2870 5727 2859 5728 2871 5728 2872 5728 2859 5729 2861 5729 2871 5729 2856 5730 2859 5730 2872 5730 2856 5731 2872 5731 2873 5731 2855 5732 2873 5732 2874 5732 2855 5733 2856 5733 2873 5733 2853 5734 2855 5734 2874 5734 2853 5735 2874 5735 2875 5735 2854 5736 2853 5736 2875 5736 2854 5737 2875 5737 2876 5737 2857 5738 2854 5738 2876 5738 2857 5739 2876 5739 2877 5739 2858 5740 2857 5740 2877 5740 2858 5741 2877 5741 2878 5741 2860 5742 2858 5742 2878 5742 2860 5743 2878 5743 2879 5743 2862 5744 2860 5744 2879 5744 2862 5745 2879 5745 2880 5745 2864 5746 2862 5746 2880 5746 2864 5747 2880 5747 2881 5747 2863 5748 2864 5748 2881 5748 2861 5749 2881 5749 2871 5749 2861 5750 2863 5750 2881 5750 2883 5751 2884 5751 2869 5751 2869 5752 2884 5752 2867 5752 2884 5753 2885 5753 2867 5753 2867 5754 2885 5754 2865 5754 2885 5755 2886 5755 2865 5755 2865 5756 2886 5756 2866 5756 2886 5757 2887 5757 2866 5757 2866 5758 2887 5758 2868 5758 2887 5759 2888 5759 2868 5759 2868 5760 2888 5760 2870 5760 2888 5761 2883 5761 2870 5761 2870 5762 2883 5762 2869 5762 2885 5763 2887 5763 2886 5763 2884 5764 2883 5764 2888 5764 2884 5765 2888 5765 2887 5765 2884 5766 2887 5766 2885 5766 2889 5767 2848 5767 2849 5767 2889 5768 2847 5768 2848 5768 2889 5769 2852 5769 2847 5769 2889 5770 2851 5770 2852 5770 2889 5771 2850 5771 2851 5771 2849 5772 2850 5772 2889 5772 2890 5773 2848 5773 2847 5773 2890 5774 2847 5774 2852 5774 2890 5775 2852 5775 2851 5775 2890 5776 2851 5776 2850 5776 2890 5777 2850 5777 2849 5777 2890 5778 2849 5778 2848 5778 2882 5779 2872 5779 2871 5779 2882 5780 2873 5780 2872 5780 2882 5781 2874 5781 2873 5781 2882 5782 2875 5782 2874 5782 2882 5783 2876 5783 2875 5783 2882 5784 2877 5784 2876 5784 2882 5785 2878 5785 2877 5785 2882 5786 2879 5786 2878 5786 2882 5787 2880 5787 2879 5787 2882 5788 2881 5788 2880 5788 2882 5789 2871 5789 2881 5789 2897 5790 2936 5790 2898 5790 2899 5791 2898 5791 2936 5791 2900 5792 2936 5792 2897 5792 2901 5793 2936 5793 2900 5793 2902 5794 2899 5794 2936 5794 2904 5795 2902 5795 2936 5795 2936 5796 2901 5796 2903 5796 2936 5797 2905 5797 2904 5797 2936 5798 2903 5798 2906 5798 2936 5799 2907 5799 2905 5799 2936 5800 2906 5800 2908 5800 2936 5801 2908 5801 2907 5801 2935 5802 2910 5802 2912 5802 2909 5803 2910 5803 2935 5803 2935 5804 2911 5804 2909 5804 2935 5805 2913 5805 2911 5805 2935 5806 2933 5806 2913 5806 2933 5807 2912 5807 2913 5807 2913 5808 2912 5808 2914 5808 2905 5809 2915 5809 2916 5809 2904 5810 2905 5810 2916 5810 2902 5811 2916 5811 2917 5811 2902 5812 2904 5812 2916 5812 2902 5813 2917 5813 2918 5813 2899 5814 2902 5814 2918 5814 2898 5815 2899 5815 2918 5815 2898 5816 2918 5816 2919 5816 2897 5817 2898 5817 2919 5817 2897 5818 2919 5818 2920 5818 2900 5819 2897 5819 2920 5819 2900 5820 2920 5820 2921 5820 2901 5821 2900 5821 2921 5821 2901 5822 2921 5822 2922 5822 2901 5823 2922 5823 2923 5823 2903 5824 2901 5824 2923 5824 2906 5825 2903 5825 2923 5825 2906 5826 2923 5826 2924 5826 2906 5827 2924 5827 2925 5827 2908 5828 2906 5828 2925 5828 2907 5829 2925 5829 2926 5829 2907 5830 2908 5830 2925 5830 2905 5831 2907 5831 2926 5831 2905 5832 2926 5832 2915 5832 2927 5833 2928 5833 2913 5833 2913 5834 2928 5834 2911 5834 2928 5835 2929 5835 2911 5835 2911 5836 2929 5836 2909 5836 2929 5837 2930 5837 2909 5837 2909 5838 2930 5838 2910 5838 2930 5839 2931 5839 2910 5839 2910 5840 2931 5840 2912 5840 2931 5841 2932 5841 2912 5841 2912 5842 2932 5842 2914 5842 2932 5843 2927 5843 2914 5843 2914 5844 2927 5844 2913 5844 2927 5845 2932 5845 2931 5845 2927 5846 2931 5846 2930 5846 2927 5847 2930 5847 2929 5847 2928 5848 2927 5848 2929 5848 2912 5849 2891 5849 2892 5849 2912 5850 2896 5850 2891 5850 2933 5851 2896 5851 2912 5851 2933 5852 2934 5852 2895 5852 2934 5853 2933 5853 2935 5853 2935 5854 2894 5854 2934 5854 2935 5855 2893 5855 2894 5855 2935 5856 2892 5856 2893 5856 2912 5857 2892 5857 2935 5857 2936 5858 2892 5858 2891 5858 2936 5859 2891 5859 2896 5859 2936 5860 2896 5860 2933 5860 2936 5861 2933 5861 2895 5861 2936 5862 2895 5862 2934 5862 2936 5863 2934 5863 2894 5863 2936 5864 2894 5864 2893 5864 2936 5865 2893 5865 2892 5865 2937 5866 2916 5866 2915 5866 2937 5867 2917 5867 2916 5867 2937 5868 2918 5868 2917 5868 2937 5869 2919 5869 2918 5869 2937 5870 2920 5870 2919 5870 2937 5871 2921 5871 2920 5871 2937 5872 2922 5872 2921 5872 2937 5873 2923 5873 2922 5873 2937 5874 2924 5874 2923 5874 2937 5875 2925 5875 2924 5875 2937 5876 2926 5876 2925 5876 2937 5877 2915 5877 2926 5877 2946 5878 2947 5878 2945 5878 2948 5879 2945 5879 2947 5879 2949 5880 2947 5880 2946 5880 2950 5881 2948 5881 2947 5881 2951 5882 2947 5882 2949 5882 2947 5883 2952 5883 2950 5883 2947 5884 2951 5884 2953 5884 2947 5885 2954 5885 2952 5885 2947 5886 2953 5886 2955 5886 2947 5887 2955 5887 2954 5887 2956 5888 2957 5888 2981 5888 2981 5889 2958 5889 2956 5889 2957 5890 2959 5890 2981 5890 2981 5891 2960 5891 2958 5891 2961 5892 2981 5892 2959 5892 2960 5893 2981 5893 2961 5893 2952 5894 2962 5894 2963 5894 2950 5895 2952 5895 2963 5895 2950 5896 2963 5896 2964 5896 2948 5897 2950 5897 2964 5897 2948 5898 2964 5898 2965 5898 2945 5899 2948 5899 2965 5899 2945 5900 2965 5900 2966 5900 2946 5901 2945 5901 2966 5901 2946 5902 2966 5902 2967 5902 2946 5903 2967 5903 2968 5903 2949 5904 2946 5904 2968 5904 2949 5905 2968 5905 2969 5905 2951 5906 2949 5906 2969 5906 2953 5907 2951 5907 2969 5907 2953 5908 2969 5908 2970 5908 2953 5909 2970 5909 2971 5909 2955 5910 2953 5910 2971 5910 2954 5911 2955 5911 2971 5911 2954 5912 2971 5912 2972 5912 2954 5913 2972 5913 2962 5913 2952 5914 2954 5914 2962 5914 2974 5915 2975 5915 2960 5915 2960 5916 2975 5916 2958 5916 2975 5917 2976 5917 2958 5917 2958 5918 2976 5918 2956 5918 2976 5919 2977 5919 2956 5919 2956 5920 2977 5920 2957 5920 2977 5921 2978 5921 2957 5921 2957 5922 2978 5922 2959 5922 2978 5923 2979 5923 2959 5923 2959 5924 2979 5924 2961 5924 2979 5925 2974 5925 2961 5925 2961 5926 2974 5926 2960 5926 2976 5927 2978 5927 2977 5927 2975 5928 2974 5928 2979 5928 2975 5929 2979 5929 2978 5929 2975 5930 2978 5930 2976 5930 2980 5931 2938 5931 2981 5931 2980 5932 2981 5932 2943 5932 2943 5933 2944 5933 2980 5933 2941 5934 2943 5934 2981 5934 2941 5935 2942 5935 2943 5935 2981 5936 2940 5936 2941 5936 2981 5937 2939 5937 2940 5937 2938 5938 2939 5938 2981 5938 2947 5939 2938 5939 2980 5939 2947 5940 2980 5940 2944 5940 2947 5941 2944 5941 2943 5941 2947 5942 2943 5942 2942 5942 2947 5943 2942 5943 2941 5943 2940 5944 2947 5944 2941 5944 2939 5945 2947 5945 2940 5945 2947 5946 2939 5946 2938 5946 2973 5947 2963 5947 2962 5947 2973 5948 2964 5948 2963 5948 2973 5949 2965 5949 2964 5949 2973 5950 2966 5950 2965 5950 2973 5951 2967 5951 2966 5951 2973 5952 2968 5952 2967 5952 2973 5953 2969 5953 2968 5953 2973 5954 2970 5954 2969 5954 2973 5955 2971 5955 2970 5955 2973 5956 2972 5956 2971 5956 2973 5957 2962 5957 2972 5957 2993 5958 3004 5958 2992 5958 2994 5959 2992 5959 3004 5959 2995 5960 2994 5960 3004 5960 2996 5961 3004 5961 2993 5961 2997 5962 2995 5962 3004 5962 2997 5963 3004 5963 2999 5963 2998 5964 3004 5964 2996 5964 2999 5965 3000 5965 2997 5965 3004 5966 2998 5966 3001 5966 3004 5967 3000 5967 2999 5967 3004 5968 3002 5968 3000 5968 3004 5969 3001 5969 3003 5969 3005 5970 3006 5970 3007 5970 3006 5971 3008 5971 3007 5971 3010 5972 3007 5972 3008 5972 3009 5973 3007 5973 3010 5973 3000 5974 3002 5974 3011 5974 2997 5975 3000 5975 3011 5975 2997 5976 3011 5976 3012 5976 2995 5977 2997 5977 3012 5977 2995 5978 3012 5978 3013 5978 2994 5979 2995 5979 3013 5979 2994 5980 3013 5980 3014 5980 2992 5981 2994 5981 3014 5981 2993 5982 3014 5982 3015 5982 2993 5983 2992 5983 3014 5983 2993 5984 3015 5984 3016 5984 2996 5985 2993 5985 3016 5985 2998 5986 2996 5986 3016 5986 2998 5987 3016 5987 3017 5987 3001 5988 2998 5988 3017 5988 3001 5989 3017 5989 3018 5989 3003 5990 3001 5990 3018 5990 3003 5991 3018 5991 3019 5991 3004 5992 3003 5992 3019 5992 3004 5993 3019 5993 3020 5993 3002 5994 3004 5994 3020 5994 3002 5995 3020 5995 3011 5995 3021 5996 3022 5996 3009 5996 3009 5997 3022 5997 3007 5997 3022 5998 3023 5998 3007 5998 3007 5999 3023 5999 3005 5999 3023 6000 3024 6000 3005 6000 3005 6001 3024 6001 3006 6001 3024 6002 3025 6002 3006 6002 3006 6003 3025 6003 3008 6003 3025 6004 3026 6004 3008 6004 3008 6005 3026 6005 3010 6005 3026 6006 3021 6006 3010 6006 3010 6007 3021 6007 3009 6007 3021 6008 3026 6008 3025 6008 3021 6009 3025 6009 3024 6009 3022 6010 3024 6010 3023 6010 3022 6011 3021 6011 3024 6011 2983 6012 2991 6012 2982 6012 2983 6013 3007 6013 2991 6013 3007 6014 2990 6014 2991 6014 3007 6015 2989 6015 2990 6015 2989 6016 2987 6016 2988 6016 3007 6017 2987 6017 2989 6017 3007 6018 2986 6018 2987 6018 3007 6019 2985 6019 2986 6019 3007 6020 2984 6020 2985 6020 2983 6021 2984 6021 3007 6021 2999 6022 2984 6022 2983 6022 2999 6023 2983 6023 2982 6023 2999 6024 2982 6024 2991 6024 3004 6025 2999 6025 2991 6025 3004 6026 2991 6026 2990 6026 3004 6027 2990 6027 2989 6027 2988 6028 3004 6028 2989 6028 2999 6029 3004 6029 2988 6029 2999 6030 2988 6030 2987 6030 2999 6031 2987 6031 2986 6031 2999 6032 2986 6032 2985 6032 2999 6033 2985 6033 2984 6033 3011 6034 3020 6034 3027 6034 3027 6035 3012 6035 3011 6035 3027 6036 3013 6036 3012 6036 3027 6037 3014 6037 3013 6037 3027 6038 3015 6038 3014 6038 3027 6039 3016 6039 3015 6039 3027 6040 3017 6040 3016 6040 3027 6041 3018 6041 3017 6041 3027 6042 3019 6042 3018 6042 3027 6043 3020 6043 3019 6043 3035 6044 3076 6044 3036 6044 3037 6045 3076 6045 3035 6045 3038 6046 3036 6046 3076 6046 3039 6047 3076 6047 3037 6047 3041 6048 3038 6048 3076 6048 3040 6049 3076 6049 3039 6049 3076 6050 3042 6050 3041 6050 3076 6051 3040 6051 3043 6051 3076 6052 3045 6052 3042 6052 3076 6053 3043 6053 3044 6053 3076 6054 3046 6054 3045 6054 3076 6055 3044 6055 3046 6055 3049 6056 3048 6056 3055 6056 3047 6057 3048 6057 3049 6057 3049 6058 3050 6058 3047 6058 3051 6059 3050 6059 3049 6059 3048 6060 3052 6060 3055 6060 3051 6061 3053 6061 3050 6061 3051 6062 3075 6062 3053 6062 3054 6063 3055 6063 3052 6063 3054 6064 3075 6064 3055 6064 3053 6065 3075 6065 3054 6065 3042 6066 3045 6066 3068 6066 3042 6067 3068 6067 3056 6067 3041 6068 3042 6068 3056 6068 3041 6069 3056 6069 3057 6069 3041 6070 3057 6070 3058 6070 3038 6071 3041 6071 3058 6071 3038 6072 3058 6072 3059 6072 3036 6073 3038 6073 3059 6073 3036 6074 3059 6074 3060 6074 3036 6075 3060 6075 3061 6075 3035 6076 3036 6076 3061 6076 3037 6077 3035 6077 3061 6077 3037 6078 3061 6078 3062 6078 3039 6079 3037 6079 3062 6079 3039 6080 3062 6080 3063 6080 3040 6081 3039 6081 3063 6081 3040 6082 3063 6082 3064 6082 3040 6083 3064 6083 3065 6083 3043 6084 3040 6084 3065 6084 3043 6085 3065 6085 3066 6085 3044 6086 3043 6086 3066 6086 3046 6087 3066 6087 3067 6087 3046 6088 3044 6088 3066 6088 3045 6089 3046 6089 3067 6089 3045 6090 3067 6090 3068 6090 3069 6091 3070 6091 3053 6091 3053 6092 3070 6092 3050 6092 3070 6093 3071 6093 3050 6093 3050 6094 3071 6094 3047 6094 3071 6095 3072 6095 3047 6095 3047 6096 3072 6096 3048 6096 3072 6097 3073 6097 3048 6097 3048 6098 3073 6098 3052 6098 3073 6099 3074 6099 3052 6099 3052 6100 3074 6100 3054 6100 3074 6101 3069 6101 3054 6101 3054 6102 3069 6102 3053 6102 3069 6103 3074 6103 3073 6103 3069 6104 3073 6104 3072 6104 3070 6105 3072 6105 3071 6105 3070 6106 3069 6106 3072 6106 3055 6107 3029 6107 3030 6107 3055 6108 3028 6108 3029 6108 3075 6109 3028 6109 3055 6109 3075 6110 3034 6110 3028 6110 3075 6111 3033 6111 3034 6111 3051 6112 3033 6112 3075 6112 3051 6113 3032 6113 3033 6113 3049 6114 3032 6114 3051 6114 3049 6115 3031 6115 3032 6115 3049 6116 3030 6116 3031 6116 3055 6117 3030 6117 3049 6117 3076 6118 3030 6118 3029 6118 3076 6119 3029 6119 3028 6119 3076 6120 3028 6120 3034 6120 3076 6121 3034 6121 3033 6121 3076 6122 3033 6122 3032 6122 3076 6123 3032 6123 3031 6123 3076 6124 3031 6124 3030 6124 3077 6125 3056 6125 3068 6125 3077 6126 3057 6126 3056 6126 3077 6127 3058 6127 3057 6127 3077 6128 3059 6128 3058 6128 3077 6129 3060 6129 3059 6129 3077 6130 3061 6130 3060 6130 3077 6131 3062 6131 3061 6131 3077 6132 3063 6132 3062 6132 3077 6133 3064 6133 3063 6133 3077 6134 3065 6134 3064 6134 3077 6135 3066 6135 3065 6135 3077 6136 3067 6136 3066 6136 3077 6137 3068 6137 3067 6137 3088 6138 3126 6138 3087 6138 3089 6139 3126 6139 3088 6139 3090 6140 3087 6140 3126 6140 3092 6141 3090 6141 3126 6141 3091 6142 3126 6142 3089 6142 3094 6143 3092 6143 3126 6143 3093 6144 3126 6144 3091 6144 3126 6145 3096 6145 3094 6145 3126 6146 3093 6146 3095 6146 3126 6147 3097 6147 3096 6147 3078 6148 3097 6148 3126 6148 3126 6149 3095 6149 3098 6149 3126 6150 3097 6150 3078 6150 3126 6151 3098 6151 3097 6151 3125 6152 3099 6152 3124 6152 3099 6153 3100 6153 3124 6153 3125 6154 3101 6154 3099 6154 3100 6155 3102 6155 3124 6155 3124 6156 3103 6156 3125 6156 3125 6157 3103 6157 3101 6157 3104 6158 3124 6158 3102 6158 3103 6159 3124 6159 3104 6159 3094 6160 3096 6160 3105 6160 3094 6161 3105 6161 3106 6161 3092 6162 3106 6162 3107 6162 3092 6163 3094 6163 3106 6163 3092 6164 3107 6164 3108 6164 3090 6165 3092 6165 3108 6165 3087 6166 3090 6166 3108 6166 3087 6167 3108 6167 3109 6167 3087 6168 3109 6168 3110 6168 3088 6169 3087 6169 3110 6169 3088 6170 3110 6170 3111 6170 3089 6171 3088 6171 3111 6171 3089 6172 3111 6172 3112 6172 3091 6173 3089 6173 3112 6173 3091 6174 3112 6174 3113 6174 3093 6175 3091 6175 3113 6175 3093 6176 3113 6176 3114 6176 3095 6177 3093 6177 3114 6177 3095 6178 3114 6178 3115 6178 3098 6179 3095 6179 3115 6179 3098 6180 3115 6180 3116 6180 3097 6181 3098 6181 3116 6181 3097 6182 3116 6182 3117 6182 3097 6183 3117 6183 3105 6183 3096 6184 3097 6184 3105 6184 3118 6185 3119 6185 3103 6185 3103 6186 3119 6186 3101 6186 3119 6187 3120 6187 3101 6187 3101 6188 3120 6188 3099 6188 3120 6189 3121 6189 3099 6189 3099 6190 3121 6190 3100 6190 3121 6191 3122 6191 3100 6191 3100 6192 3122 6192 3102 6192 3122 6193 3123 6193 3102 6193 3102 6194 3123 6194 3104 6194 3123 6195 3118 6195 3104 6195 3104 6196 3118 6196 3103 6196 3120 6197 3122 6197 3121 6197 3119 6198 3118 6198 3123 6198 3119 6199 3123 6199 3122 6199 3119 6200 3122 6200 3120 6200 3124 6201 3080 6201 3081 6201 3124 6202 3079 6202 3080 6202 3124 6203 3078 6203 3079 6203 3124 6204 3086 6204 3078 6204 3124 6205 3085 6205 3086 6205 3124 6206 3084 6206 3085 6206 3125 6207 3084 6207 3124 6207 3125 6208 3083 6208 3084 6208 3082 6209 3083 6209 3125 6209 3082 6210 3125 6210 3124 6210 3124 6211 3081 6211 3082 6211 3126 6212 3081 6212 3080 6212 3126 6213 3127 6213 3081 6213 3126 6214 3080 6214 3079 6214 3078 6215 3126 6215 3079 6215 3126 6216 3078 6216 3086 6216 3127 6217 3126 6217 3086 6217 3127 6218 3086 6218 3085 6218 3127 6219 3085 6219 3084 6219 3127 6220 3084 6220 3083 6220 3127 6221 3083 6221 3082 6221 3127 6222 3082 6222 3081 6222 3128 6223 3106 6223 3105 6223 3128 6224 3107 6224 3106 6224 3128 6225 3108 6225 3107 6225 3128 6226 3109 6226 3108 6226 3128 6227 3110 6227 3109 6227 3128 6228 3111 6228 3110 6228 3128 6229 3112 6229 3111 6229 3128 6230 3113 6230 3112 6230 3128 6231 3114 6231 3113 6231 3128 6232 3115 6232 3114 6232 3128 6233 3116 6233 3115 6233 3128 6234 3117 6234 3116 6234 3128 6235 3105 6235 3117 6235 3129 6236 3130 6236 3131 6236 3133 6237 3129 6237 3131 6237 3133 6238 3137 6238 3129 6238 3130 6239 3132 6239 3131 6239 3131 6240 3132 6240 3134 6240 3132 6241 3135 6241 3134 6241 3139 6242 3136 6242 3133 6242 3139 6243 3138 6243 3136 6243 3133 6244 3136 6244 3137 6244 3137 6245 3136 6245 3140 6245 3139 6246 3149 6246 3138 6246 3136 6247 3142 6247 3140 6247 3154 6248 3149 6248 3139 6248 3135 6249 3141 6249 3134 6249 3142 6250 3143 6250 3140 6250 3150 6251 3143 6251 3142 6251 3150 6252 3145 6252 3143 6252 3141 6253 3144 6253 3153 6253 3141 6254 3153 6254 3134 6254 3147 6255 3151 6255 3150 6255 3146 6256 3144 6256 3141 6256 3147 6257 3148 6257 3151 6257 3149 6258 3148 6258 3147 6258 3151 6259 3145 6259 3150 6259 3134 6260 3153 6260 3152 6260 3154 6261 3148 6261 3149 6261 3157 6262 3144 6262 3146 6262 3157 6263 3158 6263 3144 6263 3153 6264 3156 6264 3152 6264 3154 6265 3155 6265 3148 6265 3157 6266 3159 6266 3158 6266 3160 6267 3165 6267 3156 6267 3156 6268 3165 6268 3152 6268 3158 6269 3159 6269 3160 6269 3154 6270 3161 6270 3155 6270 3159 6271 3162 6271 3160 6271 3154 6272 3168 6272 3161 6272 3160 6273 3162 6273 3165 6273 3161 6274 3168 6274 3164 6274 3163 6275 3165 6275 3162 6275 3164 6276 3168 6276 3169 6276 3170 6277 3167 6277 3166 6277 3170 6278 3172 6278 3167 6278 3167 6279 3173 6279 3166 6279 3166 6280 3173 6280 3171 6280 3176 6281 3172 6281 3170 6281 3169 6282 3168 6282 3176 6282 3163 6283 3177 6283 3165 6283 3174 6284 3177 6284 3163 6284 3173 6285 3181 6285 3171 6285 3168 6286 3178 6286 3176 6286 3175 6287 3177 6287 3174 6287 3176 6288 3178 6288 3172 6288 3172 6289 3178 6289 3179 6289 3182 6290 3177 6290 3175 6290 3182 6291 3180 6291 3177 6291 3179 6292 3178 6292 3181 6292 3178 6293 3180 6293 3181 6293 3171 6294 3180 6294 3182 6294 3181 6295 3180 6295 3171 6295 3183 6296 3185 6296 3188 6296 3186 6297 3183 6297 3188 6297 3184 6298 3185 6298 3183 6298 3191 6299 3185 6299 3184 6299 3187 6300 3186 6300 3188 6300 3189 6301 3195 6301 3185 6301 3190 6302 3195 6302 3189 6302 3189 6303 3185 6303 3191 6303 3193 6304 3189 6304 3191 6304 3192 6305 3195 6305 3190 6305 3187 6306 3188 6306 3199 6306 3193 6307 3191 6307 3196 6307 3194 6308 3187 6308 3199 6308 1969 6309 3194 6309 3199 6309 3196 6310 3198 6310 3193 6310 3197 6311 3198 6311 3196 6311 3201 6312 1969 6312 3199 6312 3200 6313 1969 6313 3201 6313 3201 6314 3199 6314 3294 6314 3197 6315 3202 6315 3198 6315 3205 6316 3201 6316 3294 6316 3204 6317 3202 6317 3203 6317 3204 6318 3192 6318 3202 6318 3197 6319 3203 6319 3202 6319 3204 6320 3195 6320 3192 6320 3200 6321 3207 6321 1969 6321 3211 6322 3207 6322 3200 6322 3209 6323 3195 6323 3204 6323 3214 6324 3205 6324 3294 6324 3209 6325 3206 6325 3195 6325 3214 6326 3208 6326 3205 6326 3210 6327 3207 6327 3211 6327 3212 6328 3206 6328 3209 6328 3210 6329 3211 6329 3208 6329 3213 6330 3210 6330 3208 6330 3213 6331 3208 6331 3214 6331 3214 6332 3215 6332 3213 6332 3217 6333 3206 6333 3212 6333 3217 6334 3212 6334 3216 6334 3228 6335 3215 6335 3214 6335 3217 6336 3216 6336 3218 6336 3221 6337 3219 6337 3220 6337 3221 6338 3226 6338 3219 6338 3227 6339 3226 6339 3221 6339 3222 6340 3217 6340 3218 6340 3225 6341 3221 6341 3220 6341 3228 6342 3224 6342 3215 6342 3225 6343 3220 6343 3223 6343 3225 6344 3223 6344 3234 6344 3228 6345 3231 6345 3224 6345 3222 6346 3218 6346 3226 6346 3222 6347 3226 6347 3227 6347 3222 6348 3227 6348 3229 6348 3233 6349 3231 6349 3228 6349 3230 6350 3222 6350 3229 6350 3233 6351 3234 6351 3231 6351 3230 6352 3229 6352 3232 6352 3230 6353 3234 6353 3233 6353 3230 6354 3225 6354 3234 6354 3230 6355 3232 6355 3225 6355 3237 6356 3235 6356 3236 6356 3237 6357 3236 6357 3238 6357 3152 6358 3237 6358 3238 6358 3152 6359 3238 6359 3239 6359 3240 6360 3152 6360 3239 6360 3241 6361 3239 6361 3242 6361 3241 6362 3240 6362 3239 6362 3241 6363 3242 6363 3243 6363 3244 6364 3241 6364 3243 6364 3244 6365 3243 6365 3245 6365 3246 6366 3244 6366 3245 6366 3247 6367 3246 6367 3245 6367 3247 6368 3245 6368 3248 6368 3249 6369 3247 6369 3248 6369 3249 6370 3248 6370 3250 6370 3251 6371 3249 6371 3250 6371 3252 6372 3251 6372 3250 6372 3252 6373 3250 6373 3253 6373 3254 6374 3252 6374 3253 6374 3254 6375 3253 6375 3255 6375 3256 6376 3254 6376 3255 6376 3256 6377 3255 6377 3257 6377 3258 6378 3256 6378 3257 6378 3258 6379 3257 6379 3259 6379 3260 6380 3258 6380 3259 6380 3260 6381 3259 6381 3261 6381 3263 6382 3260 6382 3261 6382 3263 6383 3261 6383 3262 6383 3263 6384 3262 6384 3264 6384 3265 6385 3263 6385 3264 6385 3266 6386 3265 6386 3264 6386 3268 6387 3266 6387 3267 6387 3269 6388 3268 6388 3267 6388 3269 6389 3267 6389 3236 6389 3235 6390 3269 6390 3236 6390 3270 6391 3248 6391 3245 6391 3272 6392 3270 6392 3245 6392 3271 6393 3248 6393 3270 6393 3271 6394 3250 6394 3248 6394 3274 6395 3250 6395 3271 6395 3273 6396 3272 6396 3245 6396 3273 6397 3245 6397 3243 6397 3275 6398 3273 6398 3243 6398 3274 6399 3253 6399 3250 6399 3277 6400 3253 6400 3274 6400 3275 6401 3243 6401 3242 6401 3276 6402 3275 6402 3242 6402 3276 6403 3242 6403 3239 6403 3277 6404 3255 6404 3253 6404 3278 6405 3276 6405 3239 6405 3279 6406 3255 6406 3277 6406 3280 6407 3278 6407 3239 6407 3280 6408 3239 6408 3238 6408 3255 6409 3279 6409 3281 6409 3257 6410 3255 6410 3281 6410 3283 6411 3257 6411 3281 6411 3238 6412 3282 6412 3280 6412 3236 6413 3282 6413 3238 6413 3259 6414 3257 6414 3283 6414 3236 6415 3284 6415 3282 6415 3259 6416 3283 6416 3285 6416 3261 6417 3259 6417 3285 6417 3236 6418 3286 6418 3284 6418 3267 6419 3286 6419 3236 6419 3261 6420 3285 6420 3287 6420 3262 6421 3261 6421 3287 6421 3267 6422 3288 6422 3286 6422 3264 6423 3262 6423 3287 6423 3266 6424 3288 6424 3267 6424 3266 6425 3290 6425 3288 6425 3264 6426 3287 6426 3289 6426 3264 6427 3290 6427 3266 6427 3264 6428 3289 6428 3290 6428 3284 6429 3313 6429 3291 6429 3282 6430 3284 6430 3291 6430 3282 6431 3291 6431 3292 6431 3280 6432 3282 6432 3292 6432 3280 6433 3292 6433 3293 6433 3278 6434 3280 6434 3293 6434 3278 6435 3293 6435 3294 6435 3276 6436 3294 6436 3295 6436 3276 6437 3278 6437 3294 6437 3275 6438 3276 6438 3295 6438 3275 6439 3295 6439 3296 6439 3275 6440 3296 6440 3297 6440 3273 6441 3275 6441 3297 6441 3272 6442 3273 6442 3297 6442 3272 6443 3297 6443 3298 6443 3272 6444 3298 6444 3299 6444 3270 6445 3272 6445 3299 6445 3270 6446 3299 6446 3300 6446 3271 6447 3270 6447 3300 6447 3274 6448 3300 6448 3301 6448 3274 6449 3271 6449 3300 6449 3274 6450 3301 6450 3302 6450 3277 6451 3274 6451 3302 6451 3277 6452 3302 6452 3303 6452 3279 6453 3277 6453 3303 6453 3279 6454 3303 6454 3304 6454 3279 6455 3304 6455 3305 6455 3281 6456 3279 6456 3305 6456 3281 6457 3305 6457 3306 6457 3283 6458 3281 6458 3306 6458 3283 6459 3306 6459 3307 6459 3285 6460 3283 6460 3307 6460 3285 6461 3307 6461 3308 6461 3287 6462 3285 6462 3308 6462 3287 6463 3308 6463 3309 6463 3289 6464 3287 6464 3309 6464 3289 6465 3309 6465 3310 6465 3290 6466 3289 6466 3310 6466 3290 6467 3310 6467 3311 6467 3288 6468 3290 6468 3311 6468 3288 6469 3311 6469 3312 6469 3286 6470 3288 6470 3312 6470 3286 6471 3312 6471 3313 6471 3284 6472 3286 6472 3313 6472 3210 6473 3159 6473 3157 6473 3207 6474 3210 6474 3157 6474 3207 6475 3157 6475 3146 6475 1969 6476 3207 6476 3146 6476 3129 6477 3183 6477 3130 6477 3183 6478 3186 6478 3130 6478 3130 6479 3186 6479 3132 6479 3132 6480 3186 6480 3135 6480 3186 6481 3187 6481 3135 6481 3196 6482 3140 6482 3143 6482 3197 6483 3196 6483 3143 6483 3197 6484 3143 6484 3145 6484 3203 6485 3145 6485 3151 6485 3203 6486 3197 6486 3145 6486 3218 6487 3216 6487 3169 6487 3169 6488 3216 6488 3164 6488 3216 6489 3212 6489 3164 6489 3164 6490 3212 6490 3161 6490 3161 6491 3209 6491 3155 6491 3212 6492 3209 6492 3161 6492 3219 6493 3226 6493 3170 6493 3220 6494 3170 6494 3166 6494 3220 6495 3219 6495 3170 6495 3220 6496 3166 6496 3171 6496 3223 6497 3220 6497 3171 6497 3163 6498 3224 6498 3174 6498 3215 6499 3224 6499 3163 6499 3174 6500 3231 6500 3175 6500 3224 6501 3231 6501 3174 6501 3187 6502 3194 6502 3135 6502 3135 6503 3194 6503 3141 6503 3194 6504 1969 6504 3141 6504 3141 6505 1969 6505 3146 6505 3209 6506 3204 6506 3155 6506 3155 6507 3204 6507 3148 6507 3204 6508 3203 6508 3148 6508 3148 6509 3203 6509 3151 6509 3170 6510 3226 6510 3176 6510 3226 6511 3218 6511 3176 6511 3176 6512 3218 6512 3169 6512 3175 6513 3231 6513 3182 6513 3231 6514 3234 6514 3182 6514 3182 6515 3234 6515 3171 6515 3234 6516 3223 6516 3171 6516 3210 6517 3213 6517 3159 6517 3159 6518 3213 6518 3162 6518 3213 6519 3215 6519 3162 6519 3162 6520 3215 6520 3163 6520 3196 6521 3191 6521 3140 6521 3140 6522 3191 6522 3137 6522 3191 6523 3184 6523 3137 6523 3137 6524 3184 6524 3129 6524 3184 6525 3183 6525 3129 6525 3181 6526 3232 6526 3179 6526 3232 6527 3229 6527 3179 6527 3229 6528 3227 6528 3179 6528 3179 6529 3227 6529 3172 6529 3227 6530 3221 6530 3172 6530 3172 6531 3221 6531 3167 6531 3221 6532 3225 6532 3167 6532 3167 6533 3225 6533 3173 6533 3173 6534 3225 6534 3181 6534 3225 6535 3232 6535 3181 6535 3208 6536 3211 6536 3160 6536 3160 6537 3211 6537 3158 6537 3211 6538 3200 6538 3158 6538 3158 6539 3200 6539 3144 6539 3144 6540 3201 6540 3153 6540 3200 6541 3201 6541 3144 6541 3201 6542 3205 6542 3153 6542 3153 6543 3205 6543 3156 6543 3205 6544 3208 6544 3156 6544 3156 6545 3208 6545 3160 6545 3198 6546 3202 6546 3150 6546 3150 6547 3202 6547 3147 6547 3147 6548 3202 6548 3149 6548 3202 6549 3192 6549 3149 6549 3192 6550 3190 6550 3149 6550 3149 6551 3190 6551 3138 6551 3138 6552 3189 6552 3136 6552 3190 6553 3189 6553 3138 6553 3189 6554 3193 6554 3136 6554 3136 6555 3193 6555 3142 6555 3193 6556 3198 6556 3142 6556 3142 6557 3198 6557 3150 6557 3291 6558 3313 6558 3228 6558 3214 6559 3291 6559 3228 6559 3292 6560 3291 6560 3214 6560 3293 6561 3292 6561 3214 6561 3294 6562 3293 6562 3214 6562 3199 6563 3295 6563 3294 6563 3296 6564 3295 6564 3199 6564 3188 6565 3296 6565 3199 6565 3297 6566 3296 6566 3188 6566 3298 6567 3297 6567 3188 6567 3299 6568 3298 6568 3188 6568 3185 6569 3299 6569 3188 6569 3300 6570 3299 6570 3185 6570 3301 6571 3300 6571 3185 6571 3301 6572 3185 6572 3195 6572 3302 6573 3301 6573 3195 6573 3303 6574 3302 6574 3195 6574 3304 6575 3303 6575 3195 6575 3304 6576 3195 6576 3206 6576 3305 6577 3304 6577 3206 6577 3306 6578 3305 6578 3206 6578 3306 6579 3206 6579 3217 6579 3307 6580 3306 6580 3217 6580 3222 6581 3307 6581 3217 6581 3308 6582 3307 6582 3222 6582 3309 6583 3308 6583 3222 6583 3309 6584 3222 6584 3230 6584 3310 6585 3309 6585 3230 6585 3311 6586 3310 6586 3230 6586 3311 6587 3230 6587 3233 6587 3228 6588 3311 6588 3233 6588 3312 6589 3311 6589 3228 6589 3313 6590 3312 6590 3228 6590 3269 6591 3235 6591 3177 6591 3268 6592 3269 6592 3177 6592 3180 6593 3268 6593 3177 6593 3266 6594 3268 6594 3180 6594 3265 6595 3266 6595 3180 6595 3178 6596 3265 6596 3180 6596 3263 6597 3265 6597 3178 6597 3260 6598 3263 6598 3178 6598 3168 6599 3260 6599 3178 6599 3258 6600 3260 6600 3168 6600 3256 6601 3258 6601 3168 6601 3154 6602 3256 6602 3168 6602 3254 6603 3256 6603 3154 6603 3139 6604 3254 6604 3154 6604 3252 6605 3254 6605 3139 6605 3251 6606 3252 6606 3139 6606 3133 6607 3251 6607 3139 6607 3249 6608 3251 6608 3133 6608 3249 6609 3133 6609 3131 6609 3247 6610 3249 6610 3131 6610 3246 6611 3247 6611 3131 6611 3244 6612 3246 6612 3131 6612 3244 6613 3131 6613 3134 6613 3241 6614 3244 6614 3134 6614 3240 6615 3241 6615 3134 6615 3240 6616 3134 6616 3152 6616 3237 6617 3152 6617 3165 6617 3235 6618 3237 6618 3165 6618 3177 6619 3235 6619 3165 6619 3320 6620 3340 6620 3319 6620 3340 6621 3320 6621 3322 6621 3319 6622 3323 6622 3321 6622 3340 6623 3322 6623 3324 6623 3319 6624 3340 6624 3324 6624 3319 6625 3324 6625 3323 6625 3325 6626 3326 6626 3339 6626 3339 6627 3327 6627 3325 6627 3327 6628 3339 6628 3328 6628 3321 6629 3323 6629 3329 6629 3321 6630 3329 6630 3330 6630 3319 6631 3321 6631 3330 6631 3319 6632 3330 6632 3331 6632 3320 6633 3319 6633 3331 6633 3320 6634 3331 6634 3332 6634 3322 6635 3320 6635 3332 6635 3322 6636 3332 6636 3333 6636 3324 6637 3322 6637 3333 6637 3324 6638 3333 6638 3334 6638 3323 6639 3324 6639 3334 6639 3323 6640 3334 6640 3329 6640 3335 6641 3336 6641 3327 6641 3327 6642 3336 6642 3325 6642 3336 6643 3337 6643 3325 6643 3325 6644 3337 6644 3326 6644 3337 6645 3338 6645 3326 6645 3326 6646 3338 6646 3339 6646 3338 6647 3328 6647 3339 6647 3328 6648 3335 6648 3327 6648 3335 6649 3328 6649 3338 6649 3335 6650 3338 6650 3337 6650 3336 6651 3335 6651 3337 6651 3339 6652 3318 6652 3314 6652 3317 6653 3318 6653 3339 6653 3316 6654 3317 6654 3339 6654 3316 6655 3340 6655 3317 6655 3315 6656 3316 6656 3339 6656 3339 6657 3314 6657 3315 6657 3318 6658 3319 6658 3314 6658 3319 6659 3318 6659 3317 6659 3340 6660 3319 6660 3317 6660 3319 6661 3340 6661 3316 6661 3319 6662 3316 6662 3315 6662 3319 6663 3315 6663 3314 6663 3341 6664 3330 6664 3329 6664 3341 6665 3331 6665 3330 6665 3341 6666 3332 6666 3331 6666 3341 6667 3333 6667 3332 6667 3341 6668 3334 6668 3333 6668 3341 6669 3329 6669 3334 6669 3348 6670 3351 6670 3350 6670 3352 6671 3349 6671 3350 6671 3354 6672 3351 6672 3348 6672 3353 6673 3352 6673 3350 6673 3353 6674 3350 6674 3378 6674 3351 6675 3354 6675 3355 6675 3378 6676 3357 6676 3353 6676 3378 6677 3351 6677 3355 6677 3378 6678 3355 6678 3356 6678 3378 6679 3356 6679 3357 6679 3343 6680 3358 6680 3376 6680 3377 6681 3358 6681 3343 6681 3358 6682 3359 6682 3376 6682 3377 6683 3360 6683 3358 6683 3359 6684 3361 6684 3376 6684 3377 6685 3362 6685 3360 6685 3363 6686 3376 6686 3361 6686 3362 6687 3377 6687 3363 6687 3377 6688 3376 6688 3363 6688 3353 6689 3357 6689 3364 6689 3353 6690 3364 6690 3365 6690 3352 6691 3353 6691 3365 6691 3349 6692 3365 6692 3366 6692 3349 6693 3352 6693 3365 6693 3350 6694 3366 6694 3367 6694 3350 6695 3349 6695 3366 6695 3348 6696 3350 6696 3367 6696 3348 6697 3367 6697 3368 6697 3354 6698 3348 6698 3368 6698 3354 6699 3368 6699 3369 6699 3355 6700 3354 6700 3369 6700 3355 6701 3369 6701 3370 6701 3356 6702 3355 6702 3370 6702 3356 6703 3370 6703 3371 6703 3357 6704 3356 6704 3371 6704 3357 6705 3371 6705 3364 6705 3375 6706 3373 6706 3362 6706 3362 6707 3373 6707 3360 6707 3360 6708 3373 6708 3358 6708 3373 6709 3374 6709 3358 6709 3358 6710 3374 6710 3359 6710 3359 6711 3374 6711 3361 6711 3374 6712 3375 6712 3361 6712 3361 6713 3375 6713 3363 6713 3363 6714 3375 6714 3362 6714 3375 6715 3374 6715 3373 6715 3376 6716 3342 6716 3379 6716 3376 6717 3347 6717 3342 6717 3376 6718 3346 6718 3347 6718 3377 6719 3346 6719 3376 6719 3377 6720 3345 6720 3346 6720 3377 6721 3344 6721 3345 6721 3343 6722 3344 6722 3377 6722 3379 6723 3343 6723 3376 6723 3378 6724 3379 6724 3342 6724 3379 6725 3378 6725 3350 6725 3378 6726 3342 6726 3347 6726 3378 6727 3347 6727 3346 6727 3351 6728 3378 6728 3346 6728 3351 6729 3346 6729 3345 6729 3351 6730 3345 6730 3344 6730 3351 6731 3344 6731 3343 6731 3379 6732 3351 6732 3343 6732 3379 6733 3350 6733 3351 6733 3372 6734 3365 6734 3364 6734 3372 6735 3366 6735 3365 6735 3372 6736 3367 6736 3366 6736 3372 6737 3368 6737 3367 6737 3372 6738 3369 6738 3368 6738 3372 6739 3370 6739 3369 6739 3372 6740 3371 6740 3370 6740 3372 6741 3364 6741 3371 6741 3384 6742 3409 6742 3385 6742 3387 6743 3409 6743 3384 6743 3389 6744 3386 6744 3385 6744 3388 6745 3409 6745 3387 6745 3390 6746 3389 6746 3385 6746 3409 6747 3388 6747 3393 6747 3390 6748 3391 6748 3389 6748 3392 6749 3409 6749 3393 6749 3390 6750 3393 6750 3391 6750 3392 6751 3393 6751 3390 6751 3408 6752 3395 6752 3394 6752 3408 6753 3396 6753 3395 6753 3386 6754 3397 6754 3398 6754 3386 6755 3389 6755 3397 6755 3385 6756 3386 6756 3398 6756 3385 6757 3398 6757 3399 6757 3384 6758 3385 6758 3399 6758 3384 6759 3399 6759 3400 6759 3387 6760 3384 6760 3400 6760 3387 6761 3400 6761 3401 6761 3388 6762 3387 6762 3401 6762 3388 6763 3401 6763 3402 6763 3393 6764 3388 6764 3402 6764 3393 6765 3402 6765 3403 6765 3393 6766 3403 6766 3391 6766 3389 6767 3391 6767 3397 6767 3404 6768 3405 6768 3396 6768 3396 6769 3405 6769 3395 6769 3405 6770 3406 6770 3395 6770 3395 6771 3406 6771 3394 6771 3406 6772 3407 6772 3394 6772 3394 6773 3407 6773 3408 6773 3407 6774 3404 6774 3408 6774 3408 6775 3404 6775 3396 6775 3405 6776 3404 6776 3407 6776 3405 6777 3407 6777 3406 6777 3408 6778 3390 6778 3380 6778 3408 6779 3383 6779 3390 6779 3408 6780 3392 6780 3383 6780 3408 6781 3382 6781 3392 6781 3408 6782 3381 6782 3382 6782 3408 6783 3380 6783 3381 6783 3385 6784 3381 6784 3380 6784 3385 6785 3380 6785 3390 6785 3383 6786 3392 6786 3390 6786 3409 6787 3392 6787 3382 6787 3385 6788 3409 6788 3382 6788 3385 6789 3382 6789 3381 6789 3410 6790 3398 6790 3397 6790 3410 6791 3399 6791 3398 6791 3410 6792 3400 6792 3399 6792 3410 6793 3401 6793 3400 6793 3410 6794 3402 6794 3401 6794 3410 6795 3403 6795 3402 6795 3410 6796 3391 6796 3403 6796 3410 6797 3397 6797 3391 6797 3411 6798 3412 6798 3538 6798 3538 6799 3412 6799 3413 6799 3411 6800 3415 6800 3412 6800 3538 6801 3413 6801 3414 6801 3418 6802 3538 6802 3414 6802 3418 6803 3414 6803 3416 6803 3411 6804 3417 6804 3415 6804 3411 6805 3419 6805 3417 6805 3418 6806 3416 6806 3420 6806 3411 6807 3421 6807 3419 6807 3424 6808 3421 6808 3411 6808 3418 6809 3420 6809 3422 6809 3424 6810 3423 6810 3421 6810 3418 6811 3422 6811 3425 6811 3539 6812 3418 6812 3425 6812 3424 6813 3426 6813 3423 6813 3539 6814 3425 6814 3427 6814 3429 6815 3426 6815 3424 6815 3539 6816 3427 6816 3428 6816 3540 6817 3539 6817 3428 6817 3434 6818 3429 6818 3424 6818 3430 6819 3540 6819 3428 6819 3431 6820 3429 6820 3434 6820 3432 6821 3540 6821 3430 6821 3433 6822 3431 6822 3434 6822 3432 6823 3541 6823 3540 6823 3435 6824 3541 6824 3432 6824 3436 6825 3433 6825 3434 6825 3437 6826 3541 6826 3435 6826 3438 6827 3436 6827 3434 6827 3439 6828 3541 6828 3437 6828 3439 6829 3444 6829 3541 6829 3441 6830 3434 6830 3440 6830 3441 6831 3438 6831 3434 6831 3442 6832 3444 6832 3439 6832 3443 6833 3441 6833 3440 6833 3446 6834 3444 6834 3442 6834 3445 6835 3443 6835 3440 6835 3446 6836 3447 6836 3444 6836 3448 6837 3440 6837 3447 6837 3448 6838 3445 6838 3440 6838 3449 6839 3447 6839 3446 6839 3450 6840 3448 6840 3447 6840 3450 6841 3447 6841 3449 6841 3452 6842 3451 6842 3453 6842 3451 6843 3457 6843 3453 6843 3452 6844 3456 6844 3451 6844 3454 6845 3456 6845 3452 6845 3453 6846 3457 6846 3455 6846 3460 6847 3456 6847 3454 6847 3460 6848 3462 6848 3456 6848 3457 6849 3458 6849 3455 6849 3455 6850 3458 6850 3459 6850 3458 6851 3465 6851 3459 6851 3461 6852 3462 6852 3460 6852 3459 6853 3465 6853 3466 6853 3461 6854 3463 6854 3462 6854 3464 6855 3469 6855 3461 6855 3461 6856 3469 6856 3463 6856 3466 6857 3465 6857 3467 6857 3465 6858 3468 6858 3467 6858 3471 6859 3469 6859 3464 6859 3467 6860 3474 6860 3472 6860 3468 6861 3474 6861 3467 6861 3471 6862 3473 6862 3469 6862 3470 6863 3473 6863 3471 6863 3474 6864 3475 6864 3472 6864 3476 6865 3478 6865 3470 6865 3470 6866 3478 6866 3473 6866 3472 6867 3475 6867 3477 6867 3476 6868 3481 6868 3478 6868 3475 6869 3479 6869 3477 6869 3475 6870 3484 6870 3479 6870 3476 6871 3480 6871 3481 6871 3484 6872 3483 6872 3479 6872 3481 6873 3480 6873 3482 6873 3480 6874 3485 6874 3482 6874 3484 6875 3486 6875 3483 6875 3485 6876 3487 6876 3482 6876 3491 6877 3486 6877 3484 6877 3482 6878 3487 6878 3489 6878 3491 6879 3490 6879 3486 6879 3487 6880 3488 6880 3489 6880 3489 6881 3488 6881 3492 6881 3493 6882 3495 6882 3491 6882 3491 6883 3495 6883 3490 6883 3488 6884 3494 6884 3492 6884 3492 6885 3496 6885 3501 6885 3494 6886 3496 6886 3492 6886 3493 6887 3497 6887 3495 6887 3498 6888 3499 6888 3493 6888 3493 6889 3499 6889 3497 6889 3496 6890 3500 6890 3501 6890 3501 6891 3500 6891 3502 6891 3498 6892 3504 6892 3499 6892 3500 6893 3503 6893 3502 6893 3505 6894 3504 6894 3498 6894 3503 6895 3506 6895 3502 6895 3505 6896 3507 6896 3504 6896 3502 6897 3506 6897 3508 6897 3508 6898 3507 6898 3505 6898 3508 6899 3509 6899 3507 6899 3506 6900 3509 6900 3508 6900 3490 6901 3495 6901 3437 6901 3490 6902 3437 6902 3435 6902 3486 6903 3435 6903 3432 6903 3486 6904 3490 6904 3435 6904 3483 6905 3486 6905 3432 6905 3483 6906 3432 6906 3430 6906 3479 6907 3430 6907 3428 6907 3479 6908 3483 6908 3430 6908 3477 6909 3428 6909 3427 6909 3477 6910 3479 6910 3428 6910 3472 6911 3477 6911 3427 6911 3472 6912 3427 6912 3425 6912 3467 6913 3472 6913 3425 6913 3467 6914 3425 6914 3422 6914 3466 6915 3467 6915 3422 6915 3466 6916 3422 6916 3420 6916 3459 6917 3466 6917 3420 6917 3459 6918 3420 6918 3416 6918 3455 6919 3459 6919 3416 6919 3455 6920 3416 6920 3414 6920 3455 6921 3414 6921 3413 6921 3453 6922 3455 6922 3413 6922 3453 6923 3413 6923 3412 6923 3452 6924 3453 6924 3412 6924 3454 6925 3452 6925 3412 6925 3454 6926 3412 6926 3415 6926 3460 6927 3454 6927 3415 6927 3460 6928 3415 6928 3417 6928 3461 6929 3417 6929 3419 6929 3461 6930 3460 6930 3417 6930 3464 6931 3461 6931 3419 6931 3464 6932 3419 6932 3421 6932 3471 6933 3464 6933 3421 6933 3471 6934 3421 6934 3423 6934 3470 6935 3471 6935 3423 6935 3470 6936 3423 6936 3426 6936 3476 6937 3470 6937 3426 6937 3476 6938 3426 6938 3429 6938 3480 6939 3476 6939 3429 6939 3480 6940 3429 6940 3431 6940 3485 6941 3480 6941 3431 6941 3487 6942 3431 6942 3433 6942 3487 6943 3485 6943 3431 6943 3488 6944 3487 6944 3433 6944 3488 6945 3433 6945 3436 6945 3494 6946 3488 6946 3436 6946 3494 6947 3436 6947 3438 6947 3496 6948 3494 6948 3438 6948 3496 6949 3438 6949 3441 6949 3500 6950 3496 6950 3441 6950 3500 6951 3441 6951 3443 6951 3503 6952 3443 6952 3445 6952 3503 6953 3500 6953 3443 6953 3506 6954 3445 6954 3448 6954 3506 6955 3503 6955 3445 6955 3506 6956 3448 6956 3450 6956 3509 6957 3506 6957 3450 6957 3509 6958 3450 6958 3449 6958 3507 6959 3509 6959 3449 6959 3504 6960 3507 6960 3449 6960 3504 6961 3449 6961 3446 6961 3499 6962 3446 6962 3442 6962 3499 6963 3504 6963 3446 6963 3499 6964 3442 6964 3439 6964 3497 6965 3499 6965 3439 6965 3495 6966 3497 6966 3439 6966 3495 6967 3439 6967 3437 6967 3534 6968 3493 6968 3510 6968 3493 6969 3491 6969 3510 6969 3510 6970 3491 6970 3511 6970 3511 6971 3484 6971 3512 6971 3491 6972 3484 6972 3511 6972 3512 6973 3484 6973 3513 6973 3484 6974 3475 6974 3513 6974 3513 6975 3474 6975 3514 6975 3475 6976 3474 6976 3513 6976 3474 6977 3468 6977 3514 6977 3514 6978 3468 6978 3515 6978 3468 6979 3465 6979 3515 6979 3515 6980 3465 6980 3516 6980 3465 6981 3458 6981 3516 6981 3458 6982 3457 6982 3516 6982 3516 6983 3457 6983 3517 6983 3457 6984 3451 6984 3517 6984 3517 6985 3451 6985 3518 6985 3451 6986 3456 6986 3518 6986 3518 6987 3456 6987 3519 6987 3519 6988 3462 6988 3520 6988 3456 6989 3462 6989 3519 6989 3520 6990 3463 6990 3521 6990 3462 6991 3463 6991 3520 6991 3463 6992 3469 6992 3521 6992 3521 6993 3469 6993 3522 6993 3469 6994 3473 6994 3522 6994 3522 6995 3473 6995 3523 6995 3473 6996 3478 6996 3523 6996 3523 6997 3478 6997 3524 6997 3478 6998 3481 6998 3524 6998 3524 6999 3481 6999 3525 6999 3481 7000 3482 7000 3525 7000 3525 7001 3482 7001 3526 7001 3482 7002 3489 7002 3526 7002 3489 7003 3492 7003 3526 7003 3526 7004 3492 7004 3527 7004 3527 7005 3492 7005 3528 7005 3492 7006 3501 7006 3528 7006 3528 7007 3501 7007 3529 7007 3501 7008 3502 7008 3529 7008 3529 7009 3502 7009 3530 7009 3502 7010 3508 7010 3530 7010 3530 7011 3508 7011 3531 7011 3508 7012 3505 7012 3531 7012 3531 7013 3505 7013 3532 7013 3505 7014 3498 7014 3532 7014 3532 7015 3498 7015 3533 7015 3533 7016 3493 7016 3534 7016 3498 7017 3493 7017 3533 7017 3541 7018 3444 7018 3534 7018 3534 7019 3444 7019 3533 7019 3533 7020 3444 7020 3532 7020 3444 7021 3447 7021 3532 7021 3532 7022 3447 7022 3531 7022 3531 7023 3447 7023 3530 7023 3447 7024 3440 7024 3530 7024 3530 7025 3440 7025 3529 7025 3529 7026 3440 7026 3528 7026 3440 7027 3434 7027 3528 7027 3528 7028 3434 7028 3527 7028 3527 7029 3434 7029 3526 7029 3526 7030 3434 7030 3525 7030 3434 7031 3535 7031 3525 7031 3525 7032 3535 7032 3524 7032 3424 7033 3535 7033 3434 7033 3524 7034 3535 7034 3523 7034 3523 7035 3535 7035 3522 7035 3535 7036 3536 7036 3522 7036 3424 7037 3536 7037 3535 7037 3411 7038 3536 7038 3424 7038 3522 7039 3536 7039 3521 7039 3411 7040 3537 7040 3536 7040 3536 7041 3537 7041 3521 7041 3521 7042 3537 7042 3520 7042 3520 7043 3537 7043 3519 7043 3519 7044 3537 7044 3518 7044 3537 7045 3538 7045 3518 7045 3411 7046 3538 7046 3537 7046 3518 7047 3538 7047 3517 7047 3517 7048 3418 7048 3516 7048 3538 7049 3418 7049 3517 7049 3418 7050 3539 7050 3516 7050 3516 7051 3539 7051 3515 7051 3515 7052 3539 7052 3514 7052 3514 7053 3539 7053 3513 7053 3539 7054 3540 7054 3513 7054 3513 7055 3540 7055 3512 7055 3540 7056 3541 7056 3512 7056 3512 7057 3541 7057 3511 7057 3511 7058 3541 7058 3510 7058 3510 7059 3541 7059 3534 7059</p>
                </triangles>
            </mesh>
        </geometry>
    </library_geometries>
    <library_visual_scenes>
        <visual_scene id="VisualSceneNode" name="VisualScene">
            <node id="node" name="node">
                <instance_geometry url="#shape0-lib"/>
            </node>
        </visual_scene>
    </library_visual_scenes>
    <scene>
        <instance_visual_scene url="#VisualSceneNode"/>
    </scene>
</COLLADA>
