<?xml version="1.0" encoding="UTF-8"?>
<COLLADA xmlns="http://www.collada.org/2005/11/COLLADASchema" version="1.4.1">
    <asset>
        <contributor>
            <author>VCGLab</author>
            <authoring_tool>VCGLib | MeshLab</authoring_tool>
        </contributor>
        <created>월 1 13 14:58:35 2025 GMT</created>
        <modified>월 1 13 14:58:35 2025 GMT</modified>
        <up_axis>Y_UP</up_axis>
    </asset>
    <library_geometries>
        <geometry id="shape0-lib" name="shape0">
            <mesh>
                <source id="shape0-lib-positions" name="position">
                    <float_array id="shape0-lib-positions-array" count="8556">0.027 -0.0106297 -0.00432327 0.025 -0.0113918 0.000191422 0.027 -0.0114092 -0.00109916 0.027 -0.0110531 0.00277059 0.025 -0.0107712 0.00387515 0.027 -0.00694962 0.00891949 0.025 -0.00772226 0.00828381 0.025 -0.00305796 0.0109862 0.027 -0.000471139 0.0112784 0.027 0.00479136 0.0104125 0.025 0.00277256 0.0110006 0.027 0.00795626 0.00815747 0.025 0.00746487 0.00860732 0.025 0.0104942 0.0044705 0.027 0.0106792 0.00399086 0.0249998 0.0112167 -0.00175056 0.027 0.0110934 -0.0022006 0.027 0.00864363 -0.00743628 0.024818 0.00915553 -0.00687235 0.0248814 0.00750528 -0.00869781 0.0249972 0.0066185 -0.00940343 0.027 0.0033424 -0.0108516 0.025 0.00269179 -0.0110096 0.027 -0.0017959 -0.0112484 0.025 -0.00369802 -0.0106754 0.0249526 -0.00713316 -0.00901381 0.027 -0.00760042 -0.00835153 0.0249204 -0.00999384 -0.0054744 -0.0336664 -0.0165 -0.035 -0.0304939 -0.0150041 -0.035 -0.034804 -0.0152544 -0.035 -0.0318255 -0.0139694 -0.035 -0.029381 -0.0149815 -0.035 -0.0320566 -0.0127839 -0.035 -0.0317422 -0.0118592 -0.035 -0.0236201 -0.00994666 -0.035 -0.0229498 -0.0105289 -0.035 -0.0279452 -0.0129003 -0.035 -0.0284999 -0.0116207 -0.035 -0.0217447 -0.0111507 -0.035 -0.0241422 -0.00926801 -0.035 -0.0283203 -0.0141615 -0.035 -0.0248477 -0.00758859 -0.035 -0.0301883 -0.0109318 -0.035 -0.0204286 -0.0114774 -0.035 -0.0311566 -0.0112756 -0.035 -0.015 -0.0115 -0.035 -0.0315732 0.0116249 -0.035 -0.0320417 0.0126861 -0.035 -0.025 0 -0.035 -0.0291935 0.0111632 -0.035 -0.0249774 0.0069286 -0.035 -0.0340845 0.0159965 -0.035 -0.0319285 0.0137889 -0.035 -0.0333372 0.0165 -0.035 -0.0308924 0.0147727 -0.035 -0.00836716 -0.0111726 -0.035 -0.000995301 -0.0148277 -0.035 -8.76748e-05 -0.015073 -0.035 -0.0246176 0.00833047 -0.035 -0.0281038 0.0121652 -0.035 -0.00189204 -0.0131519 -0.035 -0.0239759 0.00952507 -0.035 -0.00644172 -0.00993 -0.035 -0.0296375 0.0150556 -0.035 -0.0234425 0.0101158 -0.035 -0.00127696 -0.0113783 -0.035 -0.00529195 -0.00813552 -0.035 -0.00504507 -0.00711113 -0.035 -0.0225369 0.0107921 -0.035 -0.005 -0.0065 -0.035 -0.0210428 0.0113518 -0.035 -0.0280291 0.0135481 -0.035 -0.0257807 0.0114997 -0.035 -0.0289313 0.0147988 -0.035 0.00716466 -0.0105426 -0.035 0.0085988 -0.011276 -0.035 0.00183759 -0.0139859 -0.035 0.00153892 -0.0119264 -0.035 0.00540631 -0.00826265 -0.035 0.00500002 -0.0116343 -0.035 -0.000177515 -0.0109285 -0.035 0.00981614 -0.0114925 -0.035 0.02 -0.0115 -0.035 -0.00174581 0.0122212 -0.035 -0.00516038 0.0075475 -0.035 -0.00500003 0.0117358 -0.035 -0.0071243 0.0104416 -0.035 0.005 0.0065 -0.035 0.000774244 0.0111662 -0.035 -0.00182963 0.0139611 -0.035 -0.00902785 0.0113862 -0.035 0.00549625 0.0084904 -0.035 -0.00628531 0.0115 -0.035 0.0210886 -0.0113477 -0.035 0.00108021 -0.014769 -0.035 0.0290994 -0.0148855 -0.035 0.0283353 -0.0142286 -0.035 0.0227273 -0.0106636 -0.035 0.027933 -0.0131227 -0.035 0.028508 -0.011642 -0.035 0.0237581 -0.0097821 -0.035 0.033 -0.0165 -0.035 0.0309343 -0.0148245 -0.035 0.0297052 -0.0150617 -0.035 0.0244798 -0.00866912 -0.035 0.0319221 -0.0137274 -0.035 0.00701116 0.0104537 -0.035 0.0339436 -0.0161913 -0.035 0.0248862 -0.00747215 -0.035 0.00202359 0.0131782 -0.035 0.030047 -0.0109465 -0.035 0.00904739 0.0113698 -0.035 0.0320009 -0.0124576 -0.035 0.00133342 0.0145897 -0.035 0.025 0 -0.035 0.0282031 0.0120325 -0.035 0.0245386 0.00852892 -0.035 0.0239358 0.00957153 -0.035 0.0249632 0.0070195 -0.035 0.0294389 0.0110332 -0.035 0.0232609 0.0102803 -0.035 0.0279457 0.0132452 -0.035 0.0222946 0.0109225 -0.035 0.031222 -0.0113506 -0.035 0.0207915 0.0114191 -0.035 0.015 0.0115 -0.035 0.0284413 0.0143761 -0.035 0.033 0.0165 -0.035 0.0291242 0.0148932 -0.035 0.0301772 0.0150587 -0.035 0.0313587 0.0145682 -0.035 0.0319149 0.0120404 -0.035 0.0319425 0.0136534 -0.035 0.0346976 0.0153414 -0.035 0.033493 0.0164185 -0.035 -0.000168505 0.0150317 -0.035 0.0188262 0.0135965 -0.0204138 0.0317306 0.0129326 -0.0197574 0.0330344 0.0115648 -0.0177028 0.0204847 0.0118582 -0.0183206 0.033 0.0110241 -0.0155714 0.0216824 0.0111908 -0.0165589 0.0226453 0.0110041 -0.0145837 0.033 0.0111552 -0.0136115 0.0232808 0.0112916 -0.0130911 0.0334374 -0.0120416 -0.0113047 0.0237683 -0.0118615 -0.011737 0.0242246 -0.0111542 -0.0137223 0.033 -0.0111384 -0.0164266 0.0215154 -0.0112186 -0.0168125 0.033 -0.0119184 -0.0184063 0.0202994 -0.012019 -0.018579 0.0308285 -0.0135558 -0.020349 0.0246685 -0.00827066 -0.00832844 0.0244014 -0.00886229 -0.00941701 0.0238753 -0.0096453 -0.0113869 0.0230319 -0.0104596 -0.0136951 0.0188705 -0.0115 -0.0203459 0.0182914 -0.0141759 -0.0210185 0.0169376 -0.0152226 -0.0223852 0.0153353 -0.0158856 -0.0237436 0.0151808 -0.0115 -0.0237714 0.0100909 -0.0114925 -0.0268638 0.0104682 -0.0164945 -0.0267015 0.00924781 -0.0165 -0.0272191 0.00823168 -0.0111438 -0.0275994 0.0060787 -0.0165 -0.0282278 0.00307485 -0.0165 -0.028798 0.00162397 -0.0142515 -0.0289457 0.000167568 -0.0150051 -0.0289924 0.00193946 -0.0123604 -0.0289241 0.000530893 -0.0110646 -0.0289874 -0.000887596 -0.0165 -0.0289649 -0.00354043 -0.0165 -0.028741 -0.00152831 -0.0117085 -0.0289493 -0.00171374 -0.0139625 -0.0289393 -0.00296933 -0.00920761 -0.0287803 -0.00607866 -0.0165 -0.0282278 -0.00662835 -0.0100591 -0.0280916 -0.00934548 -0.0165 -0.0271946 -0.00898549 -0.0113371 -0.0273157 -0.0119582 -0.0115 -0.0259198 -0.0170125 -0.0115 -0.0222084 -0.018346 -0.0140721 -0.0209426 -0.0201275 -0.0121675 -0.0188192 -0.0208043 -0.0114418 -0.0178626 0.0249905 0.0158765 -0.00446163 0.0245714 0.00850801 -0.00857232 0.0241966 0.0129345 -0.0102399 0.0240344 0.00944099 -0.0108559 0.0233613 0.0101942 -0.012889 0.022723 0.0106854 -0.0144112 0.0193368 0.0114883 -0.0197412 0.0157298 0.0115 -0.023407 0.0172614 0.0150356 -0.0220829 0.0124609 0.0115 -0.0256182 0.0118156 0.0164534 -0.0260391 0.0102669 0.0164951 -0.0267887 0.00882591 0.0112595 -0.0273687 0.00660782 0.0101356 -0.0281079 0.00463724 0.0165 -0.0285613 0.00728941 0.0165 -0.0278935 0.00173452 0.0119097 -0.0289386 -0.00112984 0.0106289 -0.0289539 0.00322109 0.0164999 -0.0287918 0.000334309 0.0110676 -0.0289869 0.00194468 0.0136153 -0.0289238 0.000887596 0.0165 -0.0289649 0.000798273 0.0148012 -0.028978 -0.00100403 0.0148259 -0.0289788 -0.00386229 0.0165 -0.0287095 -0.00196309 0.0133859 -0.0289222 -0.00700159 0.0165 -0.027963 -0.00838011 0.0111474 -0.0275374 -0.0107912 0.0115 -0.0265301 -0.0146675 0.0115 -0.0241862 -0.0155466 0.0158135 -0.023571 -0.0169376 0.0152226 -0.0223852 -0.0176542 0.0147638 -0.0216969 -0.0188705 0.0115 -0.0203459 -0.0195504 0.0127881 -0.0195559 -0.020583 0.0114597 -0.0181827 -0.0207352 0.0116601 -0.0179598 -0.005 0.003 -0.0234734 -0.005 -0.003 -0.0234734 -0.00306749 0.003 -0.0237851 -0.00251184 -0.003 -0.0238502 0.00125592 0.003 -0.0239218 0.00125592 -0.003 -0.0239218 0.005 -0.003 -0.0234734 0.005 0.003 -0.0234734 -0.0222365 -0.0110159 -0.0160372 -0.0231023 -0.0112601 -0.0134792 -0.0234421 -0.0101206 -0.0126764 -0.0238032 -0.00974591 -0.0116426 -0.0241748 -0.00924281 -0.0103523 -0.0240211 -0.0124115 -0.0109096 -0.0246861 -0.014417 -0.00816567 -0.0247585 -0.00853928 -0.00786888 -0.0229388 0.0111145 -0.0139088 -0.0232964 0.0102445 -0.013044 -0.0238676 0.0121304 -0.0113813 -0.0241015 0.0093241 -0.0105705 -0.0248839 0.00963201 -0.00615955 -0.0248653 0.0151367 -0.00654722 -0.0249906 0.015877 -0.00446054 -0.0249912 -0.0110042 -0.00255375 -0.027 -0.0113493 0.0007602 -0.025 -0.0106683 0.00377831 -0.027 -0.0101026 0.00538051 -0.025 -0.005327 0.00993276 -0.027 -0.00721084 0.0088464 -0.027 -0.00337592 0.0108796 -0.025 0.000868837 0.0113618 -0.027 0.00296687 0.0109389 -0.025 0.00465246 0.0104753 -0.027 0.00853834 0.00750943 -0.025 0.00857013 0.00747244 -0.025 0.0109072 0.00349073 -0.027 0.0108897 0.00354538 -0.025 0.0113442 -0.00132696 -0.027 0.0113519 -0.00126159 -0.027 0.00951181 -0.00631471 -0.027 0.00612723 -0.00961806 -0.024803 0.00774466 -0.00846311 -0.025 0.00465976 -0.0103713 -0.025 -0.00239729 -0.0110039 -0.027 0.00180604 -0.0112675 -0.027 -0.00471209 -0.0103429 -0.025 -0.0065 -0.00948683 -0.027 -0.00786089 -0.00829065 -0.027 -0.010873 -0.00353902 0.033 -0.0165 -0.027 0.033 -0.0164896 -0.0265678 0.0122651 -0.0164265 -0.0257934 0.033 -0.0152113 -0.0223732 0.0300248 -0.0150915 -0.0221658 0.0310751 -0.0147407 -0.0216722 0.0287181 -0.0145797 -0.0214662 0.032759 0.0146052 -0.0215459 0.0285181 0.0144226 -0.0213266 0.0310319 0.0148108 -0.0217558 0.0298031 0.0150501 -0.0221025 0.0162314 0.0155851 -0.0230264 0.0142646 0.016177 -0.0245457 0.033 0.0165 -0.027 -0.0218412 0.0111168 -0.0162514 -0.0304327 0.0110381 -0.0147216 -0.0330212 0.0117974 -0.0119407 0.0245483 -0.0139586 -0.008883 0.0249765 -0.0156195 -0.00558132 0.025 -0.0162604 -0.00323742 0.025007 -0.0165192 0.000528107 0.025 -0.0161868 0.00327363 0.025 -0.0149292 0.00695987 0.025 -0.0126712 0.0106332 0.025 -0.0102952 0.0129122 0.033 -0.00862089 0.0140627 0.025 -0.00893249 0.013873 0.025 -0.00679352 0.0150667 0.025 -0.00298287 0.0162033 0.025 0.000764607 0.0165061 0.025 0.0031562 0.0162146 0.025 0.00613856 0.0153492 0.025 0.00828919 0.0142827 0.025 0.0102952 0.0129122 0.025 0.0121046 0.0112338 0.025 0.0141934 0.00834109 0.0332748 0.0148815 0.00689394 0.025 0.015715 0.0050966 0.025 0.016299 0.00263373 0.025 0.0164225 -0.00122959 0.033 0.0156669 -0.00513146 0.0247443 0.014623 -0.00773856 -0.0332607 -0.0117279 -0.0120148 -0.033 -0.0110097 -0.0146277 -0.0330968 -0.0118176 -0.0182221 -0.0315417 -0.01365 -0.0204748 0.035 -0.0150092 -0.035 0.035 -0.00956536 -0.0101814 0.035 -0.0114583 -0.00802327 0.035 -0.00706103 -0.0120565 0.035 -0.0129201 -0.00525766 0.035 -0.00478084 -0.0131353 0.035 -0.00208335 -0.0138221 0.035 -0.013783 -0.00243032 0.035 0.000523111 -0.0139783 0.035 -0.0139674 0.000261474 0.035 -0.0136278 0.00311045 0.035 -0.0130282 0.00511318 0.035 0.00276974 -0.0137011 0.035 0.00542964 -0.0128806 0.035 -0.0122002 0.00684253 0.035 -0.0110441 0.00858445 0.035 0.00828309 -0.0112233 0.035 -0.00904597 0.0106455 0.0349851 0.0109175 -0.0100895 0.035 0.0106025 -0.00912428 0.035 0.0118838 -0.0073645 0.035 -0.00668515 0.012276 0.035 0.0130838 -0.00494776 0.035 -0.00478679 0.0131516 0.035 -0.00268291 0.0137098 0.035 0.0138158 -0.00199418 0.035 0.000696758 0.0139609 0.035 0.013792 0.00207946 0.035 0.00277318 0.0137181 0.035 0.00428928 0.0133142 0.035 0.0130838 0.00494776 0.035 0.00607248 0.0126096 0.035 0.0122002 0.00684253 0.035 0.0111971 0.00837174 0.0349891 0.0071712 0.0127177 0.035 0.00796632 0.0114183 0.0345479 0.00995349 0.0116113 -0.035 -0.00978517 -0.0204693 -0.035 -0.00874342 -0.0215268 -0.035 -0.00980828 -0.0195527 -0.035 -0.00877066 -0.0185627 -0.035 -0.00599441 -0.0126753 -0.035 -0.00869583 -0.0109053 -0.035 -0.0109422 -0.00872614 -0.035 -0.0123005 -0.00659919 -0.035 -0.00723951 -0.0187862 -0.035 -0.0134558 -0.00378588 -0.035 -0.00302106 -0.0136281 -0.035 -0.0139001 -0.00156624 -0.035 0 -0.0139783 -0.035 0.0073861 -0.0212854 -0.035 -0.00754343 -0.0214552 -0.035 -0.00669068 -0.0202568 -0.035 0.00665077 -0.0203687 -0.035 -0.0139783 0.000522948 -0.035 0.00869064 -0.0215706 -0.035 0.00336295 -0.013559 -0.035 0.00685132 -0.0192928 -0.035 0.00952031 -0.0210103 -0.035 -0.0135055 0.00352894 -0.035 0.00980776 -0.0197207 -0.035 0.00869297 -0.0185284 -0.0349989 0.00899265 -0.0175855 -0.035 -0.0124389 0.00637703 -0.035 0.00651782 -0.0123325 -0.035 0.00956536 -0.0101814 -0.035 -0.011024 0.00856785 -0.0349711 -0.00987881 0.0100434 -0.035 0.0114583 -0.00802327 -0.035 -0.00773512 0.0116547 -0.035 0.0128287 -0.00550242 -0.035 -0.00509632 0.0129834 -0.035 0.0136447 -0.00311432 -0.0349974 0.000757454 0.0144218 -0.035 0.0139348 -0.00121906 -0.035 -0.00139178 0.0139088 -0.035 0.000871273 0.0139609 -0.035 0.013792 0.00207946 -0.035 0.0132031 0.00461988 -0.035 0.00369661 0.0134606 -0.0348879 0.0146277 0.00124916 -0.035 0.00607248 0.0126096 -0.035 0.0122002 0.00684253 -0.035 0.00744201 0.0118441 -0.035 0.010749 0.00890565 -0.035 0.00899623 0.0107213 -0.0343499 0.0131548 0.00830231 -0.0111825 -0.0164802 -0.0263655 -0.0129867 -0.0163561 -0.0253675 -0.0146635 -0.0160826 -0.0242635 -0.0165679 -0.0154128 -0.0227209 -0.0299531 -0.0150943 -0.0221701 -0.0307054 -0.014942 -0.0219458 -0.0292759 -0.0149495 -0.0219531 -0.010332 0.0164999 -0.026764 -0.0282108 0.0140299 -0.0210551 -0.0311453 0.0146126 -0.0215766 -0.0288549 0.0147461 -0.0216661 -0.0298375 0.015083 -0.0221528 -0.033 0.0152113 -0.0223732 -0.0143212 0.0161901 -0.0245283 -0.0333498 -0.0145971 -0.00741231 -0.0250059 -0.0160351 -0.0041677 -0.025 -0.0165333 0.000188113 -0.025 -0.0161869 0.00327356 -0.025 -0.0150497 0.00671921 -0.025 -0.0127209 0.0105994 -0.025 -0.0099969 0.0130996 -0.025 -0.00679077 0.0150531 -0.025 -0.00385031 0.0160794 -0.025 -0.00107592 0.0164748 -0.025 0.00164467 0.0164437 -0.025 0.00563121 0.015475 -0.025 0.00999871 0.013201 -0.025 0.0123448 0.0109402 -0.033 0.0123913 0.0108874 -0.025 0.0142551 0.00828728 -0.033 0.0150551 0.00673964 -0.025 0.0153369 0.00607136 -0.025 0.0160152 0.00408386 -0.025 0.0165069 0.000829662 -0.025 0.0163331 -0.00254848 -0.033 0.0156101 -0.0053297 -0.033 0.014905 -0.00704433 -0.0245266 0.0139191 -0.00890745 0.027 0.0137661 0.00225069 0.027 0.0130282 0.00511318 0.027 0.0122002 0.00684253 0.027 0.010352 0.00936872 0.027 0.00794107 0.0114933 0.027 0.00607248 0.0126096 0.027 0.00412016 0.0133572 0.027 0.000956148 0.0139262 0.027 -0.00208335 0.0138221 0.027 -0.00462003 0.013203 0.027 -0.00756789 0.0117162 0.027 -0.00989109 0.00989098 0.027 -0.0117275 0.00757442 0.027 -0.0130838 0.00494776 0.027 -0.0137659 0.0024273 0.027 -0.013937 -0.000957366 0.027 -0.0135114 -0.00362045 0.027 -0.012249 -0.00667118 0.027 -0.010061 -0.00969191 0.027 -0.00808544 -0.0113948 0.027 -0.00542964 -0.0128806 0.027 -0.00181953 -0.013818 0.027 0.00208335 -0.0138221 0.027 0.00478084 -0.0131353 0.027 0.00771335 -0.0116222 0.027 0.0104806 -0.00924921 0.027 0.0125852 -0.00591558 0.027 0.0138786 -0.00138811 -0.027 0.013949 0.00039102 -0.027 0.0136278 -0.00311045 -0.027 0.0127413 -0.00574907 -0.027 0.0116548 -0.00773498 -0.027 0.0101345 -0.00964143 -0.027 0.00836567 -0.011188 -0.027 0.00444158 -0.0132217 -0.027 0.00113066 -0.0139262 -0.027 -0.00242266 -0.0137358 -0.027 -0.00624153 -0.0124583 -0.027 -0.00884002 -0.010807 -0.027 -0.0115239 -0.00785763 -0.027 -0.0133128 -0.00419775 -0.027 -0.0139348 -0.00121906 -0.027 -0.0139609 0.000871436 -0.027 -0.0132921 0.00419135 -0.027 -0.0121206 0.00699782 -0.027 -0.0106851 0.008965 -0.027 -0.00808544 0.0113948 -0.027 -0.00509632 0.0129834 -0.027 -0.0019123 0.0138567 -0.027 0.000435094 0.0139652 -0.027 0.00444282 0.0132213 -0.027 0.00706103 0.0120565 -0.027 0.00899623 0.0107213 -0.027 0.0111187 0.00842125 -0.027 0.0127413 0.00574907 -0.027 0.0134725 0.00379059 0.0339855 -0.0161189 -0.0268634 0.0340234 -0.0154349 -0.0242327 0.0336273 -0.01371 -0.0209244 0.0342337 -0.0106357 -0.0166822 0.0330639 -0.0110465 -0.0143677 0.0345259 0.014066 -0.00609473 0.0341406 0.0155893 -0.00217678 0.0335112 0.0161171 0.0023707 0.0348086 0.0139406 0.0057864 0.0338168 0.0125238 0.0102658 0.0341458 0.00524539 0.0149303 0.0338631 -0.0017176 0.0159282 0.0349697 -0.000358826 0.0143524 0.0343687 -0.00854949 0.0129156 0.0340591 -0.0137258 0.00762203 0.0349882 -0.0125719 0.00597486 0.0339917 -0.0151254 -0.00432609 0.0349387 -0.013562 -0.00552686 0.0334345 0.012102 -0.0112542 0.0346652 0.0112711 -0.0185456 0.0335427 0.0163885 -0.026809 0.035 0.0152745 -0.035 0.0340692 0.0152256 -0.0237553 -0.035 0.0155933 -0.035 -0.0348614 0.0150775 -0.031 -0.0337963 0.0137918 -0.0213617 -0.0347054 0.0109472 -0.0122036 -0.0332502 0.0113725 -0.01725 -0.0338939 0.0137233 -0.00843418 -0.0339777 0.0152052 -0.00515149 -0.0349771 0.0134158 -0.00585037 -0.0338336 0.0157898 0.00190612 -0.0349817 0.00910881 0.0114474 -0.0348656 0.00481918 0.0142832 -0.0339838 0.0094433 0.0126965 -0.0339374 0.00153944 0.0159394 -0.0342182 -0.00461544 0.0149831 -0.0339588 -0.0101087 0.0124502 -0.0333503 -0.0139599 0.0084479 -0.0340703 -0.0154844 0.00375061 -0.0343098 -0.0155188 -0.00106288 -0.0348037 -0.0127799 -0.00783435 -0.0343856 -0.0120618 -0.019362 -0.035 -0.0151134 -0.035 -0.0335802 -0.0157176 -0.0241423 -0.0336968 -0.016326 -0.027 -0.0318901 -0.0121531 -0.021 -0.0310487 -0.0112253 -0.021 -0.0300443 -0.0109277 -0.021 -0.0286956 -0.0114064 -0.021 -0.0279662 -0.0129617 -0.021 -0.0282977 -0.0141526 -0.0211415 -0.0318 -0.0140438 -0.0210522 -0.0320748 -0.0131695 -0.021 -0.0295387 -0.0127457 -0.0205196 -0.0279368 0.0127934 -0.021 -0.0284254 0.0116636 -0.021 -0.0300909 0.0107941 -0.035 -0.0316594 0.011806 -0.021 -0.0320628 0.0131129 -0.021 -0.0307046 0.0130329 -0.0201528 0.0279461 0.0133449 -0.021 0.0317367 0.0141534 -0.0210722 0.0320564 0.0129933 -0.021 0.0307808 0.0110764 -0.035 0.0299063 0.0109682 -0.021 0.0285397 0.011516 -0.021 0.0279885 0.0124867 -0.021 0.029598 0.0129385 -0.0205634 0.0282812 -0.0119648 -0.021 0.0297866 -0.0109487 -0.021 0.0312483 -0.0114053 -0.021 0.0320049 -0.0124453 -0.021 0.032011 -0.0134676 -0.021 0.0280264 -0.013663 -0.021 0.0304526 -0.0125943 -0.0205662 -0.0249887 -0.00676261 -0.0205 -0.0249631 -0.00703131 -0.019 -0.02456 -0.00847249 -0.0215474 -0.0245443 -0.00848939 -0.0184765 -0.0240068 -0.00947984 -0.0210494 -0.0239595 -0.00955099 -0.0189954 -0.0236881 -0.00987614 -0.0202318 -0.0237285 -0.00983034 -0.0195786 -0.005 0.0065 -0.0264687 -0.00514138 0.00753386 -0.0273248 -0.00616281 0.00964367 -0.0282084 -0.005 -0.0065 -0.0264687 -0.00532045 -0.00822837 -0.0278791 -0.00505607 -0.00717604 -0.0270354 -0.0236977 0.00986511 -0.0198553 -0.0238476 0.00968852 -0.0207556 -0.0241665 0.00921973 -0.018768 -0.0242743 0.00907999 -0.0214009 -0.024838 0.00767382 -0.0214716 -0.0249898 0.00678092 -0.0206496 -0.0248483 0.00757941 -0.0186378 -0.0249985 0.00661773 -0.0198583 0.005 -0.0065 -0.0264687 0.00515312 -0.00758122 -0.0273631 0.00612203 -0.00949394 -0.0281726 0.00538406 0.00824578 -0.0278217 0.00499999 0.00909742 -0.0287402 0.00205616 0.00607599 -0.0264719 -0.00203051 0.00728535 -0.0274745 -0.00244533 -0.00759988 -0.0277275 0.00234157 -0.00713041 -0.0273284 0.00129429 -0.00913856 -0.0288709 -0.0577904 0.0145 0.0125427 -0.0582474 0.0165 0.0141396 -0.0603637 0.0155 0.0165578 -0.06401 0.0164984 0.0174067 -0.0650383 0.0145 0.0174021 -0.067872 0.0165 0.0161013 -0.0700264 0.0145 0.0131552 -0.0703856 0.0165 0.0112404 -0.0700581 0.0145 0.00906489 -0.0686418 0.0165 0.00694227 -0.0653711 0.0165 0.00502367 -0.0677933 0.0145 0.00619567 -0.0644737 0.0145 0.00485452 -0.0625507 0.0165 0.00500913 -0.0608162 0.0145 0.00589664 -0.059798 0.0165 0.00647881 -0.0579313 0.0145 0.00909495 -0.0577327 0.0165 0.0101856 -0.0365658 0.0165 -0.035 -0.0515208 0.0165 -0.0349999 -0.035 1.95399e-17 -0.035 -0.053 5.19965e-10 -0.0264418 -0.053 2.4869e-17 -0.035 -0.0530109 3.5032e-10 -0.0260912 -0.0537677 2.4869e-17 -0.0237795 -0.0560759 3.71174e-10 0.000124299 -0.0553811 1.20519e-06 0.00108575 -0.0556135 4.84758e-09 0.00250606 -0.0565806 2.66454e-17 0.00310389 -0.0589191 3.01981e-17 0.00579778 -0.0573811 2.66454e-17 0.00312755 -0.0606479 2.86438e-17 0.00462181 -0.0579091 2.66454e-17 0.00695634 -0.0569871 2.66454e-17 0.00875423 -0.0584291 2.85327e-17 0.00209175 -0.0630837 2.84217e-17 0.00387302 -0.0565335 2.66454e-17 0.0108203 -0.0643862 2.84217e-17 0.00379878 -0.0584378 2.79776e-17 0.000735397 -0.0654057 2.84217e-17 0.00392419 -0.0664875 2.84217e-17 0.00421407 -0.0670972 2.84217e-17 0.00445084 -0.055887 2.66454e-17 0.0171161 -0.0565358 2.66454e-17 0.0118474 -0.0566853 2.66454e-17 0.0128158 -0.0574059 2.66454e-17 0.0147789 -0.056346 2.66454e-17 0.017703 -0.0588346 2.70894e-17 0.0166282 -0.0580522 2.60902e-17 0.019276 -0.0729055 1.4134e-11 0.00664379 -0.0696315 3.06422e-17 0.00636002 -0.0681088 2.84217e-17 0.00503088 -0.0607634 2.84217e-17 0.0180339 -0.0705574 3.10862e-17 0.00766977 -0.0732274 3.01981e-17 0.00745848 -0.0600517 2.84217e-17 0.0204477 -0.0623728 2.84217e-17 0.0185729 -0.0711198 3.01981e-17 0.00889922 -0.0618173 2.84217e-17 0.0210213 -0.0738041 3.01981e-17 0.00944696 -0.0714527 3.01981e-17 0.0109864 -0.0739381 3.01981e-17 0.0123143 -0.0645261 2.84217e-17 0.0212448 -0.0654198 2.84217e-17 0.0186021 -0.0711525 3.01981e-17 0.0134899 -0.0666652 2.84217e-17 0.0209129 -0.0734154 3.01981e-17 0.0146043 -0.0705636 3.01981e-17 0.0149076 -0.0687231 2.79776e-17 0.0200662 -0.0681025 2.79776e-17 0.0175336 -0.0724903 3.01981e-17 0.0165614 -0.0696271 2.84217e-17 0.0162421 -0.0711435 3.01981e-17 0.0182561 -0.056346 0.0145 0.017703 -0.0577272 0.0145 0.0190374 -0.0592707 0.0145 0.0200689 -0.0618812 0.0145 0.0210203 -0.064958 0.0145 0.0212052 -0.0678296 0.0145 0.0204899 -0.0698343 0.0145 0.0193914 -0.0717544 0.0145 0.017558 -0.0729829 0.0145 0.0156997 -0.0736439 0.0145 0.0138966 -0.0739596 0.0145 0.0118503 -0.073723 0.0145 0.00898964 -0.072477 0.0145 0.0059625 -0.035 0.00940376 -0.0216846 -0.035 0.00759313 -0.022039 -0.035 0.00664659 -0.0212144 -0.035 0.0145 -0.0136079 -0.035 0.00982806 -0.0187973 -0.035 0.0102995 -0.0205041 -0.035 0.00762359 -0.0180221 -0.035 0.00630397 -0.0191674 -0.0498532 0.0111387 -0.035 -0.053 0.0103903 -0.035 -0.0485833 0.0109564 -0.035 -0.0510175 0.0135206 -0.035 -0.0527508 0.0153412 -0.035 -0.0478124 0.0113077 -0.035 -0.0502675 0.014635 -0.035 -0.0491945 0.0150776 -0.035 -0.0481703 0.015006 -0.0349993 -0.0469053 0.013602 -0.0349968 -0.035084 0.0149987 -0.035 -0.0364482 0.0164031 -0.035 -0.03564 0.0159376 -0.035 -0.0575693 0.0052705 -0.0177363 -0.0580404 0.00606713 -0.0169872 -0.0584455 0.00755972 -0.0163433 -0.0559268 0.00461155 -0.0203473 -0.0570829 0.00481527 -0.0185094 -0.0584543 0.00890036 -0.0163293 -0.0544911 0.00563121 -0.0226296 -0.0580923 0.0103197 -0.0169049 -0.0540545 0.00653715 -0.0233237 -0.0538223 0.00779537 -0.0236928 -0.0537677 0.0145 -0.0237795 -0.0563693 0.0119634 -0.0196438 -0.055081 0.0114938 -0.0216919 -0.0544057 0.0107828 -0.0227654 -0.0542567 0.0104852 -0.0230022 -0.0539372 0.00944901 -0.0235101 -0.0571316 0.0116263 -0.018432 -0.05768 0.0110882 -0.0175603 -0.056566 0.0145 0.0121262 -0.0567743 0.0145 0.0132267 -0.0572955 0.0145 0.0145738 -0.0582541 0.0145 0.016058 -0.0598494 0.0145 0.0174753 -0.0615375 0.0145 0.0183602 -0.0640133 0.0145 0.0187453 -0.0661739 0.0145 0.0184521 -0.0681025 0.0145 0.0175336 -0.0696271 0.0145 0.0162421 -0.0705636 0.0145 0.0149076 -0.071212 0.0145 0.0133128 -0.0714735 0.0145 0.0111248 -0.0712002 0.0145 0.00916784 -0.0705574 0.0145 0.00766977 -0.0692741 0.0145 0.00599196 -0.067711 0.0145 0.00478774 -0.0665769 0.0145 0.00424163 -0.0655887 0.0145 0.00396119 -0.0643858 0.0145 0.00380809 -0.062217 0.0145 0.00404825 -0.0599583 0.0145 0.0050106 -0.0583231 0.0145 0.00645212 -0.0570125 0.0145 0.00868961 -0.0565602 0.0145 0.0105881 -0.0510119 0.0122057 -0.0349998 -0.0507877 0.0140023 -0.021 -0.0487813 0.0135402 -0.0205358 -0.049818 0.0149042 -0.021 -0.0468571 0.0126744 -0.035 -0.0476754 0.0114387 -0.0218796 -0.048879 0.0120636 -0.0205193 -0.0486211 0.0109414 -0.022611 -0.0491091 0.0109092 -0.022644 -0.0503302 0.0114437 -0.0218688 -0.0350003 6.02677e-13 -0.0129474 -0.0354625 2.41115e-13 -0.0113553 -0.0532801 3.26362e-10 -0.0248899 -0.035 0.0147758 -0.035 -0.0348852 0.014766 -0.0121601 -0.0558994 0.0149721 0.0171333 -0.0472173 0.0164491 0.00227502 -0.0356106 0.0159088 -0.0149001 -0.0465491 0.0160626 0.00275437 -0.072855 0.0150423 0.00694741 -0.0625761 0.0159581 -0.00856486 -0.0734488 0.0152187 0.012282 -0.0720492 0.0163535 0.0094552 -0.0689119 0.0155504 0.0189328 -0.0601476 0.0165 0.02002 -0.063098 0.0147923 -0.0088932 -0.0629209 0.0154279 -0.00878176 -0.0618474 0.0164102 -0.00810646 -0.0523432 0.0160067 -0.0252349 -0.052953 0.0149172 -0.0262937 -0.0566397 0.0115 0.00312192 -0.058032 0.0115 0.00262686 -0.0569236 0.0119238 0.00148531 -0.058538 0.0115 0.00100519 -0.0575671 4.33712e-07 7.26304e-06 -0.043 0.0086324 -0.0162991 -0.043 0.00985818 -0.0166333 -0.043 0.0108793 -0.0173376 -0.043 0.0115879 -0.0183856 -0.043 0.0119645 -0.0201277 -0.043 0.0115258 -0.0217308 -0.043 0.0108325 -0.0227146 -0.043 0.0100076 -0.0232751 -0.043 0.00805386 -0.0236958 -0.043 0.00662916 -0.0233661 -0.043 0.00551675 -0.0225138 -0.043 0.00458354 -0.0203377 -0.043 0.00477249 -0.0186479 -0.043 0.00550664 -0.0174707 -0.043 0.00695616 -0.0165277 -0.043 0.00889997 -0.0180511 -0.043 0.0101958 -0.0193159 -0.043 0.0100774 -0.0210431 -0.043 0.00883316 -0.0219754 -0.043 0.00693439 -0.0215183 -0.043 0.00681781 -0.018599 -0.0597774 -0.0155 0.00646523 -0.0634754 -0.0145 0.00489989 -0.0631956 -0.0165 0.00491522 -0.065799 -0.0165 0.0050824 -0.0686873 -0.0165 0.00690765 -0.0681493 -0.0145 0.00665404 -0.0703579 -0.0145 0.0113926 -0.0702925 -0.0165 0.0103812 -0.0692962 -0.0165 0.0146285 -0.0680039 -0.0145 0.0161547 -0.0657844 -0.0165 0.0175122 -0.0624062 -0.0145 0.0172986 -0.0626747 -0.0165 0.0175068 -0.0591446 -0.0155 0.0154979 -0.0583883 -0.0165 0.0144651 -0.0577421 -0.0145 0.0129256 -0.0576774 -0.0165 0.0127331 -0.0577083 -0.0165 0.0102264 -0.0577976 -0.0145 0.00989676 -0.0361896 -0.0165 -0.0133205 -0.0618029 -0.0164992 0.0175982 -0.0548158 -0.0165 0.00452055 -0.0537888 -0.0165 0.00342764 -0.0533945 -0.0165 0.00239949 -0.0561898 -0.0165 0.00516125 -0.0732683 -0.0165 0.0132615 -0.0538417 -0.0165 -0.000185842 -0.0594357 -0.0165 0.00415233 -0.0607058 -0.0165 0.00142303 -0.0598163 -0.0165 -0.000896432 -0.0586522 -0.0165 -0.00180367 -0.0559217 -0.0165 -0.00187253 -0.0513418 -0.0165 -0.035 -0.0564304 -2.66454e-18 0.0177942 -0.0591664 -3.55271e-18 0.0169901 -0.0577715 -3.55271e-18 0.0190809 -0.058096 -3.55271e-18 0.0158859 -0.0603469 -8.88178e-19 0.017823 -0.0589921 -3.55271e-18 0.019932 -0.0572111 -3.55271e-18 0.0143812 -0.0606311 -1.33227e-18 0.0206671 -0.0567661 -2.66454e-18 0.0131806 -0.0617622 0 0.0184246 -0.0636869 -6.66134e-19 0.0187383 -0.0565335 -1.77636e-18 0.011754 -0.0631036 -4.44089e-19 0.0212094 -0.035805 -9.77478e-14 -0.0108779 -0.0658795 -1.77636e-18 0.0210911 -0.0352964 -7.10543e-18 -0.0120329 -0.0353807 -0.010875 -0.011731 -0.0658603 -1.77636e-18 0.0185439 -0.0671439 -1.77636e-18 0.0207809 -0.0350072 -2.32444e-13 -0.0131894 -0.0672616 -1.77636e-18 0.0180339 -0.0693024 1.33227e-18 0.0197082 -0.0566545 -1.77636e-18 0.00996625 -0.056353 -1.77636e-18 0.00339783 -0.0551122 -1.77636e-18 0.00220013 -0.0576504 -2.88658e-18 0.00742748 -0.0688419 1.77636e-18 0.0169707 -0.071282 1.77636e-18 0.0181316 -0.0578664 -2.77556e-18 0.00337117 -0.0593795 -3.55271e-18 0.00540239 -0.0705301 1.77636e-18 0.0149424 -0.055188 -1.77636e-18 0.000722837 -0.0601851 -1.77636e-18 0.00484473 -0.0613213 0 0.00430269 -0.05885 -3.55271e-18 0.00233249 -0.0725178 0 0.0165057 -0.0734141 0 0.0146695 -0.0628964 0 0.00388242 -0.059003 -3.55271e-18 0.00114194 -0.071282 1.77636e-18 0.0130898 -0.064432 0 0.00381506 -0.0580585 -2.66454e-18 -0.000137864 -0.0659519 -1.77636e-18 0.00404887 -0.0739025 0 0.0124971 -0.0714787 1.77636e-18 0.0113339 -0.0739006 0 0.00990237 -0.0711527 1.77636e-18 0.00908504 -0.0734794 0 0.00809217 -0.0730106 8.88178e-19 0.00694388 -0.072477 1.77636e-18 0.0059625 -0.0698715 1.77636e-18 0.00664427 -0.0686112 1.77636e-18 0.00537059 -0.0674656 -8.88178e-19 0.00465411 -0.0537677 -1.77636e-18 -0.0237795 -0.0563244 -1.77636e-18 -0.000311886 -0.0533185 -2.24667e-10 -0.0247776 -0.035 -1.06581e-17 -0.035 -0.0530109 -4.19896e-10 -0.0260913 -0.053 0 -0.0264418 -0.053 -3.55271e-18 -0.035 -0.072477 -0.0145 0.0059625 -0.0728999 -0.0145 0.00672158 -0.0733618 -0.0145 0.0077387 -0.0738217 -0.0145 0.00953861 -0.0739295 -0.0145 0.012251 -0.0734953 -0.0145 0.0144348 -0.0726461 -0.0145 0.0162936 -0.071613 -0.0145 0.017762 -0.0701324 -0.0145 0.0191687 -0.0680654 -0.0145 0.0204121 -0.0661222 -0.0145 0.0210402 -0.0633505 -0.0145 0.0212289 -0.0609236 -0.0145 0.0207697 -0.0589921 -0.0145 0.019932 -0.0577715 -0.0145 0.0190809 -0.0562795 -1.02254e-11 0.0176631 -0.0559007 -0.0159922 0.0171351 -0.035 -0.0145 -0.0136079 -0.035 -0.00903307 -0.0180933 -0.035 -0.010249 -0.0193047 -0.035 -0.00638992 -0.0193182 -0.035 -0.00779938 -0.0179201 -0.035 -0.0145 -0.035 -0.035 -0.0102753 -0.0205733 -0.035 -0.00969086 -0.0215617 -0.035 -0.00851985 -0.0220909 -0.035 -0.00669295 -0.0213709 -0.0515512 -0.0164002 -0.035 -0.0504907 -0.0144536 -0.035 -0.0526431 -0.0154946 -0.035 -0.0495811 -0.0149787 -0.035 -0.053 -0.0148392 -0.0349999 -0.051033 -0.0133184 -0.035 -0.0473856 -0.014261 -0.035 -0.0367553 -0.0164844 -0.035 -0.049043 -0.0109762 -0.035 -0.0506156 -0.0117591 -0.035 -0.0355682 -0.015854 -0.035 -0.0350364 -0.014822 -0.035 -0.0478312 -0.0112852 -0.035 -0.053 -0.0145 -0.0264418 -0.05747 -0.0113435 -0.0178941 -0.0580236 -0.0104683 -0.017014 -0.0570768 -0.0116893 -0.0185192 -0.0583957 -0.00931826 -0.0164225 -0.0584327 -0.00754973 -0.0163637 -0.0537677 -0.0145 -0.0237795 -0.0563694 -0.0119616 -0.0196437 -0.0551148 -0.0115016 -0.0216381 -0.058138 -0.00626153 -0.0168322 -0.0542646 -0.0104575 -0.0229896 -0.0538602 -0.00910697 -0.0236326 -0.056496 -0.00455041 -0.0194425 -0.0572872 -0.00503217 -0.0181846 -0.0538436 -0.00759653 -0.0236589 -0.0543917 -0.00579616 -0.0227876 -0.055475 -0.0047182 -0.0210656 -0.0565346 -0.0145 0.0113339 -0.0567543 -0.0145 0.0094872 -0.0579632 -0.0145 0.00693682 -0.0594567 -0.0145 0.00534972 -0.0606773 -0.0145 0.00457668 -0.0618053 -0.0145 0.00413147 -0.0632669 -0.0145 0.00383599 -0.0652851 -0.0145 0.00393777 -0.0676075 -0.0145 0.00473535 -0.0686112 -0.0145 0.00537059 -0.0700857 -0.0145 0.00695005 -0.0711527 -0.0145 0.00908504 -0.0714642 -0.0145 0.0116828 -0.0711511 -0.0145 0.0135378 -0.0704703 -0.0145 0.0150693 -0.06923 -0.0145 0.0166359 -0.0676781 -0.0145 0.017823 -0.0662628 -0.0145 0.0184246 -0.0639887 -0.0145 0.0187429 -0.0618991 -0.0145 0.0184547 -0.0601851 -0.0145 0.0177295 -0.0590995 -0.0145 0.0169248 -0.0575095 -0.0145 0.0149607 -0.0567774 -0.0145 0.0131776 -0.0471666 -0.0120661 -0.0211797 -0.0468498 -0.0126357 -0.035 -0.0487978 -0.0131447 -0.0204098 -0.0473277 -0.0142208 -0.021 -0.0486994 -0.0151384 -0.0349993 -0.0501586 -0.0147145 -0.021 -0.05094 -0.0136883 -0.021 -0.048765 -0.0119466 -0.0206026 -0.0507845 -0.0120215 -0.0213037 -0.0495643 -0.0110462 -0.022486 -0.0486211 -0.0109414 -0.022611 -0.0479698 -0.0111945 -0.0223082 -0.0366201 -0.0165 -0.035 -0.035666 -0.0159719 -0.02163 -0.0350818 -0.0151526 -0.0118859 -0.0434265 -0.0146837 -0.000270664 -0.0460732 -0.0153253 0.0030958 -0.0463571 -0.0158658 0.00289211 -0.0466448 -0.0161657 0.00268573 -0.0478419 -0.0164432 0.00314329 -0.0616929 -0.0154586 0.0204422 -0.0687561 -0.0154879 0.0191286 -0.0736662 -0.0150254 0.00955889 -0.0721366 -0.0159268 0.00721145 -0.0589405 -0.0163672 -0.0130227 -0.0615297 -0.01579 -0.0105011 -0.0630261 -0.0151489 -0.00884794 -0.0654518 -0.0146897 -0.00518492 -0.0525586 -0.0158374 -0.0254445 -0.043 -0.00782416 -0.0163191 -0.043 -0.00630205 -0.016812 -0.043 -0.00514062 -0.0180057 -0.043 -0.00457774 -0.0192814 -0.043 -0.00466797 -0.0209484 -0.043 -0.00552021 -0.0225082 -0.043 -0.00757483 -0.023579 -0.043 -0.00981107 -0.0233759 -0.043 -0.0109076 -0.0226252 -0.043 -0.0118095 -0.0210019 -0.043 -0.0118947 -0.0191921 -0.043 -0.0114997 -0.0181508 -0.043 -0.010752 -0.017245 -0.043 -0.00937269 -0.0164396 -0.043 -0.00880953 -0.018007 -0.043 -0.00701064 -0.0183641 -0.043 -0.00643251 -0.0205914 -0.043 -0.00841813 -0.022099 -0.043 -0.00974146 -0.0214911 -0.043 -0.0103264 -0.0203107 -0.043 -0.0100944 -0.0189235 -0.0550915 -0.0125 0.00209171 -0.056426 -0.0125 0.0033937 -0.0582658 -0.0125 0.00304782 -0.0590219 -0.0125 0.00187704 -0.0586349 -0.0125 0.000454423 -0.056851 -0.0125 -0.000435432 -0.0556701 -0.0125 1.99557e-05 -0.0551312 -0.0125 0.000789662 -0.0549528 -0.0125 -0.00151951 -0.0577783 -0.0125 -0.00202294 -0.0535261 -0.0125 0.000574172 -0.0534892 -0.0125 0.00269752 -0.0600747 -0.0125 -0.000494906 -0.0554943 -0.0125 0.00476839 -0.0606713 -0.0125 0.00190151 -0.0587996 -0.0125 0.00467204 -0.0686957 0.0145 0.00543722 -0.0686957 -0.0145 0.00543722 -0.0694544 0.0145 0.00612958 -0.0694544 -0.0145 0.00612958 -0.0699409 0.0145 0.00669705 -0.0702251 -0.0145 0.00712485 -0.0705092 0.0145 0.00755265 -0.0708902 0.0145 0.00830187 -0.0708902 -0.0145 0.00830187 -0.0711533 0.0145 0.00900151 -0.0711773 -0.0145 0.00909186 -0.0713064 0.0145 0.00954099 -0.0714497 0.0145 0.0103695 -0.0714497 -0.0145 0.0103695 -0.0714951 0.0145 0.0115813 -0.0715061 -0.0145 0.0113013 -0.071315 0.0145 0.0129685 -0.0714203 -0.0145 0.012418 -0.071169 -0.0145 0.0135094 -0.0709432 0.0145 0.0141227 -0.0706264 -0.0145 0.0147987 -0.0702439 0.0145 0.0154398 -0.0698624 -0.0145 0.0159704 -0.0694961 0.0145 0.0163944 -0.0693041 -0.0145 0.0165988 -0.0686736 0.0145 0.0171547 -0.0685258 -0.0145 0.0172691 -0.067499 0.0145 0.0179143 -0.067499 -0.0145 0.0179143 -0.0658891 -0.0145 0.0185259 -0.0661168 0.0145 0.0184737 -0.0647903 0.0145 0.0187316 -0.0643718 -0.0145 0.0187721 -0.0635313 0.0145 0.0187693 -0.0635313 -0.0145 0.0187693 -0.0625138 0.0145 0.0186293 -0.0625138 -0.0145 0.0186293 -0.0614362 -0.0145 0.0183239 -0.0614362 0.0145 0.0183239 -0.0606627 0.0145 0.0179949 -0.0606627 -0.0145 0.0179949 -0.0597058 -0.0145 0.0174131 -0.0597058 0.0145 0.0174131 -0.0586382 0.0145 0.0165092 -0.0587701 -0.0145 0.0166417 -0.0581985 -0.0145 0.016025 -0.0580306 0.0145 0.0158005 -0.0576644 -0.0145 0.0152592 -0.0574662 0.0145 0.0149424 -0.0571348 0.0145 0.0142724 -0.0571348 -0.0145 0.0142724 -0.0567952 0.0145 0.013303 -0.0567952 -0.0145 0.013303 -0.0566005 0.0145 0.01239 -0.0565753 -0.0145 0.0122048 -0.0565189 0.0145 0.011273 -0.0565216 -0.0145 0.0110861 -0.0566047 0.0145 0.0101563 -0.0566047 -0.0145 0.0101563 -0.056856 -0.0145 0.00906486 -0.0569137 0.0145 0.00888705 -0.0572233 0.0145 0.00810564 -0.0572233 -0.0145 0.00810564 -0.0577811 0.0145 0.00713446 -0.0577811 -0.0145 0.00713446 -0.058658 0.0145 0.00604467 -0.058658 -0.0145 0.00604467 -0.0593514 0.0145 0.00541961 -0.0596928 -0.0145 0.00517439 -0.0603204 0.0145 0.00477077 -0.060774 -0.0145 0.00452949 -0.0616393 0.0145 0.00417927 -0.0618173 -0.0145 0.00412228 -0.0627252 0.0145 0.00390495 -0.0629097 -0.0145 0.00387513 -0.0638398 0.0145 0.00379553 -0.0640267 -0.0145 0.00379355 -0.0648661 0.0145 0.00383821 -0.0651434 -0.0145 0.00387937 -0.0656938 0.0145 0.00398458 -0.0662349 -0.0145 0.00413066 -0.0668052 0.0145 0.0043376 -0.0676451 -0.0145 0.00474402 -0.0680135 0.0145 0.00494623 -0.0599945 -0.0145 0.00643289 -0.0657954 -0.0145 0.00533693 -0.0692698 -0.0145 0.00759449 -0.0576616 -0.0145 0.0103283 -0.0577911 -0.0145 0.0130666 -0.0703712 -0.0145 0.01119 -0.0692781 -0.0145 0.0149652 -0.0592119 -0.0145 0.0155336 -0.0622819 -0.0145 0.0174287 -0.0660929 -0.0145 0.0173359 -0.0664795 -0.0192084 0.0056639 -0.0698591 -0.0191644 0.00945346 -0.0687585 -0.0184458 0.0154057 -0.0592506 -0.0191418 0.0152925 -0.0675036 -0.0266188 0.00688306 -0.0663605 -0.023388 0.0166524 -0.0698616 -0.020563 0.0131171 -0.0644434 -0.0179585 0.0175543 -0.0582396 -0.0229251 0.0100669 -0.0606797 -0.0292725 0.00710529 -0.06131 -0.0195455 0.0168696 -0.059114 -0.0192711 0.00750271 -0.0579939 -0.0200318 0.0125358 -0.0620155 -0.0191663 0.00550166 -0.0691904 -0.0294485 0.0104824 -0.0676558 -0.0293822 0.015206 -0.0633297 -0.0295684 0.01665 -0.0602116 -0.0295684 0.0151632 -0.0587421 -0.0296092 0.0120232 -0.0646285 -0.0294273 0.00593826 -0.0632482 -0.0299 0.00636073 -0.0621961 -0.0299 0.00663331 -0.0644558 -0.0299 0.00632553 -0.0657871 -0.0299 0.00662096 -0.061285 -0.0299 0.00713176 -0.0601545 -0.0299 0.00811881 -0.0669282 -0.0299 0.00724778 -0.0594976 -0.0299 0.0091714 -0.0678967 -0.0299 0.00816199 -0.0591091 -0.0299 0.0103497 -0.0685768 -0.0299 0.00927222 -0.0688985 -0.0299 0.0102772 -0.0590492 -0.0299 0.0116343 -0.0593776 -0.0299 0.013079 -0.0689612 -0.0299 0.0118228 -0.0601008 -0.0299 0.0143945 -0.0685905 -0.0299 0.0132608 -0.0681349 -0.0299 0.0141091 -0.060997 -0.0299 0.0152526 -0.062493 -0.0299 0.0160246 -0.0673188 -0.0299 0.0150007 -0.0637233 -0.0299 0.016268 -0.0655981 -0.0299 0.015986 -0.0677539 -0.0496 0.00799782 -0.0684872 -0.0496 0.00907364 -0.0688857 -0.0496 0.0103583 -0.0689492 -0.0496 0.0120092 -0.0685905 -0.0496 0.0132608 -0.0681349 -0.0496 0.0141091 -0.0673188 -0.0496 0.0150007 -0.0661138 -0.0496 0.0158156 -0.0646669 -0.0496 0.0162144 -0.0631987 -0.0496 0.0162063 -0.0620075 -0.0496 0.015859 -0.0609452 -0.0496 0.015218 -0.0600651 -0.0496 0.0143434 -0.0593694 -0.0496 0.0130658 -0.0590464 -0.0496 0.0112929 -0.0592268 -0.0496 0.00986618 -0.0595622 -0.0496 0.00903004 -0.0601545 -0.0496 0.00811881 -0.061285 -0.0496 0.00713176 -0.0621961 -0.0496 0.00663331 -0.0632482 -0.0496 0.00636073 -0.0643329 -0.0496 0.00630519 -0.0654016 -0.0496 0.00649922 -0.0666182 -0.0496 0.00704115 -0.0671969 -0.049975 0.00849621 -0.0678657 -0.049975 0.0134333 -0.064655 -0.0499125 0.0157795 -0.061155 -0.049975 0.0146758 -0.0596549 -0.049975 0.010814 -0.0621952 -0.0499437 0.00724886 -0.064103 -0.0501 0.00792917 -0.0656312 -0.0501 0.00832928 -0.0619827 -0.0501 0.00864258 -0.0667525 -0.0501 0.00932566 -0.0607962 -0.0501 0.0102944 -0.060804 -0.0501 0.0122488 -0.0673302 -0.0501 0.0106769 -0.0672463 -0.0501 0.0121709 -0.061483 -0.0501 0.0135248 -0.0664802 -0.0501 0.0136005 -0.063286 -0.0501 0.0144711 -0.0656052 -0.0501 0.0142696 -0.0622555 -0.0401 0.0141695 -0.0640954 -0.0401 0.0146269 -0.0649685 -0.0393412 0.0107735 -0.0659926 -0.0401 0.0139965 -0.0669133 -0.0401 0.0130179 -0.0673207 -0.0401 0.0110342 -0.0667525 -0.0401 0.00932566 -0.0626053 -0.0393628 0.0115109 -0.0649135 -0.0401 0.00813984 -0.0622501 -0.0401 0.00844286 -0.0610354 -0.0401 0.00973042 -0.060661 -0.0401 0.0113112 -0.0611789 -0.0401 0.0131158 -0.0695183 0.0145 0.00805392 -0.0702797 0.0145 0.0123249 -0.0661634 0.0145 0.00532519 -0.0679815 0.0145 0.0162095 -0.0610796 0.0145 0.00565209 -0.0581642 0.0145 0.00868126 -0.0633036 0.0145 0.0175121 -0.0590832 0.0145 0.0153093 -0.0644753 0.020137 0.00521705 -0.0610741 0.0195879 0.00586238 -0.0575962 0.0155408 0.0117958 -0.0590652 0.0185733 0.0151235 -0.0694149 0.0186064 0.0144274 -0.0694078 0.0184388 0.00804204 -0.0678553 0.0195181 0.00646739 -0.0654929 0.029247 0.00605334 -0.0612264 0.0294434 0.00676074 -0.0591446 0.0261151 0.00860592 -0.0581221 0.0190213 0.00927912 -0.058733 0.0263866 0.0130906 -0.0641675 0.0218974 0.0172092 -0.0612202 0.0197976 0.0168047 -0.067257 0.0274112 0.0158307 -0.0692695 0.0289375 0.0127937 -0.0679296 0.0293184 0.00748747 -0.0673625 0.0165612 0.0165699 -0.0701158 0.0202287 0.0118691 -0.0694339 0.0274 0.00989076 -0.0608922 0.0279169 0.0159137 -0.0643928 0.0292287 0.0166768 -0.0688425 0.0299 0.010067 -0.0690017 0.0299 0.0112654 -0.0688809 0.0299 0.012408 -0.0683713 0.0299 0.00885334 -0.0679242 0.0299 0.00817976 -0.0684968 0.0299 0.0134571 -0.0671523 0.0299 0.00741476 -0.0658923 0.0299 0.0066933 -0.0676675 0.0299 0.0146698 -0.0645815 0.0299 0.00632118 -0.0664701 0.0299 0.0156246 -0.0632949 0.0299 0.00635985 -0.0650943 0.0299 0.0161391 -0.0617057 0.0299 0.00686939 -0.0637855 0.0299 0.016272 -0.0625637 0.0299 0.0160573 -0.0606489 0.0299 0.00760226 -0.0614849 0.0299 0.0155842 -0.0604157 0.0299 0.0147178 -0.0596355 0.0299 0.00892831 -0.0591068 0.0299 0.010444 -0.0596207 0.0299 0.0136681 -0.059146 0.0299 0.0122768 -0.0654031 0.0496 0.0064948 -0.063821 0.0496 0.00632647 -0.0619958 0.0496 0.0067194 -0.0609899 0.0496 0.00733234 -0.0598256 0.0496 0.00862633 -0.0590927 0.0496 0.0105676 -0.0591276 0.0496 0.0121381 -0.0596537 0.0496 0.0137209 -0.0604544 0.0496 0.0147665 -0.0613485 0.0496 0.0155091 -0.062268 0.0496 0.0159614 -0.0634442 0.0496 0.0162469 -0.0643449 0.0496 0.016266 -0.0655026 0.0496 0.0160446 -0.0666304 0.0496 0.0155298 -0.0679351 0.0496 0.0143292 -0.0688528 0.0496 0.0124972 -0.0689929 0.0496 0.0111723 -0.0687615 0.0496 0.00981646 -0.0681455 0.0496 0.00848072 -0.0674806 0.0496 0.00770035 -0.0665651 0.0496 0.00700946 -0.063795 0.0500375 0.00694795 -0.0611294 0.0499125 0.00807462 -0.060281 0.049975 0.0131507 -0.0640508 0.0499125 0.0158361 -0.0677961 0.0499437 0.0135414 -0.067843 0.0499594 0.00930097 -0.0673201 0.0501 0.0107428 -0.0661434 0.0501 0.00877377 -0.0672812 0.0501 0.0121585 -0.0664298 0.0501 0.0136099 -0.0639363 0.0501 0.00794972 -0.0618444 0.0501 0.00874186 -0.0645853 0.0501 0.0145759 -0.0627184 0.0501 0.0143948 -0.0607467 0.0501 0.0104817 -0.0609856 0.0501 0.0125509 -0.0653335 0.0392709 0.0117716 -0.0659818 0.0401 0.00859576 -0.0672297 0.0401 0.0104171 -0.0671709 0.0401 0.012293 -0.0658156 0.0401 0.0140972 -0.062948 0.0393875 0.0112271 -0.0638457 0.0401 0.0146231 -0.0617475 0.0401 0.0137713 -0.0607672 0.0401 0.0118337 -0.0611958 0.0401 0.00947988 -0.0626518 0.0401 0.00820402 -0.0639344 0.0401 0.00791833 -0.0662712 0.0516 0.0108061 -0.0693436 0.0516 0.0141999 -0.0647253 0.0516 0.00909047 -0.0655585 0.0516 0.0130027 -0.0604564 0.0516 0.0123601 -0.0624665 0.0516 0.00957154 -0.0666178 0.0516 0.00668406 -0.0632998 0.0516 0.0134838 -0.0617538 0.0516 0.0117682 -0.0666357 0.0501 0.00947524 -0.0670175 0.0501 0.0126259 -0.0654779 0.0501 0.0142656 -0.0640405 0.0501 0.00797897 -0.0622138 0.0501 0.00846955 -0.0628822 0.0501 0.0142871 -0.0608848 0.0501 0.0101811 -0.0633706 0.0501 0.0135926 -0.0607785 0.0501 0.0120345 -0.0642665 0.0507281 0.0174971 -0.0689029 0.0507687 0.0154297 -0.0704066 0.05085 0.0115037 -0.0688446 0.0507687 0.00731662 -0.0647794 0.0508906 0.00505023 -0.0595015 0.0509313 0.00680865 -0.0575794 0.05085 0.011003 -0.0594929 0.0509719 0.0155532 -0.0617538 0.0466 0.0117682 -0.0632998 0.0466 0.0134838 -0.0624665 0.0466 0.00957154 -0.0647253 0.0466 0.00909047 -0.0662712 0.0466 0.0108061 -0.0655585 0.0466 0.0130027 -0.0621517 0.0422 0.0140075 -0.0608058 0.0422 0.0119796 -0.0610291 0.0422 0.00982054 -0.0623303 0.0422 0.00839026 -0.0647217 0.0422 0.00812755 -0.0668538 0.0422 0.00954654 -0.0672246 0.0422 0.0119079 -0.0661041 0.0422 0.0138714 -0.0644597 0.0422 0.014565 -0.0635891 0.0421 0.0112409 -0.0655585 -0.0516 0.0130027 -0.0688338 -0.0516 0.0144341 -0.0632998 -0.0516 0.0134838 -0.0662712 -0.0516 0.0108061 -0.0617514 -0.0516013 0.0117607 -0.0647253 -0.0516 0.00909047 -0.0602256 -0.0516 0.0150525 -0.0624665 -0.0516 0.00957154 -0.0650706 -0.0501 0.0144564 -0.0666827 -0.0501 0.0132346 -0.0675971 -0.0501 0.0152155 -0.0673079 -0.0501 0.0109957 -0.0629014 -0.0501 0.0143769 -0.061151 -0.0501 0.013015 -0.0666112 -0.0501 0.00919726 -0.0683119 -0.0501 0.00716949 -0.0607297 -0.0501 0.0111326 -0.0655913 -0.0501 0.00831487 -0.0645618 -0.0501 0.00796988 -0.0611769 -0.0501 0.00949765 -0.0633276 -0.0501 0.0080461 -0.0607707 -0.0501 0.0068173 -0.0676025 -0.0506875 0.00591934 -0.0698999 -0.0509516 0.00873485 -0.070222 -0.0506875 0.0125961 -0.0677693 -0.0509719 0.0163103 -0.0627622 -0.0509313 0.0175057 -0.059267 -0.050475 0.0154093 -0.057798 -0.0509313 0.0107901 -0.0603676 -0.05085 0.00610572 -0.0641516 -0.0509313 0.004909 -0.0624665 -0.0466 0.00957154 -0.0647253 -0.0466 0.00909047 -0.0617538 -0.0466 0.0117682 -0.0632998 -0.0466 0.0134838 -0.0655585 -0.0466 0.0130027 -0.0662712 -0.0466 0.0108061 -0.0651265 -0.0422 0.0081246 -0.0640616 -0.0422 0.00792507 -0.0620742 -0.0422 0.00871453 -0.060766 -0.0422 0.0108095 -0.0609984 -0.0422 0.0127775 -0.062751 -0.0422 0.0142411 -0.0650533 -0.0422 0.0144713 -0.0667722 -0.0422 0.0130638 -0.0673079 -0.0422 0.0109957 -0.0663757 -0.0422 0.00895386 -0.0645259 -0.0421 0.0110682 -0.0556446 -0.0165 0.00259222 -0.0554169 -0.0165 0.000875196 -0.0536283 -0.0151781 0.00104448 -0.0572454 -0.0165 0.00325361 -0.0567901 -0.0165 -0.00018045 -0.0586185 -0.0165 0.00219796 -0.0583909 -0.0165 0.000480933 -0.0574298 -0.0165 0.00151944 -0.0554932 -0.0125 0.00194402 -0.0562474 -0.0125 0.00295922 -0.0555736 -0.0125 0.000784442 -0.0562831 -0.0125 0.000101003 -0.0572535 -0.0125 0.00315869 -0.0580489 -0.0125 0.00278101 -0.0574027 -0.0125 -4.66888e-05 -0.0585484 -0.0125 0.00209652 -0.05843 -0.0125 0.000846895 -0.0562711 -0.0125 0.00102975 -0.0600821 -0.0145 0.00260672 -0.0568804 -0.0147375 0.00493402 -0.0543515 -0.0145 0.00356857 -0.054373 -0.0145 -0.000637831 -0.057459 -0.0142625 -0.00174167 -0.0597012 -0.0145 -0.000557946 -0.0583909 -0.0135 0.000480933 -0.0567901 -0.0135 -0.00018045 -0.0554169 -0.0135 0.000875196 -0.0556446 -0.0135 0.00259222 -0.057932 -0.0135 0.00272578 -0.0585571 0.0024 0.00124746 -0.0578892 0.0024 0.000151961 -0.0571045 0.0024 -7.70605e-05 -0.0559693 0.0024 0.000325586 -0.0554106 0.0024 0.00142519 -0.0557992 0.0024 0.00259892 -0.0563328 0.0024 0.00303196 -0.0570252 0.0024 0.00316075 -0.0581946 0.0024 0.00261305 -0.0571812 0.0025 0.00163738 -0.047 0.00713749 -0.0189939 -0.047 0.00941179 -0.0187154 -0.047 0.00708821 -0.0212846 -0.047 0.00994341 -0.0203638 -0.047 0.00883624 -0.0213306 -0.043 0.00783378 -0.0184941 -0.043 0.00675612 -0.0193473 -0.043 0.00909601 -0.0186018 -0.043 0.00664913 -0.0203057 -0.043 0.0068173 -0.0202407 -0.043 0.00972885 -0.019353 -0.043 0.00703661 -0.0210914 -0.043 0.00809936 -0.0215908 -0.043 0.00985667 -0.0202762 -0.043 0.00939927 -0.0211184 -0.0448813 0.0105024 -0.0177141 -0.045 0.00649536 -0.0171011 -0.045 0.00493813 -0.0191172 -0.0448813 0.00572719 -0.0220568 -0.0452375 0.0083591 -0.0233961 -0.0452375 0.0110334 -0.0218121 -0.044 0.00878162 -0.0216484 -0.044 0.00708821 -0.0212846 -0.044 0.00655659 -0.0196362 -0.044 0.00771838 -0.0183515 -0.044 0.0096776 -0.0195396 -0.0281 0.00958884 -0.020894 -0.0281 0.00875351 -0.0215541 -0.0281 0.00759156 -0.0214511 -0.0281 0.0067699 -0.0206219 -0.0281 0.00665135 -0.0196947 -0.0281 0.00738948 -0.0186972 -0.0281 0.00863189 -0.0184002 -0.0281 0.00907797 -0.018583 -0.0281 0.00957421 -0.0190488 -0.0281 0.0098701 -0.0198343 -0.028 0.00792298 -0.0199155 -0.047 -0.00941179 -0.0187154 -0.047 -0.00994341 -0.0203638 -0.047 -0.00771838 -0.0183515 -0.047 -0.00878162 -0.0216484 -0.047 -0.00655659 -0.0196362 -0.047 -0.00708821 -0.0212846 -0.047 -0.00903419 -0.0202846 -0.043 -0.00975154 -0.019481 -0.043 -0.00830704 -0.0202328 -0.043 -0.00875272 -0.0184676 -0.043 -0.00964819 -0.0208208 -0.043 -0.00776458 -0.0184909 -0.043 -0.00875239 -0.021526 -0.043 -0.00686693 -0.0191203 -0.043 -0.00788894 -0.0215816 -0.043 -0.00663537 -0.0198612 -0.043 -0.00691196 -0.0209187 -0.045 -0.00558611 -0.0179684 -0.045 -0.00818296 -0.01666 -0.0452375 -0.0112094 -0.0190377 -0.045 -0.0105375 -0.0225217 -0.0450062 -0.00869165 -0.0234252 -0.045 -0.00708959 -0.0232575 -0.0452375 -0.00508485 -0.0208695 -0.044 -0.00708821 -0.0212846 -0.044 -0.00878162 -0.0216484 -0.044 -0.00994341 -0.0203638 -0.044 -0.00941179 -0.0187154 -0.044 -0.00713749 -0.0189939 -0.0281 -0.00664135 -0.019953 -0.0281 -0.00711318 -0.0211322 -0.0281 -0.0080469 -0.0216201 -0.0281 -0.00911217 -0.0213536 -0.0281 -0.00983531 -0.0202441 -0.0281 -0.00933284 -0.0188507 -0.0281 -0.00836133 -0.0183673 -0.0281 -0.00764128 -0.0185074 -0.0281 -0.0068516 -0.0191543 -0.028 -0.00797797 -0.0200683 -0.0728856 -0.034 -0.05 -0.109195 -0.0339998 -0.05 -0.111241 -0.0328244 -0.05 -0.0786484 -0.0182642 -0.05 -0.0787448 0.0175547 -0.05 -0.0721775 0.034 -0.05 -0.114 0.0289621 -0.05 -0.109142 0.0339998 -0.05 0.0346242 -0.0176001 -0.0299999 0.0361 0 -0.03 0.0362468 0.0181187 -0.0300021 -0.0540999 -0.0175999 -0.03 -0.0526299 0.0176 -0.03 -0.0465612 -0.0125096 -0.04 -0.0466371 -0.0122054 -0.035 -0.0476568 -0.0108996 -0.035 -0.0479293 -0.0107448 -0.04 -0.0500384 -0.0108533 -0.035 -0.0504103 -0.0110605 -0.04 -0.0514741 -0.0130285 -0.035 -0.0514882 -0.0126715 -0.04 -0.0510031 -0.0144542 -0.04 -0.0507237 -0.0147673 -0.035 -0.0490438 -0.0153732 -0.04 -0.048432 -0.0153985 -0.035 -0.0469932 -0.0144361 -0.04 -0.046734 -0.0140081 -0.035 0.0324254 -0.0125797 -0.035 0.0313958 -0.010963 -0.035 0.031325 -0.0109855 -0.04 0.0291171 -0.0107036 -0.035 0.0276952 -0.0125704 -0.035 0.0287655 -0.0109651 -0.04 0.0278296 -0.0137921 -0.04 0.028083 -0.0146332 -0.035 0.0295543 -0.0154302 -0.035 0.030615 -0.0153275 -0.04 0.0317011 -0.0147603 -0.035 0.0323086 -0.0137907 -0.04 0.032441 0.0134056 -0.04 0.0322871 0.0134627 -0.035 0.030999 0.0152463 -0.04 0.0305893 0.0153477 -0.035 0.0286271 0.0149342 -0.04 0.02864 0.0150234 -0.035 0.0274895 0.0132627 -0.035 0.0277312 0.0119417 -0.035 0.0275654 0.0127207 -0.04 0.0290366 0.0107475 -0.04 0.029029 0.0107635 -0.035 0.0310562 0.0107254 -0.035 0.0315602 0.0111565 -0.04 0.00230236 0.0138176 -0.035 0.00158825 0.0147807 -0.04 -0.00077266 0.0152692 -0.04 0.000707806 0.0154168 -0.035 0 0.0155492 -0.035 -0.000957548 0.0152963 -0.035 -0.00245199 0.0130653 -0.04 -0.00238671 0.0129709 -0.035 -0.00165112 0.0110814 -0.035 -0.00132638 0.0109048 -0.04 -0.000494739 0.0105298 -0.035 0.00118005 0.0108616 -0.04 0.00130975 0.0109247 -0.035 0.00237829 0.0123066 -0.04 0.00240121 0.012227 -0.035 0.00170132 -0.0112999 -0.035 0.00194762 -0.011648 -0.04 -0.000698258 -0.0106122 -0.04 -0.000610645 -0.0105748 -0.035 -0.0016357 -0.0110688 -0.035 -0.00244519 -0.0129169 -0.035 -0.00225815 -0.0123153 -0.04 -0.00184749 -0.0146882 -0.035 -0.00156759 -0.0149141 -0.04 -0.000383109 -0.0154719 -0.035 0.000504788 -0.0154388 -0.04 0.00116099 -0.0151973 -0.035 0.00218791 -0.0140863 -0.04 0.00242139 -0.0135882 -0.035 -0.0276847 -0.0121198 -0.04 -0.0282361 -0.0111688 -0.035 -0.0290697 -0.0106887 -0.04 -0.0295164 -0.0105403 -0.035 -0.0309915 -0.0107908 -0.04 -0.0310455 -0.0107421 -0.035 -0.0322826 -0.011901 -0.035 -0.0324623 -0.0129163 -0.04 -0.0323607 -0.0135863 -0.035 -0.0318107 -0.0147069 -0.04 -0.0310479 -0.0152951 -0.035 -0.0301605 -0.0154406 -0.04 -0.029645 -0.0154763 -0.035 -0.0285169 -0.0150627 -0.035 -0.0277938 -0.0141787 -0.04 -0.0278039 -0.0142454 -0.035 -0.0276094 -0.0124964 -0.035 -0.0275888 0.0132728 -0.035 -0.0285326 0.014816 -0.04 -0.0288137 0.0152083 -0.035 -0.0298033 0.0155216 -0.035 -0.0309812 0.0153169 -0.035 -0.0312642 0.0149789 -0.04 -0.0321578 0.0143292 -0.035 -0.0324182 0.0126072 -0.035 -0.0324616 0.0132685 -0.04 -0.0319485 0.0114619 -0.04 -0.0307337 0.0106504 -0.035 -0.0300813 0.0105291 -0.04 -0.0291517 0.0106216 -0.035 -0.0284703 0.0109806 -0.04 -0.0282683 0.0111336 -0.035 -0.0279798 0.0114498 -0.035 -0.0276575 0.0121122 -0.04 -0.0467178 0.0140065 -0.035 -0.0469059 0.014322 -0.04 -0.0476052 0.0150807 -0.035 -0.0486279 0.0154502 -0.04 -0.0494754 0.0154068 -0.035 -0.0503968 0.0150972 -0.04 -0.050941 0.0146126 -0.035 -0.051446 0.0135041 -0.04 -0.0514878 0.0132556 -0.035 -0.0531 0.016833 -0.035 -0.0509921 0.0115081 -0.04 -0.0500868 0.010865 -0.035 -0.0491554 0.0105627 -0.04 -0.0484719 0.0105575 -0.035 -0.0469065 0.0119028 -0.04 -0.0469391 0.0117645 -0.035 -0.12 0.028 -0.074 -0.12 0.028 -0.056 -0.119964 0.0288825 -0.056 -0.119964 0.0288825 -0.074 -0.11956 0.0311232 -0.074 -0.119607 0.0309834 -0.056 -0.118954 0.0328556 -0.056 -0.118775 0.0332591 -0.074 -0.118135 0.034418 -0.056 -0.117748 0.034955 -0.074 -0.117212 0.0356544 -0.056 -0.116272 0.0366883 -0.074 -0.115836 0.0370838 -0.056 -0.114669 0.0379996 -0.0559917 -0.112724 0.0390202 -0.056 -0.112317 0.0391925 -0.074 -0.11077 0.0396656 -0.056 -0.111056 0.0395941 -0.074 -0.109322 0.039917 -0.074 -0.109029 0.0399459 -0.056 -0.108 0.04 -0.074 -0.108 0.04 -0.056 -0.12 -0.028 -0.056 -0.12 -0.028 -0.074 -0.108883 -0.0399639 -0.074 -0.108 -0.04 -0.074 -0.10873 -0.04 -0.056 -0.110032 -0.0397505 -0.0745178 -0.110628 -0.0397049 -0.056 -0.111621 -0.0394302 -0.074 -0.112312 -0.0391791 -0.056 -0.113259 -0.0387751 -0.074 -0.113913 -0.0384379 -0.056 -0.114908 -0.0378081 -0.056 -0.114783 -0.0378868 -0.074 -0.115942 -0.0369822 -0.056 -0.11616 -0.0367845 -0.074 -0.117446 -0.0353717 -0.056 -0.117748 -0.034955 -0.074 -0.118438 -0.033913 -0.056 -0.118715 -0.0333937 -0.074 -0.119182 -0.0324055 -0.0558889 -0.119787 -0.0301946 -0.074 -0.11973 -0.0304833 -0.056 -0.119964 -0.0288825 -0.056 -0.119964 -0.0288825 -0.074 0.108 -0.04 -0.074 0.12 -0.028 -0.074 0.12 -0.028 -0.056 0.119964 -0.0288825 -0.074 0.119964 -0.0288825 -0.056 0.119787 -0.0301946 -0.074 0.11973 -0.0304833 -0.056 0.119252 -0.0321037 -0.074 0.119179 -0.0323122 -0.056 0.118359 -0.0340374 -0.074 0.118208 -0.0342899 -0.056 0.117212 -0.0356544 -0.074 0.117361 -0.0354921 -0.056 0.11616 -0.0367845 -0.056 0.11572 -0.0371744 -0.074 0.11441 -0.038123 -0.056 0.114037 -0.0383591 -0.074 0.112861 -0.0389672 -0.074 0.112861 -0.0389672 -0.056 0.111621 -0.0394302 -0.056 0.111196 -0.0395479 -0.074 0.109023 -0.04 -0.056 0.109322 -0.039917 -0.074 0.12 0.028 -0.056 0.12 0.028 -0.074 0.108 0.04 -0.074 0.108504 0.04 -0.056 0.109453 0.0398489 -0.0743757 0.110292 0.0397891 -0.0559504 0.11171 0.0394149 -0.0559676 0.111763 0.0393909 -0.074 0.112861 0.0389672 -0.056 0.112861 0.0389672 -0.074 0.113913 0.0384379 -0.056 0.11429 0.0382078 -0.074 0.114667 0.0379776 -0.056 0.115492 0.0373611 -0.074 0.11572 0.0371744 -0.056 0.117015 0.0359421 -0.0559998 0.117638 0.0351484 -0.056 0.118135 0.034418 -0.074 0.118135 0.034418 -0.056 0.118775 0.0332591 -0.074 0.118954 0.0328556 -0.056 0.119391 0.031763 -0.074 0.119483 0.0314834 -0.056 0.11973 0.0304833 -0.074 0.119787 0.0301946 -0.056 0.119964 0.0288825 -0.074 0.119964 0.0288825 -0.056 0.114 -0.034 -0.08 0.111406 0.0329649 -0.0799524 -0.114 0.034 -0.08 0.0332164 -0.0161372 -0.08 0.0325789 -0.016683 -0.08 0.0338747 -0.0152693 -0.08 0.0321515 -0.0169508 -0.08 0.0342055 -0.0145904 -0.08 0.0316947 -0.0171645 -0.08 0.0310551 -0.0173706 -0.08 0.034399 -0.013918 -0.08 0.0305595 -0.0174651 -0.08 0.0344944 -0.0132243 -0.08 0.0302242 -0.017493 -0.08 0.0344972 -0.0128878 -0.08 0.0297758 -0.017493 -0.08 0.0344012 -0.0119954 -0.08 0.0330598 0.00970229 -0.08 0.0333851 -0.0100498 -0.08 0.0335128 0.0101987 -0.08 0.0328469 -0.00952 -0.08 0.0340341 -0.0110263 -0.08 0.0325789 0.00931695 -0.08 0.0322965 -0.00913456 -0.08 0.0339215 0.0108006 -0.08 0.0319494 0.00895194 -0.08 0.0315903 -0.00879449 -0.08 0.031326 0.00870126 -0.08 0.0342131 0.0114366 -0.08 0.0308624 -0.00859328 -0.08 0.0344449 0.0123582 -0.08 0.0305857 0.00855158 -0.08 0.0344972 0.0131122 -0.08 0.0295526 0.00852932 -0.08 0.029776 -0.00851258 -0.08 0.0288913 -0.00864593 -0.08 0.0344248 0.0137802 -0.08 0.0286498 0.0087175 -0.08 0.0342643 0.0144327 -0.08 0.0340749 0.0149001 -0.08 0.0033338 -0.0160168 -0.08 0.0267796 -0.0161411 -0.08 0.0264829 -0.0158048 -0.08 0.00284693 -0.01648 -0.08 0.0271531 -0.01648 -0.08 0.028202 -0.00887898 -0.08 0.0022213 -0.0169032 -0.08 0.0277787 -0.0169032 -0.08 0.00378704 -0.0154127 -0.08 0.0260693 -0.0151723 -0.08 0.0276543 -0.00916138 -0.08 0.00418763 -0.0146435 -0.08 0.0258124 -0.0146435 -0.08 0.028515 -0.0172438 -0.08 0.0278485 0.00904923 -0.08 0.00433046 -0.0142184 -0.08 0.00148501 -0.0172438 -0.08 0.033648 0.0156228 -0.08 0.0255828 -0.0138072 -0.08 0.0273558 0.00936994 -0.08 0.000835913 -0.0174178 -0.08 0.0291641 -0.0174178 -0.08 0.00447558 -0.0133634 -0.08 0.000336285 -0.0174874 -0.08 0.0270493 -0.00961434 -0.08 0.00448602 -0.0126638 -0.08 0.0255042 -0.0129439 -0.08 0.0331793 0.0161792 -0.08 0.00438036 -0.0120002 -0.08 0.0256162 -0.012028 -0.08 0.00405456 -0.0110785 -0.08 0.0326699 0.0166176 -0.08 0.0320011 0.0170263 -0.08 0.0259915 -0.0109763 -0.08 0.0313787 0.0172796 -0.08 0.0264872 -0.0101987 -0.08 0.00361761 -0.0103301 -0.08 0.0310013 0.0173872 -0.08 0.0306705 0.0174484 -0.08 0.00317928 0.00982076 -0.08 0.00317928 -0.00982076 -0.08 0.00354989 0.0102407 -0.08 0.0266312 0.010027 -0.08 0.00392149 0.0108006 -0.08 0.0024107 0.00921583 -0.08 0.0024107 -0.00921583 -0.08 0.0260693 0.0108277 -0.08 0.00174741 0.00885465 -0.08 0.0016947 -0.00883546 -0.08 0.0042055 0.0114096 -0.08 0.00116366 0.00865704 -0.08 0.000972123 -0.00861548 -0.08 0.025741 0.011569 -0.08 0.00438581 0.011999 -0.08 0.0255697 0.0122188 -0.08 0.00446369 0.0124406 -0.08 0.000503384 0.00853211 -0.08 0.000224237 -0.00850699 -0.08 0.00449161 0.013112 -0.08 0.0255133 0.012804 -0.08 -0.000168143 0.00850699 -0.08 -0.000447359 -0.00852932 -0.08 -0.000890272 0.00859608 -0.08 0.0255628 0.0137255 -0.08 -0.00111006 -0.00864051 -0.08 -0.00176987 -0.00887321 -0.08 0.00438036 0.0139998 -0.08 0.004121 0.014798 -0.08 0.025741 0.014431 -0.08 -0.00176987 0.00887321 -0.08 -0.0268051 -0.0161552 -0.08 -0.0274658 -0.0167169 -0.08 -0.00303367 -0.0163105 -0.08 -0.0262538 -0.0154862 -0.08 -0.00361761 -0.0156699 -0.08 -0.00244146 -0.0167801 -0.08 -0.0278485 -0.0169508 -0.08 -0.0259251 -0.0149001 -0.08 -0.0039982 -0.0150498 -0.08 -0.00194944 -0.0170481 -0.08 -0.0284633 -0.017222 -0.08 -0.00132599 -0.0172987 -0.08 -0.0256416 -0.0140521 -0.08 -0.0291641 -0.0174178 -0.08 -0.000835913 -0.0174178 -0.08 -0.00273346 -0.00943755 -0.08 -0.00429962 -0.0142971 -0.08 0.00366207 0.0155985 -0.08 0.026213 0.0154127 -0.08 -0.000336285 -0.0174874 -0.08 -0.0296637 -0.0174874 -0.08 -0.00447905 -0.0133918 -0.08 -0.00286488 0.00954236 -0.08 -0.0255203 -0.0127484 -0.08 -0.00448742 -0.0127199 -0.08 0.0267425 0.016099 -0.08 0.0032204 0.0161411 -0.08 -0.00356301 -0.0102661 -0.08 0.00275925 0.0165499 -0.08 0.0272408 0.0165499 -0.08 -0.0256142 -0.011999 -0.08 -0.00439555 -0.0120542 -0.08 -0.0257357 -0.0115673 -0.08 -0.00426435 -0.0115673 -0.08 -0.0258534 -0.011252 -0.08 -0.00403407 -0.0110263 -0.08 0.00229647 0.0168654 -0.08 0.0278007 0.0169215 -0.08 0.0282526 0.0171454 -0.08 0.00174741 0.0171454 -0.08 -0.0262304 -0.0105654 -0.08 0.0288363 0.017343 -0.08 0.00127163 0.0173126 -0.08 0.000670482 0.0174484 -0.08 0.0293853 0.0174539 -0.08 -0.0457425 -0.016099 -0.08 -0.0333338 -0.0160168 -0.08 -0.0328916 -0.0164461 -0.08 -0.0461531 -0.01648 -0.08 -0.033697 -0.0155546 -0.08 -0.0323921 -0.016807 -0.08 -0.0452538 -0.0154862 -0.08 -0.0468007 -0.0169215 -0.08 -0.0449251 -0.0149001 -0.08 -0.0473321 -0.0171728 -0.08 -0.0341005 -0.0148502 -0.08 -0.0317184 -0.0171485 -0.08 -0.0310013 -0.0173872 -0.08 -0.0447205 -0.0143787 -0.08 -0.0479987 -0.0173872 -0.08 -0.0484966 -0.0174679 -0.08 -0.0305034 -0.0174679 -0.08 -0.0343549 -0.01408 -0.08 -0.0445628 -0.0137255 -0.08 -0.0344776 -0.0134481 -0.08 -0.0445042 -0.0130561 -0.08 -0.0344797 -0.0126923 -0.08 -0.0446495 -0.0119352 -0.08 -0.0343429 -0.0118363 -0.08 -0.0449251 -0.0110999 -0.08 -0.0340583 -0.0110766 -0.08 -0.0453705 -0.0103562 -0.08 -0.033528 -0.0102222 -0.08 -0.0459831 -0.00966624 -0.08 -0.0329328 -0.00959202 -0.08 -0.0268579 0.0097786 -0.08 -0.0270224 -0.00962598 -0.08 -0.0267796 -0.00985891 -0.08 -0.0270224 0.00962598 -0.08 -0.026627 0.0100233 -0.08 -0.00348003 0.0101531 -0.08 -0.026317 0.0104211 -0.08 -0.0274211 -0.00931695 -0.08 -0.00380699 0.0106079 -0.08 -0.027354 0.00936779 -0.08 -0.0464658 -0.00928308 -0.08 -0.0283623 -0.0088266 -0.08 -0.0280998 0.00892511 -0.08 -0.0259046 0.0111521 -0.08 -0.004121 0.011202 -0.08 -0.0256294 0.011945 -0.08 -0.0289743 0.00863201 -0.08 -0.00438036 0.0120002 -0.08 -0.0292745 -0.00856276 -0.08 -0.0255363 0.0124406 -0.08 -0.0300838 0.00851397 -0.08 -0.03 -0.00850699 -0.08 -0.0255084 0.013112 -0.08 -0.00448672 0.012972 -0.08 -0.0307255 -0.00856276 -0.08 -0.00439555 0.0139458 -0.08 -0.0314045 -0.00873134 -0.08 -0.0255822 0.0138359 -0.08 -0.0310551 0.00862939 -0.08 -0.0315903 0.00879449 -0.08 -0.0257945 0.0145904 -0.08 -0.0042055 0.0145904 -0.08 -0.0322696 -0.0091247 -0.08 -0.0261802 0.0153672 -0.08 -0.0323652 0.00918309 -0.08 -0.00381978 0.0153672 -0.08 -0.0265921 0.0159328 -0.08 -0.00340794 0.0159328 -0.08 -0.00295066 0.0163857 -0.08 -0.0270055 0.0163507 -0.08 -0.0277035 0.0168654 -0.08 -0.0021488 0.0169459 -0.08 -0.0283053 0.0171645 -0.08 -0.00153861 0.0172273 -0.08 -0.0289449 0.0173706 -0.08 -0.00105508 0.0173706 -0.08 -0.0296081 0.017479 -0.08 -0.0457796 0.00985891 -0.08 -0.0331793 0.00982076 -0.08 -0.0462408 0.00945008 -0.08 -0.0336176 0.0103301 -0.08 -0.0453051 0.0104471 -0.08 -0.0466543 0.00916138 -0.08 -0.0468485 -0.00904923 -0.08 -0.0339982 0.0109502 -0.08 -0.0448482 0.0112804 -0.08 -0.0470481 0.0089469 -0.08 -0.0474905 -0.00877103 -0.08 -0.0477568 0.00868449 -0.08 -0.0446057 0.0121115 -0.08 -0.0342795 0.0116213 -0.08 -0.0344372 0.0122745 -0.08 -0.0485526 0.00852932 -0.08 -0.0486648 -0.00852932 -0.08 -0.0344958 0.0130561 -0.08 -0.0445126 0.0132801 -0.08 -0.0344637 0.0135594 -0.08 -0.0494749 0.00853487 -0.08 -0.0497255 -0.00856276 -0.08 -0.0445697 0.0137812 -0.08 -0.0343858 0.014001 -0.08 -0.044741 0.014431 -0.08 -0.0341824 0.0146415 -0.08 -0.0504045 0.00873134 -0.08 -0.0503787 -0.00872044 -0.08 -0.0509519 -0.0089469 -0.08 -0.0511515 0.00904923 -0.08 -0.0449968 0.0150523 -0.08 -0.045317 0.0155789 -0.08 -0.033807 0.0153921 -0.08 -0.0517129 0.00941848 -0.08 -0.0514863 -0.00925383 -0.08 -0.0457425 0.016099 -0.08 -0.0333688 0.015973 -0.08 -0.0520169 -0.00966624 -0.08 -0.0524932 0.0101786 -0.08 -0.052528 -0.0102222 -0.08 -0.0462871 0.0165815 -0.08 -0.0326004 0.016665 -0.08 -0.0529751 0.0108991 -0.08 -0.0530365 -0.0110249 -0.08 -0.0469989 0.0170263 -0.08 -0.0317699 0.0171268 -0.08 -0.0531876 0.0113565 -0.08 -0.0533001 -0.0116736 -0.08 -0.0533305 0.0117816 -0.08 -0.0476213 0.0172796 -0.08 -0.0481086 0.0174094 -0.08 -0.0310551 0.0173706 -0.08 -0.0484404 0.0174651 -0.08 -0.0305595 0.0174651 -0.08 -0.0302242 0.017493 -0.08 0 -0.0174986 -0.08 -0.0488878 -0.0174986 -0.08 -0.0493919 -0.017479 -0.08 -0.0499457 -0.0173956 -0.08 -0.0534881 -0.0128602 -0.08 -0.0508216 -0.017105 -0.08 -0.05125 -0.0168971 -0.08 -0.0517129 -0.0165815 -0.08 -0.0522204 -0.0161411 -0.08 -0.0525499 -0.0157593 -0.08 -0.03 -0.0174986 -0.08 -0.0530302 -0.014972 -0.08 -0.0533305 -0.0142184 -0.08 -0.0534108 -0.0138917 -0.08 -0.0534637 -0.0135594 -0.08 -0.114 -0.0339999 -0.08 -0.0533858 -0.011999 -0.08 -0.0534958 0.0130561 -0.08 -0.0533838 0.013972 -0.08 -0.053121 0.014798 -0.08 -0.052807 0.0153921 -0.08 -0.0522339 0.0161153 -0.08 -0.051531 0.0167123 -0.08 -0.053454 0.0123854 -0.08 -0.050798 0.017121 -0.08 -0.0501637 0.017343 -0.08 -0.0495034 0.0174679 -0.08 -0.048944 0.0174958 -0.08 -0.110733 0.0327853 -0.0799973 -0.000280052 0.0174874 -0.08 0.000224237 0.017493 -0.08 0.0301681 0.017493 -0.08 -0.0462408 0.00945008 -0.04 -0.04546 0.0102485 -0.04 -0.0466543 0.00916138 -0.04 -0.047438 0.00879012 -0.04 -0.0448482 0.0112804 -0.04 -0.0481641 0.00858223 -0.04 -0.0445808 0.0122208 -0.04 -0.049 0.00850699 -0.04 -0.0500521 0.0086416 -0.04 -0.0445126 0.0132801 -0.04 -0.0445697 0.0137812 -0.04 -0.044741 0.014431 -0.04 -0.0510011 0.00897373 -0.04 -0.0449968 0.0150523 -0.04 -0.0517129 0.00941848 -0.04 -0.045317 0.0155789 -0.04 -0.052419 0.0100945 -0.04 -0.0459254 0.0162726 -0.04 -0.0465137 0.0167462 -0.04 -0.0529751 0.0108991 -0.04 -0.0532055 0.0114096 -0.04 -0.0472548 0.0171402 -0.04 -0.0478899 0.0173595 -0.04 -0.053399 0.012082 -0.04 -0.0484966 0.0174679 -0.04 -0.0534958 0.0129439 -0.04 -0.0491681 0.017493 -0.04 -0.0534172 0.0138072 -0.04 -0.0498359 0.0174178 -0.04 -0.050326 0.0172987 -0.04 -0.0531646 0.0146947 -0.04 -0.0509494 0.0170481 -0.04 -0.0528655 0.0152964 -0.04 -0.0517755 0.0165253 -0.04 -0.05248 0.0158469 -0.04 -0.0268579 0.0097786 -0.04 -0.026627 0.0100233 -0.04 -0.0270224 0.00962598 -0.04 -0.027708 0.00914164 -0.04 -0.026317 0.0104211 -0.04 -0.0259968 0.0109477 -0.04 -0.0284633 0.00877795 -0.04 -0.0257209 0.0116507 -0.04 -0.0293304 0.00855717 -0.04 -0.0255196 0.0126642 -0.04 -0.0255321 0.0135034 -0.04 -0.030224 0.00851258 -0.04 -0.0308914 0.00859059 -0.04 -0.0313787 0.00872044 -0.04 -0.0256852 0.014243 -0.04 -0.0261089 0.0152465 -0.04 -0.0320011 0.00897373 -0.04 -0.0326648 0.00938902 -0.04 -0.02652 0.0158469 -0.04 -0.0334582 0.0101347 -0.04 -0.0270493 0.0163857 -0.04 -0.0277035 0.0168654 -0.04 -0.0338959 0.0107507 -0.04 -0.0283053 0.0171645 -0.04 -0.034121 0.011202 -0.04 -0.0343922 0.0120835 -0.04 -0.0291097 0.0174039 -0.04 -0.0344958 0.0129439 -0.04 -0.03 0.017493 -0.04 -0.0308359 0.0174178 -0.04 -0.0344372 0.0137255 -0.04 -0.0342475 0.0144565 -0.04 -0.031326 0.0172987 -0.04 -0.0319494 0.0170481 -0.04 -0.033807 0.0153921 -0.04 -0.0326442 0.0166301 -0.04 -0.0334223 0.0159081 -0.04 -0.0269254 -0.0162726 -0.04 -0.0274658 -0.0167169 -0.04 -0.026317 -0.0155789 -0.04 -0.0259968 -0.0150523 -0.04 -0.0279989 -0.0170263 -0.04 -0.0286213 -0.0172796 -0.04 -0.0257541 -0.0144416 -0.04 -0.0292476 -0.0174275 -0.04 -0.0255363 -0.0135594 -0.04 -0.0301681 -0.017493 -0.04 -0.0255203 -0.0127484 -0.04 -0.0256142 -0.011999 -0.04 -0.0308359 -0.0174178 -0.04 -0.0313787 -0.0172796 -0.04 -0.0257945 -0.0114096 -0.04 -0.0320011 -0.0170263 -0.04 -0.0259968 -0.0109477 -0.04 -0.026352 -0.0103772 -0.04 -0.0325342 -0.0167169 -0.04 -0.033056 -0.0162936 -0.04 -0.0267796 -0.00985891 -0.04 -0.0336176 -0.0156699 -0.04 -0.0272871 -0.00941848 -0.04 -0.0339751 -0.0151009 -0.04 -0.0280506 -0.00895194 -0.04 -0.034259 -0.014431 -0.04 -0.0288363 -0.00865704 -0.04 -0.0293295 -0.00855164 -0.04 -0.034454 -0.0136146 -0.04 -0.0344958 -0.0130561 -0.04 -0.0300838 -0.00851397 -0.04 -0.0344172 -0.0121928 -0.04 -0.0310551 -0.00862939 -0.04 -0.0315903 -0.00879449 -0.04 -0.0340583 -0.0110766 -0.04 -0.0322696 -0.0091247 -0.04 -0.0336295 -0.0103562 -0.04 -0.0330169 -0.00966624 -0.04 0.0033338 -0.0160168 -0.04 0.00284693 -0.01648 -0.04 0.00207363 -0.0169836 -0.04 0.0038431 -0.0153156 -0.04 0.00418763 -0.0146435 -0.04 0.0013787 -0.0172796 -0.04 0.00433046 -0.0142184 -0.04 0.00445814 -0.0135587 -0.04 0.000669648 -0.0174428 -0.04 0.00449301 -0.0128319 -0.04 -0.000168143 -0.017493 -0.04 -0.000835913 -0.0174178 -0.04 -0.0013787 -0.0172796 -0.04 0.00438036 -0.0120002 -0.04 0.0040954 -0.0111521 -0.04 -0.00207363 -0.0169836 -0.04 0.00368302 -0.0104211 -0.04 -0.00303367 -0.0163105 -0.04 0.00337297 -0.0100233 -0.04 0.00286488 -0.00954236 -0.04 -0.00361761 -0.0156699 -0.04 0.00192309 -0.00894235 -0.04 -0.0039982 -0.0150498 -0.04 0.000972123 -0.00861548 -0.04 -0.00439438 -0.0138881 -0.04 0.000224237 -0.00850699 -0.04 -0.0044958 -0.0130561 -0.04 -0.00445395 -0.0123854 -0.04 -0.000530734 -0.00854047 -0.04 -0.00111006 -0.00864051 -0.04 -0.0043126 -0.0117284 -0.04 -0.00406089 -0.0110756 -0.04 -0.00181977 -0.00889879 -0.04 -0.00351456 -0.0102155 -0.04 -0.0027129 -0.00941848 -0.04 0.00317928 0.00982076 -0.04 0.00354989 0.0102407 -0.04 0.00392149 0.0108006 -0.04 0.00250637 0.00927429 -0.04 0.00174741 0.00885465 -0.04 0.00116366 0.00865704 -0.04 0.00429565 0.0117043 -0.04 0.00446369 0.0124406 -0.04 0.000503384 0.00853211 -0.04 0.00449161 0.013112 -0.04 -0.000419312 0.00852932 -0.04 0.00438036 0.0139998 -0.04 0.004121 0.014798 -0.04 -0.00132434 0.0087066 -0.04 -0.00207363 0.00901639 -0.04 0.00377424 0.0154377 -0.04 -0.00288805 0.00955816 -0.04 0.00325752 0.016099 -0.04 -0.00356301 0.0102661 -0.04 0.00268897 0.0165961 -0.04 0.00195187 0.0170531 -0.04 -0.0039982 0.0109502 -0.04 -0.00432995 0.0118107 -0.04 0.00132434 0.0172934 -0.04 0.000670482 0.0174484 -0.04 -0.00448602 0.0126638 -0.04 -0.00447558 0.0133634 -0.04 -8.40713e-05 0.0174902 -0.04 -0.00422962 0.0145098 -0.04 -0.00102735 0.0173748 -0.04 -0.0016947 0.0171645 -0.04 -0.00397513 0.0151009 -0.04 -0.00229647 0.0168654 -0.04 -0.00359905 0.0156909 -0.04 -0.0029945 0.0163507 -0.04 0.0330598 0.00970229 -0.04 0.033528 0.0102222 -0.04 0.0325789 0.00931695 -0.04 0.0319494 0.00895194 -0.04 0.031326 0.00870126 -0.04 0.0341043 0.0111787 -0.04 0.0344324 0.0123036 -0.04 0.0305857 0.00855158 -0.04 0.0295526 0.00852932 -0.04 0.0344874 0.0132801 -0.04 0.0344178 0.0138359 -0.04 0.0285976 0.00873798 -0.04 0.0341824 0.0146415 -0.04 0.0277035 0.00913456 -0.04 0.0338655 0.0152964 -0.04 0.03348 0.0158469 -0.04 0.0269663 0.00968946 -0.04 0.0328881 0.0164418 -0.04 0.0263824 0.0103301 -0.04 0.0321993 0.0169215 -0.04 0.0259915 0.0109763 -0.04 0.0314567 0.0172482 -0.04 0.0256695 0.0117816 -0.04 0.0308359 0.0174178 -0.04 0.0255251 0.0126647 -0.04 0.0301681 0.017493 -0.04 0.0294966 0.0174679 -0.04 0.0255628 0.0137255 -0.04 0.0285445 0.0172442 -0.04 0.0257205 0.0143787 -0.04 0.0260018 0.0150498 -0.04 0.0277035 0.0168654 -0.04 0.0271119 0.0164418 -0.04 0.0264872 0.0158013 -0.04 0.0328469 -0.01648 -0.04 0.0334223 -0.0159081 -0.04 0.0322965 -0.0168654 -0.04 0.0338911 -0.0152465 -0.04 0.0342055 -0.0145904 -0.04 0.0316947 -0.0171645 -0.04 0.0308903 -0.0174039 -0.04 0.0344248 -0.0137802 -0.04 0.0344944 -0.0132243 -0.04 0.0301681 -0.017493 -0.04 0.0344874 -0.0127199 -0.04 0.0343678 -0.011989 -0.04 0.0291933 -0.0174137 -0.04 0.0340263 -0.0109988 -0.04 0.0280044 -0.017015 -0.04 0.0271119 -0.0164418 -0.04 0.0335084 -0.0102021 -0.04 0.0265921 -0.0159328 -0.04 0.0327592 -0.00945008 -0.04 0.026193 -0.0153921 -0.04 0.0322965 -0.00913456 -0.04 0.025879 -0.014798 -0.04 0.0256078 -0.0139165 -0.04 0.0313502 -0.0087175 -0.04 0.0305034 -0.00853211 -0.04 0.0255042 -0.0130561 -0.04 0.029776 -0.00851258 -0.04 0.0255828 -0.0121928 -0.04 0.0288913 -0.00864593 -0.04 0.0280506 -0.00895194 -0.04 0.025985 -0.0110045 -0.04 0.0266889 -0.00996585 -0.04 0.0273558 -0.00936994 -0.04 -0.0456662 -0.0160168 -0.04 -0.0461531 -0.01648 -0.04 -0.0452538 -0.0154862 -0.04 -0.0467035 -0.0168654 -0.04 -0.0449251 -0.0149001 -0.04 -0.0473853 -0.0171907 -0.04 -0.0447205 -0.0143787 -0.04 -0.0445628 -0.0137255 -0.04 -0.0483304 -0.0174428 -0.04 -0.0445042 -0.0130561 -0.04 -0.049 -0.0174986 -0.04 -0.0496696 -0.0174428 -0.04 -0.0446078 -0.0120835 -0.04 -0.0504567 -0.0172482 -0.04 -0.0449046 -0.0111521 -0.04 -0.0453705 -0.0103562 -0.04 -0.0511515 -0.0169508 -0.04 -0.0517129 -0.0165815 -0.04 -0.0522204 -0.0161411 -0.04 -0.0459831 -0.00966624 -0.04 -0.0527568 -0.0154596 -0.04 -0.0464658 -0.00928308 -0.04 -0.0468485 -0.00904923 -0.04 -0.053121 -0.014798 -0.04 -0.0474633 -0.00877795 -0.04 -0.0533305 -0.0142184 -0.04 -0.0481641 -0.00858223 -0.04 -0.0534303 -0.0137812 -0.04 -0.053486 -0.0133362 -0.04 -0.0491399 -0.00851537 -0.04 -0.0534756 -0.0126366 -0.04 -0.0533305 -0.0117816 -0.04 -0.0501087 -0.00864593 -0.04 -0.0531646 -0.0113053 -0.04 -0.0509002 -0.00892511 -0.04 -0.0528491 -0.0106808 -0.04 -0.0514863 -0.00925383 -0.04 -0.0521949 -0.00984479 -0.04 -0.0524692 -0.0156933 -0.035 -0.0511 -0.0166 -0.035 -0.0531 -0.0146 -0.035 -0.0521859 0.0160787 -0.0339281 -0.0511 0.0166 -0.035 0.0331 -0.0166 -0.035 0.0350999 -0.0158428 -0.035 0.0331 0.0166 -0.035 0.0350999 0.0157342 -0.035 -0.0511686 -0.0166 -0.031 0.0351 0 -0.031 0.0351 -0.0226 -0.032 -0.0531 -0.0226 -0.032 -0.0531 -0.0226 -0.0344579 0.0351 -0.0226 -0.0344579 -0.059091 0 -0.0324922 -0.0531 0.0226 -0.0344579 0.035959 0.0226 -0.0308255 0.0351 0.0226 -0.0344579 -0.0531 0.0226 -0.032 0.0411 0 -0.0332289 0.11387 -0.0290364 -0.05 0.112601 -0.0350616 -0.052548 0.114 -0.028 -0.05 0.0563878 -0.034 -0.05 0.0606484 0.00996421 -0.05 0.110852 0.034 -0.05 0.0548857 0.034 -0.05 0.113078 0.036018 -0.0535223 0.116297 0.0321574 -0.0533147 0.114 0.0287174 -0.05 0.117229 -0.0295894 -0.0533951 0.115107 -0.0322862 -0.0523571 0.108931 -0.034 -0.05 -0.0537446 0.0340079 -0.0500079 0.0351 0.034 -0.05 -0.0531 -0.034 -0.05 0.0353781 -0.0340039 -0.0500039 -0.114736 0.0334964 -0.0528025 -0.11417 -0.0349 -0.053308 -0.114 -0.0287404 -0.05 -0.0570354 -0.0210442 -0.0341688 -0.0544382 -0.0224532 -0.0342781 -0.0535773 0.0225722 -0.0319097 -0.0579916 0.0198382 -0.0328847 0.0358023 -0.0224294 -0.031548 0.0396171 -0.0204258 -0.0341782 0.0409066 -0.0176841 -0.032658 0.039364 0.0206331 -0.0343779 0.0357937 0.0227399 -0.0348902 -0.0531 -0.0255289 -0.0415289 0.0351 -0.0255289 -0.0415289 0.0466421 -0.0166 -0.0441421 0.0440289 -0.0166 -0.0415289 0.0427185 -0.0230636 -0.042589 0.0366521 -0.0255825 -0.0416932 0.0397067 -0.027204 -0.0442 -0.0546967 -0.02589 -0.0420451 -0.0596772 -0.0280603 -0.0456769 -0.0593642 -0.0217148 -0.0404581 -0.0620289 -0.0166 -0.0415289 -0.0646421 -0.0166 -0.0441421 0.0466421 0.0166 -0.0441421 0.0438196 0.01245 -0.0413047 -0.0646421 0.0166 -0.0441421 -0.0620289 0.0166 -0.0415289 0.0351 0.0255289 -0.0415289 0.038696 0.0304425 -0.046906 0.0426268 0.0291052 -0.0468848 -0.0618857 0.0178389 -0.0414353 -0.0660611 0.0179803 -0.0453823 -0.0622173 0.0214317 -0.042976 -0.0564183 0.023437 -0.0398442 -0.0549332 0.0266696 -0.0428681 -0.0531 0.0255289 -0.0415289 -0.0638547 0.0321876 -0.0492344 -0.0687627 0.033118 -0.0498377 -0.0640873 0.0296847 -0.0482289 -0.0583497 0.0315301 -0.048122 -0.0778029 0 -0.0499759 -0.0763368 0 -0.0498436 -0.0744036 0 -0.0495082 -0.0729786 0 -0.0491388 -0.0752411 0.0202801 -0.0496894 -0.0715885 0 -0.0486542 -0.0702332 0 -0.0480798 -0.0693563 0 -0.0476384 -0.0680875 0 -0.046892 -0.0702323 0.028669 -0.0494744 -0.0664833 0 -0.0457622 -0.0703058 0.0190051 -0.0481766 -0.0653531 0 -0.044819 -0.0681481 0.0234464 -0.047751 -0.0610113 0.0274819 -0.0459082 -0.0764479 -0.0201228 -0.0498633 -0.0720815 -0.0202421 -0.048959 -0.0640902 -0.0228688 -0.0452024 -0.068113 -0.0204173 -0.0472071 -0.0644059 -0.0175013 -0.0439365 -0.0559285 -0.0312986 -0.0475545 -0.0714749 -0.0284108 -0.0496422 -0.0611129 -0.0329074 -0.0493929 -0.0647529 -0.0304983 -0.0486716 -0.0671539 -0.0332118 -0.0497875 0.0440111 -0.0279581 -0.0466068 0.0418302 -0.0309258 -0.0480033 0.0391182 -0.0322759 -0.0486277 0.0458547 -0.0321876 -0.0492344 0.0485836 -0.0283057 -0.0484344 0.0507628 -0.033118 -0.0498377 0.0598029 0 -0.0499759 0.058459 -0.0218737 -0.0499211 0.0543716 0.00874837 -0.0489464 0.0531306 0 -0.0484776 0.0522332 0 -0.0480798 0.054843 -0.0193383 -0.049134 0.0505022 0 -0.0471546 0.0513563 0 -0.0476384 0.0527743 -0.0289196 -0.0495004 0.0496729 0 -0.0466294 0.0484833 0 -0.0457622 0.0473531 0 -0.044819 0.0513333 -0.0193615 -0.0477576 0.0474597 -0.0207298 -0.0455403 0.0574089 -0.000288879 -0.0497071 0.0556881 0 -0.0493352 0.0564463 0.0272246 -0.0499173 0.0526961 0.024462 -0.0489391 0.0589572 0.00979569 -0.0499217 0.0565451 0.0210289 -0.0496458 0.0484389 0.0262803 -0.0477155 0.0503755 0.0193725 -0.0472332 0.0458183 0.0182519 -0.0434333 0.0456168 0.0298715 -0.0481243 0.0431129 0.0329074 -0.0493929 0.049154 0.0332118 -0.0497875 0.050802 0.03208 -0.0496566 -0.0531 0.0251905 -0.0411735 0.0351 0.0251905 -0.0411735 -0.0531 0.0248699 -0.0408018 0.0351 0.0248699 -0.0408018 -0.0531 0.0245679 -0.0404149 0.0351 0.0245679 -0.0404149 -0.0531 0.0242853 -0.0400136 0.0351 0.0242853 -0.0400136 -0.0531 0.0240227 -0.0395989 0.0351 0.0240227 -0.0395989 -0.0531 0.0237808 -0.0391718 0.0351 0.0237808 -0.0391718 -0.0531 0.0235601 -0.0387334 0.0351 0.0235601 -0.0387334 -0.0531 0.0233612 -0.0382847 0.0351 0.0233612 -0.0382847 -0.0531 0.0231846 -0.0378268 0.0351 0.0231846 -0.0378268 -0.0531 0.0230306 -0.0373607 0.0351 0.0230306 -0.0373607 -0.0531 0.0228997 -0.0368877 0.0351 0.0228997 -0.0368877 -0.0531 0.0227921 -0.0364088 0.0351 0.0227921 -0.0364088 -0.0531 0.0227082 -0.0359252 0.0351 0.0227082 -0.0359252 -0.0531 0.0226482 -0.035438 0.0351 0.0226482 -0.035438 -0.0531 0.0226121 -0.0349485 0.0351 0.0226121 -0.0349485 -0.0545324 0.0224061 -0.0341934 -0.0583071 0.0205259 -0.0370849 -0.0591358 0.0174386 -0.0346099 -0.0600681 0.0177074 -0.0389191 -0.0609644 0 -0.0402626 0.0410107 0.0175521 -0.0332705 0.0424302 0.0169958 -0.0394418 0.0432189 0 -0.0406083 0.0416617 0.0185879 -0.0385665 0.0440367 0.0221305 -0.0432067 0.0376911 0.0245897 -0.0409657 -0.0616103 -0.0083 -0.0410805 -0.0605227 0 -0.0395989 -0.0602808 0 -0.0391718 -0.0599607 0 -0.0385091 -0.0595749 0 -0.0374755 -0.0592502 0 -0.036167 -0.0591301 0 -0.0351933 0.0426565 -0.0083 -0.0398046 0.0422808 -0.0166 -0.0391718 0.0418226 0 -0.0381679 0.0414651 0.0083 -0.0371242 0.0412502 0 -0.036167 0.0411301 0 -0.0351933 -0.0588703 -0.0182616 -0.0347117 -0.0605626 -0.0175424 -0.0395191 -0.0531 -0.0226121 -0.0349485 -0.0531 -0.0226482 -0.035438 -0.0539638 -0.0233897 -0.0382714 -0.0531 -0.0227082 -0.0359252 -0.0531 -0.0227921 -0.0364088 -0.0531 -0.0228997 -0.0368877 -0.0531 -0.0230306 -0.0373607 -0.0531 -0.0231846 -0.0378268 -0.0531 -0.0233612 -0.0382847 -0.0531 -0.0235601 -0.0387334 -0.0531 -0.0237808 -0.0391718 -0.0531 -0.0240227 -0.0395989 -0.0531 -0.0242853 -0.0400136 -0.0531 -0.0245679 -0.0404149 -0.0531 -0.0248699 -0.0408018 -0.0531 -0.0251905 -0.0411735 0.0351 -0.0251905 -0.0411735 0.0351 -0.0226121 -0.0349485 0.0351 -0.0226482 -0.035438 0.0351 -0.0227082 -0.0359252 0.0351 -0.0227921 -0.0364088 0.036557 -0.0223909 -0.0341713 0.0351 -0.0228997 -0.0368877 0.0351 -0.0230306 -0.0373607 0.0351 -0.0231846 -0.0378268 0.0351 -0.0233612 -0.0382847 0.0351 -0.0235601 -0.0387334 0.0351 -0.0237808 -0.0391718 0.0351 -0.0240227 -0.0395989 0.0351 -0.0242853 -0.0400136 0.0351 -0.0245679 -0.0404149 0.0378039 -0.0226795 -0.0384082 0.0351 -0.0248699 -0.0408018 0.0414398 -0.0169587 -0.0370605 0.042794 -0.0193683 -0.0406484 0.0449705 -0.017901 -0.0425665 -0.0531 0.0156135 -0.031 0.0343602 0.0166 -0.031 0.0343602 -0.0166 -0.031 -0.0518419 -0.0164062 -0.031 -0.0531237 -0.0151281 -0.0308633 -0.0512599 0.0166 -0.031 -0.108 -0.0399928 -0.0742944 -0.108 -0.0342944 -0.0799928 -0.119982 -0.028 -0.0744413 -0.108 -0.0399711 -0.0745881 -0.108 -0.0399351 -0.0748804 -0.108 -0.0398847 -0.0751705 -0.108 -0.0398202 -0.0754579 -0.108 -0.0397416 -0.0757417 -0.108 -0.0396493 -0.0760213 -0.108 -0.0395433 -0.0762961 -0.108 -0.0394239 -0.0765653 -0.108 -0.0392915 -0.0768284 -0.109889 -0.0390065 -0.0768971 -0.108 -0.0391464 -0.0770846 -0.108 -0.0389888 -0.0773334 -0.108 -0.0388192 -0.0775742 -0.108 -0.0386381 -0.0778064 -0.109246 -0.0373601 -0.0788299 -0.108 -0.0384457 -0.0780293 -0.108 -0.0382426 -0.0782426 -0.108 -0.0380294 -0.0784457 -0.108 -0.0378064 -0.0786381 -0.108 -0.0375742 -0.0788192 -0.108 -0.0373334 -0.0789888 -0.108 -0.0370846 -0.0791464 -0.11369 -0.0358221 -0.0784488 -0.108 -0.0368284 -0.0792915 -0.113042 -0.0386033 -0.0751566 -0.108 -0.0365653 -0.0794239 -0.108 -0.0362961 -0.0795433 -0.108 -0.0360213 -0.0796493 -0.108 -0.0357417 -0.0797416 -0.108 -0.0354579 -0.0798202 -0.108 -0.0351705 -0.0798847 -0.108 -0.0348804 -0.0799351 -0.108 -0.0345881 -0.0799711 -0.111407 -0.0335036 -0.0798727 -0.116317 -0.0360087 -0.0758476 -0.119042 -0.0317771 -0.0751055 -0.118785 -0.0300278 -0.077058 -0.119894 -0.028 -0.0750973 -0.117106 -0.032217 -0.0782994 -0.119404 0 -0.0765967 -0.118265 0.007 -0.0782134 -0.117042 -0.0294594 -0.0790385 -0.11769 0 -0.0787286 -0.115058 -0.0299278 -0.0797914 0.108 -0.0342944 -0.0799928 0.108 -0.0345881 -0.0799711 0.108 -0.0348804 -0.0799351 0.108 -0.0351705 -0.0798847 0.108 -0.0354579 -0.0798202 0.108 -0.0357417 -0.0797416 0.108 -0.0360213 -0.0796493 0.108 -0.0362961 -0.0795433 0.108 -0.0365653 -0.0794239 0.108 -0.0368284 -0.0792915 0.108 -0.0370846 -0.0791464 0.108 -0.0373334 -0.0789888 0.108 -0.0375742 -0.0788192 0.108 -0.0378064 -0.0786381 0.108 -0.0380294 -0.0784457 0.108 -0.0382426 -0.0782426 0.108 -0.0384457 -0.0780293 0.108 -0.0386381 -0.0778064 0.108 -0.0388192 -0.0775742 0.108 -0.0389888 -0.0773334 0.108 -0.0391464 -0.0770846 0.108 -0.0392915 -0.0768284 0.108 -0.0394239 -0.0765653 0.108 -0.0395433 -0.0762961 0.108 -0.0396493 -0.0760213 0.108 -0.0397416 -0.0757417 0.108 -0.0398202 -0.0754579 0.108 -0.0398847 -0.0751705 0.108 -0.0399351 -0.0748804 0.108 -0.0399711 -0.0745881 0.108 -0.0399928 -0.0742944 -0.114294 0 -0.0799928 -0.114734 0 -0.0799531 -0.115385 0 -0.0798328 -0.116021 0 -0.0796493 -0.116431 0 -0.0794836 -0.117019 0 -0.0791796 -0.118729 0 -0.0776903 -0.119068 0 -0.077209 -0.119646 0 -0.0760201 -0.119797 0 -0.075528 -0.119959 0.028 -0.0746608 0.119982 -0.028 -0.0744413 0.114294 0 -0.0799928 0.119424 0 -0.0765653 0.119663 -0.0299642 -0.0750292 0.119104 0 -0.077145 0.118674 -0.0291 -0.0775969 0.118729 0 -0.0776903 0.118395 0 -0.0780827 0.117971 -0.007 -0.0784911 0.11833 -0.0325231 -0.0762472 0.116891 0 -0.079252 0.116286 -0.0295463 -0.0793861 0.115558 -0.0370089 -0.0750249 0.11297 -0.0308879 -0.0799884 0.113962 -0.0360158 -0.0779953 0.110089 -0.039537 -0.0753479 0.109279 -0.0386128 -0.0775455 0.111611 -0.0346086 -0.0796248 -0.108 0.0399928 -0.0742944 -0.119289 0.0302331 -0.0759239 -0.117831 0.0293263 -0.0784695 -0.115619 0.0291237 -0.0796732 -0.11409 0.0382532 -0.0744119 -0.115287 0.0327123 -0.0790505 -0.117056 0.0349171 -0.0759953 -0.108 0.0399711 -0.0745881 -0.11268 0.0371637 -0.0778656 -0.108 0.0399351 -0.0748804 -0.108 0.0398847 -0.0751705 -0.108 0.0398202 -0.0754579 -0.108 0.0397416 -0.0757417 -0.108 0.0396493 -0.0760213 -0.108 0.0395433 -0.0762961 -0.111013 0.0392624 -0.0754438 -0.108 0.0394239 -0.0765653 -0.108 0.0392915 -0.0768284 -0.108 0.0391464 -0.0770846 -0.108 0.0389888 -0.0773334 -0.108 0.0388192 -0.0775742 -0.108 0.0386381 -0.0778064 -0.108 0.0384457 -0.0780293 -0.108 0.0382426 -0.0782426 -0.108 0.0380294 -0.0784457 -0.108 0.0378064 -0.0786381 -0.108 0.0375742 -0.0788192 -0.109566 0.0353452 -0.0797397 -0.108 0.0373334 -0.0789888 -0.109351 0.0384703 -0.0777447 -0.108 0.0370846 -0.0791464 -0.108 0.0368284 -0.0792915 -0.108 0.0365653 -0.0794239 -0.108 0.0362961 -0.0795433 -0.108 0.0360213 -0.0796493 -0.108 0.0357417 -0.0797416 0.114952 0 -0.0799189 0.115458 0 -0.0798202 0.11595 0 -0.079669 0.117454 0 -0.078904 0.119596 0.028 -0.0761587 0.119725 0 -0.075775 0.119869 0 -0.0752424 0.119935 0 -0.0748804 0.119982 0.028 -0.0744413 0 0.0342944 -0.0799928 0 0.0345881 -0.0799711 0 0.0348804 -0.0799351 0 0.0351705 -0.0798847 0 0.0354579 -0.0798202 0.108 0.0357417 -0.0797416 0.108 0.0360213 -0.0796493 0.108 0.0362961 -0.0795433 0.108 0.0365653 -0.0794239 0.108 0.0368284 -0.0792915 0.108 0.0370846 -0.0791464 0.108 0.0373334 -0.0789888 0.108 0.0375742 -0.0788192 0.108 0.0378064 -0.0786381 0.108 0.0380294 -0.0784457 0.108 0.0382426 -0.0782426 0.108 0.0384457 -0.0780293 0.108 0.0386381 -0.0778064 0.108 0.0388192 -0.0775742 0.108 0.0389888 -0.0773334 0.108 0.0391464 -0.0770846 0.108 0.0392915 -0.0768284 0.108 0.0394239 -0.0765653 0.108 0.0395433 -0.0762961 0.108 0.0396493 -0.0760213 0.108 0.0397416 -0.0757417 0.108 0.0398202 -0.0754579 0.108 0.0398847 -0.0751705 0.108 0.0399351 -0.0748804 0.108 0.0399711 -0.0745881 0.108 0.0399928 -0.0742944 0.109487 0.0390191 -0.0768274 0.112852 0.0387258 -0.075308 0.109497 0.0367118 -0.0792352 0.113041 0.0372193 -0.0776225 0.116383 0.0361105 -0.0754927 0.118473 0.0330827 -0.0756141 0.114765 0.0333908 -0.0790373 0.119714 0.0297759 -0.0750295 0.118535 0.0293182 -0.0776796 0.11597 0.0294704 -0.0795195 -0.0587837 -0.002075 -0.0309709 -0.0580424 0.00155625 -0.0302529 -0.0573499 0 -0.0300229 -0.009 -0.0207471 -0.030006 -0.009 -0.0210732 -0.0300608 -0.009 -0.0213196 -0.0301346 -0.009 -0.0215096 -0.0302201 -0.03105 -0.0217105 -0.0303381 -0.0536869 -0.0222318 -0.0310979 -0.009 -0.0219052 -0.030487 -0.009 -0.0224047 -0.0311464 -0.009 -0.0224985 -0.0313728 -0.009 -0.02258 -0.0317373 -0.0547733 -0.0206737 -0.0301406 -0.0566607 -0.0205322 -0.0310735 -0.0586171 -0.017152 -0.0316255 -0.0580171 0.0185561 -0.03 -0.0595197 0.0208617 -0.03 -0.009 0.0217499 -0.0303673 -0.0553776 0.0216445 -0.0310111 -0.020025 0.0220503 -0.0306276 -0.009 -0.0225389 -0.0315143 0.01305 -0.0222892 -0.0309303 -0.009 -0.0221206 -0.0307045 -0.009 0.022591 -0.0318286 -0.009 0.0225443 -0.0315383 -0.009 0.0224138 -0.0311692 -0.009 0.0222347 -0.0308487 -0.009 0.0214322 -0.0301832 0.002025 0.0211384 -0.0300773 -0.009 0.0208203 -0.0300138 0.0401656 -0.0175308 -0.0305175 0.0408715 0 -0.0310842 0.0363124 -0.0211361 -0.0302019 0.0386985 -0.0205075 -0.0308817 0.0395533 0.0198122 -0.03 0.039523 -0.00051875 -0.0300609 0.0404516 -0.0010375 -0.0305632 0.0410625 0.00415 -0.0316501</float_array>
                    <technique_common>
                        <accessor count="2852" source="#shape0-lib-positions-array" stride="3">
                            <param name="X" type="float"/>
                            <param name="Y" type="float"/>
                            <param name="Z" type="float"/>
                        </accessor>
                    </technique_common>
                </source>
                <source id="shape0-lib-normals" name="normal">
                    <float_array id="shape0-lib-normals-array" count="17286">0.158051 0.959783 0.232026 0.163428 0.958361 0.234168 -0.0504286 0.994526 -0.0915187 0.0471636 0.985006 -0.165946 -0.19445 0.806772 -0.55795 -0.14341 0.823191 -0.549354 0.0810796 0.499664 -0.862417 -0.291939 0.327238 -0.898714 0.14147 0.00245379 -0.98994 -0.125285 -0.161081 -0.978957 -0.0405747 -0.579804 -0.813745 0.192975 -0.445823 -0.874072 0.0652016 -0.805087 -0.589562 -0.0536906 -0.835887 -0.54627 0.0640804 -0.991283 -0.115119 -0.0762855 -0.994862 -0.0665533 0.026614 -0.927696 0.372387 -0.102418 -0.900991 0.421576 -0.120958 -0.921679 0.368616 -0.401073 -0.234823 0.885437 -0.120669 -0.627695 0.76905 -0.267897 -0.521789 0.809918 0.0499611 -0.378086 0.924421 -0.0536477 -0.0768765 0.995596 0.230054 0.0508226 0.97185 -0.166043 0.440345 0.882341 -0.187602 0.429815 0.883213 -0.146165 0.537067 0.83078 -0.231636 0.823603 0.51771 -0.0879616 0.796127 0.598702 0 0 -1 0 0 -1 0 0 -1 0 0 -1 0 0 -1 0 0 -1 0 0 -1 0 0 -1 0 0 -1 0 0 -1 0 0 -1 0 0 -1 0 0 -1 0 0 -1 0 0 -1 0 0 -1 0 0 -1 0 0 -1 0 0 -1 -1.89323e-06 2.42636e-07 -1 0 0 -1 1.26953e-05 2.30952e-07 -1 -4.44902e-06 -1.96434e-06 -1 -2.28773e-06 2.34875e-07 -1 -1.79786e-05 -6.75377e-06 -1 -1.69569e-06 9.25864e-07 -1 0 0 -1 0.504337 0.85846 0.0932233 -0.685348 -0.669329 -0.286875 0 0 -1 0 0 -1 0 0 -1 0 0 -1 0 0 -1 0 0 -1 0 0 -1 0 0 -1 0 0 -1 0 0 -1 0 0 -1 0 0 -1 0 0 -1 0 0 -1 0 0 -1 0 0 -1 0 0 -1 0 0 -1 0 0 -1 0 0 -1 0 0 -1 0 0 1 0 0 -1 0 0 -1 0 0 -1 0 0 -1 0 0 1 0 0 -1 0 0 -1 0 0 -1 0 0 -1 0 0 1 0 0 -1 0 0 -1 0 0 -1 0 0 -1 0 0 -1 0 0 -1 0 0 1 0 0 -1 0 0 -1 0 0 -1 0 0 -1 0 0 -1 0 0 -1 0 0 -1 0 0 -1 0 0 -1 0 0 -1 0 0 -1 0 0 -1 0 0 -1 0 0 -1 0 0 -1 0 0 -1 0 0 -1 0 0 -1 0 0 -1 0 0 -1 0 0 -1 3.6769e-06 3.01666e-06 -1 0 0 -1 0 0 -1 0 0 -1 0 0 -1 6.18859e-06 4.35407e-06 -1 2.35964e-06 -1.46478e-07 -1 0 0 -1 0 0 -1 0 0 -1 0 0 -1 0 0 -1 0 0 -1 0 0 -1 0 0 -1 2.81267e-06 -1.13161e-06 -1 3.14304e-07 1.72291e-07 -1 0 0 -1 0 0 -1 1.60154e-05 4.81203e-07 -1 0 0 -1 0 0 -1 0 0 -1 0 0 -1 0 0 -1 0 0 -1 1.73386e-06 -2.46027e-07 -1 -8.51093e-06 1.20766e-06 -1 7.41472e-06 -1.39846e-05 -1 0 0 -1 0 0 -1 0 0 -1 0 0 -1 0 0 -1 0 0 -1 0 0 -1 0 0 -1 0.00740346 0.772171 0.635372 -0.00804526 0.830004 0.557699 0.0045855 0.936163 0.351538 -0.00716644 0.969306 0.245754 0.00674044 0.995843 0.0908401 -0.00829129 0.997738 -0.0667143 0.00357299 0.981667 -0.190573 -0.00686905 0.928355 -0.371631 0.0223834 0.863101 -0.504534 0.0115889 -0.804289 -0.594125 -0.00250767 -0.941809 -0.33614 0.0128841 -0.999871 0.0095478 0.00548521 -0.998997 0.0444364 -0.0058191 -0.930363 0.366593 0.00161419 -0.911283 0.411778 -0.00274764 -0.763117 0.646254 0.00175696 -0.749887 0.661564 -0.992385 -0.0122317 0.122569 -0.995411 0.0117812 0.094969 -0.97084 -0.0028504 0.239711 -0.966049 -0.000758727 0.258356 -0.963795 0.00438414 0.266609 -0.470004 -0.791763 -0.390138 -0.938149 -0.00941411 0.346104 -0.451429 -0.79135 0.412282 -0.789176 -0.127189 0.600853 -0.776156 0.00948782 0.630469 -0.679918 -0.0369486 0.732357 -0.687908 -0.0551426 0.7237 -0.642294 -0.0177713 0.766252 -0.553461 -0.0142222 0.832754 -0.450899 -0.00505262 0.892561 -0.518792 -0.0433786 0.853799 -0.390474 0.000415416 0.920614 -0.368542 -0.00391495 0.929603 -0.303267 0.0101192 0.952852 -0.266513 -0.00594049 0.963813 -0.0945642 0.00437251 0.995509 -0.0494102 0.0336869 0.99821 -0.0420321 0.048004 0.997962 -0.531805 -0.12034 0.838273 -0.0734564 -0.0311742 0.996811 0.0275879 -0.00110745 0.999619 0.0841197 0.0173316 0.996305 0.0223154 -0.0691671 0.997356 0.0335218 -0.0481469 0.998278 0.108678 -0.00455732 0.994067 0.112728 -0.00347295 0.99362 0.198162 -0.0102365 0.980116 0.309575 0.00631955 0.950854 0.301541 0.00133699 0.953452 0.411285 -0.00729947 0.911478 0.425647 -0.0146736 0.90477 0.483865 -0.0029531 0.875138 0.547421 -0.0207968 0.836599 0.590873 -0.057986 0.804678 0.62238 -0.0316985 0.782073 0.701974 -0.0134849 0.712075 0.740486 -0.0542181 0.669881 0.742177 -0.1643 0.649753 -0.999453 0.0151178 0.0293972 -0.997144 -0.0014799 0.0755052 -0.99008 0.00886875 0.140225 -0.976616 -0.00170524 0.214986 -0.973027 0.0044985 0.230647 -0.950209 -0.0108049 0.311425 -0.950636 -0.012639 0.310051 -0.92175 0.00379685 0.387765 -0.91926 -0.0109774 0.393497 -0.897996 0.019154 0.439586 -0.787754 0.157932 0.5954 -0.779193 0.0112355 0.626684 -0.711966 0.0460113 0.700705 -0.704171 0.0553036 0.707873 -0.671519 0.0134485 0.740866 -0.611061 0.00130042 0.791583 -0.560108 0.0261307 0.828007 -0.520232 0.00478973 0.854011 -0.435186 0.0197866 0.900123 -0.434867 0.0199624 0.900274 -0.34787 -0.00810619 0.937508 0.0830862 0.0963974 0.991869 -0.31707 0.00201516 0.9484 -0.244172 -0.00650932 0.96971 -0.115515 0.00565337 0.99329 -0.0104403 0.0353307 -0.999321 -0.0774961 0.185057 -0.979667 -0.0522432 -0.00491864 0.998622 -0.0739786 -0.0129042 0.997176 -0.000556322 -0.00764666 0.999971 0.181396 0.0435222 0.982447 0.0535707 -0.0687739 0.996193 0.0840146 -0.0168168 0.996323 0.231336 -0.00651959 0.972852 0.290452 0.00128383 0.956889 0.338699 -0.0124201 0.940813 0.386425 0.00766035 0.922289 0.517275 0.0241941 0.855477 0.489141 -0.00411612 0.872195 0.613211 0.0123211 0.789823 0.643206 0.0219207 0.76538 0.673552 0.0541214 0.737155 0.673486 0.0540073 0.737225 0.751945 -0.00736504 0.659185 0.783332 0.0327815 0.620739 0.812638 -0.030051 0.581994 0.835632 0.0243865 0.548748 0.159227 0 0.987242 0.149716 0.00314024 0.988724 0.0316112 -0.00791388 0.999469 0.0190153 0 0.999819 -0.118919 0 0.992904 -0.118919 0 0.992904 0.944344 0.0527776 0.324699 0.94923 0.0663474 0.307508 0.938927 0.0177264 0.343661 0.960699 -0.00222545 0.277582 0.971004 0.00505667 0.239012 0.973503 0.000440529 0.228673 0.997259 -0.0252138 0.0695545 0.998784 0.00985919 0.0483085 -0.00980579 0.999945 -0.00360827 0.904414 0.0494603 0.423779 0.934152 -0.0305638 0.355564 0.949586 0.011371 0.313299 0.965366 -0.00509845 0.260851 0.953208 -0.0209672 0.301589 0.996921 -0.039764 0.067587 0.990301 0.00642879 0.138792 0.998218 0.000829798 0.0596685 -0.251228 0.96655 -0.0516299 0.0642333 0.963475 -0.259982 -0.28387 0.736252 -0.614289 -0.334835 0.711644 -0.617615 0.0386589 0.46807 -0.882845 -0.235266 0.218443 -0.947065 0.216042 0.0091266 -0.976342 -0.0334022 -0.228006 -0.973087 0.2374 -0.509209 -0.827253 -0.00501134 -0.608337 -0.793663 0.00423293 -0.860065 -0.510168 -0.00630078 -0.862403 -0.506184 -0.00680184 -0.995888 -0.0903379 0.00607577 -0.995391 -0.0957109 0.028985 -0.941972 0.334436 0.00755217 -0.93961 0.342163 -0.00252473 -0.773566 0.63371 0.136704 -0.69191 0.708923 -0.0627482 -0.522124 0.850558 0.0898522 -0.355169 0.930474 -0.303831 -0.0850531 0.948922 0.162469 0.138576 0.976934 -0.0910581 0.345375 0.934037 0.0420467 0.624037 0.780263 0.128449 0.541503 0.830828 -0.142914 0.900253 0.411243 0.153046 0.834646 0.529097 0.0109024 0.99386 0.110106 -9.94562e-05 -0.999942 0.0107811 7.58976e-05 -0.999712 0.0240131 -0.000227821 -0.997175 0.0751194 0.000307847 -0.898828 0.438302 0.00663316 -0.821712 0.569864 0.000235834 -0.864413 0.502783 0.0814476 -0.709517 0.699966 -0.00175556 -0.808667 0.588264 -0.00443962 -0.791746 0.610834 0.0982313 -0.732208 0.67396 0.000421019 -0.737619 0.675217 0.00255517 0.727789 0.685797 0.00179132 0.721757 0.692144 0.0557239 0.903046 0.425913 8.78314e-05 0.777472 0.628918 -0.00279904 0.75604 0.654519 0.017248 -0.734328 -0.678575 -0.000209015 0.86405 0.503406 0.000293915 0.998495 0.0548514 -0.0125339 0.820952 0.57086 0.00860425 0.864727 0.502169 -0.00489979 0.953871 0.300175 0.0119184 0.992939 0.11803 0.01708 0.968471 -0.248539 -0.0107095 0.92643 -0.376316 0.00306408 -0.576231 0.817281 -0.00172568 -0.487318 0.873223 -0.00103328 0.905376 0.424609 0.0223424 0.999239 0.0319639 0.0118705 0.985951 -0.166613 -0.00540017 0.934125 -0.356906 -0.0177958 -0.910034 -0.414151 0.00628743 -0.964377 -0.264456 -0.0136173 -0.994937 -0.0995756 0.0225037 -0.969544 0.243881 0.00652418 -0.794439 0.607309 0.00835505 -0.772911 0.634459 -0.000148001 -0.744491 0.667633 0.999922 -0.012211 0.00267824 -0.725588 -0.517324 -0.453759 1 -9.65338e-08 -1.28927e-07 0.996117 -0.0778336 -0.0411411 1 -6.60006e-08 -1.39504e-07 1 -3.87662e-08 -1.52244e-07 -0.995117 -0.0978808 0.0127048 0.996109 -0.0842971 -0.0257275 -0.999978 -0.00661118 -0.000452811 1 -1.0165e-08 -1.69701e-07 -0.999861 -0.016533 0.00197075 1 1.23013e-07 -2.68102e-07 1 4.02398e-08 -3.26186e-07 -0.998072 -0.0594658 0.0178036 1 9.13575e-08 -2.96174e-07 -0.957882 -0.259007 0.124009 1 1.55452e-07 -2.67647e-07 -0.997597 -0.0577327 0.0383165 0.999986 0.00503728 0.00148087 -0.999865 -0.0117866 0.0114268 0.99987 0.0108197 -0.0119556 0.999835 0.0146863 -0.0106931 0.836841 -0.437938 0.328493 0.929086 -0.21019 0.304335 0.95873 0.266273 -0.0996804 0.946458 0.289145 -0.14357 0.907241 -0.176167 0.381941 0.755892 -0.166529 0.633163 0.638464 -0.197368 0.743915 0.933027 0.349239 -0.0865558 0.900296 0.428242 -0.0779509 0.997912 -0.00478542 0.0644117 0.899802 0.436291 0.002552 0.993576 0.0131389 0.112398 -0.987936 0.0398725 0.149639 0.87652 0.480663 0.0259911 0.983255 0.176924 0.043683 0.999766 0.00794188 0.0201014 0.841185 0.112648 0.528884 0.985976 0.151253 0.0705319 0.99987 0.0085786 0.0136369 0.976941 0.178525 0.117111 0.968907 0.207347 0.135007 0.92553 0.291896 0.241227 0.957646 0.197551 0.209493 1 1.29927e-06 1.27995e-06 -1 6.96881e-06 -3.84776e-06 1 3.7372e-06 9.42164e-08 -1 3.39559e-08 -5.69047e-07 -1 4.38984e-06 -4.60105e-06 -1 -3.45526e-07 -2.36807e-06 -1 -2.42637e-07 -4.14464e-07 1 1.69961e-05 1.75209e-05 1 6.14267e-06 3.9228e-06 -0.987343 -0.110045 -0.114209 -0.97764 -0.194525 -0.0798802 -1 3.97087e-06 -3.24755e-06 -0.557424 -0.814081 -0.162943 -1 0 0 -1 0 0 -0.903052 -0.417045 -0.102812 -1 0 0 -1 0 0 -0.918089 -0.396096 -0.0148232 -1 0 0 -1 0 0 -1 0 0 -1 0 0 -1 0 0 -0.879474 -0.470168 0.0739403 0.555891 -0.727333 0.402458 -1 0.000462814 0.000237887 1 0.000194292 -0.000287685 1 0.000842546 -0.00018781 -0.999999 0.000920872 0.000860985 -1 0.000342069 0.000208112 -1 6.80431e-05 -0.000175022 0.999663 -0.0243131 0.00910582 0.984399 -0.147805 0.0954545 -1 0.000109691 -0.000155401 -1 0.000183696 -0.000161125 -0.999439 0.0294279 -0.0159982 -0.999854 0.0165321 -0.00437655 0.99816 -0.027273 0.0541644 -0.878529 -0.254008 0.404558 -0.999415 0.0323561 -0.0110563 -0.919092 -0.0954931 0.382296 -0.971905 0.23374 -0.0276812 -0.940911 0.334756 -0.0512342 -0.91606 -0.0920819 0.390326 -0.990298 0.138831 0.00601282 -0.999985 -0.000127062 0.00552073 -0.999983 0.00102805 0.00580594 -0.984369 0.17157 0.0397687 -0.992939 0.0360921 0.113003 -0.993272 0.0390482 0.109023 -0.914622 0.368531 0.166289 -0.878411 0.449982 0.160964 -0.987704 0.0762841 0.136461 -0.995465 0.0322212 0.0895083 -0.928122 0.304496 0.214176 -0.99961 0.0163521 0.0226358 -0.999512 0.0224631 0.0216859 -0.931596 0.302332 0.201803 0.00270134 -0.835808 0.549015 0.00769359 -0.794761 0.606874 -0.00394245 0.82115 -0.570699 -0.00837737 -0.708428 0.705734 -0.0114669 0.748053 -0.66354 0.151406 0.783767 -0.602316 -0.00515591 -0.810412 0.585838 4.19777e-06 -1 -1.73753e-05 -8.35305e-07 -1 3.12771e-06 -2.98112e-07 -1 -9.10027e-07 -3.21022e-06 -1 -1.24864e-05 0 -1 0 -8.38193e-08 -1 -4.70655e-07 -5.35974e-08 -1 -6.34803e-07 3.80166e-06 -1 2.13468e-05 -1.09603e-05 1 4.10183e-05 5.96494e-06 1 -2.23235e-05 -0.000216146 1 0 0.000704515 0.999997 0.00254887 -3.67512e-07 1 -1.32962e-06 -3.45004e-05 1 -0.000151687 2.6326e-05 1 0.00014008 0 1 0 -5.70959e-06 1 3.2379e-05 -0.0104866 0.739476 0.673101 -0.0227253 0.701479 0.712328 -0.137524 0.641688 0.754536 0.00106351 0.64958 0.760292 0.000263685 0.822492 0.568776 0.00100046 0.831559 0.555436 -0.0110816 0.786781 0.617133 -0.130305 0.622801 0.771452 -0.000232463 0.862704 0.505709 -0.000299826 0.895195 0.445674 -0.00767959 0.933854 0.357573 0.0105548 -0.808523 -0.58837 -0.0134379 -0.926502 -0.376051 -0.00536664 -0.85742 0.514589 -0.000716982 0.693904 0.720067 0.000862627 0.811499 0.584353 0.00499735 0.898627 0.438686 -0.00634809 0.946377 0.323002 -0.00722775 0.972674 -0.232061 0.0048474 0.942533 -0.334079 -0.00309781 0.924861 -0.380293 0.00268663 0.888859 -0.458173 0.00622596 0.811151 -0.584804 0.00256334 -0.99952 -0.0308874 0.0015654 -0.968337 -0.249641 -0.00199853 -0.970844 -0.239704 -0.00266342 -0.901947 -0.431839 0 -0.906304 -0.422626 0 -0.836147 -0.548506 0.0116671 -0.807007 -0.590427 -0.00494652 -0.661141 -0.750245 -0.018193 -0.685951 -0.72742 -0.00642891 -0.512865 -0.858445 0 -0.532474 -0.846446 0.00253277 -0.357601 -0.933871 0 -0.367452 -0.930043 0.000241638 -0.257475 -0.966285 0.0146024 -0.17696 -0.98411 0.000543271 -0.116105 -0.993237 0.00544388 0.0342131 -0.9994 -0.00845088 0.0740874 -0.997216 0.00412687 0.237091 -0.971479 -0.000869456 0.256438 -0.96656 0.00289188 0.418834 -0.908058 0.0127858 0.450305 -0.892783 -0.00512793 0.568281 -0.822818 0.00890033 0.617764 -0.786313 0.0114885 0.783589 -0.621173 -0.0101978 0.717943 -0.696027 -0.00135826 0.833193 -0.552981 0.00331397 0.888537 -0.458794 0.0137858 0.901864 -0.4318 -0.00072483 0.957986 -0.286813 0.00564464 0.965259 -0.261232 -0.00703381 0.992946 -0.11836 0.011486 0.998659 -0.0504842 -0.00661984 0.997641 0.0683302 0.0100512 0.987419 0.157807 -0.0109494 0.956389 0.29189 0.00995776 0.923968 0.38234 -0.00840059 0.884062 0.467295 0.0190953 0.80972 0.586506 -0.00623005 0.751769 0.659397 0.00589182 0.652904 0.757418 -0.0105447 0.599326 0.800436 0.00965745 0.488214 0.872671 -0.00591157 0.427655 0.903923 0.0104255 0.251301 0.967853 0.00863917 0.246749 0.969041 0.00248891 0.0597919 0.998208 0.0197189 0.00106167 0.999805 -0.00450984 -0.122435 0.992466 0.00651058 -0.246753 0.969057 -0.0065103 -0.294749 0.955552 0.00889872 -0.458495 0.888653 -0.00735231 -0.502227 0.864705 0.00850543 -0.650939 0.759082 -0.00135814 -0.671007 0.741449 0.00312168 -0.808415 0.588604 0.0225422 -0.84538 0.53369 0.00202112 -0.895664 0.444727 0.0132601 -0.961446 0.274673 0.0313777 -0.970156 0.240444 -0.00829411 -0.999949 -0.00584899 1 0 0 1 0 0 1 0 0 1 0 0 1 0 0 1 0 0 1 0 0 1 0 0 1 0 0 1 0 0 1 0 0 1 0 0 1 0 0 1 0 0 1 0 0 1 0 0 1 0 0 1 0 0 1 0 0 1 0 0 1 0 0 1 0 0 1 0 0 1 0 0 1 0 0 1 0 0 1 0 0 1 0 0 1 0 0 1 0 0 1 0 0 1 0 0 1 0 0 1 0 0 1 0 0 1 0 0 1 0 0 1 0 0 1 0 0 1 0 0 1 0 0 0.0104744 -0.999009 -0.0432675 -0.0166205 -0.995682 0.0913296 -0.00216884 -0.988487 0.151287 -0.000543731 -0.947927 0.318486 -0.00216262 -0.946277 0.323349 0.00512098 -0.878553 0.477618 0.00425931 -0.877292 0.479938 -0.00325915 -0.781828 0.623485 0.00897844 -0.751754 0.659383 -0.00398074 -0.658226 0.75281 0.0163216 -0.576594 0.816868 -0.0207263 -0.460043 0.887655 0.00956149 -0.362333 0.932 -0.0131758 -0.208085 0.978022 0.0110241 -0.123699 0.992259 -0.0140587 0.053488 0.99847 0.00476186 0.115123 0.99334 -0.0109626 0.317233 0.948284 -0.0164025 0.305131 0.952169 -0.00575925 0.548045 0.836429 -0.000704099 0.536354 0.843993 0.0037293 0.69627 0.71777 -0.0192905 0.739471 0.672912 0.00284422 0.842798 0.538223 -0.0181375 0.898268 0.439074 0.00302521 0.925039 0.379859 -0.00461961 0.978877 0.2044 -0.00741904 0.980524 0.196257 0.00271673 0.999297 0.037397 -0.00271675 0.999919 0.0124597 0.00461955 0.987848 -0.155353 -0.00980145 0.980261 -0.197465 0.00405739 0.936468 -0.350729 -0.00682006 0.922804 -0.385208 -0.00495666 0.807782 -0.589461 0.00867895 0.840014 -0.542495 -0.0030313 0.790013 -0.613082 -0.0297514 0.682543 -0.73024 0.000342816 0.600863 -0.799352 0 0.4693 -0.883039 -0.00932265 0.44971 -0.893126 0 0.264497 -0.964387 0.00945075 0.242332 -0.970147 -0.00349899 0.0461803 -0.998927 0.00179803 0.0230093 -0.999734 -0.0123824 -0.182484 -0.983131 -0.00897063 -0.17435 -0.984643 0.00329475 -0.337187 -0.941432 -0.0129453 -0.406454 -0.913579 -6.00227e-05 -0.487951 -0.872871 0 -0.567897 -0.8231 -0.00636263 -0.585572 -0.810595 -0.00710792 -0.734893 -0.678146 0 -0.719444 -0.69455 0.00295515 -0.817928 -0.575313 -0.0131308 -0.854686 -0.51898 0.00543129 -0.911492 -0.411283 -0.00470838 -0.936812 -0.349802 0.0094031 -0.974129 -0.225797 -0.00985453 -0.990275 -0.138776 -1 0 0 -1 0 0 -1 0 0 -1 0 0 -1 0 0 -1 0 0 -1 0 0 -1 0 0 -1 0 0 -1 0 0 -1 0 0 -1 0 0 -1 0 0 -1 0 0 -1 0 0 -1 0 0 -1 0 0 -1 0 0 -1 0 0 -1 0 0 -1 0 0 -1 0 0 -1 0 0 -1 0 0 -1 0 0 -1 0 0 -1 0 0 -1 0 0 -1 0 0 -1 0 0 -1 0 0 -1 0 0 -1 0 0 -1 0 0 -1 0 0 -1 0 0 -1 0 0 -1 0 0 -1 0 0 -1 0 0 -1 0 0 -1 0 0 0.310945 -0.950428 0 0.359849 -0.932988 0.0064408 0.745637 -0.66635 0.00207924 0.0300358 0.687572 -0.725495 0.994407 0.0514647 0.0922288 0.0335072 -0.88456 0.465222 0.029148 -0.976399 0.214 0.322273 -0.917305 0.233864 0.69828 -0.715618 0.0171892 0.0124252 -0.913318 0.407057 0.941142 -0.330188 0.0723057 0.927606 -0.352723 0.12302 0.0771977 -0.803204 0.590681 0.0273894 -0.811278 0.584018 0.414193 -0.846821 0.333674 -0.974193 0.20693 -0.0901597 0.382395 -0.923532 0.0293603 -0.7658 -0.642381 0.0299494 -0.219813 -0.935363 -0.27709 -0.0108754 -0.951398 -0.307773 0.0129274 0.827448 -0.561393 0.115341 0.919987 -0.374595 0.723849 0.579891 -0.373858 0.164327 0.618839 -0.768137 0.63394 0.739838 -0.2253 0.0898958 0.995914 -0.00856803 0.0795899 0.991384 -0.104037 0.0279136 0.972641 0.23063 0.0394294 0.963381 0.26522 0.82289 0.566154 0.0481902 0.626158 0.743206 0.235733 0.0312602 0.821485 0.569373 0.661647 0.660275 0.355331 0.0257157 0.81047 0.585216 0.854542 0.409974 0.318873 0.0480998 0.679288 0.732294 0.134908 0.489378 0.861574 0.131542 0.559199 0.818531 0.0841271 0.442719 0.892705 0.129906 0.563863 0.815588 0.734152 0.348221 0.582891 0.0710269 0.27797 0.95796 0.111073 0.120214 0.986515 0.902402 0.0891907 0.421564 0.102611 0.137037 0.985237 0.0423948 -0.0804457 0.995857 0.794497 0.0544304 0.604824 0.070374 -0.285126 0.955903 0.135638 -0.391327 0.910201 0.864787 -0.147641 0.479943 0.25029 0.90085 0.354718 0.1809 -0.971146 0.155403 0.12767 -0.686563 0.715774 0.145619 -0.711607 0.687322 0.0746806 -0.849542 0.522207 0.90162 -0.334434 0.27429 0.101591 -0.941536 0.321231 0.207149 -0.971157 0.118084 0.818892 -0.570566 0.0622129 0.211417 -0.970896 0.112534 0.116807 -0.990804 -0.0682966 0.867626 -0.49569 0.0389378 0.0893442 -0.960505 -0.263529 0.112125 -0.88178 -0.458141 0.0847536 -0.90888 -0.408356 0.660106 -0.666295 -0.346858 -0.959665 0.27704 0.0478799 0.601992 0.798432 0.0106223 -0.258105 0.963965 -0.0644561 -0.619983 0.760922 -0.191361 0.290631 0.926335 0.239659 0.342443 0.867682 0.360361 0.0190598 0.886099 0.463105 0.825687 0.559671 0.070782 0.0153238 0.935296 0.353535 0.0431786 0.992662 0.112954 0.0323683 0.944761 0.326159 0.0310318 0.957357 0.287235 0.964345 0.251971 0.0809229 0.856991 0.0235243 0.514795 0.209614 0.79023 0.575846 0.163142 0.986603 0 0.200419 0.979707 0.00236765 0.666539 0.745469 -0.00131411 0.215254 0.972032 -0.093909 -2.34932e-05 3.48697e-05 -1 0.399539 -0.907329 -0.13085 -0.472827 0.867185 0.156284 -0.934169 0.333648 0.126522 -0.0301473 0.995991 0.0842197 -0.0893057 0.977499 0.191101 -0.0667226 -0.55392 -0.829892 0.321521 -0.793921 0.516055 0.034031 0.995022 0.0936653 -0.974549 0.222465 -0.0276371 0.739885 0.618151 0.265444 0.0140067 0.862601 0.505691 0.237065 0.90892 -0.343022 -0.320919 0.794281 -0.515877 -0.776216 0.575747 -0.256914 -0.0429222 0.871152 -0.489134 -0.0479961 0.775974 -0.628936 -0.793042 0.547367 -0.267346 -0.857577 0.508702 -0.0760584 -0.728092 0.684202 -0.041813 -0.412152 0.842659 -0.346493 -0.475516 0.797178 -0.37201 -0.250161 0.826196 0.504797 -0.101366 0.991622 -0.0800724 -0.0870087 0.994891 -0.0512032 -0.0619478 0.986878 0.149113 -0.777595 0.600992 0.184811 -0.0647918 0.984848 0.160859 -0.698219 0.680012 0.223771 -0.0771078 0.665367 0.742524 -0.744022 0.478595 0.466238 -0.109643 0.936255 0.333773 -0.0804506 0.540717 0.837348 -0.672178 0.537069 0.50964 -0.778425 0.331383 0.533142 -0.0781201 0.460409 0.884263 -0.30156 0.360397 0.882709 -0.8299 0.0459134 0.556019 -0.124437 0.376007 0.918223 -0.0575121 0.235716 0.970119 -0.80503 -0.0550517 0.590674 -0.0564634 0.0114091 0.99834 -0.100085 -0.140383 0.985026 -0.104671 -0.14803 0.983428 -0.0846319 -0.328329 0.940764 -0.908259 -0.209813 0.361999 -0.0553263 -0.519535 0.852656 -0.106078 -0.420488 0.901076 -0.0449216 -0.675508 0.735983 -0.0693689 -0.724088 0.686211 -0.83648 -0.45285 0.30859 -0.851726 -0.445871 0.275249 -0.0581108 -0.946904 0.316222 -0.975763 -0.213023 0.0500709 -0.0569672 -0.948076 0.312899 -0.0709142 -0.991254 0.111299 -0.109992 -0.993853 0.0125723 -0.0926135 -0.989266 -0.113033 -0.740511 -0.640056 -0.204871 -0.107424 -0.981463 -0.158712 -0.666349 -0.626898 -0.403705 -0.0283877 -0.848016 -0.529209 -0.273058 -0.829894 0.486535 -0.03916 0.985207 -0.166835 0.0268504 -0.977466 0.209379 0.781581 -0.617039 -0.0916177 0.494188 -0.868602 -0.0361818 -0.997571 -0.0572142 -0.0397418 -0.00708022 -0.999941 0.00826242 -0.980782 -0.180619 0.0737767 -0.219879 -0.792422 0.568965 -0.0264575 -0.864433 0.502051 -0.0153769 -0.923956 0.38219 -0.934432 -0.340855 0.103224 -0.0174577 -0.976378 0.215364 -0.942885 -0.315899 0.105718 -0.0263644 -0.996738 0.0762766 -0.0125779 -0.977898 0.208704 -0.00697126 -0.99974 0.0217176 -0.7207 -0.693137 0.012343 0 0 -1 0.998492 0.0480985 0.0264784 0.831177 -0.554951 -0.034267 -0.482645 0.873805 -0.0593148 0.499617 -0.865334 0.0397498 -0.0136662 -0.999256 -0.0360526 -0.282318 -0.959282 0.00860694 -0.717502 -0.695445 -0.0393331 -0.898171 -0.439195 0.0199317 -0.992238 0.122447 -0.0216951 -0.847474 0.526239 0.0697155 -0.51463 0.857088 -0.0235941 0.0981285 0.994896 0.0234971 0.143434 -0.961576 -0.234089 -0.270715 0.923767 0.270866 0.956954 0.289459 -0.0212612 0.99581 -0.0821 -0.040278 0.944582 -0.32758 0.0213596 0.378383 -0.924996 -0.0347656 0.29702 -0.953194 -0.0565643 -0.135064 -0.990816 -0.00650764 -0.0830721 0.984412 -0.155023 -0.676822 -0.736104 -0.00796387 -0.983619 0.163219 0.0765018 -0.988809 -0.143394 -0.0411798 -0.718771 0.695229 0.00513418 -0.458417 0.888058 -0.0347308 -0.25195 0.96774 -0.00023337 0.260898 0.965116 -0.0219929 0.482161 0.873476 -0.0675289 0.881093 0.471482 0.0371438 0.983879 -0.178799 -0.00364575 0.946763 -0.321915 0.00324314 0.740781 -0.671718 -0.0062763 0.705888 -0.708317 -0.00289053 0.334597 -0.942361 0.000813005 0.284065 -0.958801 -0.002637 -0.377748 -0.925899 0.00416302 -0.334516 -0.94234 0.00974583 -0.905369 -0.424582 -0.00615505 -0.917493 -0.39774 -0.00312175 -0.958516 0.285038 -0.000186804 -0.96341 0.268029 0.00139466 -0.633232 0.773956 0.00320064 -0.611617 0.791154 0.000482382 -0.208783 0.977962 -0.000718005 -0.020279 0.999763 0.00788054 0.197996 0.980202 -0.00145636 0.635754 0.771886 0.00295639 0.613545 0.789636 0.00618445 0.953995 0.299822 -0.000144493 0.981512 0.191291 0.00654618 0.385168 -0.833501 0.396133 0.167029 0.111035 -0.97968 0.191626 -0.0348239 -0.98085 0.162272 -0.147143 -0.975713 0.0700947 -0.23659 -0.969078 -0.0993804 -0.279957 -0.954855 -0.307174 -0.144052 -0.940688 -0.263647 0.185858 -0.946545 -0.150215 0.285865 -0.946423 0.99476 -0.102129 0.00461115 0.849934 -0.526606 -0.0172748 0.688595 -0.725133 0.00432077 0.336532 -0.941659 -0.00489549 0.219864 -0.975515 0.00550178 -0.323481 -0.946233 -0.00189059 -0.341675 -0.939812 -0.00331596 -0.723203 -0.690634 0.00141243 -0.740477 -0.672044 -0.00709631 0.673386 0.739101 -0.0167623 -0.976258 -0.216547 -0.00523787 -0.998498 0.0539633 0.00949212 -0.917826 0.396924 -0.00685948 -0.676812 0.736076 0.0108276 -0.380384 0.924748 -0.0121799 0.488937 0.87228 -0.00826888 0.914801 0.403904 0.00041026 0.955489 0.294929 -0.0075516 -0.299541 -0.108604 -0.947882 -0.280898 0.121478 -0.952018 0.481085 0.869588 -0.111239 -0.736717 0.66349 -0.130496 0.529039 0.163298 -0.832737 0.422772 -0.538792 -0.728675 0.883707 -0.468028 0.00331023 0.9159 -0.401389 -0.00377539 0.603671 -0.797233 -0.000674025 0.432998 -0.901317 -0.011822 0.155255 -0.987867 0.00384905 -0.189511 -0.981859 -0.00614816 -0.383398 -0.923553 0.007456 -0.680313 -0.732914 -0.00336001 -0.842938 -0.537967 0.00685952 -0.963982 -0.265927 -0.00469655 -0.999813 0.0171386 0.00894069 -0.0321618 0.999466 0.00571685 0.372094 0.92816 -0.00810847 0.628691 0.777537 0.0135668 0.869586 0.493775 -0.00269396 0.978186 0.207568 0.00825689 0.998779 0.0494115 -0.000374756 -0.222589 0.772638 0.594545 0.521944 -0.744355 0.416546 -0.171497 -0.10818 -0.979227 -0.0342273 0.99713 -0.0675236 -0.640366 0.753353 -0.149636 -0.988061 -0.140681 -0.0628074 0.0918492 0.229111 -0.969057 0.22595 0.128301 -0.965653 0.258451 0.0127861 -0.96594 0.154373 -0.360709 -0.919814 0.344449 -0.218871 -0.912935 0.93214 -0.362035 0.00675371 0.559428 -0.828818 -0.0100462 0.4118 -0.911243 0.00751802 -0.298164 -0.954498 -0.00569236 -0.325166 -0.945652 -0.00308545 -0.81786 -0.575417 -0.000711978 -0.808652 -0.588287 0.000750337 -0.999982 -0.00598331 0.000292642 -0.998065 0.0619561 0.00519254 -0.80421 0.594316 -0.0059183 -0.743172 0.66909 0.00364558 -0.315659 0.948869 -0.00263225 -0.189451 0.981865 0.00699768 0.361493 0.93235 -0.00683545 0.279162 0.960144 -0.0138301 0.651952 0.758259 0.00123204 0.796554 0.604529 -0.00684665 0.939718 0.341881 0.00692377 0.988851 -0.1484 -0.0123262 0.473143 -0.0140515 -0.880873 -0.0305411 0.434684 -0.900065 0.187947 -0.0282058 -0.981774 0.135574 -0.200859 -0.970194 -0.0898703 -0.287697 -0.953496 -0.248549 -0.180817 -0.951593 -0.268988 -0.00160947 -0.963142 -0.933209 -0.33612 0.127061 0.0110129 0.460545 -0.887568 0.999996 -0.00238879 -0.00161811 0.999999 -0.000876396 0.0014317 1 -7.93624e-07 1.29648e-06 1 -7.47037e-07 7.87128e-07 1 -1.36851e-06 -1.38756e-07 1 -2.33634e-07 2.02764e-07 1 -2.29383e-07 2.49918e-07 1 -1.8877e-07 3.09807e-07 1 4.60549e-07 4.95428e-07 0.999734 0.0116799 0.019883 0.999989 0.00114466 0.00464445 1 -1.47993e-07 6.41627e-07 1 -1.2737e-06 -4.84463e-07 1 4.97443e-06 -1.01809e-05 1 6.87638e-07 2.6155e-07 1 6.78734e-07 1.02554e-07 1 7.21696e-07 6.54657e-08 1 8.58728e-08 3.5342e-07 1 8.34641e-08 3.56209e-07 1 9.10845e-07 -1.56349e-06 1 -7.62528e-07 1.3089e-06 1 6.04434e-07 3.5477e-07 1 1.76032e-07 3.38088e-07 1 2.09231e-07 2.72972e-07 1 7.76421e-07 -8.45151e-07 1 -3.87477e-07 4.21777e-07 -1 -7.63064e-07 -2.17492e-08 -1 -1.18584e-06 -2.56769e-07 -1 -7.69047e-07 -3.43515e-08 -1 7.7693e-07 1.68228e-07 -1 -1.72811e-07 2.98271e-07 -1 -8.882e-07 6.14265e-07 -1 -1.06952e-07 3.58562e-07 -1 -7.73307e-07 7.69131e-07 -1 -7.00996e-07 1.18098e-07 -0.999996 -0.00151557 -0.00235658 -1 -8.84992e-10 3.57036e-07 -1 4.29719e-07 8.33386e-07 -0.999998 -0.00124526 0.00176 -1 -1.54382e-06 1.1359e-07 -0.999947 -0.00592561 0.00840565 -1 2.44599e-06 -1.7997e-07 -0.999882 -0.0101962 0.011533 -1 -1.88941e-06 3.1758e-06 -1 0 0 -1 1.68943e-06 -2.4538e-07 -1 -1.40807e-07 9.57932e-07 -1 2.84971e-07 2.05769e-07 -1 2.8509e-07 2.0877e-07 -1 1.94963e-06 -1.38203e-06 -1 1.29361e-06 4.08819e-06 -1 1.0524e-05 3.3259e-05 -1 3.93765e-05 -1.86822e-07 -0.999996 -0.00025798 0.00297121 0.999762 0.0200635 0.00857663 0.996045 0.0888451 -0.00109447 0.999993 0.00369014 0.000940137 0.993295 0.115578 -0.00259815 0.969309 0.245805 -0.00457855 0.958935 0.282868 0.0206967 0.92194 0.387291 0.00573081 0.876782 0.480887 -0.00120645 0.801408 0.597816 0.0189964 0.876874 0.480697 0.00470325 0.792606 0.609732 0.00156682 0.778613 0.627504 0.000584234 0.802795 0.596254 -0.00126241 0.771088 0.636728 0.000484663 0.719197 0.694806 -0.000621604 0.706874 0.707339 -0.000126902 0.735429 0.677599 -0.00201872 0.655739 0.754987 0.000652202 0.593253 0.805015 -0.00164088 0.458496 0.888679 0.00557667 0.285768 0.958299 0.00060222 0.240984 0.970524 0.00326733 0.00415561 0.999989 -0.00198581 1.82487e-05 -1 7.39891e-06 1.15945e-05 -1 1.91751e-05 1.46508e-05 -1 1.60342e-05 0.0187072 0.999821 0.00294326 0 1 0 -0.0472895 0.998756 0.0158416 0.998993 -0.0382465 -0.0234763 -0.991021 -0.133686 0.00221591 -0.826382 -0.560786 0.0511089 -0.900304 -0.43526 0.00145544 -0.564726 -0.825104 -0.0169865 -0.444496 -0.895726 0.00992585 -0.0414475 0.998508 0.0355418 -0.183892 -0.978066 -0.0978299 -1 0 0 -1 0 0 -1 -1.83856e-06 2.80162e-06 -1 0 0 -0.0492882 0.998633 0.0174085 -0.481629 0.876147 -0.0200021 -0.542254 0.840214 0.00104866 -0.841926 0.539444 -0.0126668 -0.813909 0.580976 0.00431721 -0.972167 0.234289 0.000566957 -0.969728 0.244189 -0.000697924 -0.997291 0.0735539 -0.000777553 -0.996578 0.0826554 0 1 0 0 1 0 0 0.0147737 -0.999867 -0.00694376 0.0311826 0.999487 -0.00726085 0.261523 -0.965197 -0.000961197 0.3508 -0.936445 0.00320133 0.507797 -0.861468 -0.00392216 0.59837 -0.801219 0.000714114 0.690123 -0.723692 -0.000350737 0.757471 -0.652866 0.0019563 0.742221 -0.670154 0.00100409 0.809879 -0.586596 0.001043 0.743808 -0.668361 -0.00659494 0.819113 -0.573632 -0.000796095 0.880943 -0.473207 0.00384775 0.928259 -0.371922 -0.00292873 0.912897 -0.408186 -0.00204559 0.923476 -0.38365 0.00211999 0.968587 -0.248649 0.00371179 0.985711 -0.168441 -0.000883023 0.999994 -0.0032561 0.000829249 0.999824 -0.0172167 0.00742607 0.988388 -0.151942 -0.00193209 0.998329 -0.0566231 -0.0115292 1 -0.000397553 7.52172e-05 -0.0165551 0.786342 -0.61757 0.00573294 0.62339 -0.78189 -0.100753 -0.948138 0.301468 -0.0185839 -0.0714043 -0.997274 0.0204091 -0.730308 -0.682813 -0.00172259 -0.859604 -0.510958 0.00725833 -0.981502 0.191315 0.00975231 -0.975999 0.217558 -0.00475839 -0.725933 0.68775 0.00719937 -0.559665 0.828688 -0.0141936 -0.0445571 0.998906 0.0118471 0.213544 0.976862 -0.00572383 0.677809 0.735216 0.00741675 0.780058 0.625663 -0.00706703 0.979379 0.201907 0.0125979 0.98299 -0.183227 0.00179208 0.997557 -0.0698394 0.000775546 0.901974 -0.43179 0.020429 0.690161 -0.723368 -0.00434583 0.437217 -0.899346 0.0120426 -0.144371 -0.98945 -0.0129492 -0.341167 -0.939914 0.0119844 -0.936818 -0.349612 -0.0113504 -0.984302 -0.176127 0.00822747 -0.814746 0.57976 -0.0396044 -0.52914 0.84761 0.00351358 -0.0595653 0.998218 -0.00961898 0.438908 0.89848 0.0172404 0.712279 0.701685 -0.00193735 0.899555 0.436804 0.00751022 0.999654 0.0252017 -0.138538 0.9903 -0.0106786 -0.0995441 0.995022 -0.00472707 -0.385268 0.922801 0.00248997 -0.443901 0.896073 -0.00223268 -0.649884 0.760031 0.00201507 -0.693548 0.72041 -0.000733282 -0.839067 0.544027 0.00101037 -0.831907 0.554912 0.00164369 -0.911668 0.410927 0.000312378 -0.946902 0.321515 0.00189747 -0.970295 0.241922 -0.000676384 -0.999881 0.0152311 0.00231556 -0.999886 0.0149437 0.00236017 0 1 0 0.000738923 1 0.000317135 0.00149263 0.999999 -4.29654e-05 0 -1 0 -0.00347591 -0.999994 0.000218802 -0.990254 0.119327 -0.0718164 0.992245 0.12234 0.02198 0.89011 0.45561 -0.0111432 0.79157 0.610477 0.0271162 0.620162 0.784052 -0.0257204 0.455279 0.890324 0.00668593 0.1751 0.984533 -0.00590574 0.18749 0.982232 -0.00823912 1 0 -2.12194e-06 1 6.12322e-07 -7.15488e-07 1 9.94972e-07 1.91202e-06 1 1.18121e-06 1.29522e-06 0.0584304 -0.998166 0.0158134 0.0218687 -0.999665 -0.013814 0.410287 -0.911955 -0.00127325 0.45575 -0.889991 -0.0144035 0.791578 -0.610799 0.0181351 0.838992 -0.544117 -0.00542907 0.970274 -0.241911 0.00692136 -0.947548 -0.29521 0.122492 -0.999986 -0.00524303 0.00124668 -0.991658 -0.128898 -0.000701575 -0.962636 -0.27079 0.00200927 -0.955341 -0.295504 0.000952371 -0.867417 -0.497582 0.000683289 -0.865721 -0.500526 0.000829915 -0.744902 -0.667174 -0.000564614 -0.724246 -0.689541 0.000601964 -0.553448 -0.832881 0.00192418 -0.609331 -0.792916 -0.000322312 -0.434681 -0.900584 -0.00132658 -0.31368 -0.949523 0.00340204 -0.11693 -0.993118 -0.00664341 -0.0139742 -0.999897 0.00320265 -1 -0.000744759 8.3564e-05 -1 0 0 0.076842 0.416564 0.905853 -0.0874611 0.651177 0.753869 -0.0904265 0.64945 0.755009 0.0240527 0.648906 0.760488 6.65867e-06 0.638226 0.769849 0.123644 0.630085 0.766619 0.0850474 0.647852 0.757004 0.0879321 0.642428 0.761285 0.0990576 -0.637493 0.764061 -0.0549587 -0.412651 0.90923 0.0940001 -0.647329 0.756392 0.115133 -0.639242 0.760338 0.0145422 -0.64431 0.764626 0.0966028 -0.644079 0.758835 -0.00186489 -0.636565 0.771221 -0.0906015 -0.647723 0.75647 -0.0911247 -0.647503 0.756595 -0.0936311 -0.642416 0.760615 -0.11264 0.109969 0.987532 -0.938139 -0.0542356 0.341984 0.537187 0.216067 0.815319 0.0651616 0.389056 0.918907 -0.0142528 0.609163 0.792917 -0.0352174 -0.00149622 0.999379 -0.160556 -0.0317061 0.986517 -0.143641 -0.00690353 0.989606 0.186055 -0.00489171 0.982527 -0.186404 -0.0353748 0.981836 -0.00673301 -0.606917 0.794737 0.0266535 -0.553686 0.832299 0.0799873 -0.564176 0.821771 0.239984 -0.279359 0.929713 -0.159119 -0.547851 0.821304 -0.984152 -0.122604 -0.128111 -0.777009 0.274683 -0.566397 -0.198337 0.104262 -0.974573 0.316001 -0.160472 -0.935089 0.596996 0.389792 -0.701183 0.855316 -0.269833 -0.442295 0.985472 0.169668 -0.00764521 0.897433 -0.249104 0.364089 0.780906 0.101193 0.616398 0.503075 -0.106726 0.857627 0.373093 0.089295 0.923487 0.00513824 -0.0819849 0.99662 -0.269248 0.185827 0.944973 -0.47091 -0.0170043 0.882017 -0.73042 0.180075 0.658832 -0.859946 -0.175894 0.479118 -0.996221 0.0767173 0.0407206 2.49098e-07 1 -1.97921e-07 2.85954e-06 1 2.11382e-07 1.73336e-07 1 -3.24659e-07 2.35956e-07 -1 -1.31462e-07 -1.92294e-09 1 -3.72976e-07 1.64154e-06 -1 2.13685e-07 -0.000345251 1 -0.000111247 -0.338167 -0.727615 -0.596841 -2.74016e-07 1 -4.67134e-07 -0.000183054 -1 -7.43685e-05 -0.000183176 -1 -7.43145e-05 -0.00051024 -1 0.000263852 -2.96059e-16 -1 6.07565e-08 -2.62837e-07 -1 -4.92056e-07 -3.29692e-08 -1 -2.73311e-08 -1.78384e-08 -1 2.70931e-11 1.39769e-10 -1 -1.86523e-10 1.35365e-07 -1 -2.34473e-07 -9.87855e-09 -1 1.45739e-08 0.000497611 -1 0.000893565 -0.000288398 -1 -2.78319e-05 -0.00065532 -0.999999 -0.000952319 4.00071e-17 -1 1.35354e-15 -2.5204e-15 -1 -8.69124e-16 -1.9855e-15 -1 1.86841e-16 5.44448e-16 -1 5.21343e-16 6.37021e-06 -1 2.19667e-06 1.05897e-06 -1 -5.43024e-07 6.11763e-17 -1 9.75303e-17 1.80035e-16 -1 4.08118e-16 1.76557e-06 -1 -3.8768e-07 -6.94478e-07 -1 -6.59893e-07 -7.43928e-18 -1 1.30522e-16 2.34289e-17 -1 1.90461e-16 -0.000602047 -0.999999 -0.00131554 7.00314e-05 -1 2.94193e-05 3.87213e-17 -1 1.44506e-16 5.98512e-17 -1 1.54107e-16 0 -1 0 1.0326e-11 -1 -1.06023e-12 0 -1 0 0 -1 0 -1.33398e-16 -1 -1.04324e-16 -1.68823e-16 -1 1.09708e-16 -1.77351e-17 -1 -3.72135e-16 -4.59875e-09 -1 -3.25092e-09 -4.79287e-09 -1 -5.49071e-09 -7.1256e-09 -1 -1.24281e-08 -2.96127e-09 -1 -1.39821e-09 -7.94618e-16 -1 -1.42581e-16 1.3313e-09 -1 -1.6823e-08 -9.94253e-16 -1 2.93166e-16 3.76202e-16 -1 -5.50334e-16 0 -1 0 0 -1 0 0 -1 0 0 -1 0 0 -1 0 0 -1 0 0 -1 0 0 -1 0 0 -1 0 0 -1 0 1.76634e-16 -1 9.52013e-17 1.50817e-16 -1 3.69529e-17 0 -1 0 0 -1 0 -7.13059e-16 -1 -8.30749e-16 -5.69895e-16 -1 4.52896e-16 -7.75308e-16 -1 -1.89965e-16 -6.34041e-16 -1 4.04601e-16 0.787719 -5.79596e-05 0.616035 0.78698 0 0.616979 0.694834 -0.00374392 0.71916 0.677825 0 0.735223 0.555593 0.00122561 0.831453 0.505567 -0.00469093 0.862775 0.342422 0.00610123 0.939527 0.308987 0.00142682 0.951065 0.059981 0.00451363 0.998189 0.0822324 0.000430539 0.996613 -0.15333 -0.00186716 0.988173 -0.241685 0.00889608 0.970314 -0.380486 -0.00357837 0.92478 -0.480543 0.00398414 0.876962 -0.598857 -0.0086264 0.80081 -0.690568 0.00572767 0.723245 -0.782885 -0.00302893 0.622159 -0.834199 0.00443561 0.551445 -0.904075 -0.00531341 0.427341 -0.9389 0.00200752 0.344183 -0.974919 -0.00449849 0.222513 -0.988298 0.00341301 0.152499 -0.998906 -0.00297561 -0.0466686 -0.996593 0.00297589 -0.0824253 -0.96041 -0.00341286 -0.278569 -0.930039 0.00700476 -0.367393 0.812547 -3.1887e-06 0.582896 0.812546 5.392e-07 0.582897 1 9.62906e-07 -7.30611e-07 1 1.00848e-06 -7.12224e-07 1 0 0 1 0 0 1 0 0 1 1.11989e-06 -6.82134e-07 1 0 0 1 -2.15707e-05 2.48538e-05 1 -1.87116e-05 2.91489e-05 1 -2.73289e-05 1.31763e-05 1 -5.52119e-05 -9.24137e-06 -0.00013777 3.89221e-05 -1 0.000101184 -2.1767e-10 -1 0 0 -1 0.000239948 -0.000151962 -1 0 0 -1 0 0 -1 2.80934e-05 9.87772e-05 -1 0 0 -1 4.46359e-06 5.05752e-06 -1 -2.58048e-05 6.25585e-05 -1 0.000809188 0.00142819 -0.999999 0.000150499 -0.00165021 -0.999999 -0.00126716 0.00340786 -0.999993 -9.42548e-07 -9.50542e-13 -1 -1.47157e-06 2.98493e-06 -1 -0.000237063 -0.000210967 -1 0 0 -1 0.000147393 0.000255898 -1 0.860462 0.50951 -0.00229984 0 0 -1 -9.4659e-06 -0.000407713 -1 -1 2.15122e-06 -1.30587e-06 -0.846453 -4.41427e-06 -0.532463 -0.846454 -2.51516e-06 -0.532462 -0.846453 -3.48135e-06 -0.532463 -0.846453 8.26485e-07 -0.532464 -0.846453 -8.90973e-07 -0.532463 -0.846456 -7.99644e-06 -0.532458 -0.846454 -1.61318e-06 -0.532462 -0.846453 7.06638e-07 -0.532464 -0.846453 -8.23408e-07 -0.532463 -0.846453 -3.63836e-06 -0.532463 -0.846452 -3.98498e-07 -0.532465 -0.846454 -6.02089e-07 -0.532463 -0.846455 1.077e-05 -0.53246 -0.846452 -7.01104e-07 -0.532465 -0.846452 4.08473e-08 -0.532464 -0.846456 2.39147e-06 -0.532458 -0.846452 4.22908e-07 -0.532465 -0.846454 7.2069e-07 -0.532461 -0.846429 0 -0.532501 -0.846453 1.44116e-06 -0.532464 -0.846453 0 -0.532463 -0.999991 -0.00190504 -0.00378812 -0.999995 -0.00204173 -0.00227039 -0.982565 -0.000762573 -0.185916 -0.988296 0.000871652 -0.152545 -0.932621 0.00450008 -0.360829 -0.938753 0.00227246 -0.344583 -0.840025 -0.00127989 -0.542546 -0.791323 0.00763862 -0.61135 -0.664173 -0.00280908 -0.747574 -0.588946 0.0059947 -0.80815 -0.464251 -0.00485263 -0.885691 -0.31759 0.00438363 -0.948218 -0.153683 -0.00564415 -0.988104 -0.00958009 0.0107995 -0.999896 0.134474 -0.00326214 -0.990912 0.370004 0.00962843 -0.92898 0.429951 0 -0.902852 0.646384 0 -0.763012 0.646384 0 -0.763012 0.818541 0 -0.574449 0.818541 0 -0.574449 0.926373 -0.000798342 -0.376608 0.923507 0 -0.383582 0.992929 0.00256137 -0.118686 0.992885 0.00262094 -0.119053 0.990384 0.000104463 0.138344 0.987513 0.00255906 0.157517 0.909378 -0.00266203 0.415963 0.918975 0 0.394315 0.816571 0 0.577246 0.794299 -0.00415607 0.607513 0.657607 0.00291485 0.753355 0.610276 -0.00346233 0.792181 0.433853 -0.00256834 0.90098 0.497391 0.000898624 0.867526 0.36203 0.000458855 0.932166 0.273027 -0.00014619 0.962006 0.258826 0.000802385 0.965924 0.12625 -0.000937768 0.991998 0.122091 -0.000641057 0.992519 -0.0569042 -0.000639117 0.998379 -0.110057 -0.00543194 0.99391 -0.293831 0.00601389 0.955838 -0.391965 -0.00602439 0.91996 -0.562435 0.00458054 0.826829 -0.661271 -0.00666703 0.750118 -0.753755 0.00132993 0.657154 -0.862858 -0.00706233 0.505397 -0.889831 0.000475508 0.45629 -0.972775 -0.00067026 0.231752 -0.97673 0.00163216 0.214468 0 -1 0 0 -1 0 0 -1 0 0 -1 0 0 -1 0 0 -1 0 0 -1 0 0 -1 0 0 -1 0 0 -1 0 0 -1 0 0 -1 0 0 -1 0 0 -1 0 0 -1 0 0 -1 0 0 -1 0 0 -1 0 0 -1 0 0 -1 0 0 -1 0 0 -1 0 0 -1 0 0 -1 0 0 -1 0 0 -1 0 0 -1 0 0 -1 0 0 -1 0 0.115805 -0.89863 -0.423148 -0.319944 -0.724614 -0.610386 0 -1 0 -0.438787 -0.896725 -0.0578764 -0.463225 -0.716639 -0.521393 0.824317 -0.561092 -0.0753522 0.692249 -0.0538609 -0.719646 0.250468 0.959735 -0.127177 0.178928 -0.192384 -0.96487 -0.776478 -0.622802 -0.0959163 -0.739193 -0.666216 -0.0987408 -0.99037 -0.0510423 -0.128695 -0.988731 0.0639401 -0.13536 -0.554858 -0.824338 -0.112246 0.999854 0.00425488 -0.0165571 -0.844819 0.535034 -0.00454255 0.840827 -0.541261 0.00678003 0.681014 -0.732229 -0.00778716 0.381318 -0.924427 0.00553248 -0.0697691 -0.997443 -0.0154612 -0.819631 0.572885 0.00283881 -0.414714 0.90994 -0.00475192 -0.465163 0.885225 -0.000352556 -0.0659809 0.99782 0.00100246 0.142071 0.989808 0.00982669 0.397309 0.917659 -0.00688261 0.67739 0.735586 0.00752215 -0.915609 0 -0.402069 0.935711 0.352739 -0.00455228 0.844786 0.535105 -0.00046884 0.519159 0.854678 0.000466483 0.9601 -0.0223476 0.278763 0.680113 0.55061 0.484019 0.927399 -0.374042 -0.00482374 0.996916 -0.00359131 -0.0783932 0.37111 0.904153 0.211625 0.202791 0.977426 0.0592836 0.00956336 0.999946 0.0040986 -0.872066 -0.488638 0.0270712 -0.931626 0.0104633 -0.363267 -0.796465 0.345819 -0.496037 -0.806511 0.312785 -0.501703 -0.677167 0.609167 -0.412747 -0.489365 0.827447 -0.275416 -0.921306 0.0109416 -0.388684 -0.403518 0.885187 -0.231553 -0.685942 0.720727 -0.10018 -0.000560549 -0.999994 -0.00355322 -0.0146031 0.999887 -0.0034494 -0.745391 0.658348 -0.104734 -0.794239 0.604044 -0.0656892 -0.843369 0.521338 0.130136 -0.654625 0.716854 0.239973 -0.361217 0.901391 0.238782 -0.442535 0.858518 0.259056 -0.351189 0.916012 0.193876 -0.507663 0.677931 0.531685 -0.148386 0.980057 0.132171 -0.374352 0.627009 0.683169 -0.155538 0.765422 0.62445 -0.160487 0.759546 0.630345 0.0547542 0.408295 0.911206 0.33741 0.17057 0.925775 -0.129033 0.973248 0.190103 0.537199 0.255187 0.803926 0.67994 0.205972 0.703745 0.60914 0.401089 0.684161 0.541544 0.735083 0.407901 0.344975 0.905043 0.248777 -0.842381 0.0979709 -0.529902 -0.155162 -0.985887 -0.0628702 -0.397421 0.885321 -0.241376 -0.67665 0.609173 -0.413585 -0.803924 0.312788 -0.505836 -0.813123 0.271363 -0.514969 -0.72864 0.0279025 -0.684329 -0.891098 0.061847 0.449577 -0.975802 0.000823554 -0.218653 -0.999508 0.00345976 -0.0311802 -0.996881 0.0501748 0.060912 -0.999729 0.00337975 -0.023055 -0.873999 0.485916 0.00336593 -0.685556 0.727717 -0.0209772 -0.979575 -0.121354 -0.160334 -0.984645 -0.0956865 0.146006 0.0941771 -0.959675 -0.264867 0.276936 -0.956995 -0.0864126 -0.258014 -0.105127 0.960405 -0.077722 -0.118515 0.989906 -0.804263 -0.123528 0.581293 -0.525801 -0.00136852 -0.850606 -0.0295445 0.00141544 -0.999563 0.334935 -0.0220534 -0.941983 0.702909 0.00882229 -0.711225 0.954433 -0.0191 -0.297813 0.99994 0.0088651 -0.00639634 0.64148 -0.0124038 0.76704 -0.00267045 -0.263044 -0.96478 0.00514445 -0.376907 -0.926237 -0.00254658 -0.567766 -0.823186 0.00229344 -0.649628 -0.760249 -0.00328576 -0.828402 -0.560124 -0.00058314 -0.850744 -0.52558 -0.00756397 -0.977394 -0.211291 -0.00173129 -0.963136 -0.269009 -0.00579947 -0.986682 -0.162555 0.0419712 -0.967768 0.248323 0.00958087 -0.964494 0.263932 0.00575411 -0.911026 0.412308 -0.00309832 -0.817403 0.576059 -0.00550584 -0.823631 0.567099 -0.00076651 -0.709725 0.704478 0.0130848 -0.813444 0.581495 -0.000237052 -0.687515 0.72617 0.00712162 -0.831642 0.555266 -0.00076952 -0.622843 0.782346 -0.00379028 -0.562022 0.827114 0.00314082 -0.439324 0.898323 -0.0102499 -0.210472 0.977546 0.00289102 -0.10964 0.993967 -0.00511704 0.22542 0.974248 0.00134553 0.281294 0.959621 -0.00201888 0.608789 0.793329 -0.00193866 0.6082 0.793782 0.0016955 0.919055 0.394125 0.00494716 0.911841 0.410513 0.00223598 0.993804 -0.111127 0.00194777 0.994044 -0.108958 -0.00238525 0.861059 -0.5085 -0.00410691 0.848512 -0.52916 0.00215479 0.685683 -0.727897 -0.00662193 0.545313 -0.838206 0.00456494 0.397168 -0.917735 -0.0065463 0.135144 -0.990804 0.00214043 0.0104407 -0.999943 -0.041287 -0.921278 0.386708 -0.0494435 -0.331308 -0.942226 0.0142874 -0.698419 -0.715547 -0.0270359 -0.96356 -0.266124 0.0230846 -0.997393 0.0683725 -0.0186032 -0.796501 0.604351 0.0136838 -0.599575 0.800202 -0.0219623 -0.191999 0.981149 0.0439621 0.233814 0.971287 -0.00501304 0.656849 0.754006 0.0344102 0.998612 0.0398807 0.074867 0.983512 0.16462 -0.0115586 0.655421 -0.755176 0.0440638 0.254226 -0.96614 -1 0 0 -1 0 0 -1 0 0 -1 0 0 -1 0 0 -1 0 0 -1 0 0 -1 0 0 -1 0 0 -1 0 0 -1 0 0 -1 0 0 -1 0 0 -1 0 0 -1 0 0 -1 0 0 -1 0 0 -1 0 0 -1 0 0 -1 0 0 -1 0 0 -0.870653 0.0419245 0.490108 -0.400556 -0.049032 0.914959 0.0640772 0.0166098 0.997807 0.33439 -0.307186 0.890966 0.533863 -0.036489 0.844784 0.89164 -0.18761 0.412045 0.891418 -0.180972 0.41548 0.963182 0.145734 -0.225927 0.871479 -0.234399 -0.430792 0.624598 0.176853 -0.760658 0.183082 -0.404885 -0.895851 -0.00170274 -0.103317 -0.994647 0.103599 -0.116735 -0.987745 -0.528319 -0.279539 -0.801709 -0.852012 -0.117424 -0.510183 -0.925094 0.00664464 -0.379681 -0.999363 -0.0334861 0.0123229 -0.998968 -0.0415692 0.0183172 0.000825794 0.999999 0.00065982 -0.655897 0.242334 -0.714894 1.72549e-07 -1 7.08183e-08 8.54066e-08 -1 -1.05313e-09 1.38758e-05 -0.999967 0.00810548 1.94394e-07 -1 9.85473e-08 1.00033e-06 -1 9.39955e-07 -0.000194113 1 0.000236397 1.66667e-07 -1 6.39219e-08 0 -1 0 -0.297366 -0.950592 -0.0891506 -0.000655272 -0.999998 0.00190679 9.34877e-08 -1 -1.61702e-08 -0.117914 -0.917706 0.379358 0.082323 -0.910278 0.405729 5.50272e-08 -1 -6.78587e-08 0 -1 0 1.02024e-06 -1 -2.3931e-07 0 -1 0 0 -1 0 2.26499e-06 -1 1.0467e-06 6.80621e-07 1 1.07701e-06 5.20917e-06 1 5.21253e-06 1.44511e-07 1 4.11792e-07 7.90035e-07 1 1.01376e-06 -2.1579e-07 -1 -5.11217e-07 6.39251e-09 1 2.5348e-07 7.59146e-07 -1 2.29116e-07 -4.03796e-16 1 2.69402e-16 -2.52637e-16 1 -2.44925e-16 3.85444e-08 1 -3.36436e-08 1.5347e-15 1 -1.02391e-15 6.08455e-16 1 8.72533e-16 3.57329e-09 1 2.10135e-09 1.49165e-15 1 3.05153e-16 7.24724e-16 1 2.2854e-16 4.76038e-09 1 1.76437e-09 4.40754e-16 1 3.71777e-16 -3.47375e-16 1 -7.85112e-18 8.39721e-09 1 1.36953e-09 -4.80936e-16 1 2.36791e-17 4.39089e-12 1 -2.97351e-13 1.80915e-09 1 1.65268e-09 -5.1048e-16 1 -3.85387e-18 0 1 0 1.47152e-15 1 -6.30269e-17 0 1 0 -1.50091e-09 1 -5.76308e-10 1.9215e-15 1 4.85452e-16 8.38918e-17 1 1.76334e-16 -9.98007e-16 1 -4.58154e-17 0 1 0 5.84959e-12 1 1.16173e-12 4.8927e-12 1 -2.50938e-13 -4.45066e-16 1 5.10677e-17 -6.61335e-16 1 6.25829e-17 0 1 0 -1.09713e-15 1 -2.5867e-16 1.28012e-15 1 1.33619e-15 3.04274e-12 1 -3.34193e-12 -2.78245e-17 1 -7.21868e-16 1.51631e-15 1 9.87305e-17 1.30396e-15 1 -1.67629e-16 -6.45771e-16 1 3.15236e-16 -6.4054e-16 1 2.59962e-16 2.50814e-16 1 -9.40051e-16 5.35338e-17 1 -1.22033e-15 -7.14174e-16 1 1.60578e-16 1.56469e-15 1 1.84875e-15 -6.95482e-16 1 7.79284e-17 -1.69205e-15 1 -3.40224e-15 -7.33147e-16 1 -5.49412e-19 -6.75578e-16 1 -9.79461e-17 -6.94506e-16 1 -1.61583e-16 -9.31279e-16 1 3.93282e-16 -2.97864e-16 1 -1.56348e-16 -2.0732e-16 1 7.92307e-16 0 1 0 -7.54022e-16 1 -4.92458e-15 7.11318e-16 1 3.11439e-16 3.79e-11 1 -4.5191e-11 1.46556e-16 1 6.41673e-17 5.0467e-12 1 5.49813e-13 -5.17841e-16 1 -5.64162e-17 5.98853e-16 1 2.57259e-16 1.01335e-07 1 -1.79493e-07 -1.22608e-08 1 6.61304e-12 -1.09503e-07 1 -1.74252e-07 5.78048e-07 1 1.21578e-06 3.94746e-16 1 -4.15126e-16 -0.873589 0 -0.486664 -0.878535 0.000614729 -0.477677 -0.910529 -0.000614327 -0.413445 -0.968872 -0.00182764 -0.247556 -0.925818 0.00170075 -0.377965 -0.973986 0.000382833 -0.226607 -0.9992 -0.0044421 -0.0397462 -0.999998 0.00187588 -0.000749427 -0.980793 -0.00148418 0.195048 -0.97564 0.00191039 0.219367 -0.909577 -0.00163477 0.415532 -0.898643 0.00153664 0.438677 -0.817875 -0.00117815 0.575395 -0.796139 0.0027526 0.605107 -0.68878 -0.00275263 0.724965 -0.622986 0.00655763 0.782206 -0.515479 -0.00237591 0.856899 -0.445047 0.00550602 0.89549 -0.307528 -0.00465879 0.951528 -0.238225 0.000576532 0.97121 -0.0679262 -0.00236604 0.997688 -0.0425682 0.00207023 0.999091 0.185897 -0.00184219 0.982568 0.21421 0.00258975 0.976784 0.397907 -0.00153639 0.917424 0.409255 0 0.91242 0.571999 0 0.820254 0.571999 0 0.820254 0.68882 0 0.724932 7.16029e-07 1 7.46355e-07 0.812546 -1.61021e-07 0.582897 0.812546 1.13984e-06 0.582897 1 0 0 1 0 0 1 0 0 1 0.000474806 0.000737799 1 0.000572346 0.00057699 0.999999 0.00131147 -0.000193612 1 0 0 1 0 0 1 0 0 1 0.000671619 0.000329818 1 0 0 1 0 0 0 0 -1 1.41235e-05 -7.694e-06 -1 0 0 -1 -8.47378e-07 -1.46798e-06 -1 -6.63844e-05 4.91171e-05 -1 0.000624803 -0.000725559 -1 -3.58228e-05 9.58969e-06 -1 -0.00012053 -0.000579541 -1 4.46105e-07 2.145e-06 -1 -2.53419e-07 0.000487505 -1 0 0 -1 -1.85707e-05 -3.76568e-06 -1 0 0 -1 0 0 -1 0 0 1 0.888899 -0.458078 -0.00480464 0 0 -1 0 0 -1 -2.7884e-07 2.25882e-07 -1 0 0 -1 -3.14376e-07 0 -1 1.48003e-06 -1.68279e-06 -1 -1 0 0 -1 -1.25523e-06 -2.12672e-06 -0.846453 -9.43646e-07 -0.532464 -0.846453 1.71031e-06 -0.532463 -0.846453 -4.66976e-06 -0.532464 -0.846453 -1.23504e-06 -0.532464 -0.846453 0 -0.532464 -0.846453 1.52553e-06 -0.532464 -0.846455 -8.57521e-06 -0.53246 -0.846453 -1.76845e-06 -0.532463 -0.846453 -2.94688e-07 -0.532464 -0.846453 1.35019e-06 -0.532464 -0.846452 -5.35621e-07 -0.532465 -0.846452 -3.21564e-07 -0.532465 -0.846454 2.96553e-06 -0.532461 -0.846454 7.53105e-07 -0.532463 -0.846452 2.43837e-07 -0.532465 -0.846454 2.94137e-06 -0.532461 -0.846432 0 -0.532496 -0.846472 -1.53811e-06 -0.532433 -0.846453 -4.93797e-07 -0.532464 -0.997713 -0.00187734 0.0675652 -0.992993 0.00293189 0.118141 -0.903622 0.00499732 0.428302 -0.930922 -0.00565698 0.365175 -0.72822 -0.00748241 0.685303 -0.760501 0.00169309 0.649334 -0.569182 4.59523e-05 0.822211 -0.535068 0.00254639 0.844805 -0.367128 0.00127116 0.93017 -0.430572 -0.00206839 0.902554 -0.257789 -0.00280401 0.966197 -0.198147 0.00192422 0.980171 -0.0438262 -0.00207905 0.999037 0.0503666 0.00548899 0.998716 0.152039 -0.000580309 0.988374 0.324802 0.00769165 0.945751 0.371277 0.00156976 0.928521 0.530235 -0.000437635 0.847851 0.534756 0 0.845006 0.730998 0 0.682379 0.710822 0.00433679 0.703358 0.894501 0 0.447065 0.88543 -0.00327314 0.464761 0.992886 0 0.119068 0.989643 0.00444312 0.14348 0.99378 -0.00168475 -0.111352 0.986046 0.00375713 -0.166431 0.926591 -0.00325517 -0.376056 0.913779 0.000214859 -0.406211 0.784031 -0.00219613 -0.620718 0.768575 -0.00580287 -0.639734 0.607552 0.00207538 -0.794277 0.558215 -0.00396611 -0.829687 0.391223 0.0021483 -0.920294 0.342022 -0.00176338 -0.93969 0.138602 0.0042999 -0.990339 0.089066 -0.00217212 -0.996023 -0.136638 0.00252667 -0.990618 -0.160831 -0.000527313 -0.986982 -0.389626 0.00158634 -0.920972 -0.391222 0.00178676 -0.920295 -0.595527 -0.00147059 -0.803334 -0.576513 0.00101707 -0.817087 -0.777201 0.00870952 -0.629192 -0.71798 -0.000180346 -0.696064 -0.861993 -0.00252266 -0.506914 -0.92506 0.00385511 -0.379801 -0.937667 0.000799616 -0.347534 -0.991435 0.00386194 -0.130542 -0.98696 0.000799444 -0.160967 0 1 0 0 1 0 0 1 0 0 1 0 0 1 0 0 1 0 0 1 0 0 1 0 0 1 0 0 1 0 0 1 0 0 1 0 0 1 0 0 1 0 -0.0645912 0.81816 -0.571352 0 1 0 -0.568341 0.682122 -0.460107 0 1 0 -0.506941 0.860031 0.0579389 0 1 0 0 1 0 0 1 0 0 1 0 0 1 0 0 1 0 0 1 0 0 1 0 0 1 0 0 1 0 0.0517438 0.892555 0.44796 -0.487968 0.872435 0.0272937 -0.357431 0.744154 0.564339 -0.515451 0.70641 0.485073 -0.345484 -0.139841 -0.927947 -0.56626 0.822891 -0.0468994 -0.615339 -0.780635 -0.109388 0.55841 0.822423 -0.108621 -0.733746 0.672486 -0.0968492 0.22174 0.168848 -0.960376 0.306778 -0.198251 -0.930905 0.329068 -0.15879 -0.93086 0.995481 -0.0945178 -0.00911161 0.965963 -0.258586 0.00695979 0.61995 -0.784607 -0.0073852 0.445614 -0.895122 0.0135554 0.110288 -0.993899 -0.000964911 -0.36826 -0.929599 0.0151535 -0.247012 -0.969003 0.00422292 -0.73331 -0.679887 -0.00315377 -0.808961 -0.587834 0.00568572 -0.949711 0.313114 0.00303335 -0.555389 0.831591 -8.81522e-05 0.178299 0.983912 -0.011213 0.499923 0.866059 0.00427839 0.795576 0.605806 -0.00758548 0.902328 0.431016 0.00539419 0.915189 0.00409175 0.403003 0.970129 -0.000787755 0.242587 -0.999513 0 -0.0312047 -0.911893 0 -0.410428 0.523292 -0.852145 -0.00368775 0.809965 -0.586478 0.000752422 0.993683 -0.112226 0 0.992288 -0.12395 0.000178827 0.998888 -0.00086535 0.0471412 0.852294 0.040659 0.521481 0.8051 0.0775459 -0.588048 -0.965764 -0.247203 0.0786844 0.785824 -0.230572 0.573862 0.780393 -0.625097 -0.0155 0.498736 -0.789911 0.356796 0.701926 -0.542571 0.461429 0.533768 -0.762996 0.364593 0.297399 -0.930531 0.213695 -0.812316 -0.0123232 -0.583088 0.0283642 -0.999321 0.0235215 -0.224881 -0.966299 -0.125278 0.742552 -0.447298 0.498539 0.700024 -0.542631 0.46424 0.718548 -0.00594142 0.695452 0.540283 -0.762817 0.355253 0.292805 -0.935278 0.198797 0.390721 -0.509663 0.766539 0.0919026 -0.992141 0.0849171 0.370741 -0.761513 0.531648 0.336254 -0.534679 0.775275 0.167274 -0.436267 0.884133 0.106854 -0.935063 0.337994 -0.119045 -0.744707 0.656688 -0.0337103 -0.868164 0.49513 -0.215159 -0.714503 0.665727 -0.0602872 -0.936649 0.345043 -0.411806 -0.601493 0.68456 -0.489727 -0.703188 0.515455 -0.439539 -0.843318 0.309226 -0.0889618 -0.967827 0.235367 -0.552293 -0.639307 0.535032 -0.859314 -0.327822 0.39257 -0.956721 -0.220194 0.190261 -0.94466 -0.3268 -0.0286179 -0.957826 -0.284811 -0.0381004 -0.928988 -0.283969 -0.237365 -0.675216 -0.670881 -0.306596 -0.78939 -0.529172 -0.311192 -0.71932 -0.536397 -0.441426 -0.703678 -0.682857 -0.196323 -0.778328 -0.425017 -0.462132 -0.713213 -0.552495 -0.431367 -0.463963 -0.838988 -0.28432 -0.240722 -0.961008 -0.136074 -0.845039 -0.0577728 -0.531574 -0.0555383 0.998138 -0.0252324 -0.276921 0.955515 -0.101519 1 0.000755492 -2.77683e-05 -0.964769 0.134895 -0.225883 -0.45076 -0.851495 -0.267902 -0.997931 -0.0496031 0.04091 -0.709631 -0.562542 -0.424228 -0.811255 -0.304705 -0.499019 -0.8419 -0.101275 -0.530046 -0.814623 -0.0146721 -0.579805 -0.430187 -0.902706 0.00780993 -0.638223 -0.769538 -0.0219665 -0.878214 -0.478175 -0.00939054 -0.00272732 -0.308075 -0.951358 0.000336975 -0.341813 -0.939768 0.00329337 -0.716715 -0.697359 -0.00108315 -0.739634 -0.673008 -0.0018889 -0.914897 -0.403683 0.00236182 -0.934343 -0.356367 -0.00266701 -0.998535 0.054047 0.00302075 -0.994499 0.104705 -0.000971545 -0.877549 0.479485 0.00738388 -0.845501 0.533923 -0.0105566 -0.462145 0.886741 -0.00575542 -0.437038 0.899424 -0.00740538 0.017514 0.999819 -0.0176711 0.090422 0.995747 0.00641004 0.428273 0.903627 -0.00412342 0.564927 0.825131 0.00201229 0.65923 0.751938 0.0030998 -0.777605 -0.628746 0.0311023 0.781404 0.62325 -0.00297738 0.764133 0.645052 -0.0194904 0.87397 0.485588 0.0391788 0.750611 0.659582 -0.0743885 0.762936 0.64218 0.141174 0.855645 -0.497937 -0.046994 0.932495 -0.358112 0.0285629 0.969932 0.241694 -0.00658819 0.99887 0.0470605 0.00302554 0.972332 -0.233585 -0.00330895 0.934979 -0.354688 0.000869818 0.875266 -0.483641 -0.00296554 0.77121 -0.636575 0.00258213 0.709863 -0.704335 -0.0037498 0.504209 -0.863573 0.000631428 0.457556 -0.889181 -0.000831198 0.0775956 -0.996985 0.00348243 0.0333168 -0.999439 -0.044661 0.946491 -0.319624 0.0352215 -0.19457 -0.980256 -0.0300167 -0.703926 -0.709639 0.0450916 -0.96694 -0.250986 -0.0179717 -0.989118 0.146024 0.0784773 -0.36552 0.927489 -0.00849877 -0.604701 0.796407 0.00438237 0.417447 0.908691 0.00544478 0.41176 0.911276 -0.000948523 0.860782 0.508973 0.00885214 0.895976 0.444015 -0.00706823 0.99976 -0.0207407 0.0111951 0.986239 -0.164944 -0.0201203 0.705668 -0.708257 0.00745007 0.580657 -0.814114 -0.00678906 0.138998 -0.990269 -1 0 0 -1 0 0 -1 0 0 -1 0 0 -1 0 0 -1 0 0 -1 0 0 -1 0 0 -1 0 0 -1 0 0 -1 0 0 -1 0 0 -1 0 0 -1 0 0 -1 0 0 -1 0 0 -1 0 0 -1 0 0 -1 0 0 -1 0 0 -1 0 0 -0.698341 0.00505346 -0.715748 -0.694489 0.00429119 -0.719491 0.0176143 0.00022767 -0.999845 0.184717 0.019515 -0.982598 0.726092 -0.00541527 -0.687576 0.840025 0.00821215 -0.542486 0.991798 -0.00899572 -0.127499 0.964836 0.013979 0.262479 0.804575 -0.00896294 0.593783 0.446258 0.0218141 0.894638 0.0998407 -0.0140389 0.994904 -0.359797 0.00593412 0.933012 -0.673151 -0.0156111 0.73934 -0.819183 -0.000655466 0.573532 -0.999527 -0.0043782 0.0304362 -0.998685 -0.00209553 0.0512213 0 -1 0 0 -1 0 0 -1 0 0 -1 0 0 -1 0 0 -1 0 0 -1 0 0 -1 0 0 -1 0 0 -1 0 0 -1 0 0 -1 0 0 -1 0 0 -1 0 0 -1 0 0 -1 0 -0.984357 0.0453055 0.17026 -0.999538 -0.0249605 0.0173732 -0.933675 0.00457419 -0.358093 -0.716509 -0.0729607 -0.693752 -0.726367 -0.0809268 -0.682526 -0.42256 -0.0155318 -0.906202 0.0289858 -0.102695 -0.994291 0.295945 0.0766366 -0.952126 0.827181 -0.0589539 -0.558835 0.905825 0.0426155 -0.421504 0.969711 -0.0372309 0.241402 0.933426 0.0243722 0.357942 0.614215 -0.0394355 0.788153 0.552396 -0.0751735 0.830186 0.0251806 0.0492329 0.99847 -0.17524 -0.0443545 0.983526 -0.627637 0.0837141 0.773992 -0.825655 -0.0417655 0.562627 -0.550723 -0.00117662 -0.834687 -0.584155 0 -0.811642 -0.674055 0 -0.738681 -0.674055 0 -0.738681 -0.79068 -0.00128389 -0.612228 -0.759203 0 -0.650854 -0.832989 1.06866e-07 -0.55329 -0.870598 -0.00127264 -0.491993 -0.891362 0 -0.453292 -0.936027 0 -0.351929 -0.939866 -0.000285359 -0.341544 -0.978022 -0.00112392 -0.208499 -0.96201 -5.35036e-05 -0.273014 -0.98537 0 -0.170428 -0.998174 0.000962014 -0.0604023 -0.9993 0 -0.0374226 -0.997062 -0.00036131 0.0766015 -0.991683 0.00115566 0.1287 -0.974507 -0.000722532 0.224358 -0.95183 0.000926181 0.306625 -0.921712 -0.00102666 0.387873 -0.883232 0.00128322 0.468935 -0.837631 -0.00102705 0.546235 -0.747604 -0.000267829 0.664144 -0.787197 0.000925889 0.616701 -0.652573 -0.000336004 0.757726 -0.678789 0.000682344 0.734333 -0.543065 0.00054556 0.839691 -0.532063 0 0.846705 -0.375165 0 0.926958 -0.355102 -0.00110812 0.934827 -0.190826 0.000265724 0.981624 -0.1602 -0.000933431 0.987084 0.00328861 0.00144353 0.999994 -0.0299497 0 0.999551 0.136324 0 0.990664 0.136324 0 0.990664 0.272663 0 0.96211 0.272663 0 0.96211 0.391462 0 0.920194 0.391462 0 0.920194 0.519489 0 0.854477 0.519489 0 0.854477 0.646151 0 0.76321 0.636136 0.000629447 0.771577 0.733402 -0.000232108 0.679795 0.759205 0.000642321 0.650851 0.820227 -0.000321268 0.572039 0.835487 0.000291983 0.549509 0.881101 -0.000856462 0.472928 0.896329 0 0.443389 0.943761 0 0.33063 0.943761 0 0.33063 0.978022 0 0.208504 0.980546 -0.000401423 0.196291 0.997343 0.000401567 0.0728496 0.99885 -0.000401417 0.04795 0.996028 0 -0.0890395 0.997061 0.000401518 -0.0766086 0.974506 0 -0.22436 0.971632 0.000481708 -0.236498 0.933876 -0.000335846 -0.357596 0.92967 0 -0.368393 0.867162 0 -0.498026 0.867162 0 -0.498026 0.779082 0 -0.626922 0.779082 0 -0.626922 0.669578 0 -0.742742 0.643644 -0.0011068 -0.765324 0.556399 0.000475057 -0.830915 0.512285 -0.000867816 -0.858815 0.363576 -0.000401466 -0.931564 0.409201 0.00119082 -0.912444 0.22067 -0.000401464 -0.975349 0.244929 0.000401503 -0.969541 0.0976919 0.000401475 -0.995217 0.0728391 -0.000401459 -0.997344 -0.041548 0.000335889 -0.999136 -0.0766212 -0.00068244 -0.99706 -0.17414 0.000267743 -0.984721 -0.22437 -0.000722541 -0.974504 -0.302728 0.000847441 -0.953077 -0.398846 -0.00130019 -0.917017 -0.449852 0.000512182 -0.893103 0 -1 0 0 -1 0 0 -1 0 0 -1 0 0 -1 0 0 -1 0 0 -1 0 0 -1 0 0 -1 0 0 -1 0 0 -1 0 0 -1 0 0 -1 0 0 -1 0 0 -1 0 0 -1 0 0 -1 0 0 -1 0 0 -1 0 0 -1 0 0 -1 0 0 -1 0 0 -1 0 0 -1 0 0 -1 0 0 -1 0 0 -1 0 0 -1 0 0 -1 0 0 -1 0 0 -1 0 0 -1 0 0 -1 0 0 -1 0 0 -1 0 0 -1 0 0 -1 0 0 -1 0 0 -1 0 0 -1 0 0 -1 0 0 -1 0 0 -1 0 0 -1 0 0 -1 0 0 -1 0 0 -1 0 0 -1 0 0 -1 0 0 -1 0 0 -1 0 -0.544742 0.0209271 -0.838342 -0.736688 -0.167985 -0.655036 -0.956135 0.00406965 -0.292897 -0.994747 -0.0954046 -0.0371013 -0.960519 0.00765879 0.278109 -0.875531 -0.0618138 0.479191 -0.597011 0.0109236 0.802159 -0.537665 -0.0485387 0.84176 -0.265662 -0.0659598 0.961807 -0.0243179 0.0514544 0.998379 0.176617 -0.0747389 0.981438 0.525261 0.00688237 0.850914 0.613024 -0.0460804 0.788719 0.866085 -0.0331227 0.498799 0.898082 -0.0745101 0.433472 0.998038 -0.0411111 0.0472181 0.9975 -0.0678265 -0.0198098 0.920709 -0.0511673 -0.386881 0.857115 0.0430735 -0.513321 0.563948 -0.080221 -0.821905 0.184414 0.114927 -0.976106 -0.035641 -0.0640802 -0.997308 -0.866137 -0.105202 -0.488609 -0.997369 -0.0674923 -0.0264473 -0.937854 -0.16186 0.306973 -0.859121 -0.0958024 0.502725 -0.574009 -0.0727694 0.815609 -0.746347 -0.0063468 -0.665526 -0.191926 -0.0944941 0.97685 0.184657 -0.0586973 0.981049 0.614823 -0.0664122 0.785864 0.901735 -0.0883608 0.423163 0.89423 -0.0932902 0.437779 0.996961 -0.077432 -0.00849946 0.875939 -0.118545 -0.46763 0.56549 -0.0558288 -0.822863 0.285679 -0.11324 -0.951611 -0.394062 -0.0959215 -0.914065 -0.0359848 -0.0333342 -0.998796 -0.318772 -0.156681 0.934792 0.427993 -0.105903 0.897556 0.911475 -0.177177 -0.371245 0.284278 -0.0264317 -0.958378 0.248969 0.121105 -0.96091 0.0226637 -0.62857 -0.777423 0.429281 -0.447223 -0.784671 -0.162732 -0.66014 -0.733303 0.547341 -0.554455 -0.626895 -0.459207 -0.177284 -0.87046 -0.479684 -0.085453 -0.87327 0.839567 -0.143559 -0.523945 0.769101 0.58244 -0.263147 -0.672953 -0.197254 -0.7129 -0.877159 -0.0795063 -0.473573 0.81304 0.516807 -0.268096 -0.829 0.234335 -0.507786 0.708843 -0.704593 -0.0330108 -0.859488 -0.430807 -0.27511 0.587009 -0.79851 0.133425 -0.846246 -0.531684 -0.0343478 0.833223 -0.386952 0.394979 0.676327 -0.635883 0.3718 -0.939575 0.241949 0.242196 0.393841 -0.821997 0.411353 -0.821716 0.507208 0.259852 -0.865881 -0.184195 0.465105 0.34999 -0.646205 0.678178 -0.590765 -0.598878 0.540686 0.366392 -0.524751 0.768371 0.114913 -0.8058 0.580932 -0.413276 -0.555175 0.721792 -0.107139 -0.693646 0.712304 -0.302258 0.202033 0.93157 -0.644228 -0.00211754 -0.76483 -0.686439 0.00108491 -0.727187 -0.826321 -0.00129544 -0.563199 -0.852743 0.00138784 -0.522329 -0.955113 -0.00135678 -0.296238 -0.952399 -0.00187415 -0.30485 -0.999177 -0.000816216 -0.040555 -0.999259 -0.00097165 -0.0384684 -0.961302 0 0.275497 -0.968344 0.0017727 0.249612 -0.880954 0 0.473202 -0.880954 0 0.473202 -0.737681 0 0.675149 -0.737681 0 0.675149 -0.560169 0 0.828378 -0.496877 0.00550243 0.867803 -0.265721 -0.0013807 0.964049 -0.148738 0.00443641 0.988867 0.00552466 -0.00298339 0.99998 0.194048 0.00209615 0.98099 0.27987 -0.00117134 0.960037 0.4586 0.0038334 0.888634 0.516638 -0.000141962 0.856204 0.691564 0.000553256 0.722315 0.704933 -0.000564908 0.709274 0.876314 0.00033571 0.48174 0.878207 4.76532e-05 0.478281 0.975128 0.00026038 0.221644 0.983805 -0.00296381 0.179215 0.998917 0.000949588 -0.0465195 0.992101 -0.002849 -0.125405 0.949699 0.00201302 -0.313158 0.928121 -0.000368717 -0.372279 0.848354 0.00102026 -0.529428 0.838419 0 -0.545027 0.657693 0 -0.753286 0.657693 0 -0.753286 0.479954 0 -0.877294 0.479954 0 -0.877294 0.250815 0 -0.968035 0.250815 0 -0.968035 0.02914 0 -0.999575 0.0511338 0.00134985 -0.998691 -0.178639 -9.89173e-05 -0.983915 -0.216645 0.00179333 -0.976249 -0.406905 -0.0023179 -0.913467 -0.481445 0.00161557 -0.876475 -0.291197 -0.892014 -0.345711 -0.373128 -0.892244 -0.254314 -0.318198 -0.942873 -0.0986923 -0.225899 -0.974112 -0.00869642 -0.281667 -0.958753 -0.0381531 -0.48079 -0.865942 0.137788 -0.492042 -0.829482 0.264299 -0.366596 -0.867775 0.33552 -0.195235 -0.936244 0.292114 -0.193885 -0.93819 0.286718 -0.158031 -0.80393 0.573344 0.00322423 -0.812039 0.583594 0.0954218 -0.929882 0.355265 0.107915 -0.92267 0.370181 0.283043 -0.836574 0.469075 0.405901 -0.81759 0.4084 0.373464 -0.905072 0.203393 0.472702 -0.877005 0.0861099 0.305374 -0.944816 0.118618 0.563348 -0.823145 -0.0712093 0.41498 -0.894475 -0.166453 0.281979 -0.941747 -0.183305 0.294356 -0.894255 -0.33714 0.236292 -0.955472 -0.176745 0.257878 -0.843393 -0.471368 0.125367 -0.866118 -0.483862 0.019503 -0.924406 -0.380911 -0.0524699 -0.970647 -0.234715 -0.039724 -0.974962 -0.218793 -0.131979 -0.945938 -0.29628 0.0394551 -0.992317 -0.117264 -0.137365 -0.809311 -0.571092 -0.118911 -0.882946 -0.454166 0.179752 -0.974179 -0.136622 0.159554 -0.980514 -0.114604 -0.0898843 -0.990802 -0.101155 0.108675 -0.994077 0.000430031 -0.154218 -0.985834 -0.0659367 -0.608676 -0.789123 -0.082448 -0.178171 -0.983949 0.0100114 0.131418 -0.988857 0.069937 0.206026 -0.975269 0.080028 0.0493002 -0.994357 0.0939318 -0.0958847 -0.994065 0.051384 -0.105493 -0.984804 0.137957 -0.128145 -0.971125 0.201233 0.0400677 -0.982353 0.182696 -0.0113169 -0.991419 0.130233 -0.0643334 -0.963794 -0.25877 0.0549717 -0.977238 -0.204901 0.0690424 -0.975733 -0.207793 0.181196 -0.96856 -0.17047 0.300252 -0.951865 -0.0616657 0.315863 -0.942973 0.105038 0.177896 -0.944584 0.275887 -0.031417 -0.960607 0.27613 -0.0788852 -0.971332 0.224256 -0.216563 -0.954651 0.204308 -0.345949 -0.934668 0.0819483 -0.361899 -0.926413 -0.103865 -0.227356 -0.945698 -0.232302 -0.241265 -0.00440755 -0.970449 0.315285 -0.0136973 -0.948898 0.0865496 0.0225216 -0.995993 0.607437 0.00183816 -0.794366 0.72831 -0.00837952 -0.685196 0.881364 0.0106509 -0.472317 0.979435 -0.0155818 -0.201156 0.998425 0.00104768 -0.0561015 0.948908 0 0.315552 0.919381 -0.0149245 0.393085 0.664235 0 0.747524 0.541778 -0.0229663 0.840208 0.253284 0.000148272 0.967392 -0.112996 -0.0300797 0.99314 -0.318879 0.0104006 0.947738 -0.727377 -0.00574654 0.686214 -0.812123 0.0134734 0.58333 -0.973021 -0.0102758 0.230489 -0.999895 0.0139256 -0.00395661 -0.961126 -0.0121221 -0.275843 -0.882753 0.00762903 -0.469775 -0.699436 -0.00795979 -0.714651 -0.464627 0.0211796 -0.885253 0 1 0 0 1 0 0 1 0 0 1 0 0 1 0 0 1 0 0 1 0 0 1 0 0 1 0 0 1 0 0 1 0 0 1 0 0 1 0 0 1 0 0 1 0 0 1 0 0 1 0 0 1 0 0 1 0 0 1 0 0 1 0 0 1 0 0 1 0 0 1 0 0 1 0 0 1 0 0 1 0 0 1 0 0 1 0 0 1 0 0 1 0 0 1 0 0 1 0 0 1 0 0 1 0 0 1 0 0 1 0 0 1 0 0 1 0 0 1 0 0 1 0 0 1 0 0 1 0 0 1 0 0.333851 0.874049 -0.352962 0 1 0 0.680622 0.730766 -0.0522952 0 1 0 0 1 0 0.706734 0.705593 0.0516225 0.350018 0.847439 0.399167 0.672918 0.725672 0.143459 -0.359992 0.0899918 -0.928605 0.0641227 -0.0383341 -0.997205 0.19254 0.0403156 -0.980461 0.720226 0.0278683 -0.69318 0.760755 0.0781174 -0.644321 0.982752 0.0152215 -0.184303 0.919351 0.013883 0.393193 0.626282 0.0327762 0.778908 0.461777 -0.0634557 0.884724 0.178271 0.0610383 0.982086 -0.219189 0.0143536 0.975577 -0.267225 -0.0875197 0.959652 -0.681892 0.0776221 0.727323 -0.857959 -0.0792046 0.507576 -0.954565 0.0506666 0.293664 -0.980625 0.0269459 -0.194032 -0.984381 0.0141963 -0.175476 -0.718145 0.0180638 -0.695659 -0.630574 -0.036134 -0.775288 -0.503495 0.0856673 -0.85974 -0.354008 0.0462046 -0.9341 0.199939 0.0920071 -0.975479 0.724837 0.0736376 -0.684974 0.986232 0.132797 -0.0985462 0.817704 0.112134 0.564612 0.759745 0.0479659 -0.648449 0.189142 0.076903 0.978934 0.992377 0.110522 -0.0545172 0.930852 0.0544311 0.361318 -0.804265 0.103847 0.585127 0.634628 0.0589183 0.770569 -0.303265 0.0676977 0.950498 -0.876143 0.0949448 -0.472609 -0.732502 0.0649774 -0.677657 -0.693935 0.0556485 0.717884 -0.952191 0.0607442 0.299404 -0.979246 0.0382069 -0.199043 0.15779 0.107733 -0.981578 0.246175 0.0958926 0.96447 -0.317045 0.0589953 0.946574 -0.995352 0.0961476 0.00543483 -0.963094 0.236835 -0.127906 -0.979438 0.195882 -0.0482869 -0.905203 0.238902 -0.351473 -0.896291 0.221549 -0.38416 -0.908995 0.405572 0.096125 -0.693451 0.55433 -0.460265 -0.834195 0.459203 0.305371 -0.535808 0.648546 -0.540646 -0.43327 0.484043 -0.76025 -0.788358 0.148498 0.597026 -0.79617 0.263827 0.544527 -0.436005 0.479644 -0.761473 -0.603149 0.253348 0.756324 -0.215783 0.612966 -0.760072 0.0281893 0.345433 -0.93802 -0.391197 0.198122 0.898728 -0.326963 0.358656 0.874335 0.167311 -0.10294 -0.980515 0.267855 0.480011 -0.83537 -0.0830715 0.568683 0.818351 0.158533 0.400764 0.902361 0.446306 0.621735 -0.643628 0.389704 -0.241836 0.888621 0.292087 0.241075 0.92551 0.789422 0.113378 -0.603289 0.781051 0.152878 -0.605465 0.600106 0.302411 0.740554 0.933699 0.148842 -0.325657 0.821233 0.136763 0.553961 0.793025 0.101628 0.600652 0.999565 -0.020338 0.0213702 0.930474 0.182906 0.317432 0.990862 0.0941038 -0.0966286 -0.49689 -0.00304208 -0.867808 -0.404965 0.000843867 -0.914332 -0.105805 0.00435144 -0.994377 -0.273104 -0.00291081 -0.96198 0.0300383 -0.000891567 -0.999548 0.210462 0.00396417 -0.977594 0.30533 -0.00275415 -0.952243 0.520341 0.00116046 -0.853958 0.569829 -0.00139437 -0.821762 0.743363 0.00370462 -0.668878 0.794545 -0.0016404 -0.607203 0.93554 0.00361378 -0.353202 0.944216 0.00138787 -0.329325 0.999771 -0.000853339 0.0213746 0.999753 -0.000781342 0.0222039 0.946439 0.00138613 0.322879 0.948943 0.000746366 0.315448 0.797152 -0.000281657 0.603778 0.793939 5.61096e-05 0.607997 0.629585 -0.000684281 0.776932 0.638955 -0.00149359 0.769243 0.441372 0.000362747 0.897324 0.401624 -0.00157104 0.915803 0.235871 0.00118939 0.971784 0.173036 -0.00174545 0.984914 0.0212482 0.000903526 0.999774 -0.100991 -0.00256871 0.994884 -0.187889 0.000819037 0.98219 -0.350265 -0.00276418 0.936646 -0.415225 0.00100024 0.909718 -0.623489 -0.0013105 0.781831 -0.67713 0.00352037 0.735855 -0.825413 -0.00145637 0.564527 -0.894098 0.00566749 0.447836 -0.939058 -0.000216575 0.343758 -0.994449 0.000938546 0.105218 -0.994455 0.000942056 0.105162 -0.991296 -0.000181716 -0.131651 -0.985742 0.00191442 -0.168255 -0.932196 -0.000769305 -0.361954 -0.908073 0.00248792 -0.418805 -0.833177 -0.000909002 -0.553006 -0.761169 0.00135941 -0.648552 -0.703921 -0.00143198 -0.710277 -0.602382 0.00153457 -0.798206 -0.0899409 0.975025 -0.203069 -0.17896 0.944198 -0.276521 -0.060954 0.817386 -0.572856 0.273849 0.781019 -0.561263 0.0555264 0.96457 -0.25792 0.210503 0.914517 -0.345467 0.343317 0.886963 -0.308917 0.170427 0.983267 -0.0643428 0.254456 0.965552 -0.054416 0.31472 0.949159 0.00698972 0.413261 0.900191 0.137376 0.322134 0.913988 0.246689 0.200903 0.949283 0.241868 0.137921 0.966578 0.216112 0.144866 0.944602 0.294517 0.117765 0.866444 0.485187 0.012614 0.804722 0.593518 -0.102883 0.83676 0.537819 -0.104279 0.967951 0.228465 -0.163481 0.946066 0.279703 -0.307687 0.8908 0.334371 -0.522635 0.811373 0.261777 -0.341236 0.939284 0.0361045 -0.2883 0.957516 0.00671559 -0.396199 0.915671 -0.0676266 -0.456362 0.864543 -0.210475 -0.324604 0.904509 -0.276578 -0.193526 0.946989 -0.256437 -0.100865 0.993072 -0.0602793 -0.279429 0.960136 0.00767966 -0.274188 0.961654 0.00657484 -0.116743 0.990798 0.0684845 -0.149547 0.962743 -0.225305 -0.0245273 0.997538 -0.0656938 -0.122015 0.964799 0.232971 -0.109143 0.975421 0.191418 0.0223827 0.998001 -0.0591071 0.0137219 0.989849 0.141457 0.206663 0.927433 0.311702 0.1119 0.98142 -0.155863 0.161983 0.981486 -0.102207 0.0976702 0.990977 0.0917859 0.978762 0.121555 -0.165076 0.159422 0.987039 0.0184114 0.27657 0.942127 0.189489 0.408242 0.912784 -0.0127948 0.337243 0.906693 -0.25333 0.085132 0.943965 -0.318877 -0.0997124 0.968193 -0.229476 -0.0924851 0.969306 -0.227799 -0.272695 0.952157 -0.137965 -0.324833 0.943919 0.0591551 -0.182736 0.960792 0.208534 -0.0499996 0.9732 0.224461 0.0783513 0.968392 0.236808 0.000246213 0.977609 0.210431 0.824946 0.00326657 0.565202 0.858358 -0.00894604 0.512973 0.999459 0.0100597 -0.0313243 0.999566 0.0106585 -0.0274715 0.862538 0.00271068 -0.505986 0.799389 0.019835 -0.600486 0.463904 -0.0146747 -0.885764 0.257913 0.0145122 -0.966059 -0.0965438 -0.0118407 -0.995258 -0.376089 0.0212452 -0.92634 -0.728431 -0.0280421 -0.684545 -0.892226 0.0128873 -0.451406 -0.993307 -0.013471 -0.114716 -0.983481 0.0262327 0.179101 -0.845619 -0.0154689 0.533563 -0.658999 0.0127591 0.752036 -0.354055 -0.0217009 0.934973 -0.217424 -0.0031062 0.976072 0.314116 -0.00292101 0.94938 0.349753 -0.011025 0.936777 0 1 0 0 1 0 0 1 0 0 1 0 0 1 0 0 -1 0 0 -1 0 0 1 0 0 1 0 0 1 0 0 1 0 0 1 0 0 1 0 0 1 0 0 1 0 0 1 0 0 1 0 -0.742873 0 -0.669432 -0.742873 0 -0.669432 -0.951183 0 0.308626 -0.951183 0 0.308626 -0.208309 0 0.978063 -0.208309 0 0.978063 0.742874 0 0.669431 0.742874 0 0.669431 0.951183 0 -0.308628 0.951183 0 -0.308628 0.208309 0 -0.978063 0.208309 0 -0.978063 0.831814 0.0573799 0.552081 0.730823 -0.00726647 0.682528 0.998355 -0.00304621 -0.0572499 0.994604 -0.0134687 -0.102866 0.78976 0.0135662 -0.613265 0.739682 -0.00414965 -0.672943 0.109154 -0.0281002 -0.993628 0.259374 0.00587043 -0.965759 -0.499306 0.0267651 -0.866012 -0.554037 0.00778054 -0.832456 -0.987564 0.0258619 -0.155077 -0.992061 0.0369325 -0.120214 -0.868315 -0.0222734 0.495513 -0.728819 0.0236186 0.684299 -0.388625 -0.0151716 0.921271 -0.00825075 0.0368096 0.999288 0.234802 -0.0126855 0.97196 0.125322 -0.974612 0.185544 0.170836 -0.980404 0.0981013 0.0995815 -0.992913 -0.0648696 0.0405414 -0.99429 -0.0987109 -0.0197165 -0.995844 -0.0889173 -0.100623 -0.994758 -0.0182336 -0.11259 -0.993385 0.0225642 -0.0720898 -0.987199 0.142272 0.0254085 0.982303 0.185568 0.0406652 0.979673 0.196438 -0.262356 0.753237 0.603161 -0.93303 0.0350664 0.358087 -0.342277 0.931363 -0.124133 -0.385034 0.908703 -0.16127 -0.413976 0.567108 -0.712048 0.0943927 0.947595 -0.305211 0.0948512 0.990153 -0.102963 0.215904 0.973124 -0.0800906 0.294183 0.950686 0.0982485 0.0305262 -0.999329 0.0202604 0.0369163 -0.999311 -0.00381805 0.0259429 -0.999385 -0.0236021 0.00367327 -0.999434 -0.0334378 -0.0172018 -0.999518 -0.0258462 -0.0283106 -0.999589 -0.0044456 -0.0248889 -0.999589 0.0142031 -0.0114222 -0.999568 0.0270775 0.0077537 -0.999455 0.0320963 0 1 0 0 1 0 0 1 0 0 1 0 0 -1 0 0 -1 0 0 -1 0 0.000258915 1 0.000182879 -0.000273059 -1 0.000535112 0.000249965 1 0.000225252 -0.00014062 1 0.000660246 0 1 0 0 1 0 0 1 0 0.0388439 0.975284 0.217516 0 1 0 0.0750193 0.99251 0.0964202 0 1 0 0.153057 0.987624 0.0342501 0.254962 0.966948 -0.0024176 0 1 0 0 1 0 0 1 0 0 1 0 0 1 0 0 1 0 -0.208309 0 0.978063 -0.208309 0 0.978063 -0.950572 -0.00091092 0.310502 -0.951183 0 0.308626 -0.74382 0 -0.66838 -0.742873 0.000655697 -0.669432 0.208309 0 -0.978063 0.208309 0 -0.978063 0.951183 0 -0.308628 0.951183 0 -0.308628 0.742874 0 0.669431 0.742874 0 0.669431 -0.184156 0.00608508 -0.982878 0.0616286 -0.00956425 -0.998053 0.369099 0.02006 -0.929174 0.559344 -0.0186223 -0.828726 0.847405 0.0437929 -0.529138 0.96455 -0.00635793 -0.263824 0.993056 0.00935909 0.117271 0.975792 -0.012276 0.218357 0.640941 0.0106946 0.767516 0.614071 0.00187931 0.789248 0.0366334 0.0164785 0.999193 0.0994889 -0.00209011 0.995036 -0.633555 -6.70069e-05 0.773698 -0.603986 0.0103968 0.796927 -0.963148 -0.00508668 0.268923 -0.968049 0 0.250762 -0.909595 0.0143191 -0.415249 -0.932483 0 -0.361215 -0.654284 -0.0037974 -0.756239 -0.55302 0.0124722 -0.833075 -0.317733 -0.00414301 -0.948171 -0.0174287 0.927595 -0.373182 0.192509 0.727877 -0.65813 0.650306 0.676821 -0.344986 0.277509 0.9607 -0.00663619 0.0369953 0.961866 0.271008 -0.149949 0.784765 0.601381 -0.592465 0.672996 0.442789 -0.238443 0.970925 0.0211821 -0.546635 0.831082 -0.102441 -0.746507 0.329176 -0.578248 -0.0711829 0.886595 -0.457036 -0.0894751 -0.99381 -0.0658512 -0.0341976 -0.99207 -0.120949 -0.0400346 -0.993607 -0.10556 -0.558572 -0.829394 0.0101184 -0.826291 -0.186763 0.531378 -0.0236658 -0.943883 0.329432 -0.0445296 -0.974568 0.219623 0.46678 -0.602919 0.646997 0.683563 -0.672454 0.283811 0.150171 -0.986235 -0.0692066 0.143442 -0.985014 -0.0957708 0.058422 -0.991362 -0.11742 -0.00612715 0.999446 -0.0327018 0.0119309 0.999478 -0.0300351 0.0254887 0.999548 -0.0159157 0.0268041 0.999636 0.00316532 0.017932 0.999609 0.0214732 0.00298294 0.99955 0.0298338 -0.0213405 0.999433 0.0260611 -0.0361647 0.999302 0.00936804 -0.0354952 0.999238 -0.0162043 -0.019848 0.999356 -0.0298992 0 -1 0 0 -1 0 0 -1 0 0 -1 0 -0.268844 0.471338 -0.839978 0.268844 -0.471338 0.839978 0 1 0 0 1 0 0 1 0 0 1 0 0 1 0 0 1 0 0 -1 0 0 -1 0 0 -1 0 0 -1 0 0 -1 0 0 -1 0 0 -1 0 0 -1 0 0 -1 0 0.962693 -0.185696 -0.196822 0.991327 0 0.131422 0.381848 0 0.924225 0.381848 0 0.924225 -0.60948 0 0.792802 -0.60948 0 0.792802 -0.991327 0 -0.131422 -0.991327 0 -0.131422 -0.0572765 -0.185695 -0.980937 -0.38185 0 -0.924224 0.609476 0 -0.792804 -0.966435 0.0140556 0.256527 -0.995525 -0.00595319 -0.0943077 -0.853806 0.00671404 -0.520549 -0.656246 -0.0113668 -0.754461 -0.280171 0.00365099 -0.959943 0.130774 -0.00463833 -0.991401 0.33428 0.00716587 -0.942446 0.693776 -0.00375456 -0.720182 0.891469 0.0097241 -0.452978 0.997573 -0.0079416 -0.0691795 0.949286 0.00568145 0.314364 0.80268 -0.00972314 0.596331 0.630183 -0.000179145 0.776447 0.182876 -0.00375107 0.983129 0.194464 -0.00311609 0.980905 -0.428921 0.00644908 0.903319 -0.42412 0.00606139 0.905586 -0.807789 -0.00125362 0.589471 0 -1 0 0 -1 0 0 -1 0 -0.482646 0.873886 -0.0580982 -0.308655 0.856979 -0.412697 0.271526 0.755174 -0.596646 0.711516 0.701942 -0.0319819 0.711668 0.702352 0.0152009 0.196996 0.837041 0.510446 -0.262696 0.854268 0.448572 -0.400244 -0.786491 0.470359 0.297261 -0.86709 0.399738 0.346528 -0.876293 0.334707 0.241803 -0.858129 -0.452931 0.137919 -0.816117 -0.561187 -0.206052 -0.80774 -0.552358 -0.61971 -0.781278 -0.0745972 -0.0783367 0.99671 0.0207934 -0.0618117 0.997376 -0.0376854 -0.0172165 0.99811 -0.0589884 0.0203275 0.99815 -0.0573099 0.053139 0.998222 -0.0270013 0.0586965 0.998087 0.0194378 0.0388862 0.998094 0.0479116 0.0119567 0.99786 0.0642786 -0.0322 0.997114 0.0687539 1 0 0 1 0 0 1 0 0 -1 0 0 -1 0 0 -1 0 0 -1 0 0 -1 0 0 -1 0 0 -1 0 0 -1 0 0 -1 0 0 -0.185696 -0.904367 0.384235 0.0676763 -0.656225 0.751524 0.106795 0.208856 0.972098 0 0.0262966 0.999654 0 0.951732 0.30693 0.185695 0.98238 -0.0211309 -1.47684e-07 0.741676 -0.670758 -0.185696 -0.509491 -0.8402 0.185695 0.119424 -0.975323 -9.29858e-08 -0.951732 -0.306931 -0.00399212 0.878766 -0.477235 0.00393014 0.619972 -0.784614 -0.0126765 0.341484 -0.939802 0.00632823 -0.0882393 -0.996079 -0.00601002 -0.425241 -0.90506 0.00946457 -0.710301 -0.703834 -0.00211743 -0.896878 -0.442273 0.0053482 -0.991912 -0.126817 -0.00440171 -0.993816 0.110955 0.0082145 -0.803808 0.594832 -0.00782108 -0.620724 0.78399 0.00632514 -0.232538 0.972567 -0.0108339 0.0850112 0.996321 -0.000707587 0.379245 0.925296 -9.05261e-05 0.684432 0.729077 -0.00521277 0.764766 0.644287 0.00251776 0.935804 0.352511 -0.0049594 0.990541 0.13713 0.00673637 0.966512 -0.256532 -1 0 0 -1 0 0 -1 0 0 0.842586 0.274458 -0.463381 0.740771 -0.222293 -0.633911 0.617748 -0.765383 -0.180488 0.735943 -0.535824 0.41386 0.839306 0.0578292 0.540575 0.885786 0.463785 -0.0169064 -0.755288 0.638375 0.148382 -0.877689 0.0977858 0.469148 -0.9117 -0.32516 0.251147 -0.832156 -0.526247 -0.174871 -0.745187 -0.379787 -0.548141 -0.656517 0.384406 -0.649012 0.998461 0.0343796 -0.0435096 0.997949 -0.00564893 -0.0637673 0.997127 -0.0538094 -0.0533195 0.996729 -0.0801613 -0.0102487 0.996264 -0.0694234 0.0513746 0.997094 -0.017714 0.0740871 0.998214 0.0226553 0.0552753 0.998393 0.0387814 0.0413111 0.998543 0.0504904 0.0190194 0.99856 0.0518578 -0.0137641 1 0 0 1 0 0 1 0 0 1 0 0 -0.117092 -0.976518 -0.180836 0.117092 0.976518 0.180836 1 0 0 1 0 0 -1 0 0 -1 0 0 -1 0 0 -1 0 0 -1 0 0 -1 0 0 -1 0 0 -1 0 0 -1 0 0 -0.185695 -0.98238 -0.0211309 0 -0.951732 0.30693 0 -0.210057 0.977689 0 -0.210057 0.977689 0 0.741676 0.670759 0 0.741676 0.670759 0 0.951732 -0.306931 0 0.951732 -0.306931 -0.185695 -0.119424 -0.975323 0 0.210058 -0.977689 1.53153e-07 -0.741676 -0.670758 0.00721473 0.928411 -0.371484 -0.00117043 0.967453 -0.253047 -0.00427497 0.561499 -0.827466 0.00262238 0.463106 -0.886299 -0.00325731 -0.0643406 -0.997923 0.00536114 -0.24265 -0.970099 -0.00584629 -0.618502 -0.785762 0.0106146 -0.837734 -0.545975 -0.00954343 -0.996993 -0.0768991 0.0120832 -0.940635 0.339205 -0.00967986 -0.712189 0.701922 0.00567556 -0.445486 0.895271 -0.00734829 0.0235628 0.999695 -0.000492672 0.190988 0.981592 -0.004387 0.633723 0.773547 0.00128008 0.574106 0.81878 -0.000300369 0.954478 0.298282 0.00195549 0.96705 0.25458 -1 0 0 -1 0 0 -1 0 0 0.817958 0.574372 0.032279 0.803972 0.492403 -0.333419 0.842624 0.0528393 -0.535904 0.834735 -0.239809 -0.49569 0.776428 -0.626537 -0.0679001 0.786088 -0.418836 0.454579 0.851409 0.236012 0.468404 -0.875293 0.217604 0.43187 -0.786329 -0.342345 0.514283 -0.71147 -0.679399 -0.179522 -0.800547 -0.265649 -0.537172 -0.845682 0.0588499 -0.530433 -0.8687 0.333426 -0.366315 -0.895168 0.421123 0.146049 0.996535 0.0772212 -0.0308984 0.997241 0.0343765 -0.0657901 0.997849 -0.0159071 -0.0635957 0.998173 -0.0506197 -0.0329903 0.998249 -0.0556453 0.0200664 0.998262 -0.0262576 0.0527686 0.998044 0.0119397 0.0613645 0.997532 0.044493 0.0543099 0.997151 0.0729458 0.0192033 1.04444e-12 2.3674e-07 1 -1.65181e-07 5.57399e-07 1 -2.97714e-06 -2.01157e-06 1 0 0 1 -7.05454e-07 -1.53049e-06 1 -1.82368e-07 -5.63618e-07 1 0 0 1 -0.436308 0.420727 0.795376 -0.000692796 0.000121884 1 2.34012e-05 5.17163e-05 1 7.34777e-07 -7.44663e-07 -1 -5.84391e-06 1.91131e-07 1 -8.75418e-06 -1.62077e-05 1 -0.790118 -0.612481 0.0241002 -0.787928 -0.615241 0.0254689 0.126193 -0.991499 0.0316996 -0.01939 -0.999365 -0.0298811 0.833943 -0.550454 -0.0392246 0.830375 -0.555619 -0.0420166 0.964797 0.262506 0.016033 0.917827 0.396095 -0.0264825 0.424418 0.904867 0.032949 0.265438 0.963733 -0.0276013 -0.415047 0.908113 0.055373 -0.633211 0.77326 -0.0333635 -0.975273 0.218699 0.0318401 -0.998388 0.0536855 -0.0184135 -0.938787 -0.329155 0.10167 -0.843387 -0.537114 0.0143701 -0.00796097 -0.998574 0.052787 -0.113073 -0.993568 0.00608902 0.795288 -0.605747 -0.0242407 0.944403 -0.312641 0.10178 0.982612 0.184722 -0.018722 0.472679 0.872631 0.122844 0.479275 0.869486 0.119538 -0.297596 0.953698 -0.0435441 -0.670709 0.739138 0.0618369 -0.947621 0.314784 -0.0540945 -0.787085 -0.616605 -0.0171902 -0.742211 -0.668498 -0.0472615 0.130389 -0.990985 0.0307854 0.164098 -0.986295 0.0171687 0.899997 -0.431684 0.0604567 0.837095 -0.547005 0.00759381 0.983656 0.180001 -0.00458565 0.801677 0.597758 -0.000705163 0.669258 0.737231 0.0926521 0.0188101 0.999818 -0.00317515 -0.159613 0.984777 0.0688284 -0.777852 0.62798 -0.0242555 0.60692 -0.751576 0.258421 -0.93064 0.364461 -0.0328143 -0.949765 -0.303284 0.0772325 -0.707688 -0.705666 -0.0348435 -0.201831 -0.97541 0.0885477 -0.183285 -0.979535 0.0831781 0.255294 -0.966752 0.0146878 0.851463 -0.52329 0.0343255 0.795215 -0.605935 -0.0218206 0.886852 0.462044 -0.00285651 0.930814 0.362374 0.047652 0.430535 0.902565 -0.00392467 0.0172042 0.997262 0.0719256 -0.213736 0.976868 -0.00678266 -0.769726 0.638264 0.011912 -0.766358 0.642267 0.013738 -0.998068 -0.0620249 0.00358797 -0.953565 -0.300057 -0.0260847 -0.364125 -0.930173 0.0468167 -0.299243 -0.954097 0.0123884 0.434138 -0.900846 -0.000861232 0.73528 -0.673448 0.0763636 0.915899 -0.401165 -0.0140052 0.965591 0.256577 0.0424585 0.944935 0.318849 0.073708 0.471799 0.881604 -0.0134286 0.245107 0.968209 0.0499346 -0.175011 0.98426 -0.0245635 -0.625769 0.778737 0.0445192 -0.787 0.61646 -0.0246545 -0.993609 -0.0979177 0.0561513 -0.904147 -0.42682 -0.0185325 -0.71759 -0.694451 0.0529459 -0.440633 -0.897597 -0.0127365 0.0530366 -0.998002 0.0343465 0.130814 -0.991345 0.0110678 0.683594 -0.729719 0.0144994 0.81929 -0.566942 0.0856813 0.998577 -0.0462846 -0.0264895 0.939387 0.341816 0.0267183 0.792046 0.608471 -0.0492534 0.405837 0.912814 0.0454725 0.128073 0.991746 -0.00612158 -0.343977 0.938031 0.042166 -0.468666 0.87902 0.0876143 -0.753539 0.657363 0.00722772 -0.993872 0.11054 -0.000551006 -0.99842 0.0528855 0.0190153 -0.948024 -0.306844 0.0842427 -0.84499 -0.534753 -0.00554385 -0.301337 -0.951768 0.0577362 -0.0590751 -0.990427 0.12476 0.170952 -0.98364 0.0568144 0.642882 -0.765811 0.0153768 0.817093 -0.572031 0.0716917 0.988354 -0.149508 -0.0283479 0.961581 0.273113 0.0277831 0.75555 0.650432 -0.0779967 0.446618 0.893976 0.0365908 0.0182031 0.999595 -0.0218686 -0.269692 0.962403 0.0323445 -0.501444 0.865168 -0.00621985 -0.73864 0.674038 0.00921754 -0.811941 0.583207 0.0249328 -0.977166 0.209537 -0.0352242 -0.999292 0.000238512 0.0376094 -0.770881 -0.636881 -0.0111861 -0.547331 -0.835409 0.0502055 -0.171647 -0.984439 -0.0376441 0.195656 -0.980363 0.0246534 0.476181 -0.878715 -0.0333367 0.834565 -0.549627 0.0375633 0.927472 -0.373737 -0.0108153 0.974929 0.22169 0.0191643 -0.910404 -0.410292 0.0531522 0.887915 0.448301 -0.103112 0.457397 0.888706 0.0314732 0.187043 0.982045 -0.0245336 -0.510605 0.856903 0.0707087 -0.618577 0.785525 0.0176989 -0.995158 0.0982127 -0.00376859 -0.999162 0.0409203 0 -0.999162 0.0409203 0 -0.985855 0.167604 0 -0.984179 0.177171 -0.00114995 -0.944267 0.32918 0.000133211 -0.938569 0.345087 -0.00158971 -0.885726 0.464205 0.0016057 -0.855376 0.517999 -0.002937 -0.801141 0.598476 0.000630017 -0.761322 0.648369 -0.00249572 -0.720462 0.693491 0.00222879 -0.617354 0.786682 -0.0023177 -0.464731 0.885449 -0.00240975 -0.467871 0.883794 -0.00210786 -0.313675 0.949528 0.00200488 -0.303305 0.952893 0.00102513 -0.158854 0.987302 0.00100305 -0.183048 0.983103 -0.00100281 -0.0525626 0.998618 0 -0.0626764 0.998034 -0.000579727 -1 0 0 -1 0 0 -0.0408954 -0.999162 -0.00165784 -0.153575 -0.988134 -0.00251376 -0.182336 -0.983236 -0.000425179 -0.298093 -0.954535 0.00187161 -0.198832 -0.980026 -0.00399166 -0.371323 -0.928503 -0.0013032 -0.420161 -0.907448 0.00173834 -0.503553 -0.863962 -0.00210576 -0.535004 -0.844849 -1.55585e-07 -0.623783 -0.781597 -0.000890542 -0.624859 -0.780737 -0.00100301 -0.730976 -0.682402 0.00136318 -0.755258 -0.655422 -0.00248854 -0.826899 -0.56235 0.000868607 -0.896784 -0.442467 0.00106533 -0.850065 -0.526674 -0.00208446 -0.961591 -0.274483 -0.00133516 -0.989504 -0.144506 0.000838917 -0.991088 -0.13321 0 -0.999162 -0.0409203 0 -0.999162 -0.0409203 0 0 -1 0 0 -1 0 0.999162 -0.0409203 0 0.999162 -0.0409203 0 0.989504 -0.144506 0.000838917 0.991088 -0.13321 0 0.957491 -0.288464 0.000524708 0.962808 -0.270183 -0.0012623 0.907927 -0.419127 -0.00118896 0.897584 -0.440842 0.0013634 0.815501 -0.578754 -0.00126163 0.817588 -0.575802 -0.00160097 0.732658 -0.680597 5.04123e-05 0.713656 -0.700493 -0.00230824 0.607468 -0.794341 0.00232509 0.575807 -0.817585 -0.00120293 0.478596 -0.878035 0 0.459332 -0.888262 0.00213726 0.349701 -0.936861 0 0.329185 -0.944264 -0.00160407 0.214232 -0.976782 0.00132532 0.193234 -0.981152 -0.0013189 0.062676 -0.998028 -0.00356235 1 0 0 1 0 0 0.1027 0.994708 -0.00287276 0.117179 0.993109 -0.00211157 0.255185 0.966892 -0.000532084 0.362288 0.932066 -0.000168255 0.359889 0.932995 0 0.449622 0.893219 0 0.469441 0.882963 -0.00145941 0.521131 0.853477 -1.07714e-07 0.575799 0.81759 -0.00160363 0.606573 0.795027 0.00058005 0.689318 0.724458 -0.00119839 0.78623 0.617924 -0.00337909 0.826923 0.562316 0 0.885726 0.464205 0.0016057 0.875382 0.483431 0 0.924741 0.380597 -0.000656247 0.932998 0.359881 0.000801588 0.973257 0.229717 0.000579826 0.966626 0.256189 -0.000981863 0.991088 0.13321 0 0.989504 0.144506 -0.000838917 0.999162 0.0409203 0 0.999162 0.0409203 0 0 1 0 0 1 0 0.000214552 0.000719381 -1 0 0 -1 0 0 -1 0 0 -1 0 0 -1 0 0 -1 0 0 -1 0 0 -1 0 0 -1 0 0 -1 0 0 -1 0 0 -1 0 0 -1 0 0 -1 0 0 -1 0 0 -1 0 0 -1 0 0 -1 0 0 -1 0 0 -1 0 0 -1 0 0 -1 0 0 -1 0 0 -1 0 0 -1 0 0 -1 0 0 -1 0 0 1 0 0 -1 0 0 1 0 0 -1 0 0 1 0 0 -1 0 0 1 0 0 -1 0 0 -1 0 0 1 0 0 -1 0 0 1 0 0 -1 0 0 -1 0 0 -1 0 0 -1 0 0 -1 0 0 -1 0 0 -1 0 0 -1 0 0 -1 0 0 -1 0 0 -1 0 0 -1 0 0 -1 0 0 -1 0 0 -1 0 0 1 0 0 -1 0 0 -1 0 0 -1 0 0 -1 0 0 -1 0 0 -1 0 0 -1 0 0 -1 0 0 -1 0 0 -1 0 0 -1 0 0 -1 0 0 1 0 0 -1 0 0 -1 0 0 -1 0 0 1 0 0 -1 0 0 -1 0 0 1 0 0 1 0 0 -1 0 0 -1 0 0 1 0 0 1 0 0 -1 0 0 -1 0 0 -1 0 0 -1 0 0 -1 0 0 -1 0 0 -1 0 0 -1 0 0 -1 0 0 -1 0 0 -1 0 0 -1 0 0 -1 0 0 -1 0 0 -1 0 0 -1 0 0 -1 0 0 -1 0 0 -1 0 0 -1 0 0 -1 0 0 -1 0 0 -1 0 0 -1 0 0 -1 0 0 -1 0 0 -1 0 0 -1 0 0 -1 0 0 -1 0 0 -1 0 0 -1 0 0 -1 0 0 -1 0 0 -1 0 0 -1 0 0 -1 0 0 -1 0 0 -1 0 0 -1 0 0 -1 0 0 -1 0 0 -1 0 0 -1 0 0 -1 0 0 -1 0 0 -1 0 0 -1 0 0 -1 0 0 -1 0 0 -1 0 0 -1 0 0 -1 0 0 -1 0 0 -1 0 0 -1 0 0 -1 0 0 -1 0 0 -1 0 0 -1 0 0 -1 0 0 -1 0 0 -1 0 0 -1 0 0 -1 0 0 -1 0 0 -1 0 0 -1 0 0 -1 0 0 -1 0 0 -1 0 0 -1 0 0 -1 0 0 -1 0 0 -1 0 0 -1 0 0 -1 0 0 -1 0 0 -1 0 0 -1 0 0 -1 0 0 -1 0 0 -1 0 0 -1 0 0 -1 0 0 -1 0 0 -1 0 0 -1 0 0 -1 0 0 -1 0 0 -1 0 0 -1 0 0 -1 0 0 -1 0 0 -1 0 0 -1 0 0 -1 0 0 -1 0 0 -1 0 0 -1 0 0 -1 0 0 -1 0 0 -1 0 0 -1 0 0 -1 0 0 -1 0 0 -1 0 0 -1 0 0 -1 0 0 -1 0 0 -1 0 0 -1 0 0 -1 0 0 -1 0 0 -1 0 0 -1 0 0 -1 0 0 -1 0 0 -1 0 0 -1 0 0 -1 0 0 -1 0 0 -1 0 0 -1 0 0 -1 0 0 -1 0 0 -1 0 0 -1 0 0 -1 0 0 -1 0 0 -1 0 0 -1 0 0 -1 0 0 -1 0 0 -1 0 0 -1 0 0 -1 0 0 -1 0 0 -1 0 0 -1 0 0 -1 0 0 -1 0 0 -1 0 0 -1 0 0 -1 0 0 -1 0 0 -1 0 0 -1 0 0 -1 0 0 -1 0 0 -1 0 0 -1 0 0 -1 0 0 -1 0 0 -1 0 0 -1 0 0 -1 0 0 -1 0 0 -1 0 0 -1 0 0 -1 0 0 -1 0 0 -1 0 0 -1 0 0 -1 0 0 -1 0 0 -1 0 0 -1 0 0 -1 0 0 -1 0 0 -1 0 0 -1 0 0 -1 0 0 -1 0 0 -1 0 0 -1 0 0 -1 0 0 -1 0 0 -1 0 0 -1 0 0 -1 0 0 -1 0 0 -1 0 0 -1 0 0 -1 0 0 -1 0 0 -1 0 0 -1 0 0 -1 0 0 -1 0 0 -1 0 0 -1 0 0 -1 0 0 -1 0 0 -1 0 0 -1 0 0 -1 0 0 -1 0 0 -1 0 0 -1 0 0 -1 0 0 -1 0 0 -1 0 0 -1 0 0 -1 0 0 -1 0 0 -1 0 0 -1 0 0 -1 0 0 -1 0 0 -1 0 0 -1 0 0 -1 0 0 -1 0 0 -1 0 0 -1 0 0 -1 0 0 -1 0 0 -1 0 0 -1 0 0 -1 0 0 -1 0 0 -1 0 0 -1 0 0 -1 0 0 -1 0 0 -1 0 0 -1 0 0 -1 0 0 -1 0 0 -1 0 0 -1 0 0 -1 0 0 -1 0 0 -1 0 0 -1 0 0 -1 0 0 -1 0 0 -1 0 0 -1 0 0 -1 0 0 -1 0 0 -1 0 0 -1 0 0 -1 0 0 -1 0 0 -1 0 0 -1 0 0 -1 0 0 -1 0 0 -1 0 0 -1 0 0 -1 0 0 -1 0 0 -1 0 0 -1 0 0 -1 0 0 -1 0 0 -1 0 0 -1 0 0 -1 0 0 -1 0 0 -1 0 0 -1 0 0 -1 0 0 -1 0 0 -1 0 0 -1 0 0 -1 0 0 -1 0 0 -1 0 0 -1 0 0 -1 0 0 -1 0 0 -1 0 0 -1 0 0 -1 0 0 -1 0 0 -1 0 0 -1 0 0 -1 0 0 -1 0 0 -1 0 0 -1 0 0 -1 0 0 -1 0 0 -1 0 0 -1 0 0 -1 0 0 -1 0 0 -1 0 0 -1 0 0 -1 0 0 -1 0.995876 -0.0907283 -0.000254388 0.992612 -0.121335 0.000326771 0.961798 -0.273759 -0.000326709 0.952917 -0.30323 0.000254453 0.89549 -0.445081 -0.000174594 0.884113 -0.467274 0.000174613 0.819156 -0.573571 -0.000174669 0.783717 -0.621117 0.000655572 0.693652 -0.72031 -0.000564165 0.647391 -0.762158 0.000395002 0.534721 -0.845029 -0.000681023 0.48698 -0.873413 0.00025133 0.373051 -0.927811 -0.000279375 0.330273 -0.943885 0.000296789 0.236016 -0.971749 -0.000116507 0.185905 -0.982568 0.000314321 0.11197 -0.993712 -0.00031429 0.0498434 -0.998757 0.000209562 -0.0373865 -0.999301 -0.000279316 -0.0609047 -0.998144 -1.54805e-05 -0.175878 -0.984412 -0.000266755 -0.165469 -0.986215 -0.000163152 -0.257475 -0.966285 0.000201956 -0.326347 -0.94525 -0.000302622 -0.376912 -0.926249 0.000226945 -0.469481 -0.882942 -0.000488576 -0.529906 -0.848056 0.000488617 -0.627078 -0.778957 -0.000346299 -0.663126 -0.748508 0.000214823 -0.751781 -0.659412 -0.000577205 -0.773993 -0.633194 0 -0.854473 -0.519496 0 -0.854473 -0.519496 0 -0.924668 -0.380775 0 -0.924668 -0.380775 0 -0.966995 -0.254796 0 -0.966995 -0.254796 0 -0.993556 -0.113343 0 -0.993556 -0.113343 0 -0.997936 0.0642211 0 -0.996841 0.0794277 0.000404592 -0.961846 0.27359 -0.000147815 -0.959956 0.280152 0 -0.876828 0.480805 0 -0.860196 0.509963 -0.000797394 -0.778359 0.62782 0.000104752 -0.714961 0.699163 -0.00109661 -0.663385 0.748278 0 -0.572439 0.819948 0 -0.572439 0.819948 0 -0.428093 0.903735 -0.000630692 -0.478252 0.878223 0 -0.347229 0.93778 0.000290964 -0.275263 0.961369 -0.000344892 -0.191386 0.981515 0.000560613 -0.0896509 0.995973 -0.000446744 0.00602585 0.999982 0.000625548 0.126913 0.991914 -0.000815148 0.206756 0.978392 0.000373129 0.330313 0.943871 -0.00079304 0.391604 0.920134 0.000264952 0.52991 0.848054 -0.000390946 0.549502 0.835492 0 0.691559 0.72232 0 0.697777 0.716315 0.000211253 0.822622 0.568588 -0.00033077 0.831205 0.555966 0 0.911505 0.411289 0 0.906895 0.421356 -0.000155042 0.960981 0.276614 -0.000430166 0.947926 0.318491 2.54982e-08 0.97972 0.200371 0.000174618 0.993757 0.111569 -0.000518093 0.998059 0.0622823 0.00017463 0 0 -1 0 0 -1 0 0 -1 0 0 -1 0 0 -1 0 0 -1 0 0 -1 0 0 -1 0 0 -1 0 0 -1 0 0 -1 0 0 -1 0 0 -1 0 0 -1 0 0 -1 0 0 -1 0 0 -1 0 0 -1 0 0 -1 0 0 -1 0 0 -1 0 0 -1 0 0 -1 0 0 -1 0 0 -1 0 0 -1 0 0 -1 0 0 -1 0 0 -1 0 0 -1 0 0 -1 0 0 -1 0 0 -1 0 0 -1 0 0 -1 0 0 -1 0 0 -1 0 0 -1 0 0 -1 0 0 -1 0 0 -1 0 0 -1 0 0 -1 0 0 -1 0.997203 -0.0747353 -0.000209546 0.99797 -0.0636884 -0.000395549 0.967934 -0.251205 -0.00048609 0.984809 -0.173642 6.98537e-05 0.953093 -0.302678 0.000151357 0.904726 -0.425994 -0.000497539 0.89437 -0.447328 0 0.801704 -0.597721 0 0.798295 -0.602266 9.14124e-05 0.680171 -0.733053 -0.000278828 0.66922 -0.743064 8.40078e-05 0.515539 -0.856866 -0.000183911 0.485953 -0.873985 0.000461466 0.373053 -0.92781 -0.000151319 0.322844 -0.946452 0.000485991 0.236014 -0.97175 -0.000147526 0.187273 -0.982308 0.000131985 0.0896511 -0.995973 -0.000558658 0.0830084 -0.996549 -0.000465334 -0.0226618 -0.999743 0.000127039 -0.0995674 -0.995031 -0.000628072 -0.161364 -0.986895 0.000157165 -0.285223 -0.958461 -0.000376836 -0.30665 -0.951822 0 -0.445088 -0.895487 0 -0.445088 -0.895487 0 -0.591393 -0.806383 0 -0.593498 -0.804836 5.29838e-05 -0.710888 -0.703305 -0.000164431 -0.713302 -0.700856 -0.000219761 -0.808419 -0.588608 0.00019277 -0.825154 -0.564907 -0.000233627 -0.921226 -0.389028 -0.000860067 -0.895666 -0.444727 0.000254538 -0.962623 -0.270844 0.000279382 -0.979251 -0.202651 -0.000457512 -0.994838 -0.10148 0.000402802 -0.999888 -0.0149713 -0.000446729 -0.999136 0.0415566 0.000186282 -0.982825 0.18454 -0.000619863 -0.980837 0.194829 -0.000810343 -0.944707 0.327915 0.0002513 -0.930861 0.365372 -0.000279234 -0.870962 0.491349 0.00050259 -0.854471 0.519499 0 -0.788685 0.614797 0 -0.788685 0.614797 0 -0.68017 0.733054 0 -0.727383 0.686232 0 -0.727383 0.686232 0 -0.68017 0.733054 0 -0.576988 0.816753 -0.000488765 -0.614359 0.789027 0 -0.433849 0.900985 -0.000627721 -0.510418 0.859927 0.000344512 -0.317805 0.948156 0.000600318 -0.246758 0.969077 -0.000383596 -0.105784 0.994389 0.000918709 -0.0498451 0.998757 -0.000139716 0.116104 0.993237 0.000441453 0.118005 0.993013 0.00048026 0.257477 0.966285 -0.000116457 0.294754 0.955573 0.000209511 0.376912 0.926249 -0.000279406 0.448294 0.893886 0.00059874 0.530483 0.847696 -0.000391038 0.616631 0.787252 0.000565344 0.684831 0.728701 -0.000943881 0.757978 0.65228 0.000165865 0.815162 0.579233 -0.000418982 0.852282 0.523083 0.000429679 0.89487 0.446326 -6.21416e-05 0.955784 0.29407 -0.0007061 0.922223 0.386658 0.000397373 0.972077 0.234662 2.63075e-05 0.992829 0.119541 -0.000546734 0.997203 0.0747353 0.000209546 0 0 -1 0 0 -1 0 0 -1 0 0 -1 0 0 -1 0 0 -1 0 0 -1 0 0 -1 0 0 -1 0 0 -1 0 0 -1 0 0 -1 0 0 -1 0 0 -1 0 0 -1 0 0 -1 0 0 -1 0 0 -1 0 0 -1 0 0 -1 0 0 -1 0 0 -1 0 0 -1 0 0 -1 0 0 -1 0 0 -1 0 0 -1 0 0 -1 0 0 -1 0 0 -1 0 0 -1 0 0 -1 0 0 -1 0 0 -1 0 0 -1 0 0 -1 0 0 -1 0 0 -1 0 0 -1 0 0 -1 0 0 -1 0 0 -1 0 0 -1 0 0 -1 0 0 -1 0.995875 -0.0907326 -0.000425381 0.987469 -0.157812 0.000425391 0.952003 -0.306086 -0.000961945 0.936415 -0.350894 0 0.8593 -0.511473 0 0.84965 -0.527347 0.000389341 0.747772 -0.663955 -0.000326755 0.726986 -0.686652 0.000254335 0.586816 -0.80972 -0.00026865 0.576039 -0.817422 0 0.437187 -0.89937 0 0.413932 -0.910308 0.000485229 0.294754 -0.955573 -0.000139701 0.240936 -0.970541 0.000368631 0.118005 -0.993013 -0.000681809 0.0766454 -0.997058 -1.34365e-05 -0.0766454 -0.997058 -0.000334689 -0.0498776 -0.998755 0.000208956 -0.208991 -0.977917 -1.55424e-05 -0.277832 -0.960629 0.000779359 -0.351363 -0.93624 -0.000195451 -0.462059 -0.886849 0.000822002 -0.521436 -0.85329 -0.000418559 -0.612602 -0.790392 4.65599e-05 -0.655439 -0.755248 -0.000419225 -0.692265 -0.721644 0 -0.789521 -0.613723 0 -0.771354 -0.636407 0.000650041 -0.848932 -0.528502 -9.31235e-05 -0.916007 -0.401162 -0.000232889 -0.876531 -0.481346 0.000518791 -0.936813 -0.349831 -2.19091e-08 -0.956237 -0.292592 -0.000254134 -0.962624 -0.270842 0 -0.992235 -0.124376 0 -0.992235 -0.124376 0 -0.999804 0.0197979 0 -0.995695 0.0926829 0.00147944 -0.970854 0.239672 -0.000396708 -0.948411 0.317043 0.000419708 -0.929298 0.369331 -0.000261409 -0.872194 0.489161 0.000296873 -0.854472 0.519498 -0.000146088 -0.751782 0.659411 -0.000326731 -0.771721 0.635962 0.000254417 -0.635095 0.772434 0.000355925 -0.64769 0.761904 0 -0.50196 0.864891 -0.000254006 -0.521425 0.853297 0 -0.403713 0.914886 0.000209637 -0.376911 0.926249 -0.000157173 -0.268991 0.963143 0.00032216 -0.229933 0.973207 -0.000242627 -0.138075 0.990422 -4.6552e-05 -0.0709511 0.997479 -0.000755338 -0.0332264 0.999448 -0.000279334 0.0609006 0.998144 0.000116509 0.11197 0.993712 -0.000314287 0.24676 0.969077 -0.000279516 0.159987 0.987119 9.31514e-05 0.315844 0.948811 0.000426742 0.376912 0.926249 -0.000165887 0.50196 0.864891 -0.000165184 0.452116 0.891959 0.000470347 0.629956 0.776631 -0.000372433 0.585588 0.810609 0.000254118 0.696607 0.717452 0.000127118 0.743155 0.669119 -0.000530594 0.786242 0.617919 0.000219188 0.846725 0.532032 -0.000148425 0.920728 0.390206 -0.000440487 0.867743 0.497013 0.000394918 0.949551 0.313612 0.000476569 0.972662 0.232224 -0.000293 0.997204 0.0747311 -0.000279396 0.981653 0.190677 0.000212605 0.999996 0.00278982 0.000426865 0 0 -1 0 0 -1 0 0 -1 0 0 -1 0 0 -1 0 0 -1 0 0 -1 0 0 -1 0 0 -1 0 0 -1 0 0 -1 0 0 -1 0 0 -1 0 0 -1 0 0 -1 0 0 -1 0 0 -1 0 0 -1 0 0 -1 0 0 -1 0 0 -1 0 0 -1 0 0 -1 0 0 -1 0 0 -1 0 0 -1 0 0 -1 0 0 -1 0 0 -1 0 0 -1 0 0 -1 0 0 -1 0 0 -1 0 0 -1 0 0 -1 0 0 -1 0 0 -1 0 0 -1 0 0 -1 0 0 -1 0 0 -1 0.998058 -0.0622851 -0.000314319 0.990611 -0.13671 0.00031431 0.977627 -0.210345 -0.000314298 0.965564 -0.260164 0.000116474 0.933051 -0.359745 -0.000323974 0.920095 -0.391694 0.000134649 0.844115 -0.536161 -9.41593e-05 0.850034 -0.526727 -0.000362281 0.705033 -0.709175 -2.41785e-05 0.706691 -0.707522 4.03522e-05 0.502926 -0.864329 0.000153699 0.505373 -0.862901 7.85867e-05 0.34199 -0.939704 -0.000174358 0.332605 -0.943066 0 0.170159 -0.985417 0 0.165469 -0.986215 6.9929e-05 0.0443014 -0.999018 -0.0001862 0.0332257 -0.999448 0 -0.143552 -0.989643 0 -0.143552 -0.989643 0 -0.325059 -0.945694 0 -0.291247 -0.956648 -0.000893369 -0.469145 -0.883121 0.000318843 -0.537314 -0.843382 -0.000783855 -0.618484 -0.785797 0.000607852 -0.687472 -0.726211 -0.000349115 -0.757976 -0.652283 0.000366699 -0.788687 -0.614795 -0.000108635 -0.863595 -0.504186 0.000265422 -0.870963 -0.491349 -1.40103e-05 -0.947927 -0.318486 0.000382371 -0.942828 -0.333279 0 -0.990951 -0.134221 -0.000390905 -0.98756 -0.157244 0 -0.999889 0.0149313 0.000237442 -0.998851 0.0479256 -0.000201404 -0.985901 0.167326 0.000387197 -0.981783 0.190006 0 -0.947927 0.318487 0 -0.947927 0.318487 0 -0.889886 0.456183 0 -0.886926 0.461911 0.000121748 -0.809103 0.587667 0 -0.799899 0.600135 -0.000335746 -0.689264 0.72451 0 -0.689264 0.72451 0 -0.545723 0.837966 0 -0.560285 0.8283 -0.000403208 -0.419888 0.907576 0.000274463 -0.391812 0.920045 -0.000219813 -0.258826 0.965924 0.000174608 -0.224397 0.974498 -0.000322207 -0.138076 0.990422 4.65718e-05 -0.0597925 0.998211 -0.00061453 -0.033226 0.999448 -0.000279336 0.033226 0.999448 0 0.11197 0.993712 0 0.138076 0.990422 -0.000442004 0.246761 0.969076 0 0.236014 0.97175 -0.000155067 0.391812 0.920045 -0.000265979 0.373054 0.927809 4.65975e-05 0.574057 0.818815 -0.00111335 0.478258 0.878219 6.9796e-05 0.621308 0.783566 0 0.739061 0.673638 0 0.739061 0.673638 0 0.852287 0.523074 0 0.852287 0.523074 0 0.946467 0.3228 -0.00105773 0.928334 0.371749 0 0.980916 0.194434 0.000336199 0.992653 0.120995 -0.000599819 0.999922 0.0124605 0.000314281 0 0 -1 0 0 -1 0 0 -1 0 0 -1 0 0 -1 0 0 -1 0 0 -1 0 0 -1 0 0 -1 0 0 -1 0 0 -1 0 0 -1 0 0 -1 0 0 -1 0 0 -1 0 0 -1 0 0 -1 0 0 -1 0 0 -1 0 0 -1 0 0 -1 0 0 -1 0 0 -1 0 0 -1 0 0 -1 0 0 -1 0 0 -1 0 0 -1 0 0 -1 0 0 -1 0 0 -1 0 0 -1 0 0 -1 0 0 -1 0 0 -1 0 0 -1 0 0 -1 0 0 -1 0 0 -1 0 0 -1 0 0 -1 0.995646 -0.0932114 0.000634693 0.977749 -0.209776 -0.0010983 0.959172 -0.282825 8.72295e-06 0.918496 -0.39543 -0.000242662 0.895666 -0.444727 0.000518013 0.843268 -0.537493 -0.000303017 0.808418 -0.588608 0.000303007 0.737292 -0.675574 -0.000562731 0.703659 -0.710538 0.000150174 0.5935 -0.804834 -5.29909e-05 0.572704 -0.819762 0.000466176 0.445089 -0.895487 -0.00015717 0.418834 -0.908063 0.000209641 0.300487 -0.953786 -0.000323915 0.284161 -0.958777 -9.68344e-05 0.149043 -0.988831 -1.09282e-08 0.121463 -0.992596 -0.000525872 0.0110728 -0.999939 1.55006e-05 -0.0995712 -0.99503 -0.000836967 -0.0553928 -0.998465 0 -0.230602 -0.973048 0 -0.220307 -0.975431 -0.000177531 -0.331592 -0.943423 -1.553e-05 -0.357604 -0.933873 -0.000326001 -0.454192 -0.890904 0.000266807 -0.526898 -0.849928 -0.000551779 -0.563317 -0.826241 -3.49478e-05 -0.658233 -0.752814 -0.000286567 -0.663386 -0.748278 -0.00017125 -0.775558 -0.631277 5.58644e-05 -0.788004 -0.615671 -0.000265301 -0.867536 -0.497375 0.000433322 -0.879138 -0.476567 0 -0.951053 -0.309028 0 -0.951053 -0.309028 0 -0.992239 -0.124344 0 -0.992239 -0.124344 0 -0.999136 0.0415545 0 -0.999136 0.0415545 0 -0.984808 0.173649 0 -0.974935 0.22249 -0.000558502 -0.956239 0.292587 0 -0.923938 0.382543 -0.000735462 -0.906305 0.422624 0 -0.833193 0.552983 0 -0.833193 0.552983 0 -0.749783 0.661684 0 -0.749783 0.661684 0 -0.630405 0.776266 0.000373197 -0.618484 0.785797 0 -0.483879 0.875135 -0.000121759 -0.478225 0.878237 0 -0.320637 0.947202 0 -0.320637 0.947202 0 -0.185907 0.982567 0 -0.185907 0.982567 0 -0.00303005 0.999995 0 -0.0373848 0.999301 -0.000792522 0.122436 0.992476 0.000214838 0.192236 0.981349 -0.000625557 0.300508 0.953779 0.000625555 0.382075 0.924131 -0.000406458 0.553862 0.832608 -8.00285e-06 0.521435 0.853291 0.000905401 0.723782 0.690029 0.000146757 0.704565 0.70964 -0.000543489 0.811937 0.583745 3.49557e-05 0.843745 0.536745 -0.000560617 0.884112 0.467275 0.000226937 0.933058 0.359725 -0.000600238 0.951053 0.309027 0.00026529 0.983673 0.179964 -0.000387192 0.994063 0.108804 0.000820806 0.999889 -0.0149313 -0.000132509 0 0 -1 0 0 -1 0 0 -1 0 0 -1 0 0 -1 0 0 -1 0 0 -1 0 0 -1 0 0 -1 0 0 -1 0 0 -1 0 0 -1 0 0 -1 0 0 -1 0 0 -1 0 0 -1 0 0 -1 0 0 -1 0 0 -1 0 0 -1 0 0 -1 0 0 -1 0 0 -1 0 0 -1 0 0 -1 0 0 -1 0 0 -1 0 0 -1 0 0 -1 0 0 -1 0 0 -1 0 0 -1 0 0 -1 0 0 -1 0 0 -1 0 0 -1 0 0 -1 0 0 -1 0 0 -1 0 0 -1 0.999371 -0.035462 -0.000419474 0.998561 -0.0536267 0 0.972077 -0.234662 0 0.96955 -0.244895 0.000177071 0.922219 -0.386667 -3.2254e-05 0.901246 -0.433307 0.000826036 0.840025 -0.542547 -0.000488356 0.791743 -0.610855 0.000506371 0.715868 -0.698235 -0.000628115 0.670977 -0.741478 0.000157133 0.582181 -0.813059 -0.00032222 0.552967 -0.833203 0.000174663 0.410633 -0.911801 -0.000281133 0.44384 -0.896105 -0.00102522 0.320635 -0.947203 7.49409e-09 0.228741 -0.973487 -0.000735459 0.198143 -0.980173 -0.000209488 0.0373864 -0.999301 0.000244429 0.0498491 -0.998757 0 -0.0885442 -0.996072 0 -0.11197 -0.993712 -0.000296829 -0.181817 -0.983332 -2.71893e-08 -0.263512 -0.964656 -0.000352175 -0.274272 -0.961652 -0.000219234 -0.376912 -0.926249 8.80297e-06 -0.402653 -0.915352 -0.000401972 -0.521434 -0.853291 0.000349141 -0.57152 -0.820588 -0.000488592 -0.652288 -0.757971 0.000226953 -0.708875 -0.705333 -0.00053061 -0.764809 -0.644257 0.000397428 -0.819156 -0.573571 -0.000226902 -0.861001 -0.508603 0.000530603 -0.900132 -0.435616 -0.000397374 -0.92677 -0.37563 6.21115e-05 -0.959878 -0.280417 -0.00050256 -0.971091 -0.238708 0.000162845 -0.992239 -0.124342 2.45989e-08 -0.99417 -0.107823 0.000209586 -0.998418 0.0562206 -0.000480237 -0.997603 0.0691949 -0.000216643 -0.969789 0.243946 3.09513e-05 -0.96 0.28 -0.00080412 -0.909022 0.416748 0.000216422 -0.856513 0.516124 -0.000962845 -0.827318 0.561735 -1.61077e-05 -0.743128 0.669149 0 -0.738675 0.674062 -0.000115992 -0.62526 0.780416 0 -0.62526 0.780416 0 -0.501665 0.865062 0 -0.501665 0.865062 0 -0.373052 0.927811 0 -0.373052 0.927811 0 -0.19818 0.980166 0 -0.19818 0.980166 0 -0.021549 0.999768 0 -0.021549 0.999768 0 0.213458 0.976952 -0.000221819 0.204049 0.978961 0 0.405456 0.914114 -0.000480243 0.382514 0.92395 2.59395e-05 0.601386 0.798959 -0.000526386 0.545518 0.838099 0.000189606 0.67177 0.74076 0.000623817 0.739063 0.673636 -0.000506441 0.818541 0.574448 0.000739518 0.855676 0.517511 -0.000259391 0.914318 0.404998 0.000272757 0.92851 0.371308 -0.000315338 0.98689 0.161393 -0.000697972 0.966996 0.25479 0.000372556 0.995377 0.0960437 3.98608e-05 0 0 -1 0 0 -1 0 0 -1 0 0 -1 0 0 -1 0 0 -1 0 0 -1 0 0 -1 0 0 -1 0 0 -1 0 0 -1 0 0 -1 0 0 -1 0 0 -1 0 0 -1 0 0 -1 0 0 -1 0 0 -1 0 0 -1 0 0 -1 0 0 -1 0 0 -1 0 0 -1 0 0 -1 0 0 -1 0 0 -1 0 0 -1 0 0 -1 0 0 -1 0 0 -1 0 0 -1 0 0 -1 0 0 -1 0 0 -1 0 0 -1 0 0 -1 0 0 -1 0 0 -1 0.995875 -0.0907326 -0.0002544 0.992611 -0.121339 0.000326754 0.947231 -0.32055 -0.000531572 0.9418 -0.336174 -8.16937e-05 0.843279 -0.537476 -0.000239355 0.827774 -0.561062 -0.000909165 0.66633 -0.745657 -0.000549292 0.720665 -0.693283 0.000400525 0.515542 -0.856864 -0.000620861 0.599369 -0.800473 0.000298652 0.458229 -0.888834 0.000114333 0.34202 -0.939693 -0.000418543 0.320307 -0.947314 0 0.149042 -0.988831 0 0.149042 -0.988831 0 -0.0268516 -0.999639 0 -0.0740901 -0.997251 0.000860126 -0.213858 -0.976865 -0.000425401 -0.26641 -0.96386 0.000255887 -0.403301 -0.915067 -0.000659794 -0.433885 -0.900968 0 -0.563325 -0.826235 0 -0.573585 -0.819146 0.000174618 -0.708468 -0.705743 -0.000319311 -0.701518 -0.712651 -0.000552033 -0.832872 -0.553465 0.000458955 -0.838446 -0.544984 0.000210954 -0.945347 -0.326065 3.95184e-05 -0.935145 -0.354264 -0.000724218 -0.986863 -0.161557 -0.000798585 -0.994262 -0.106972 0.000205994 -0.999904 -0.0138535 -0.000186373 -0.999966 0.00830359 0 -0.99224 0.124338 0 -0.99068 0.13621 0.000167704 -0.965274 0.261238 -0.000279224 -0.960981 0.276614 0 -0.9018 0.432154 0 -0.898965 0.43802 0.000118505 -0.815945 0.57813 4.764e-06 -0.796742 0.604319 0.000640167 -0.704972 0.709235 -0.000433193 -0.650388 0.759602 0.000502643 -0.573583 0.819148 -0.000314335 -0.530847 0.847468 0.000116517 -0.445088 0.895487 -0.000296767 -0.423887 0.905715 0 -0.306651 0.951822 0 -0.285222 0.958461 -0.00037686 -0.187273 0.982308 4.65759e-05 -0.122436 0.992476 -0.000505053 -0.0830084 0.996549 -0.000116406 0.0810962 0.996706 -0.000795504 0 1 0 0.122091 0.992519 -0.000190225 0.258825 0.965924 -0.000287301 0.317958 0.948104 -0.00136571 0.419889 0.907576 0.000167238 0.540369 0.841428 -0.000697483 0.560284 0.828301 -0.000214114 0.699613 0.714522 -0.000440491 0.672013 0.74054 -1.55469e-05 0.749783 0.661684 6.98659e-05 0.804595 0.593823 -0.000296897 0.837002 0.547199 0.000418975 0.884109 0.46728 -0.000165883 0.899425 0.437074 0.000189641 0.955784 0.294068 -0.000456526 0.964341 0.264661 0.000121725 0.992829 0.119543 -0.000292606 0.995875 0.0907326 0.0002544 0 0 -1 0 0 -1 0 0 -1 0 0 -1 0 0 -1 0 0 -1 0 0 -1 0 0 -1 0 0 -1 0 0 -1 0 0 -1 0 0 -1 0 0 -1 0 0 -1 0 0 -1 0 0 -1 0 0 -1 0 0 -1 0 0 -1 0 0 -1 0 0 -1 0 0 -1 0 0 -1 0 0 -1 0 0 -1 0 0 -1 0 0 -1 0 0 -1 0 0 -1 0 0 -1 0 0 -1 0 0 -1 0 0 -1 0 0 -1 0 0 -1 0 0 -1 0 0 -1 0 0 -1 0 0 -1 0 0 -1 0 0 -1 0 0 -1 0 0 -1 0 0 -1 0 0 -1 0.985902 -0.167324 -0.000454973 0.993017 -0.117972 0.000347725 0.944341 -0.328969 -0.00017078 0.96699 -0.254814 4.66351e-05 0.926437 -0.376451 0.000327012 0.892595 -0.45086 -0.000302979 0.844761 -0.535143 0.0006462 0.787544 -0.616258 -0.000743097 0.736172 -0.676794 0.000255882 0.640467 -0.767986 -0.000577199 0.613703 -0.789537 0 0.489169 -0.872189 0 0.49803 -0.86716 -0.000171165 0.332642 -0.943053 -0.000488582 0.367452 -0.930043 3.18104e-05 0.234654 -0.972079 0.00022694 0.133553 -0.991041 -0.000781085 0.0315115 -0.999503 0.000722766 -0.0683604 -0.997661 -0.000464173 -0.201614 -0.979464 0.0012278 -0.26899 -0.963143 1.6137e-05 -0.403708 -0.914888 0.000116026 -0.397631 -0.917546 0 -0.521429 -0.853295 0 -0.521429 -0.853295 0 -0.621716 -0.783243 0 -0.621716 -0.783243 0 -0.747774 -0.663953 0 -0.747774 -0.663953 0 -0.862996 -0.505211 0 -0.857885 -0.513842 -0.000231275 -0.952793 -0.30362 -0.000131748 -0.949658 -0.31329 7.75499e-05 -0.991699 -0.128581 0.000557906 -0.994375 -0.105921 0 -0.996194 0.0871621 0 -0.996194 0.0871621 0 -0.972077 0.234662 0 -0.972077 0.234662 0 -0.930871 0.365348 0 -0.930871 0.365348 0 -0.872195 0.489159 0 -0.872195 0.489159 0 -0.789543 0.613695 0.000244261 -0.781832 0.62349 0 -0.689264 0.72451 -0.000174736 -0.680169 0.733055 0 -0.573583 0.819148 0 -0.563321 0.826238 0.000209544 -0.430575 0.902555 -0.000219769 -0.427469 0.90403 -0.000164437 -0.306166 0.951978 1.81708e-05 -0.25779 0.966201 -0.000793536 -0.159987 0.987119 4.65832e-05 -0.0829996 0.99655 -0.000279336 -0.0782707 0.996932 -0.000219531 0.0830001 0.996549 -0.00032596 0.0387661 0.999248 0.00010873 0.149043 0.988831 0.000139629 0.240071 0.970755 -0.000510031 0.314899 0.949125 0.000525592 0.393548 0.919304 -0.000298623 0.549496 0.835496 -0.000232766 0.436541 0.899684 0.000131549 0.563306 0.826249 0 0.655441 0.755247 0 0.655441 0.755247 0 0.785815 0.618461 -0.000569752 0.757065 0.65334 0 0.853665 0.520823 0.000512677 0.876014 0.482286 -0.000109901 0.940463 0.339894 0.000655656 0.928983 0.370123 0 0.974929 0.222517 -0.000139839 0.971095 0.238694 0 0.992238 0.124351 -0.000139757 0.987559 0.157251 4.65849e-05 0.999888 -0.0149353 -0.000230261 0.99939 0.034929 0.000363186 0 0 1 0 0 1 0 0 1 0 0 1 0 0 1 0 0 1 0 0 1 0 0 1 0 0 1 0 0 1 0 0 1 0 0 1 0 0 1 0 0 1 0 0 1 0 0 1 0 0 1 0 0 1 -0.71177 -0.692082 0.120025 0 0 1 0 0 1 0.687937 0.055034 0.723681 0 0 1 0 0 1 0 0 1 0 0 1 0 0 1 0 0 1 0 0 1 0 0 1 0 0 1 0 0 1 0 0 1 0 0 1 0 0 1 0 0 1 0 0 1 0 0 1 0 0 1 0 0 1 0 0 1 0 0 1 0 0 1 0 0 1 0 0 1 0 0 1 0 0 1 0 0 1 0 0 1 0 0 1 0 0 1 0 0 1 0 0 1 0 0 1 0 0 1 0 0 1 0 0 1 0 0 1 0 0 1 0 0 1 0 0 1 0 0 1 0 0 1 0 0 1 0 0 1 0 0 1 0 0 1 0 0 1 0 0 1 0 0 1 0 0 1 0 0 1 0 0 1 0 0 1 0 0 1 0 0 1 0 0 1 0 0 1 0 0 1 0 0 1 0 0 1 0 0 1 0 0 1 0 0 1 0 0 1 0 0 1 0 0 1 0 0 1 0 1 -2.32831e-06 -1.0889e-07 1 -1.86638e-09 1 -1.18515e-07 -4.69277e-06 0 -1 0 -1.95793e-07 -1 -4.12928e-06 -1 1.17975e-07 1.62965e-05 0 -1 0 0 -1 0 0 1 6.66628e-06 2.71892e-07 1 0 0.423026 -0.420924 0.802416 0 0 1 0.57027 0.339865 0.747853 0 0 1 0 0 1 0 0 1 0.19612 0.711987 0.674248 0 0 1 0 0 1 0.707105 3.71551e-07 0.707108 0.707107 0 0.707107 0.434857 0.634885 0.638608 0.0654856 0.718285 0.692661 0.412165 0.653462 0.634908 0.571527 0.399924 0.716532 0.314154 0.624099 0.715407 0.265928 0.631459 0.728383 0.366807 0.600734 0.710331 0.425124 0.557204 0.713298 0.469907 0.493995 0.731544 0.573282 0.389838 0.720676 0.534007 0.419486 0.734076 0.627185 0.328704 0.706111 0.653634 0.252123 0.71358 0.689799 0.162813 0.705457 0.655002 0.249834 0.713131 0.704744 0.0947234 0.70311 0.70854 0.0290179 0.705074 0.700873 -0.0882109 0.707811 0.705177 -0.073841 0.705176 0.666401 -0.254542 0.700798 0.693209 -0.0283901 0.720177 0.699762 -0.102193 0.707029 0.424016 -0.437433 0.793008 0.670835 -0.202103 0.713537 0.64799 -0.230368 0.725976 0.632635 -0.310714 0.709387 0.574485 -0.404592 0.711528 0.494014 -0.458911 0.738479 0.483559 -0.4867 0.727526 0.424658 -0.555294 0.715062 0.333455 -0.611759 0.717327 0.236836 -0.634493 0.735749 0.310763 -0.631218 0.710627 0.153 -0.697599 0.699961 5.59231e-07 0.707105 0.707109 2.84875e-07 0.707108 0.707106 -3.20677e-06 0.707097 0.707116 0 0.707107 0.707107 0 0.707107 0.707107 -5.93828e-08 0.707106 0.707107 -3.11726e-06 -0.707098 0.707116 1.30015e-07 -0.707108 0.707106 7.01873e-07 -0.707104 0.707109 0 -0.707107 0.707107 2.97888e-08 -0.707107 0.707107 -2.50193e-07 -0.707108 0.707105 -0.709132 0.0290422 0.704477 -0.704921 0.119843 0.699088 -0.669949 0.23355 0.704715 -0.417605 0.529313 0.738535 -0.60319 0.316129 0.732273 -0.599359 0.348158 0.720801 -0.559718 0.418125 0.715463 -0.502931 0.484104 0.716034 -0.420147 0.52866 0.73756 -0.323303 0.621824 0.713309 -0.223834 0.67757 0.70057 -0.113716 0.706761 0.698253 -0.0373791 0.710152 0.703056 -0.35492 -0.617642 0.701819 -0.109891 -0.707064 0.698559 -0.564994 -0.374429 0.735245 -0.213027 -0.682141 0.699502 -0.56365 -0.380844 0.732978 -0.296861 -0.641149 0.707673 -0.367261 -0.579958 0.727164 -0.3767 -0.578094 0.723813 -0.437722 -0.548464 0.712451 -0.514521 -0.480331 0.710317 -0.561899 -0.356751 0.746323 -0.356134 -0.242197 0.902501 -0.691182 -0.156461 0.70554 -0.704258 -0.102849 0.702455 -0.708596 -0.0290202 0.705018 -0.707105 -9.13019e-08 0.707108 -0.707106 0 0.707108 -0.109024 -0.994039 0 -0.0580719 0.998312 0 -0.136793 0.990489 -0.0148319 0.142052 -0.989859 0 0.208029 -0.977064 0.0455041 -0.173018 0.984068 0.0409208 2.97736e-08 -0.707107 0.707107 0 -0.707107 0.707107 0.706146 -0.0521247 0.706146 0.719529 -0.0906673 0.688519 0.615992 -0.376074 0.692187 0.335199 -0.543313 0.76971 0.0504924 -0.705376 0.707033 0.188107 -0.704144 0.684688 0.0280828 -0.65923 0.751417 -0.0685104 -0.705445 0.705445 -0.062821 -0.705142 0.706278 -0.224193 -0.669917 0.707778 -0.740827 -0.195146 0.642724 -0.734159 0.224398 0.640824 -0.706903 -0.0239971 0.706903 0.707107 0 0.707107 0.709208 -0.000331303 0.704999 -0.707107 0 0.707107 -0.707107 0 0.707107 0.102071 0.703414 0.703414 0.452397 0.485836 0.747864 0.0867787 0.702267 0.706605 0.225714 0.674589 0.702839 0.686134 0.0302975 0.726844 -0.704159 -0.0912208 0.704159 -0.686314 0.0243852 0.726897 -0.539814 0.451824 0.710251 -0.231549 0.719182 0.655104 -0.292446 0.599646 0.744916 -0.0804547 0.70175 0.707866 -0.0882447 0.701932 0.706756 0 0.707107 0.707107 -5.92465e-08 0.707107 0.707106 -0.139335 0.380261 0.914324 -0.197275 0.567042 0.799716 -0.0181569 0.47477 0.879923 -0.0425376 0.375841 0.925707 -0.220342 0.151458 0.963592 -0.0664577 0.679578 0.730587 0.00034551 0.182291 0.983245 -0.0242614 0.0893116 0.995708 -0.0858086 -0.00323658 0.996306 -0.0898723 -0.0027182 0.99595 -0.127385 0.0508679 0.990548 -0.17096 0.00174386 0.985276 -0.250906 -0.0017122 0.96801 -0.329176 -0.00151282 0.944267 -0.29469 -0.00693475 0.955568 -0.390232 0.00319994 0.920711 -0.259589 0.130472 0.956865 -0.449609 0.0028328 0.893221 -0.507009 -0.015218 0.861807 -0.550502 -0.00386165 0.834825 -0.575802 -0.00375156 0.817581 -0.127897 0.0509805 0.990476 -0.430307 0.123357 0.894214 -0.513238 0.1687 0.841503 -0.6594 -0.00241393 0.751788 -0.640696 -0.00117593 0.767794 -0.599058 0.114677 0.792451 -0.662014 0.242958 0.709019 -0.228751 0.221525 0.947945 -0.406535 0.329903 0.851994 -0.456739 0.460055 0.761406 -0.0269201 -7.24697e-05 0.999638 -0.689541 0 0.724246 -0.105701 -0.0369244 0.993712 -0.0895582 -0.0327975 0.995441 -0.202371 -0.206515 0.957287 -0.405485 -0.106051 0.907929 -0.565675 -0.300121 0.768075 -0.0607599 0.0014959 0.998151 -0.0898727 -0.000476708 0.995953 -0.204369 -0.0966512 0.974111 -0.170961 -1.83596e-05 0.985278 -0.202699 0.00331277 0.979235 -0.250906 -0.00252178 0.968008 -0.32917 -0.00620118 0.94425 -0.39023 -0.0043596 0.920707 -0.449609 0.00225624 0.893223 -0.507027 -0.0126714 0.861837 -0.404037 -0.00528216 0.914728 -0.575765 -0.0119019 0.817528 -0.640693 -0.00319975 0.76779 -0.540314 -0.223121 0.811343 -0.662436 0.00192346 0.749116 0.649656 -0.00317519 -0.760222 -0.539158 -0.518943 0.663329 -0.336537 -0.365407 0.867883 -0.103312 -0.585717 0.803905 -0.0400209 -0.693285 0.719552 -0.0292354 -0.0564975 0.997975 1.81789e-07 -0.260354 0.965513 -0.203988 -0.212493 0.955634 -0.208133 -0.555529 0.805027 -0.043723 -0.346632 0.936982 -0.0217298 -0.602593 0.797753 0.159287 -0.65967 0.734481 0.111363 -0.488944 0.865178 0.315831 -0.583976 0.747812 0.0178953 -0.475794 0.879374 0.0714563 -0.249277 0.965792 0.314124 -0.398423 0.861734 0.0820861 -0.54945 0.831485 0.0722102 -0.71231 0.69814 0.0150687 -0.0872377 0.996074 -0.000148835 -0.18194 0.98331 0.217433 -0.181225 0.959104 -0.00385257 0.00274465 0.999989 0.0877714 -0.00850579 -0.996104 0.111083 0.00409556 0.993803 0.112094 -0.00439502 0.993688 0.213126 0.000685108 0.977024 0.211428 0.000924956 0.977393 0.271791 -0.00186951 0.962355 0.355126 -0.000286914 0.934818 0.103519 -0.0241545 0.994334 0.405243 -0.00361959 0.914202 0.365116 0.000728599 0.930962 0.492889 -0.00593957 0.870072 0.449601 -0.0060305 0.893209 0.163081 -0.0728309 0.983921 0.49825 -0.00561423 0.867015 0.534956 -0.0127327 0.844784 0.3634 -0.113816 0.924655 0.588983 -0.0204391 0.807887 0.844187 -0.0143049 0.535858 0.640521 -0.0234154 0.767584 0.224453 -0.141954 0.96409 0.543112 -0.228113 0.808081 0.335683 -0.292276 0.895484 0.617723 -0.395037 0.679974 0.689541 0 0.724246 0.0704873 0.0284115 0.997108 0.158339 0.131535 0.978584 0.220108 0.0461938 0.974381 0.339097 0.171431 0.925 0.778149 0.186564 0.599732 0.0455954 0.00631208 0.99894 0.324876 0.0465594 0.94461 0.0463751 -0.00151959 0.998923 0.334765 0.158704 0.928841 0.123532 0.00215315 0.992338 0.589365 0.219512 0.777472 0.212204 0.00578985 0.977208 0.198387 0.0207035 0.979905 0.511615 0.0541592 0.857506 0.295797 0.00205896 0.955248 0.383103 -0.00485175 0.923693 0.405246 -0.00109331 0.914207 0.590465 0.225959 0.774786 0.449605 0.00407761 0.893218 0.492887 0.0067532 0.870067 0.534987 0.00692615 0.844832 0.589101 0.003817 0.80805 0.641023 -0.00433274 0.767509 -0.64844 0.00326954 -0.761259 0.64069 -0.0044168 0.767787 0.352608 0.49128 0.796437 0.28843 0.329023 0.899195 0.176353 0.247052 0.952819 0.174648 0.526524 0.832028 0.0365376 0.67658 0.735462 0.142582 0.31604 0.937971 0.0174724 0.139898 0.990012 0 0.260357 0.965512 0.210204 0.519472 0.828229 0.0386685 0.412269 0.910241 0.0217298 0.602593 0.797753 0 0.72425 0.689538 0 0.72425 0.689538 0 0.757207 0.653175 0 0.757207 0.653175 0 0.78834 0.61524 0 0.78834 0.61524 0 0.817583 0.575811 0 0.817583 0.575811 0 0.844857 0.534993 0 0.844857 0.534993 0 0.870092 0.492889 0 0.870092 0.492889 0 0.893226 0.449607 0 0.893226 0.449607 0 0.914202 0.405258 0 0.914202 0.405258 0 0.932997 0.359884 0 0.932997 0.359884 0 0.94953 0.313678 0 0.94953 0.313678 0 0.963776 0.266713 0 0.963776 0.266713 0 0.975702 0.219104 0 0.975702 0.219104 0 0.985275 0.170975 0 0.985275 0.170975 0 0.99248 0.122405 0 0.99248 0.122405 0 0.997292 0.07355 0 0.997292 0.07355 0 0.999699 0.0245492 0 0.999699 0.0245492 -0.129666 0.991259 0.024342 -0.57723 0.00500078 0.816567 -0.104024 0.991881 0.073151 -0.0612135 0.990619 0.122175 -0.00108673 0.985275 0.170975 0.0757136 0.972901 0.218475 -0.000865988 0.983713 0.179743 -0.0813135 0.960584 0.26583 -0.117655 0.942935 0.311499 -0.146239 0.922967 0.356015 -0.167195 0.901334 0.399554 -0.180629 0.878534 0.442212 -0.186682 0.854796 0.484224 -0.185409 0.830208 0.525717 -0.176795 0.804704 0.566741 -0.613065 0.715434 0.335119 -0.160758 0.778086 0.607238 -0.101158 0.704024 0.702935 0.00714238 0.757188 0.653158 -0.0529903 0.723232 0.688569 -0.927727 0.350935 0.127149 -0.999895 -0.000809535 0.0144801 -0.99247 -0.00441791 0.122409 -0.497708 0.744583 0.44484 -0.885086 0.411656 0.217167 -0.97046 -0.0151321 0.240785 -0.977468 -0.0100361 0.210847 -0.814385 0.142751 0.562493 -0.936858 0.00241575 0.349702 -0.900452 0.00461038 0.434931 -0.870087 0.00341856 0.492886 -0.793476 0.17654 0.582435 -0.810652 -0.00166372 0.585526 -0.8325 -0.0065799 0.553986 -0.7854 0.000126015 0.618989 0.111933 0.719699 0.685204 0.99987 0.0051224 0.0153213 0.992457 -0.00665978 0.122412 0.990154 -0.00953687 0.139655 0.992574 -0.0019091 0.121628 0.97366 0.0133111 0.227615 0.769363 0.0203532 0.638488 0.831237 0.517384 0.203368 0.795862 0.586555 0.150188 0.82311 -0.000779188 0.567881 0.796206 -0.00457606 0.605008 0.766496 -0.0286565 0.641609 0.76072 0.010404 0.648997 0.461453 0.575261 0.675379 0.73506 0.302186 0.606936 -0.186711 0.979754 0.0722567 -0.18322 0.982776 0.0241337 -0.222296 0.967648 0.119342 -0.287473 0.943686 0.163758 -0.376361 0.903961 0.202994 -0.479271 0.845874 0.234085 -0.583937 0.770827 0.254643 0.428114 0.818585 0.382931 -0.679249 0.684734 0.264122 -0.758632 0.595621 0.264034 -0.820425 0.510706 0.257065 0.0694383 0.867992 0.491699 -0.124116 0.959384 0.253331 0.0968795 0.840883 0.532476 0.114776 0.81218 0.572005 0.123221 0.782332 0.610552 0.122275 0.751525 0.648274 -0.730982 0 0.682397 0.85803 0.000311739 0.5136 0.905803 -0.000623047 0.423699 0.976505 -0.000436978 0.215495 -0.80589 0.00866122 0.592002 -0.995681 -0.0229649 0.0899553 -0.999799 -0.0138416 0.0144787 -0.992421 -0.0108904 0.122403 -0.970228 0.0265883 0.240728 -0.942914 0.00691933 0.332966 -0.936793 0.0120135 0.349678 -0.907189 -0.321621 0.271235 -0.900446 0.00585775 0.434928 -0.811861 -0.467007 0.350408 -0.870085 0.00422269 0.492884 -0.83251 0.00441518 0.553993 -0.813546 0.00601402 0.58147 -0.624434 -0.337855 0.704228 -0.45224 -0.853623 0.25847 -0.105751 -0.994093 0.0244116 -0.355073 -0.918644 0.173252 -0.0812442 -0.993995 0.0733069 0.410803 -0.904868 0.111599 0.298675 -0.940302 0.163171 0.0623009 -0.970023 0.234893 0.198518 -0.956282 0.214743 0.118668 -0.956966 0.264829 0.0639412 -0.947587 0.313036 0.0363344 -0.932381 0.359646 -0.283287 -0.600805 0.747517 0.036411 -0.913596 0.40499 -0.442869 -0.705419 0.553399 0.0641606 -0.891386 0.448681 0.119032 -0.863906 0.489385 0.199022 -0.827956 0.52429 0.179872 -0.835755 0.518805 0.0887268 -0.814358 0.57354 0.024598 -0.788101 0.615054 -0.0248168 -0.756974 0.652974 -0.0590117 -0.722988 0.688336 0.0479347 -0.723417 0.688745 -0.740639 -0.000150571 -0.671903 0.137322 -0.990228 0.0243167 0.111431 -0.991081 0.073092 0.0686423 -0.990139 0.122116 0.00876678 -0.985238 0.170969 -0.0676263 -0.973468 0.218603 0.141177 -0.984012 0.108582 0.222717 -0.939569 0.260014 0.237778 -0.922297 0.304681 0.244039 -0.904788 0.349003 0.241606 -0.887119 0.393252 0.528468 -0.822177 0.211533 0.230443 -0.869186 0.437507 0.210356 -0.850624 0.48186 0.0970233 -0.76244 0.639743 -0.126129 -0.83811 0.53072 -0.0600695 -0.816107 0.574771 -0.00858809 -0.788311 0.615218 0.0274802 -0.756921 0.652928 0.115325 -0.764058 0.634756 0.595452 -0.786512 0.163817 0.999828 -0.0104406 0.0153206 0.489724 -0.601724 0.630951 0.992467 0.00500558 0.122413 0.896528 -0.441537 0.0358296 0.579352 -0.388198 0.716697 0.992641 0.00472207 0.121001 0.945735 -0.000130051 0.324939 0.898663 -0.122235 0.421263 0.935992 0.00185808 0.352016 0.935191 -0.0153622 0.35381 -0.94858 -0.00704322 -0.316459 0.701139 -0.121625 0.702575 0.90718 -0.0207742 0.42023 0.66719 -0.0161808 0.744712 0.749335 0.000884055 0.662191 0 -0.72425 0.689538 0 -0.757207 0.653175 0 -0.72425 0.689538 0 -0.78834 0.61524 0 -0.757207 0.653175 0 -0.817583 0.575811 0 -0.78834 0.61524 0 -0.844857 0.534993 0 -0.817583 0.575811 0 -0.870092 0.492889 0 -0.844857 0.534993 0 -0.893226 0.449607 0 -0.870092 0.492889 0 -0.914202 0.405258 0 -0.893226 0.449607 0 -0.932997 0.359884 0 -0.914202 0.405258 0 -0.94953 0.313678 0 -0.932997 0.359884 0 -0.963776 0.266713 0 -0.94953 0.313678 0 -0.975702 0.219104 0 -0.963776 0.266713 0 -0.985275 0.170975 0 -0.975702 0.219104 0 -0.99248 0.122405 0 -0.985275 0.170975 0 -0.997292 0.07355 0 -0.99248 0.122405 0 -0.999699 0.0245492 0 -0.997292 0.07355 0 -0.999699 0.0245492 -0.408313 -0.873166 -0.266197 0.446976 -0.894368 0.0178658 -0.394223 -0.910584 0.124201 -0.984037 -0.0438522 -0.172479 -0.983834 0.0438435 -0.173634 -0.351913 0.929443 0.110872 0.276589 0.960976 0.00474076 0.551067 0.832162 0.0618935 0.706825 0.707225 0.0152009 0.999984 -0.000747194 0.00563828 0.86413 0.498571 0.0685992 0.658407 0.00283934 0.752657 0.303681 0.205023 0.930453 0.135953 0.47236 0.870858 -0.419852 -0.861317 0.286106 0.913789 -0.33318 0.232336 0.931868 -0.0389156 -0.360704 -6.15958e-08 0.707094 0.707119 7.27447e-07 0.707128 0.707085 -6.15307e-08 -0.707104 0.70711 -0.922938 0.121598 0.365239 -0.706757 0.0314959 0.706755 0.650772 -0.11343 0.750753 -0.706757 -0.0314951 0.706755 -0.470022 0.00391174 0.882646 0.0032409 -0.551943 0.833875 -0.0408831 -0.998863 -0.024533 -0.0107667 -0.195306 0.980683 -0.998329 -0.0408861 -0.0408441 -0.0489231 -0.000635959 0.998802 -0.0955457 -0.97702 -0.190532 -0.110149 -0.991223 -0.073099 -0.111296 -0.986314 -0.121646 -0.119151 -0.978256 -0.169762 -0.133618 -0.966957 -0.217118 -0.154582 -0.952187 -0.263523 -0.178683 -0.935954 -0.303417 -0.174969 -0.934891 -0.308811 -0.282363 -0.909955 -0.303732 -0.148947 -0.922577 -0.355902 -0.129759 -0.906476 -0.401826 -0.363562 -0.909096 -0.20339 -0.117621 -0.887035 -0.446469 -0.112652 -0.864547 -0.489764 -0.114918 -0.839255 -0.531455 -0.124394 -0.811225 -0.571349 -0.140969 -0.780474 -0.609088 -0.183635 -0.717299 -0.672131 -0.233526 -0.736278 -0.635107 -0.282978 -0.910439 -0.301703 -0.184814 -0.711767 -0.677666 -0.491482 -0.84325 -0.217658 -0.145547 -0.682202 -0.71653 -0.116601 -0.648712 -0.752048 -0.0985348 -0.612236 -0.784511 -0.395793 -0.738491 -0.545875 -0.0916069 -0.5734 -0.814138 -0.0959049 -0.532528 -0.840962 -0.540405 -0.771507 -0.335767 -0.602484 -0.752781 -0.265207 -0.11137 -0.489835 -0.864672 -0.137813 -0.44529 -0.884717 -0.174697 -0.399014 -0.900149 -0.292363 -0.677771 -0.674649 -0.221277 -0.35099 -0.909858 -0.738927 -0.64125 -0.206844 -0.167145 -0.309297 -0.936161 -0.208164 -0.362358 -0.908496 -0.13681 -0.264198 -0.954716 -0.109935 -0.217742 -0.969795 -0.0867823 -0.170329 -0.981558 -0.0674725 -0.122144 -0.990216 -0.810069 -0.457442 -0.366791 -0.461554 -0.72042 -0.517651 -0.0521399 -0.0734482 -0.995935 -0.754504 -0.467467 -0.460649 -0.202592 -0.359844 -0.910752 -0.978213 -0.207142 -0.01387 -0.909847 -0.414454 -0.0201534 -0.794286 -0.437713 -0.421327 -0.814923 -0.374185 -0.442589 -0.580339 -0.52391 -0.623478 -0.89435 -0.120208 -0.430915 -0.932507 -0.176622 -0.315016 -0.967293 -0.217815 -0.130001 -0.0764396 -0.0150698 -0.99696 -0.955796 -0.0172582 -0.293523 -0.987901 -0.0255017 -0.152974 -0.310613 -0.256293 -0.915332 -0.92212 -0.0130727 -0.386684 -0.876337 -0.0106709 -0.481581 -0.316582 -0.302754 -0.898953 -0.817536 -0.0105913 -0.57578 -0.716401 -0.165198 -0.677849 -0.392226 -0.229729 -0.890721 -0.640807 -0.014961 -0.767556 -0.749224 -0.0101536 -0.662239 -0.723639 -0.00866401 -0.690124 -0.557421 -0.00353273 -0.830223 -0.459298 -0.00388841 -0.888274 -0.356162 -0.00672557 -0.9344 -0.375091 -0.00767034 -0.926956 -0.277223 -0.00435952 -0.960796 -0.181706 -0.00334661 -0.983347 -0.0898519 -0.00440834 -0.995945 -0.0281423 -0.00600735 -0.999586 -9.62112e-09 -0.0245352 -0.999699 0 -0.0735483 -0.997292 0 -0.0245424 -0.999699 0 -0.122423 -0.992478 0 -0.0735483 -0.997292 0 -0.122423 -0.992478 0 -0.21907 -0.975709 0 -0.170974 -0.985276 0 -0.170974 -0.985276 0 -0.21907 -0.975709 0 -0.313711 -0.949519 0 -0.266706 -0.963778 0 -0.266706 -0.963778 0 -0.313711 -0.949519 0 -0.359912 -0.932986 0 -0.359912 -0.932986 0 -0.405246 -0.914208 0 -0.405246 -0.914208 0 -0.44958 -0.89324 0 -0.44958 -0.89324 0 -0.492902 -0.870085 0 -0.492902 -0.870085 0 -0.534994 -0.844856 0 -0.534994 -0.844856 0 -0.575822 -0.817575 0 -0.575822 -0.817575 0 -0.61523 -0.788348 0 -0.61523 -0.788348 0 -0.653168 -0.757213 0 -0.653168 -0.757213 0 -0.689545 -0.724243 0 -0.689545 -0.724243 0 -0.724243 -0.689545 0 -0.757214 -0.653167 0 -0.724243 -0.689545 0 -0.757214 -0.653167 0 -0.788346 -0.615232 0 -0.788346 -0.615232 0 -0.817575 -0.575822 0 -0.817575 -0.575822 0 -0.844852 -0.535 0 -0.844852 -0.535 0 -0.870085 -0.492902 0 -0.870085 -0.492902 0 -0.893235 -0.44959 0 -0.893235 -0.44959 0 -0.914205 -0.405252 0 -0.914205 -0.405252 0 -0.932985 -0.359916 0 -0.932985 -0.359916 0 -0.949539 -0.31365 0 -0.949539 -0.31365 0 -0.963772 -0.266729 0 -0.963772 -0.266729 0 -0.985274 -0.17098 0 -0.975706 -0.219082 0 -0.975706 -0.219082 0 -0.985274 -0.17098 0 -0.997292 -0.0735464 0 -0.99248 -0.122406 0 -0.99248 -0.122406 0 -0.997292 -0.0735464 0 -0.999699 -0.0245535 0 -0.999699 -0.0245535 -0.0245409 -1.61222e-08 -0.999699 -0.991089 -0.000107685 -0.133199 -0.98077 0.000387236 -0.195166 -0.999164 0 -0.0408783 -0.998036 0.00017186 -0.0626431 0.998329 -0.0408861 -0.0408441 0.0103156 -0.000301846 0.999947 0.0626575 -0.997734 -0.0245053 0.00136463 -0.00326401 0.999994 0.978993 -0.106884 -0.173632 0.887057 -0.0057559 -0.461625 0.980195 -0.131746 -0.147854 0.983496 -0.00802598 -0.180752 0.965465 -0.00846896 -0.260395 0.948113 -0.266059 -0.174051 0.934458 -0.0107824 -0.355911 0.931811 -0.0111554 -0.362773 0.875415 -0.00542808 -0.483342 0.895901 -0.320352 -0.307792 0.87096 -0.253519 -0.4209 0.823816 -0.00336899 -0.566848 0.870993 -0.402077 -0.282321 0.76175 -0.0035124 -0.647862 0.730664 -0.00439244 -0.682723 0.757005 -0.53724 -0.37191 0.601077 -0.0132215 -0.799081 0.552978 -0.00827276 -0.833155 0.716614 -0.557087 -0.419665 0.525741 -0.00691088 -0.850617 0.603256 -0.344294 -0.719405 0.405234 -0.00415401 -0.914203 0.696195 -0.683355 -0.219859 0.293661 -0.00581934 -0.955892 0.191625 -0.00905259 -0.981426 0.182479 -0.00949659 -0.983164 0.562051 -0.798054 -0.217276 0.582651 -0.365363 -0.725967 0.111571 -0.00492253 -0.993744 0.648551 -0.545373 -0.53099 0.41271 -0.798103 -0.438978 0.31717 -0.909801 -0.267704 0.392415 -0.788373 -0.473791 0.398174 -0.327252 -0.85695 0.39231 -0.788071 -0.47438 0.190609 -0.967824 -0.164272 0.247041 -0.183238 -0.951522 0.103522 -0.971156 -0.214798 0.177587 -0.98144 -0.0723774 0.159612 -0.979756 -0.120837 0.1478 -0.974454 -0.169102 0.142301 -0.965777 -0.216853 0.143164 -0.953844 -0.263981 0.150374 -0.938742 -0.310083 0.188703 -0.878424 -0.439048 0.391234 -0.787841 -0.475649 0.311021 -0.886711 -0.342066 0.260025 -0.882758 -0.391312 0.216723 -0.872006 -0.438905 0.227808 -0.549955 -0.803525 0.182314 -0.855503 -0.484641 0.157721 -0.834278 -0.528304 0.14343 -0.809122 -0.569868 0.139712 -0.780615 -0.609198 0.146619 -0.749031 -0.646108 0.164043 -0.714432 -0.680204 0.19164 -0.676765 -0.710819 0.228834 -0.635836 -0.737121 0.274621 -0.591576 -0.758038 0.327595 -0.544047 -0.77246 0.295121 -0.570072 -0.76676 0.246999 -0.518417 -0.818679 0.217367 -0.481116 -0.849281 0.190378 -0.441358 -0.876903 0.166382 -0.399598 -0.901465 0.145558 -0.356079 -0.92305 0.128097 -0.311126 -0.941696 0.114122 -0.264963 -0.957481 0.103752 -0.217888 -0.970443 0.0970579 -0.170167 -0.980624 0.0940638 -0.12188 -0.988078 0.0947928 -0.0732171 -0.992801 0.089393 -0.129173 -0.987585 -0.997203 0.0408401 -0.0625908 -0.000748703 0.000219043 1 -0.0626575 0.997734 -0.0245053 -6.86842e-05 0.00204794 0.999998 -0.961204 0.161587 -0.223554 -0.961059 0.173009 -0.215484 -0.890092 0.00897852 -0.455693 -0.955867 0.0122063 -0.293545 -0.922131 0.012105 -0.386689 -0.900964 0.331261 -0.280234 -0.8763 0.0140424 -0.481561 -0.817442 0.0184765 -0.575714 -0.832567 0.390956 -0.392409 -0.804529 0.00885448 -0.593847 -0.865546 0.0131989 -0.500656 -0.817828 0.49526 -0.293044 -0.641843 0.00370253 -0.766827 -0.557418 0.00466695 -0.830219 -0.706014 0.434433 -0.559296 -0.477532 0.00804982 -0.878577 -0.698774 0.323419 -0.638056 -0.733817 0.624944 -0.266378 -0.45929 0.00700929 -0.888259 -0.375098 0.00441203 -0.926975 -0.455425 0.193018 -0.869098 -0.277225 0.00303377 -0.9608 -0.583664 0.811964 -0.00715786 -0.582913 0.707726 -0.39917 -0.181705 0.00392582 -0.983345 -0.0898506 0.0068387 -0.995932 -0.0718909 0.00767175 -0.997383 -0.552359 0.703418 -0.447329 -0.202869 0.185638 -0.961448 -0.388312 0.868206 -0.308922 -0.40711 0.810189 -0.421728 -0.295716 0.929051 -0.2223 -0.178338 0.957807 -0.225393 -0.5443 0.498341 -0.674829 -0.119203 0.949326 -0.290811 -0.209 0.975267 -0.0719223 -0.1949 0.973448 -0.120059 -0.18478 0.968308 -0.168036 -0.301151 0.813481 -0.49755 -0.17686 0.948579 -0.262524 -0.178753 0.959992 -0.215554 -0.179124 0.934181 -0.308577 -0.185534 0.916786 -0.353668 -0.19601 0.896471 -0.397391 -0.2316 0.868949 -0.437366 -0.215089 0.865092 -0.453159 -0.191035 0.854061 -0.483824 -0.159355 0.834056 -0.528163 -0.125003 0.782163 -0.610406 -0.137207 0.809843 -0.570376 -0.202786 0.189156 -0.96078 -0.122915 0.751472 -0.648214 -0.13098 0.718004 -0.683604 -0.289142 0.400727 -0.869376 -0.149069 0.681841 -0.71615 -0.176901 0.642866 -0.745271 -0.213902 0.60099 -0.770102 -0.259188 0.556144 -0.789636 -0.311528 0.508371 -0.802813 -0.181235 0.537997 -0.823233 -0.212865 0.481605 -0.850144 -0.285596 0.529549 -0.798757 -0.167783 0.443207 -0.880577 -0.101016 0.358071 -0.928214 -0.130301 0.401791 -0.906413 -0.0803706 0.312696 -0.946447 -0.000942248 0.21907 -0.975709 -0.00073274 -0.00208615 -0.999998 -0.0010316 0.170974 -0.985275 -0.00125043 0.122423 -0.992477 -0.000961682 0.0735483 -0.997291 -0.00140527 0.10076 -0.99491 0.934512 -0.000585058 -0.355932 0.994359 0 -0.106066 0.999164 0 -0.0408783 0.999164 0 -0.0408783 0 0.266706 -0.963778 0 0.313711 -0.949519 0 0.359912 -0.932986 0 0.313711 -0.949519 0 0.359912 -0.932986 0 0.405246 -0.914208 0 0.405246 -0.914208 0 0.44958 -0.89324 0 0.492902 -0.870085 0 0.44958 -0.89324 0 0.492902 -0.870085 0 0.534994 -0.844856 0 0.534994 -0.844856 0 0.575822 -0.817575 0 0.61523 -0.788348 0 0.575822 -0.817575 0 0.61523 -0.788348 0 0.653168 -0.757213 0 0.653168 -0.757213 0 0.689545 -0.724243 0 0.689545 -0.724243 0 0.724243 -0.689545 0 0.724243 -0.689545 0 0.757214 -0.653167 0 0.757214 -0.653167 0 0.788346 -0.615232 0 0.788346 -0.615232 0 0.817575 -0.575822 0 0.817575 -0.575822 0 0.844852 -0.535 0 0.870085 -0.492902 0 0.844852 -0.535 0 0.870085 -0.492902 0 0.893235 -0.44959 0 0.914205 -0.405252 0 0.893235 -0.44959 0 0.914205 -0.405252 0 0.932985 -0.359916 0 0.932985 -0.359916 0 0.949539 -0.31365 0 0.963772 -0.266729 0 0.949539 -0.31365 0 0.963772 -0.266729 0 0.975706 -0.219082 0 0.985274 -0.17098 0 0.975706 -0.219082 0 0.985274 -0.17098 0 0.99248 -0.122406 0 0.99248 -0.122406 0 0.997292 -0.0735464 0 0.997292 -0.0735464 0 0.999699 -0.0245535 0 0.999699 -0.0245535 0.097151 0.99497 -0.0244374 0.000116591 -0.0206026 -0.999788 0.998329 0.0408861 -0.0408441 -0.010517 0.000303589 -0.999945 0.0942133 0.992856 -0.0732193 0.100857 0.987419 -0.121782 0.117013 0.978506 -0.169806 0.193672 0.930101 -0.312096 0.308099 0.928242 -0.208425 0.26385 0.929619 -0.257277 0.22634 0.924897 -0.30551 0.195358 0.980715 -0.00571272 0.196377 0.914818 -0.352908 0.17473 0.900141 -0.399018 0.354508 0.919044 -0.172284 0.230471 0.931384 -0.281792 0.161778 0.881469 -0.443668 0.157725 0.859194 -0.486732 0.162652 0.833602 -0.527875 0.17648 0.804743 -0.566784 0.220581 0.924817 -0.309932 0.198955 0.772586 -0.602932 0.463068 0.870976 -0.164222 0.229658 0.736975 -0.635708 0.267916 0.697766 -0.664337 0.31271 0.654964 -0.687921 0.362791 0.608668 -0.705625 0.544961 0.773802 -0.322876 0.556265 0.772779 -0.305584 0.13419 0.609666 -0.781218 0.244885 0.700513 -0.670308 0.298069 0.810946 -0.503509 0.104016 0.572698 -0.813141 0.0828487 0.533155 -0.841951 0.070972 0.491659 -0.867891 0.802226 0.596657 -0.0208239 0.0684873 0.448525 -0.891143 0.0754161 0.404092 -0.911604 0.520928 0.734223 -0.435373 0.206629 0.70684 -0.676522 0.0917011 0.358396 -0.929055 0.193311 0.307793 -0.931608 0.145705 0.257101 -0.955337 0.000524589 0.0763112 -0.997084 0.00374456 0.219069 -0.975702 0.00278652 0.170973 -0.985272 0.702023 0.711961 -0.0165832 0.00195063 0.122423 -0.992476 0.315461 0.450679 -0.835088 0.00123931 0.0735483 -0.997291 0.855511 0.472457 -0.211863 0.781568 0.551067 -0.292363 0.217303 0.28917 -0.932288 0.90412 0.37211 -0.210002 0.949474 0.251643 -0.18755 0.914048 0.293662 -0.279785 0.623871 0.455979 -0.634719 0.577318 0.498887 -0.646387 0.983076 0.143568 -0.113796 0.983266 0.0971964 -0.154082 0.915509 0.00477739 -0.402268 0.867841 0.249854 -0.429448 0.983508 0.00639081 -0.180754 0.965477 0.00686683 -0.260398 0.994076 0.00307745 -0.108644 0.645333 0.375562 -0.665205 -0.995322 0.00472692 0.096501 0.91273 0.0121655 -0.408383 0.875398 0.00818442 -0.483333 0.823807 0.00565961 -0.566842 0.761744 0.0052781 -0.647857 0.571642 0.270925 -0.774484 0.624564 0.00776076 -0.780935 0.672817 0.00609281 -0.739783 0.23561 0.189646 -0.953165 0.583318 0.0124141 -0.812149 0.525733 0.00871103 -0.850605 0.405234 0.00436789 -0.914203 0.293663 0.00465311 -0.955898 0.191628 0.00668571 -0.981445 0.111568 0.00961563 -0.99371 0.102131 0.0101682 -0.994719 -0.00144658 -0.00370389 0.999992 -0.00287806 0.0379645 0.999275 -0.003166 -0.165579 0.986191 -0.00417584 -0.286935 0.957941 -0.00591343 -0.410507 0.911838 -0.0081593 -0.527553 0.849483 -0.00580171 0.896756 -0.442487 -0.00274097 -0.784577 0.620025 -0.00442498 -0.710556 0.703627 -0.00193826 -0.882758 0.469824 -0.00227004 -0.767028 0.641609 -0.00315826 -0.923879 0.382673 -0.37198 -0.660199 0.652509 -0.00404821 -0.961557 0.274575 -0.0050665 -0.983394 0.181412 -0.352677 -0.924025 0.14764 -0.00182541 -0.92628 0.376831 -0.487497 -0.855465 0.174717 -0.460871 -0.864905 0.198842 -0.447043 -0.113853 0.887237 -0.38817 -0.035398 0.920908 0.642741 0.024056 -0.765706 -0.420961 -0.0535014 0.905499 -0.83651 -0.515246 0.186472 -0.582181 -0.0416887 0.81199 -0.857406 -0.457869 0.234972 -0.984624 -0.0184267 0.173714 -0.342281 -0.0134674 0.939501 -0.669817 -0.0100493 0.742458 -0.972649 0.0252763 0.230903 -0.972877 0.0254216 0.22992 -0.929374 0.340301 0.143032 -0.676962 0.674782 0.293924 -0.210367 -0.13709 -0.967963 0.000417948 0.181588 0.983375 -0.543232 0.821088 0.17525 -0.000295613 0.329321 0.944218 -0.586343 0.809175 0.0379234 -0.00252529 0.501403 0.86521 -0.00398713 0.567301 0.823501 -0.0241094 0.297042 -0.95456 -0.0155244 0.872783 0.487861 -0.0757038 -0.61408 -0.785604 -0.412796 0.904536 0.106841 -0.0212506 0.942629 0.333166 -0.00501498 0.752575 0.658488 -0.000704368 0.987302 0.158855 -0.000929625 0.957174 0.289513 0 -0.99712 0.0758397 -0.000289992 -0.999759 0.0219684 0.00166598 -0.936433 0.350844 0.0931482 -0.01227 0.995577 -0.519115 0.0033331 -0.854698 0.4733 -0.00576666 0.880882 0.944524 -0.0154669 0.328077 0.822821 -0.0487595 0.566205 0.0937683 -0.166284 0.981609 0.977937 -0.016594 0.208239 0.998786 -0.00936262 0.048359 0.833441 -0.449999 0.320743 0.256844 0.0675517 0.964089 0.830667 -0.511993 0.21876 0.00384257 -0.0551966 0.998468 0.00284175 -0.165579 0.986192 0.00258512 -0.286937 0.957946 0.53607 -0.834309 0.128678 0.00301689 -0.410513 0.91185 0.357511 -0.737445 0.573027 0.00804934 -0.98498 0.172483 0.00204264 -0.451144 0.892449 0.00763296 -0.710542 0.703613 0.00803297 -0.722617 0.691202 0.525207 -0.839584 0.13877 0.00851174 0.996138 0.0873883 0.00211607 -0.955542 0.294848 0.00292081 -0.923879 0.382673 0.00255613 -0.961562 0.274576 0.00253939 -0.983404 0.181414 -0.000580532 -0.402768 -0.915302 0.00520679 0.181035 0.983463 0.0179659 -0.753552 -0.657142 0.00226918 0.413448 0.910525 -0.000662859 0.501404 0.865213 -0.00294997 0.590861 0.806768 -0.00769586 0.922639 0.385589 -0.00734433 0.872865 0.487907 -0.00645136 0.942822 0.333234 -0.0037418 0.987295 0.158854 -0.0899351 0.17439 0.980561 0.507236 0.861759 0.00904372 0.590196 0.797672 0.124045 0.474354 -0.00334302 0.880328 0.872585 0.485544 0.0533052 0.7632 0.0154314 0.645978 0.294365 0.115829 0.948648 0.92275 0.0404229 0.383272 0.999933 0.00511094 0.0103413</float_array>
                    <technique_common>
                        <accessor count="5762" source="#shape0-lib-normals-array" stride="3">
                            <param name="X" type="float"/>
                            <param name="Y" type="float"/>
                            <param name="Z" type="float"/>
                        </accessor>
                    </technique_common>
                </source>
                <vertices id="shape0-lib-vertices">
                    <input semantic="POSITION" source="#shape0-lib-positions"/>
                </vertices>
                <triangles count="5762">
                    <input offset="0" semantic="VERTEX" source="#shape0-lib-vertices"/>
                    <input offset="1" semantic="NORMAL" source="#shape0-lib-normals"/>
                    <p>0 0 1 0 2 0 27 1 1 1 0 1 2 2 1 2 3 2 1 3 4 3 3 3 4 4 6 4 3 4 3 5 6 5 5 5 6 6 7 6 5 6 5 7 7 7 8 7 7 8 10 8 8 8 8 9 10 9 9 9 9 10 12 10 11 10 10 11 12 11 9 11 12 12 13 12 11 12 11 13 13 13 14 13 13 14 15 14 14 14 14 15 15 15 16 15 15 16 18 16 16 16 16 17 18 17 17 17 18 18 188 18 17 18 188 19 19 19 17 19 19 20 20 20 17 20 17 21 20 21 21 21 20 22 22 22 21 22 21 23 22 23 23 23 22 24 24 24 23 24 23 25 24 25 26 25 24 26 25 26 26 26 25 27 154 27 26 27 154 28 27 28 26 28 26 29 27 29 0 29 31 30 29 30 28 30 30 31 31 31 28 31 543 32 31 32 30 32 543 33 33 33 31 33 29 34 32 34 28 34 543 35 34 35 33 35 35 36 36 36 37 36 38 37 40 37 37 37 37 38 40 38 35 38 36 39 39 39 37 39 37 40 39 40 41 40 38 41 42 41 40 41 39 42 44 42 41 42 43 43 42 43 38 43 45 44 49 44 43 44 43 45 49 45 42 45 41 46 46 46 32 46 44 47 46 47 41 47 543 48 47 48 34 48 523 49 47 49 543 49 34 50 47 50 45 50 47 51 557 51 45 51 523 52 48 52 47 52 523 53 53 53 48 53 50 54 49 54 557 54 557 55 49 55 45 55 50 56 51 56 49 56 524 57 53 57 523 57 52 58 53 58 524 58 50 59 59 59 51 59 53 60 52 60 55 60 52 61 54 61 55 61 56 62 61 62 46 62 61 63 57 63 46 63 46 64 57 64 32 64 32 65 57 65 28 65 57 66 58 66 28 66 63 67 61 67 56 67 60 68 59 68 50 68 60 69 62 69 59 69 54 70 64 70 55 70 60 71 65 71 62 71 63 72 66 72 61 72 67 73 66 73 63 73 72 74 65 74 60 74 72 75 69 75 65 75 68 76 66 76 67 76 68 77 81 77 66 77 70 78 81 78 68 78 72 79 71 79 69 79 73 80 71 80 72 80 78 81 79 81 75 81 78 82 75 82 77 82 75 83 76 83 77 83 77 84 76 84 95 84 80 85 79 85 78 85 76 86 82 86 95 86 70 87 80 87 81 87 82 88 83 88 95 88 87 89 84 89 85 89 84 90 86 90 85 90 87 91 90 91 84 91 89 92 88 92 86 92 86 93 88 93 70 93 70 94 88 94 80 94 89 95 92 95 88 95 91 96 90 96 87 96 93 97 90 97 91 97 74 98 93 98 73 98 94 99 97 99 83 99 97 100 96 100 83 100 83 101 96 101 95 101 64 102 136 102 74 102 74 103 136 103 93 103 98 104 97 104 94 104 98 105 99 105 97 105 101 106 99 106 98 106 110 107 92 107 89 107 101 108 100 108 99 108 110 109 107 109 92 109 105 110 100 110 101 110 96 111 102 111 95 111 95 112 102 112 58 112 103 113 102 113 104 113 104 114 102 114 96 114 103 115 106 115 102 115 102 116 106 116 108 116 109 117 100 117 105 117 109 118 111 118 100 118 106 119 319 119 108 119 115 120 111 120 109 120 110 121 112 121 107 121 115 122 124 122 111 122 114 123 112 123 110 123 124 124 319 124 113 124 113 125 319 125 106 125 114 126 126 126 112 126 118 127 116 127 117 127 116 128 120 128 117 128 117 129 120 129 119 129 121 130 116 130 118 130 119 131 120 131 115 131 121 132 122 132 116 132 123 133 122 133 121 133 120 134 564 134 115 134 115 135 564 135 124 135 123 136 127 136 122 136 125 137 127 137 123 137 564 138 132 138 124 138 126 139 127 139 125 139 126 140 129 140 127 140 114 141 129 141 126 141 129 142 128 142 130 142 130 143 128 143 131 143 131 144 128 144 133 144 124 145 521 145 319 145 132 146 521 146 124 146 133 147 521 147 132 147 128 148 135 148 133 148 133 149 134 149 521 149 135 150 134 150 133 150 102 151 28 151 58 151 54 152 128 152 136 152 54 153 136 153 64 153 136 154 128 154 114 154 114 155 128 155 129 155 137 156 140 156 138 156 138 157 140 157 139 157 140 158 142 158 139 158 139 159 142 159 141 159 142 160 143 160 141 160 141 161 143 161 144 161 143 162 145 162 144 162 144 163 145 163 518 163 145 164 189 164 518 164 290 165 147 165 146 165 146 166 147 166 148 166 148 167 150 167 504 167 504 168 150 168 149 168 149 169 150 169 151 169 150 170 152 170 151 170 151 171 152 171 153 171 152 172 159 172 153 172 291 173 27 173 290 173 27 174 154 174 290 174 154 175 155 175 290 175 155 176 156 176 290 176 290 177 156 177 147 177 147 178 157 178 148 178 156 179 157 179 147 179 157 180 150 180 148 180 150 181 158 181 152 181 152 182 158 182 159 182 158 183 162 183 159 183 159 184 162 184 160 184 160 185 162 185 161 185 161 186 162 186 275 186 275 187 163 187 164 187 162 188 163 188 275 188 164 189 163 189 165 189 163 190 166 190 165 190 165 191 166 191 167 191 166 192 600 192 167 192 168 193 171 193 169 193 169 194 170 194 168 194 168 195 170 195 173 195 168 196 607 196 171 196 171 197 607 197 172 197 170 198 176 198 173 198 176 199 174 199 173 199 607 200 177 200 172 200 172 201 177 201 175 201 175 202 177 202 176 202 176 203 177 203 174 203 177 204 178 204 174 204 179 205 181 205 178 205 178 206 181 206 180 206 180 207 181 207 406 207 181 208 182 208 406 208 406 209 182 209 407 209 407 210 182 210 408 210 182 211 183 211 408 211 408 212 183 212 409 212 409 213 183 213 184 213 183 214 185 214 184 214 183 215 186 215 185 215 15 216 187 216 18 216 187 217 314 217 18 217 18 218 314 218 188 218 314 219 189 219 188 219 188 220 189 220 190 220 189 221 145 221 190 221 190 222 145 222 191 222 145 223 192 223 191 223 145 224 143 224 192 224 143 225 142 225 192 225 140 226 193 226 142 226 140 227 137 227 193 227 193 228 195 228 194 228 137 229 195 229 193 229 195 230 284 230 194 230 284 231 285 231 194 231 194 232 285 232 196 232 285 233 197 233 196 233 197 234 198 234 196 234 196 235 198 235 199 235 198 236 202 236 199 236 200 237 201 237 601 237 199 238 202 238 200 238 202 239 201 239 200 239 205 240 207 240 203 240 205 241 203 241 204 241 203 242 206 242 204 242 207 243 208 243 209 243 205 244 208 244 207 244 209 245 208 245 210 245 204 246 212 246 211 246 208 247 211 247 210 247 210 248 211 248 212 248 211 249 213 249 586 249 586 250 213 250 214 250 213 251 413 251 214 251 214 252 413 252 215 252 215 253 419 253 216 253 413 254 419 254 215 254 419 255 217 255 216 255 217 256 218 256 216 256 216 257 219 257 220 257 218 258 219 258 216 258 219 259 221 259 220 259 220 260 221 260 222 260 221 261 223 261 222 261 223 262 287 262 222 262 224 263 225 263 226 263 225 264 227 264 226 264 226 265 227 265 228 265 227 266 229 266 228 266 228 267 230 267 231 267 229 268 230 268 228 268 232 269 234 269 233 269 234 270 235 270 233 270 233 271 235 271 237 271 235 272 236 272 237 272 237 273 236 273 238 273 236 274 239 274 238 274 238 275 247 275 421 275 239 276 247 276 238 276 288 277 240 277 287 277 240 278 241 278 287 278 240 279 242 279 241 279 241 280 242 280 243 280 242 281 443 281 243 281 243 282 443 282 265 282 265 283 443 283 244 283 443 284 245 284 244 284 245 285 246 285 244 285 247 286 248 286 249 286 248 287 250 287 249 287 250 288 252 288 249 288 249 289 252 289 251 289 252 290 253 290 251 290 251 291 253 291 254 291 253 292 255 292 254 292 254 293 255 293 256 293 255 294 257 294 256 294 256 295 257 295 258 295 257 296 260 296 258 296 258 297 260 297 259 297 259 298 262 298 261 298 260 299 262 299 259 299 261 300 263 300 244 300 262 301 263 301 261 301 244 302 263 302 265 302 263 303 264 303 265 303 265 304 264 304 266 304 264 305 268 305 266 305 266 306 268 306 267 306 268 307 269 307 267 307 267 308 269 308 270 308 270 309 271 309 239 309 269 310 271 310 270 310 239 311 272 311 247 311 271 312 272 312 239 312 272 313 248 313 247 313 164 314 165 314 273 314 164 315 273 315 274 315 275 316 164 316 274 316 160 317 161 317 276 317 278 318 277 318 276 318 160 319 276 319 277 319 502 320 278 320 276 320 160 321 277 321 279 321 159 322 160 322 279 322 153 323 278 323 502 323 159 324 279 324 153 324 137 325 138 325 281 325 282 326 562 326 280 326 283 327 282 327 280 327 195 328 281 328 283 328 195 329 137 329 281 329 284 330 283 330 280 330 195 331 283 331 284 331 198 332 197 332 286 332 221 333 560 333 223 333 560 334 527 334 223 334 223 335 527 335 287 335 527 336 288 336 287 336 288 337 289 337 240 337 240 338 289 338 242 338 299 339 297 339 298 339 300 340 299 340 298 340 308 341 309 341 310 341 312 342 311 342 507 342 187 343 312 343 313 343 314 344 187 344 313 344 237 345 315 345 233 345 315 346 316 346 233 346 233 347 316 347 232 347 232 348 317 348 186 348 186 349 317 349 185 349 317 350 318 350 185 350 185 351 318 351 184 351 320 352 517 352 319 352 321 353 517 353 320 353 322 354 320 354 319 354 323 355 517 355 321 355 324 356 322 356 319 356 325 357 324 357 319 357 326 358 515 358 517 358 326 359 517 359 323 359 328 360 515 360 326 360 327 361 325 361 319 361 329 362 515 362 328 362 521 363 327 363 319 363 521 364 331 364 327 364 330 365 515 365 329 365 521 366 332 366 331 366 333 367 515 367 330 367 521 368 335 368 332 368 334 369 515 369 333 369 337 370 335 370 521 370 336 371 515 371 334 371 338 372 335 372 337 372 337 373 339 373 338 373 513 374 515 374 336 374 513 375 336 375 340 375 505 376 339 376 337 376 505 377 341 377 339 377 513 378 340 378 342 378 512 379 513 379 342 379 512 380 342 380 343 380 505 381 344 381 341 381 506 382 344 382 505 382 512 383 343 383 345 383 506 384 346 384 344 384 347 385 512 385 345 385 512 386 347 386 348 386 508 387 346 387 506 387 508 388 349 388 346 388 353 389 348 389 350 389 353 390 512 390 348 390 508 391 351 391 349 391 353 392 350 392 354 392 508 393 352 393 351 393 355 394 353 394 354 394 355 395 352 395 508 395 355 396 354 396 352 396 356 397 357 397 360 397 360 398 357 398 543 398 360 399 358 399 356 399 357 400 370 400 543 400 360 401 359 401 358 401 359 402 360 402 364 402 370 403 523 403 543 403 360 404 362 404 361 404 360 405 363 405 362 405 541 406 363 406 360 406 541 407 365 407 363 407 360 408 366 408 364 408 541 409 367 409 365 409 364 410 366 410 371 410 366 411 368 411 371 411 541 412 540 412 367 412 371 413 369 413 370 413 370 414 369 414 523 414 540 415 373 415 367 415 371 416 372 416 369 416 368 417 372 417 371 417 368 418 376 418 372 418 374 419 523 419 369 419 368 420 375 420 376 420 540 421 378 421 373 421 540 422 386 422 378 422 374 423 381 423 523 423 377 424 381 424 374 424 379 425 381 425 377 425 380 426 381 426 379 426 376 427 375 427 381 427 375 428 383 428 381 428 386 429 382 429 378 429 386 430 385 430 382 430 383 431 384 431 381 431 384 432 387 432 381 432 389 433 530 433 387 433 387 434 530 434 381 434 388 435 386 435 390 435 386 436 536 436 390 436 391 437 530 437 389 437 390 438 536 438 394 438 391 439 399 439 530 439 393 440 399 440 391 440 536 441 392 441 394 441 396 442 399 442 393 442 394 443 392 443 395 443 392 444 398 444 395 444 397 445 399 445 396 445 392 446 533 446 398 446 398 447 533 447 400 447 401 448 405 448 397 448 397 449 405 449 399 449 400 450 533 450 402 450 533 451 532 451 402 451 403 452 405 452 401 452 402 453 532 453 404 453 404 454 532 454 403 454 403 455 532 455 405 455 412 456 410 456 409 456 412 457 409 457 184 457 409 458 410 458 411 458 551 459 412 459 184 459 318 460 409 460 411 460 552 461 318 461 411 461 318 462 551 462 184 462 28 463 178 463 180 463 28 464 174 464 178 464 167 465 102 465 165 465 168 466 102 466 167 466 102 467 273 467 165 467 28 468 102 468 173 468 28 469 173 469 174 469 173 470 102 470 168 470 413 471 213 471 54 471 213 472 211 472 54 472 286 473 128 473 198 473 198 474 128 474 202 474 202 475 128 475 201 475 201 476 128 476 205 476 205 477 128 477 208 477 128 478 54 478 208 478 208 479 54 479 211 479 414 480 221 480 219 480 414 481 560 481 221 481 525 482 560 482 415 482 416 483 414 483 219 483 417 484 416 484 219 484 417 485 219 485 218 485 418 486 415 486 417 486 418 487 525 487 415 487 418 488 417 488 218 488 418 489 218 489 217 489 419 490 418 490 217 490 238 491 315 491 237 491 421 492 420 492 238 492 538 493 424 493 425 493 434 494 432 494 433 494 434 495 433 495 435 495 436 496 435 496 437 496 438 497 436 497 437 497 441 498 440 498 246 498 441 499 246 499 245 499 442 500 441 500 245 500 442 501 245 501 443 501 289 502 443 502 242 502 471 503 346 503 444 503 444 504 349 504 445 504 346 505 349 505 444 505 445 506 349 506 446 506 349 507 351 507 446 507 351 508 352 508 446 508 446 509 352 509 447 509 447 510 354 510 448 510 352 511 354 511 447 511 448 512 354 512 449 512 354 513 350 513 449 513 449 514 348 514 450 514 350 515 348 515 449 515 348 516 347 516 450 516 450 517 347 517 451 517 347 518 345 518 451 518 451 519 345 519 452 519 345 520 343 520 452 520 452 521 343 521 453 521 343 522 342 522 453 522 342 523 340 523 453 523 453 524 340 524 454 524 340 525 336 525 454 525 454 526 336 526 455 526 455 527 334 527 456 527 336 528 334 528 455 528 334 529 333 529 456 529 456 530 330 530 457 530 333 531 330 531 456 531 330 532 329 532 457 532 457 533 329 533 458 533 329 534 328 534 458 534 458 535 328 535 459 535 328 536 326 536 459 536 459 537 326 537 460 537 326 538 323 538 460 538 460 539 323 539 461 539 323 540 321 540 461 540 461 541 321 541 462 541 321 542 320 542 462 542 462 543 320 543 463 543 320 544 322 544 463 544 463 545 322 545 464 545 322 546 324 546 464 546 464 547 324 547 465 547 324 548 325 548 465 548 325 549 327 549 465 549 465 550 327 550 466 550 327 551 331 551 466 551 466 552 331 552 467 552 331 553 332 553 467 553 467 554 332 554 468 554 332 555 335 555 468 555 468 556 335 556 469 556 335 557 338 557 469 557 338 558 339 558 469 558 469 559 339 559 470 559 339 560 341 560 470 560 470 561 344 561 471 561 341 562 344 562 470 562 344 563 346 563 471 563 26 564 462 564 463 564 26 565 461 565 462 565 26 566 463 566 464 566 0 567 461 567 26 567 23 568 26 568 464 568 23 569 464 569 465 569 0 570 460 570 461 570 2 571 460 571 0 571 2 572 459 572 460 572 23 573 465 573 466 573 3 574 459 574 2 574 21 575 23 575 466 575 3 576 458 576 459 576 21 577 466 577 467 577 3 578 457 578 458 578 21 579 467 579 468 579 3 580 456 580 457 580 5 581 456 581 3 581 17 582 21 582 468 582 5 583 455 583 456 583 469 584 17 584 468 584 454 585 455 585 5 585 470 586 17 586 469 586 470 587 16 587 17 587 453 588 454 588 5 588 453 589 5 589 8 589 471 590 16 590 470 590 452 591 453 591 8 591 451 592 452 592 8 592 444 593 16 593 471 593 444 594 14 594 16 594 450 595 451 595 8 595 450 596 8 596 9 596 445 597 14 597 444 597 449 598 450 598 9 598 446 599 14 599 445 599 448 600 449 600 9 600 448 601 9 601 11 601 446 602 11 602 14 602 447 603 11 603 446 603 447 604 448 604 11 604 396 605 393 605 472 605 472 606 393 606 473 606 393 607 391 607 473 607 473 608 389 608 474 608 391 609 389 609 473 609 389 610 387 610 474 610 474 611 387 611 475 611 475 612 387 612 476 612 387 613 384 613 476 613 476 614 384 614 477 614 384 615 383 615 477 615 477 616 383 616 478 616 383 617 375 617 478 617 478 618 375 618 479 618 375 619 368 619 479 619 479 620 368 620 480 620 368 621 366 621 480 621 480 622 366 622 481 622 366 623 360 623 481 623 360 624 361 624 481 624 481 625 361 625 482 625 361 626 362 626 482 626 482 627 362 627 483 627 362 628 363 628 483 628 483 629 363 629 484 629 363 630 365 630 484 630 484 631 367 631 485 631 365 632 367 632 484 632 367 633 373 633 485 633 485 634 373 634 486 634 373 635 378 635 486 635 486 636 378 636 487 636 378 637 382 637 487 637 487 638 382 638 488 638 488 639 385 639 489 639 382 640 385 640 488 640 385 641 386 641 489 641 489 642 386 642 490 642 386 643 388 643 490 643 490 644 390 644 491 644 388 645 390 645 490 645 491 646 390 646 492 646 390 647 394 647 492 647 492 648 394 648 493 648 394 649 395 649 493 649 493 650 398 650 494 650 395 651 398 651 493 651 398 652 400 652 494 652 494 653 400 653 495 653 400 654 402 654 495 654 495 655 404 655 496 655 402 656 404 656 495 656 496 657 403 657 497 657 404 658 403 658 496 658 403 659 401 659 497 659 497 660 401 660 498 660 401 661 397 661 498 661 498 662 397 662 499 662 397 663 396 663 499 663 499 664 396 664 472 664 252 665 489 665 490 665 250 666 489 666 252 666 250 667 488 667 489 667 253 668 252 668 490 668 253 669 490 669 491 669 250 670 487 670 488 670 248 671 487 671 250 671 253 672 491 672 492 672 248 673 486 673 487 673 253 674 492 674 493 674 255 675 253 675 493 675 248 676 485 676 486 676 255 677 493 677 494 677 272 678 484 678 485 678 272 679 485 679 248 679 272 680 483 680 484 680 255 681 494 681 495 681 271 682 483 682 272 682 257 683 255 683 495 683 257 684 495 684 496 684 271 685 482 685 483 685 257 686 496 686 497 686 269 687 482 687 271 687 481 688 482 688 269 688 498 689 257 689 497 689 498 690 260 690 257 690 499 691 260 691 498 691 480 692 481 692 269 692 472 693 260 693 499 693 472 694 262 694 260 694 480 695 269 695 268 695 479 696 480 696 268 696 473 697 262 697 472 697 478 698 479 698 268 698 474 699 262 699 473 699 474 700 263 700 262 700 478 701 268 701 264 701 477 702 478 702 264 702 475 703 263 703 474 703 476 704 263 704 475 704 476 705 264 705 263 705 476 706 477 706 264 706 273 707 102 707 108 707 500 708 273 708 108 708 500 709 108 709 319 709 502 710 276 710 161 710 319 711 502 711 501 711 501 712 502 712 161 712 501 713 161 713 275 713 501 714 273 714 500 714 501 715 274 715 273 715 501 716 275 716 274 716 319 717 501 717 500 717 502 718 319 718 503 718 502 719 151 719 153 719 503 720 151 720 502 720 503 721 149 721 151 721 146 722 503 722 319 722 504 723 149 723 503 723 146 724 319 724 517 724 504 725 503 725 146 725 146 726 148 726 504 726 518 727 189 727 314 727 505 728 518 728 314 728 505 729 337 729 518 729 505 730 314 730 313 730 506 731 505 731 313 731 506 732 313 732 312 732 507 733 506 733 312 733 507 734 311 734 310 734 309 735 507 735 310 735 508 736 506 736 507 736 309 737 508 737 507 737 509 738 309 738 308 738 508 739 309 739 509 739 509 740 308 740 307 740 355 741 508 741 509 741 509 742 307 742 306 742 355 743 509 743 306 743 355 744 306 744 305 744 510 745 305 745 304 745 510 746 355 746 305 746 510 747 353 747 355 747 510 748 304 748 303 748 510 749 303 749 302 749 512 750 353 750 510 750 511 751 510 751 302 751 511 752 302 752 301 752 512 753 510 753 511 753 511 754 301 754 300 754 513 755 511 755 300 755 513 756 512 756 511 756 513 757 300 757 298 757 513 758 298 758 297 758 513 759 297 759 296 759 514 760 513 760 296 760 514 761 296 761 295 761 514 762 515 762 513 762 514 763 295 763 294 763 293 764 514 764 294 764 516 765 515 765 514 765 516 766 514 766 293 766 516 767 293 767 292 767 517 768 515 768 516 768 516 769 292 769 291 769 516 770 291 770 290 770 146 771 516 771 290 771 517 772 516 772 146 772 519 773 337 773 521 773 519 774 518 774 337 774 519 775 141 775 144 775 519 776 144 776 518 776 139 777 141 777 519 777 138 778 139 778 519 778 197 779 520 779 286 779 522 780 521 780 520 780 522 781 520 781 197 781 522 782 197 782 285 782 522 783 285 783 284 783 522 784 284 784 280 784 519 785 521 785 522 785 138 786 522 786 280 786 519 787 522 787 138 787 135 788 128 788 286 788 135 789 286 789 520 789 134 790 135 790 520 790 134 791 520 791 521 791 523 792 54 792 52 792 524 793 523 793 52 793 525 794 54 794 523 794 525 795 523 795 381 795 54 796 419 796 413 796 525 797 419 797 54 797 525 798 418 798 419 798 288 799 528 799 289 799 527 800 526 800 288 800 525 801 381 801 526 801 525 802 526 802 527 802 525 803 527 803 560 803 530 804 526 804 381 804 528 805 288 805 526 805 528 806 526 806 530 806 528 807 443 807 289 807 528 808 442 808 443 808 529 809 528 809 530 809 529 810 530 810 399 810 531 811 529 811 399 811 529 812 441 812 442 812 529 813 442 813 528 813 529 814 440 814 441 814 531 815 440 815 529 815 531 816 439 816 440 816 531 817 438 817 439 817 531 818 399 818 405 818 531 819 436 819 438 819 405 820 436 820 531 820 405 821 435 821 436 821 532 822 534 822 405 822 405 823 434 823 435 823 534 824 432 824 434 824 534 825 434 825 405 825 533 826 534 826 532 826 534 827 431 827 432 827 535 828 534 828 533 828 535 829 533 829 392 829 535 830 431 830 534 830 535 831 430 831 431 831 536 832 535 832 392 832 535 833 429 833 430 833 535 834 428 834 429 834 536 835 428 835 535 835 536 836 427 836 428 836 537 837 536 837 386 837 537 838 426 838 427 838 537 839 427 839 536 839 537 840 425 840 426 840 538 841 425 841 537 841 538 842 537 842 386 842 539 843 538 843 386 843 539 844 424 844 538 844 540 845 539 845 386 845 539 846 423 846 424 846 539 847 422 847 423 847 540 848 422 848 539 848 540 849 421 849 422 849 420 850 540 850 541 850 420 851 421 851 540 851 315 852 420 852 541 852 315 853 238 853 420 853 317 854 542 854 318 854 542 855 317 855 232 855 542 856 232 856 316 856 315 857 542 857 316 857 541 858 542 858 315 858 541 859 360 859 542 859 180 860 406 860 545 860 542 861 360 861 543 861 544 862 318 862 542 862 544 863 409 863 318 863 544 864 408 864 409 864 544 865 542 865 543 865 544 866 407 866 408 866 544 867 543 867 545 867 544 868 406 868 407 868 544 869 545 869 406 869 28 870 180 870 545 870 28 871 545 871 543 871 30 872 28 872 543 872 84 873 90 873 212 873 212 874 90 874 210 874 90 875 93 875 210 875 93 876 136 876 210 876 210 877 136 877 209 877 136 878 114 878 209 878 209 879 114 879 207 879 114 880 110 880 207 880 207 881 110 881 203 881 110 882 89 882 203 882 203 883 89 883 206 883 89 884 86 884 206 884 86 885 84 885 206 885 206 886 84 886 204 886 204 887 84 887 212 887 176 888 61 888 175 888 61 889 66 889 175 889 66 890 81 890 175 890 175 891 81 891 172 891 81 892 80 892 172 892 80 893 78 893 172 893 172 894 78 894 171 894 171 895 78 895 169 895 78 896 77 896 169 896 77 897 95 897 169 897 169 898 95 898 170 898 95 899 58 899 170 899 58 900 57 900 170 900 170 901 57 901 176 901 57 902 61 902 176 902 553 903 33 903 546 903 33 904 34 904 546 904 546 905 34 905 547 905 34 906 45 906 547 906 45 907 43 907 547 907 547 908 43 908 548 908 43 909 38 909 548 909 548 910 38 910 549 910 549 911 38 911 550 911 38 912 37 912 550 912 37 913 41 913 550 913 550 914 41 914 551 914 551 915 32 915 412 915 41 916 32 916 551 916 412 917 32 917 410 917 32 918 29 918 410 918 410 919 29 919 411 919 411 920 31 920 552 920 29 921 31 921 411 921 552 922 31 922 553 922 31 923 33 923 553 923 552 924 554 924 318 924 553 925 554 925 552 925 546 926 554 926 553 926 547 927 554 927 546 927 548 928 554 928 547 928 549 929 554 929 548 929 550 930 554 930 549 930 551 931 554 931 550 931 318 932 554 932 551 932 48 933 53 933 559 933 559 934 53 934 415 934 53 935 55 935 415 935 415 936 55 936 417 936 55 937 64 937 417 937 417 938 74 938 416 938 64 939 74 939 417 939 74 940 73 940 416 940 416 941 73 941 414 941 73 942 72 942 414 942 414 943 72 943 555 943 72 944 60 944 555 944 555 945 60 945 556 945 60 946 50 946 556 946 556 947 50 947 557 947 557 948 47 948 558 948 47 949 48 949 558 949 558 950 48 950 559 950 555 951 560 951 414 951 556 952 560 952 555 952 557 953 560 953 556 953 558 954 560 954 557 954 559 955 560 955 558 955 415 956 560 956 559 956 561 957 122 957 281 957 122 958 127 958 281 958 127 959 129 959 281 959 281 960 129 960 283 960 129 961 130 961 283 961 283 962 130 962 282 962 130 963 131 963 282 963 282 964 131 964 562 964 131 965 133 965 562 965 562 966 133 966 563 966 133 967 132 967 563 967 564 968 120 968 565 968 565 969 120 969 566 969 120 970 116 970 566 970 566 971 116 971 567 971 116 972 122 972 567 972 567 973 122 973 561 973 280 974 568 974 138 974 562 975 568 975 280 975 563 976 568 976 562 976 132 977 568 977 563 977 564 978 568 978 132 978 565 979 568 979 564 979 566 980 568 980 565 980 567 981 568 981 566 981 561 982 568 982 567 982 281 983 568 983 561 983 138 984 568 984 281 984 99 985 100 985 569 985 569 986 100 986 570 986 100 987 111 987 570 987 570 988 111 988 571 988 111 989 124 989 571 989 124 990 113 990 571 990 571 991 113 991 572 991 572 992 113 992 573 992 113 993 106 993 573 993 573 994 106 994 278 994 106 995 103 995 278 995 278 996 103 996 277 996 103 997 104 997 277 997 277 998 104 998 279 998 104 999 96 999 279 999 96 1000 97 1000 279 1000 279 1001 97 1001 574 1001 97 1002 99 1002 574 1002 574 1003 99 1003 569 1003 279 1004 575 1004 153 1004 574 1005 575 1005 279 1005 569 1006 575 1006 574 1006 570 1007 575 1007 569 1007 571 1008 575 1008 570 1008 572 1009 575 1009 571 1009 573 1010 575 1010 572 1010 153 1011 575 1011 278 1011 278 1012 575 1012 573 1012 421 1013 247 1013 422 1013 247 1014 249 1014 422 1014 422 1015 249 1015 423 1015 423 1016 249 1016 424 1016 424 1017 249 1017 425 1017 249 1018 251 1018 425 1018 251 1019 426 1019 425 1019 251 1020 427 1020 426 1020 251 1021 428 1021 427 1021 244 1022 246 1022 261 1022 246 1023 440 1023 261 1023 254 1024 428 1024 251 1024 254 1025 429 1025 428 1025 440 1026 439 1026 261 1026 254 1027 430 1027 429 1027 439 1028 438 1028 261 1028 261 1029 438 1029 259 1029 254 1030 431 1030 430 1030 256 1031 431 1031 254 1031 438 1032 437 1032 259 1032 437 1033 435 1033 259 1033 259 1034 435 1034 258 1034 256 1035 432 1035 431 1035 258 1036 432 1036 256 1036 435 1037 433 1037 258 1037 433 1038 432 1038 258 1038 297 1039 6 1039 296 1039 299 1040 6 1040 297 1040 296 1041 6 1041 295 1041 300 1042 6 1042 299 1042 300 1043 7 1043 6 1043 6 1044 4 1044 295 1044 301 1045 7 1045 300 1045 295 1046 4 1046 294 1046 4 1047 1 1047 294 1047 294 1048 1 1048 293 1048 301 1049 10 1049 7 1049 302 1050 10 1050 301 1050 293 1051 1 1051 292 1051 303 1052 10 1052 302 1052 292 1053 1 1053 291 1053 304 1054 10 1054 303 1054 1 1055 27 1055 291 1055 305 1056 10 1056 304 1056 305 1057 12 1057 10 1057 306 1058 12 1058 305 1058 306 1059 307 1059 12 1059 307 1060 308 1060 12 1060 12 1061 308 1061 13 1061 308 1062 310 1062 13 1062 310 1063 311 1063 13 1063 13 1064 311 1064 15 1064 311 1065 312 1065 15 1065 312 1066 187 1066 15 1066 49 1067 576 1067 42 1067 576 1068 270 1068 577 1068 49 1069 270 1069 576 1069 270 1070 239 1070 577 1070 576 1071 578 1071 42 1071 577 1072 239 1072 579 1072 42 1073 578 1073 40 1073 578 1074 580 1074 40 1074 239 1075 236 1075 579 1075 579 1076 236 1076 581 1076 40 1077 580 1077 35 1077 580 1078 582 1078 35 1078 236 1079 235 1079 581 1079 581 1080 235 1080 583 1080 235 1081 234 1081 583 1081 582 1082 234 1082 35 1082 583 1083 234 1083 582 1083 35 1084 234 1084 36 1084 234 1085 232 1085 36 1085 36 1086 232 1086 39 1086 232 1087 186 1087 39 1087 39 1088 186 1088 44 1088 44 1089 186 1089 46 1089 93 1090 215 1090 73 1090 215 1091 216 1091 73 1091 216 1092 220 1092 73 1092 46 1093 186 1093 183 1093 183 1094 182 1094 46 1094 182 1095 181 1095 46 1095 86 1096 584 1096 85 1096 584 1097 585 1097 85 1097 85 1098 586 1098 87 1098 585 1099 586 1099 85 1099 586 1100 214 1100 87 1100 87 1101 214 1101 91 1101 91 1102 214 1102 93 1102 214 1103 215 1103 93 1103 225 1104 584 1104 587 1104 587 1105 584 1105 70 1105 70 1106 584 1106 86 1106 224 1107 584 1107 225 1107 46 1108 181 1108 56 1108 181 1109 179 1109 56 1109 56 1110 179 1110 63 1110 63 1111 179 1111 67 1111 179 1112 588 1112 67 1112 67 1113 589 1113 68 1113 588 1114 589 1114 67 1114 68 1115 589 1115 70 1115 589 1116 587 1116 70 1116 266 1117 267 1117 49 1117 267 1118 270 1118 49 1118 220 1119 222 1119 73 1119 73 1120 222 1120 71 1120 222 1121 287 1121 71 1121 71 1122 287 1122 69 1122 287 1123 241 1123 69 1123 69 1124 241 1124 65 1124 241 1125 590 1125 65 1125 590 1126 591 1126 65 1126 65 1127 591 1127 62 1127 590 1128 243 1128 592 1128 241 1129 243 1129 590 1129 591 1130 593 1130 62 1130 62 1131 593 1131 59 1131 593 1132 594 1132 59 1132 243 1133 265 1133 592 1133 592 1134 265 1134 596 1134 59 1135 594 1135 51 1135 594 1136 595 1136 51 1136 51 1137 595 1137 49 1137 595 1138 597 1138 49 1138 596 1139 265 1139 597 1139 265 1140 266 1140 597 1140 597 1141 266 1141 49 1141 597 1142 376 1142 596 1142 376 1143 381 1143 596 1143 381 1144 380 1144 596 1144 596 1145 380 1145 592 1145 380 1146 379 1146 592 1146 592 1147 379 1147 590 1147 590 1148 379 1148 591 1148 379 1149 377 1149 591 1149 591 1150 377 1150 593 1150 377 1151 374 1151 593 1151 593 1152 374 1152 594 1152 374 1153 369 1153 594 1153 594 1154 369 1154 595 1154 369 1155 372 1155 595 1155 595 1156 372 1156 597 1156 372 1157 376 1157 597 1157 582 1158 358 1158 583 1158 583 1159 358 1159 581 1159 358 1160 359 1160 581 1160 581 1161 359 1161 579 1161 359 1162 364 1162 579 1162 579 1163 364 1163 577 1163 364 1164 371 1164 577 1164 577 1165 371 1165 576 1165 371 1166 370 1166 576 1166 576 1167 370 1167 578 1167 370 1168 357 1168 578 1168 578 1169 357 1169 580 1169 357 1170 356 1170 580 1170 580 1171 356 1171 582 1171 356 1172 358 1172 582 1172 83 1173 158 1173 94 1173 158 1174 150 1174 94 1174 94 1175 150 1175 98 1175 150 1176 157 1176 98 1176 98 1177 157 1177 101 1177 157 1178 156 1178 101 1178 101 1179 156 1179 105 1179 156 1180 155 1180 105 1180 155 1181 154 1181 105 1181 105 1182 154 1182 109 1182 154 1183 25 1183 109 1183 109 1184 24 1184 115 1184 25 1185 24 1185 109 1185 162 1186 158 1186 83 1186 162 1187 83 1187 82 1187 163 1188 162 1188 82 1188 194 1189 196 1189 126 1189 193 1190 194 1190 126 1190 80 1191 598 1191 79 1191 598 1192 599 1192 79 1192 599 1193 600 1193 79 1193 79 1194 600 1194 75 1194 600 1195 166 1195 75 1195 75 1196 166 1196 76 1196 76 1197 163 1197 82 1197 166 1198 163 1198 76 1198 602 1199 231 1199 230 1199 602 1200 230 1200 598 1200 602 1201 598 1201 80 1201 602 1202 80 1202 88 1202 196 1203 199 1203 126 1203 126 1204 199 1204 112 1204 112 1205 199 1205 107 1205 199 1206 200 1206 107 1206 107 1207 200 1207 92 1207 200 1208 601 1208 92 1208 92 1209 601 1209 88 1209 601 1210 602 1210 88 1210 115 1211 20 1211 119 1211 20 1212 19 1212 119 1212 119 1213 19 1213 117 1213 19 1214 188 1214 117 1214 188 1215 190 1215 117 1215 117 1216 190 1216 118 1216 190 1217 191 1217 118 1217 118 1218 191 1218 121 1218 121 1219 192 1219 123 1219 191 1220 192 1220 121 1220 192 1221 142 1221 123 1221 123 1222 142 1222 125 1222 142 1223 193 1223 125 1223 125 1224 193 1224 126 1224 22 1225 20 1225 115 1225 24 1226 22 1226 115 1226 604 1227 586 1227 585 1227 602 1228 603 1228 231 1228 231 1229 603 1229 228 1229 228 1230 604 1230 226 1230 603 1231 604 1231 228 1231 226 1232 604 1232 224 1232 224 1233 604 1233 584 1233 584 1234 604 1234 585 1234 588 1235 605 1235 589 1235 606 1236 600 1236 599 1236 587 1237 605 1237 225 1237 225 1238 605 1238 227 1238 227 1239 605 1239 229 1239 589 1240 605 1240 587 1240 605 1241 606 1241 229 1241 229 1242 606 1242 230 1242 230 1243 606 1243 598 1243 598 1244 606 1244 599 1244 586 1245 604 1245 211 1245 201 1246 602 1246 601 1246 211 1247 604 1247 204 1247 604 1248 602 1248 204 1248 603 1249 602 1249 604 1249 204 1250 602 1250 205 1250 205 1251 602 1251 201 1251 600 1252 607 1252 167 1252 178 1253 177 1253 179 1253 167 1254 607 1254 168 1254 605 1255 607 1255 606 1255 605 1256 177 1256 607 1256 588 1257 177 1257 605 1257 179 1258 177 1258 588 1258 606 1259 607 1259 600 1259 625 1260 608 1260 609 1260 608 1261 610 1261 609 1261 610 1262 612 1262 611 1262 611 1263 612 1263 613 1263 612 1264 614 1264 613 1264 613 1265 614 1265 615 1265 614 1266 616 1266 615 1266 615 1267 616 1267 617 1267 616 1268 619 1268 617 1268 617 1269 619 1269 618 1269 619 1270 620 1270 618 1270 618 1271 620 1271 621 1271 620 1272 622 1272 621 1272 621 1273 622 1273 623 1273 622 1274 624 1274 623 1274 623 1275 624 1275 625 1275 624 1276 608 1276 625 1276 627 1277 782 1277 626 1277 623 1278 782 1278 627 1278 621 1279 623 1279 627 1279 625 1280 782 1280 623 1280 618 1281 621 1281 627 1281 782 1282 625 1282 609 1282 609 1283 611 1283 782 1283 610 1284 611 1284 609 1284 627 1285 617 1285 618 1285 611 1286 617 1286 627 1286 611 1287 615 1287 617 1287 611 1288 613 1288 615 1288 628 1289 629 1289 630 1289 628 1290 631 1290 629 1290 628 1291 770 1291 631 1291 768 1292 770 1292 628 1292 769 1293 632 1293 768 1293 768 1294 632 1294 770 1294 769 1295 633 1295 632 1295 769 1296 634 1296 633 1296 633 1297 792 1297 632 1297 769 1298 635 1298 634 1298 636 1299 637 1299 638 1299 636 1300 640 1300 637 1300 638 1301 637 1301 642 1301 637 1302 639 1302 642 1302 635 1303 640 1303 636 1303 635 1304 641 1304 640 1304 639 1305 643 1305 642 1305 642 1306 643 1306 646 1306 635 1307 644 1307 641 1307 769 1308 644 1308 635 1308 643 1309 645 1309 646 1309 645 1310 647 1310 646 1310 646 1311 647 1311 792 1311 792 1312 647 1312 632 1312 647 1313 648 1313 632 1313 648 1314 649 1314 632 1314 652 1315 650 1315 653 1315 769 1316 650 1316 644 1316 644 1317 650 1317 651 1317 651 1318 650 1318 652 1318 654 1319 655 1319 650 1319 650 1320 655 1320 653 1320 654 1321 656 1321 655 1321 661 1322 657 1322 658 1322 658 1323 657 1323 659 1323 659 1324 657 1324 649 1324 649 1325 657 1325 632 1325 655 1326 656 1326 660 1326 661 1327 662 1327 657 1327 656 1328 663 1328 660 1328 665 1329 662 1329 661 1329 660 1330 663 1330 664 1330 663 1331 666 1331 664 1331 665 1332 667 1332 662 1332 668 1333 667 1333 665 1333 666 1334 670 1334 664 1334 668 1335 669 1335 667 1335 664 1336 670 1336 671 1336 672 1337 669 1337 668 1337 670 1338 673 1338 671 1338 672 1339 674 1339 669 1339 673 1340 676 1340 671 1340 671 1341 676 1341 677 1341 675 1342 674 1342 672 1342 675 1343 678 1343 674 1343 679 1344 678 1344 675 1344 679 1345 680 1345 678 1345 676 1346 680 1346 677 1346 677 1347 680 1347 679 1347 654 1348 650 1348 773 1348 654 1349 773 1349 681 1349 656 1350 681 1350 682 1350 656 1351 654 1351 681 1351 656 1352 682 1352 683 1352 663 1353 656 1353 683 1353 663 1354 683 1354 684 1354 666 1355 663 1355 684 1355 670 1356 684 1356 685 1356 670 1357 666 1357 684 1357 673 1358 670 1358 685 1358 673 1359 685 1359 686 1359 676 1360 673 1360 686 1360 676 1361 686 1361 687 1361 680 1362 676 1362 687 1362 680 1363 687 1363 688 1363 678 1364 680 1364 688 1364 678 1365 688 1365 689 1365 674 1366 678 1366 689 1366 674 1367 689 1367 690 1367 669 1368 674 1368 690 1368 669 1369 690 1369 691 1369 667 1370 669 1370 691 1370 667 1371 691 1371 692 1371 662 1372 667 1372 692 1372 662 1373 692 1373 657 1373 772 1374 650 1374 769 1374 772 1375 773 1375 650 1375 771 1376 699 1376 694 1376 771 1377 694 1377 628 1377 694 1378 695 1378 628 1378 695 1379 696 1379 628 1379 699 1380 697 1380 698 1380 771 1381 697 1381 699 1381 697 1382 700 1382 698 1382 700 1383 768 1383 701 1383 697 1384 768 1384 700 1384 696 1385 768 1385 628 1385 701 1386 768 1386 696 1386 758 1387 702 1387 630 1387 630 1388 703 1388 758 1388 702 1389 704 1389 630 1389 703 1390 705 1390 758 1390 704 1391 707 1391 630 1391 706 1392 708 1392 703 1392 706 1393 627 1393 708 1393 707 1394 628 1394 630 1394 762 1395 628 1395 707 1395 708 1396 627 1396 709 1396 627 1397 710 1397 709 1397 710 1398 626 1398 711 1398 711 1399 626 1399 762 1399 762 1400 771 1400 628 1400 626 1401 771 1401 762 1401 626 1402 713 1402 771 1402 771 1403 713 1403 712 1403 626 1404 714 1404 713 1404 712 1405 714 1405 772 1405 713 1406 714 1406 712 1406 627 1407 626 1407 710 1407 629 1408 703 1408 630 1408 716 1409 715 1409 657 1409 657 1410 717 1410 716 1410 693 1411 717 1411 657 1411 693 1412 720 1412 717 1412 718 1413 632 1413 719 1413 719 1414 632 1414 715 1414 715 1415 632 1415 657 1415 693 1416 722 1416 720 1416 718 1417 721 1417 632 1417 693 1418 732 1418 722 1418 721 1419 723 1419 632 1419 723 1420 724 1420 632 1420 731 1421 725 1421 726 1421 726 1422 725 1422 727 1422 727 1423 725 1423 728 1423 728 1424 725 1424 729 1424 729 1425 725 1425 730 1425 730 1426 725 1426 724 1426 725 1427 632 1427 724 1427 693 1428 725 1428 731 1428 693 1429 731 1429 732 1429 757 1430 644 1430 733 1430 644 1431 651 1431 733 1431 733 1432 652 1432 734 1432 651 1433 652 1433 733 1433 734 1434 652 1434 735 1434 652 1435 653 1435 735 1435 735 1436 653 1436 736 1436 653 1437 655 1437 736 1437 736 1438 655 1438 737 1438 655 1439 660 1439 737 1439 737 1440 660 1440 738 1440 660 1441 664 1441 738 1441 738 1442 664 1442 739 1442 664 1443 671 1443 739 1443 739 1444 671 1444 740 1444 671 1445 677 1445 740 1445 740 1446 677 1446 741 1446 741 1447 677 1447 742 1447 677 1448 679 1448 742 1448 742 1449 675 1449 743 1449 679 1450 675 1450 742 1450 743 1451 672 1451 744 1451 675 1452 672 1452 743 1452 744 1453 668 1453 745 1453 672 1454 668 1454 744 1454 745 1455 668 1455 746 1455 668 1456 665 1456 746 1456 665 1457 661 1457 746 1457 746 1458 661 1458 747 1458 661 1459 658 1459 747 1459 747 1460 658 1460 748 1460 658 1461 659 1461 748 1461 748 1462 659 1462 749 1462 749 1463 649 1463 750 1463 659 1464 649 1464 749 1464 649 1465 648 1465 750 1465 750 1466 648 1466 751 1466 648 1467 647 1467 751 1467 751 1468 647 1468 752 1468 647 1469 645 1469 752 1469 645 1470 643 1470 752 1470 752 1471 643 1471 753 1471 643 1472 639 1472 753 1472 753 1473 639 1473 754 1473 639 1474 637 1474 754 1474 754 1475 637 1475 755 1475 637 1476 640 1476 755 1476 755 1477 640 1477 756 1477 640 1478 641 1478 756 1478 756 1479 641 1479 757 1479 641 1480 644 1480 757 1480 619 1481 748 1481 749 1481 619 1482 747 1482 748 1482 616 1483 747 1483 619 1483 619 1484 749 1484 750 1484 616 1485 746 1485 747 1485 620 1486 619 1486 750 1486 620 1487 750 1487 751 1487 616 1488 745 1488 746 1488 620 1489 751 1489 752 1489 614 1490 745 1490 616 1490 620 1491 752 1491 753 1491 614 1492 744 1492 745 1492 622 1493 620 1493 753 1493 622 1494 753 1494 754 1494 614 1495 743 1495 744 1495 614 1496 742 1496 743 1496 755 1497 622 1497 754 1497 742 1498 614 1498 612 1498 741 1499 742 1499 612 1499 756 1500 624 1500 622 1500 756 1501 622 1501 755 1501 740 1502 741 1502 612 1502 756 1503 608 1503 624 1503 757 1504 608 1504 756 1504 739 1505 740 1505 612 1505 733 1506 608 1506 757 1506 734 1507 608 1507 733 1507 738 1508 739 1508 612 1508 735 1509 608 1509 734 1509 738 1510 612 1510 610 1510 737 1511 738 1511 610 1511 736 1512 608 1512 735 1512 736 1513 610 1513 608 1513 736 1514 737 1514 610 1514 767 1515 758 1515 760 1515 764 1516 767 1516 760 1516 759 1517 760 1517 758 1517 761 1518 760 1518 759 1518 710 1519 760 1519 761 1519 711 1520 760 1520 710 1520 762 1521 760 1521 711 1521 762 1522 764 1522 760 1522 763 1523 764 1523 762 1523 758 1524 705 1524 759 1524 705 1525 703 1525 759 1525 703 1526 708 1526 759 1526 759 1527 708 1527 761 1527 708 1528 709 1528 761 1528 761 1529 709 1529 710 1529 762 1530 707 1530 763 1530 707 1531 704 1531 763 1531 763 1532 704 1532 765 1532 765 1533 704 1533 766 1533 704 1534 702 1534 766 1534 766 1535 702 1535 767 1535 702 1536 758 1536 767 1536 725 1537 770 1537 632 1537 772 1538 771 1538 712 1538 775 1539 772 1539 714 1539 626 1540 775 1540 714 1540 772 1541 769 1541 768 1541 772 1542 776 1542 773 1542 772 1543 697 1543 771 1543 772 1544 768 1544 697 1544 772 1545 774 1545 776 1545 626 1546 774 1546 772 1546 626 1547 782 1547 774 1547 772 1548 775 1548 626 1548 777 1549 693 1549 657 1549 777 1550 783 1550 693 1550 777 1551 784 1551 783 1551 777 1552 778 1552 784 1552 780 1553 778 1553 777 1553 777 1554 657 1554 692 1554 780 1555 785 1555 778 1555 779 1556 777 1556 692 1556 780 1557 627 1557 785 1557 780 1558 611 1558 627 1558 779 1559 780 1559 777 1559 779 1560 692 1560 691 1560 779 1561 691 1561 690 1561 779 1562 690 1562 689 1562 779 1563 689 1563 688 1563 781 1564 779 1564 688 1564 781 1565 780 1565 779 1565 781 1566 688 1566 687 1566 781 1567 611 1567 780 1567 781 1568 687 1568 686 1568 781 1569 686 1569 685 1569 782 1570 781 1570 685 1570 782 1571 685 1571 684 1571 782 1572 684 1572 683 1572 611 1573 781 1573 782 1573 782 1574 683 1574 682 1574 773 1575 682 1575 681 1575 773 1576 782 1576 682 1576 782 1577 773 1577 776 1577 782 1578 776 1578 774 1578 725 1579 693 1579 783 1579 786 1580 785 1580 627 1580 786 1581 778 1581 785 1581 786 1582 784 1582 778 1582 786 1583 783 1583 784 1583 786 1584 725 1584 783 1584 786 1585 770 1585 725 1585 787 1586 770 1586 786 1586 787 1587 631 1587 770 1587 787 1588 629 1588 631 1588 706 1589 703 1589 629 1589 706 1590 629 1590 787 1590 706 1591 787 1591 786 1591 627 1592 706 1592 786 1592 635 1593 790 1593 634 1593 788 1594 790 1594 635 1594 789 1595 790 1595 788 1595 791 1596 790 1596 789 1596 792 1597 790 1597 791 1597 633 1598 790 1598 792 1598 634 1599 790 1599 633 1599 635 1600 636 1600 788 1600 636 1601 638 1601 788 1601 788 1602 638 1602 789 1602 638 1603 642 1603 789 1603 789 1604 642 1604 791 1604 642 1605 646 1605 791 1605 646 1606 792 1606 791 1606 793 1607 720 1607 794 1607 720 1608 722 1608 794 1608 794 1609 722 1609 795 1609 722 1610 732 1610 795 1610 795 1611 732 1611 796 1611 732 1612 731 1612 796 1612 796 1613 726 1613 797 1613 731 1614 726 1614 796 1614 726 1615 764 1615 797 1615 726 1616 727 1616 764 1616 797 1617 763 1617 798 1617 727 1618 767 1618 764 1618 798 1619 763 1619 799 1619 763 1620 765 1620 799 1620 765 1621 766 1621 799 1621 767 1622 727 1622 766 1622 766 1623 728 1623 799 1623 727 1624 728 1624 766 1624 728 1625 729 1625 799 1625 799 1626 729 1626 800 1626 729 1627 730 1627 800 1627 800 1628 730 1628 801 1628 730 1629 724 1629 801 1629 801 1630 724 1630 802 1630 724 1631 723 1631 802 1631 723 1632 721 1632 802 1632 802 1633 721 1633 803 1633 803 1634 718 1634 804 1634 721 1635 718 1635 803 1635 804 1636 718 1636 805 1636 718 1637 719 1637 805 1637 719 1638 715 1638 805 1638 805 1639 715 1639 806 1639 715 1640 716 1640 806 1640 806 1641 716 1641 807 1641 716 1642 717 1642 807 1642 807 1643 717 1643 793 1643 717 1644 720 1644 793 1644 764 1645 763 1645 797 1645 700 1646 808 1646 698 1646 808 1647 809 1647 698 1647 698 1648 809 1648 699 1648 809 1649 810 1649 699 1649 699 1650 810 1650 694 1650 810 1651 811 1651 694 1651 694 1652 811 1652 695 1652 811 1653 812 1653 695 1653 695 1654 812 1654 696 1654 812 1655 813 1655 696 1655 696 1656 813 1656 701 1656 701 1657 813 1657 700 1657 813 1658 808 1658 700 1658 807 1659 813 1659 806 1659 806 1660 813 1660 805 1660 807 1661 808 1661 813 1661 805 1662 813 1662 804 1662 793 1663 808 1663 807 1663 813 1664 812 1664 804 1664 794 1665 808 1665 793 1665 804 1666 812 1666 803 1666 795 1667 808 1667 794 1667 795 1668 809 1668 808 1668 795 1669 796 1669 809 1669 812 1670 802 1670 803 1670 812 1671 801 1671 802 1671 811 1672 801 1672 812 1672 796 1673 797 1673 809 1673 809 1674 797 1674 810 1674 811 1675 800 1675 801 1675 797 1676 798 1676 810 1676 811 1677 799 1677 800 1677 798 1678 799 1678 810 1678 810 1679 799 1679 811 1679 832 1680 814 1680 831 1680 814 1681 815 1681 816 1681 816 1682 815 1682 817 1682 815 1683 819 1683 817 1683 817 1684 819 1684 818 1684 818 1685 819 1685 821 1685 819 1686 820 1686 821 1686 821 1687 820 1687 822 1687 820 1688 823 1688 822 1688 822 1689 823 1689 824 1689 823 1690 825 1690 824 1690 824 1691 825 1691 826 1691 826 1692 825 1692 834 1692 834 1693 825 1693 827 1693 827 1694 829 1694 828 1694 828 1695 829 1695 830 1695 830 1696 829 1696 831 1696 829 1697 832 1697 831 1697 828 1698 833 1698 834 1698 828 1699 834 1699 827 1699 830 1700 833 1700 828 1700 831 1701 833 1701 830 1701 824 1702 826 1702 834 1702 835 1703 833 1703 831 1703 836 1704 833 1704 835 1704 822 1705 824 1705 834 1705 837 1706 833 1706 836 1706 838 1707 835 1707 831 1707 838 1708 831 1708 814 1708 822 1709 834 1709 839 1709 840 1710 833 1710 837 1710 841 1711 838 1711 814 1711 816 1712 841 1712 814 1712 845 1713 833 1713 840 1713 842 1714 841 1714 816 1714 839 1715 821 1715 822 1715 817 1716 842 1716 816 1716 817 1717 843 1717 842 1717 839 1718 818 1718 821 1718 839 1719 817 1719 818 1719 839 1720 843 1720 817 1720 839 1721 833 1721 845 1721 839 1722 844 1722 843 1722 839 1723 1000 1723 833 1723 839 1724 845 1724 844 1724 846 1725 1000 1725 839 1725 847 1726 848 1726 849 1726 847 1727 850 1727 848 1727 922 1728 850 1728 847 1728 848 1729 851 1729 849 1729 849 1730 851 1730 852 1730 922 1731 853 1731 850 1731 852 1732 851 1732 854 1732 851 1733 856 1733 854 1733 922 1734 855 1734 853 1734 854 1735 856 1735 859 1735 856 1736 857 1736 859 1736 922 1737 858 1737 855 1737 859 1738 857 1738 861 1738 858 1739 860 1739 869 1739 922 1740 860 1740 858 1740 857 1741 864 1741 861 1741 861 1742 864 1742 865 1742 865 1743 867 1743 868 1743 864 1744 867 1744 865 1744 862 1745 866 1745 860 1745 867 1746 873 1746 868 1746 873 1747 874 1747 868 1747 869 1748 870 1748 872 1748 869 1749 871 1749 870 1749 860 1750 871 1750 869 1750 860 1751 878 1751 871 1751 872 1752 875 1752 876 1752 870 1753 875 1753 872 1753 877 1754 874 1754 873 1754 877 1755 882 1755 874 1755 876 1756 875 1756 879 1756 860 1757 901 1757 878 1757 875 1758 881 1758 879 1758 881 1759 880 1759 879 1759 885 1760 880 1760 881 1760 877 1761 883 1761 882 1761 886 1762 883 1762 877 1762 885 1763 884 1763 880 1763 885 1764 887 1764 884 1764 886 1765 890 1765 883 1765 888 1766 887 1766 885 1766 891 1767 890 1767 886 1767 888 1768 889 1768 887 1768 891 1769 892 1769 890 1769 893 1770 892 1770 891 1770 893 1771 894 1771 892 1771 893 1772 895 1772 894 1772 897 1773 895 1773 893 1773 897 1774 896 1774 895 1774 898 1775 896 1775 897 1775 899 1776 896 1776 898 1776 889 1777 900 1777 899 1777 866 1778 900 1778 860 1778 888 1779 900 1779 889 1779 860 1780 900 1780 901 1780 901 1781 900 1781 888 1781 899 1782 900 1782 896 1782 866 1783 902 1783 900 1783 903 1784 902 1784 866 1784 903 1785 904 1785 902 1785 903 1786 905 1786 904 1786 903 1787 906 1787 905 1787 896 1788 907 1788 908 1788 895 1789 896 1789 908 1789 895 1790 908 1790 909 1790 894 1791 909 1791 910 1791 894 1792 895 1792 909 1792 892 1793 894 1793 910 1793 892 1794 910 1794 911 1794 890 1795 892 1795 911 1795 890 1796 911 1796 912 1796 883 1797 890 1797 912 1797 883 1798 912 1798 913 1798 882 1799 883 1799 913 1799 882 1800 913 1800 914 1800 874 1801 882 1801 914 1801 874 1802 914 1802 915 1802 868 1803 874 1803 915 1803 868 1804 915 1804 916 1804 865 1805 868 1805 916 1805 865 1806 916 1806 917 1806 861 1807 865 1807 917 1807 861 1808 917 1808 918 1808 859 1809 861 1809 918 1809 859 1810 918 1810 919 1810 854 1811 859 1811 919 1811 854 1812 919 1812 920 1812 852 1813 854 1813 920 1813 849 1814 852 1814 920 1814 849 1815 920 1815 921 1815 849 1816 921 1816 922 1816 847 1817 849 1817 922 1817 860 1818 923 1818 1002 1818 860 1819 922 1819 923 1819 924 1820 926 1820 925 1820 924 1821 930 1821 926 1821 925 1822 928 1822 924 1822 928 1823 866 1823 924 1823 927 1824 866 1824 928 1824 927 1825 933 1825 866 1825 924 1826 929 1826 930 1826 930 1827 929 1827 931 1827 931 1828 929 1828 932 1828 933 1829 903 1829 866 1829 929 1830 903 1830 932 1830 932 1831 903 1831 933 1831 936 1832 935 1832 934 1832 934 1833 935 1833 846 1833 936 1834 939 1834 935 1834 935 1835 937 1835 846 1835 938 1836 939 1836 936 1836 937 1837 992 1837 846 1837 938 1838 943 1838 939 1838 940 1839 1000 1839 992 1839 989 1840 1000 1840 940 1840 992 1841 1000 1841 846 1841 942 1842 906 1842 946 1842 938 1843 906 1843 943 1843 943 1844 906 1844 942 1844 941 1845 944 1845 1000 1845 1000 1846 944 1846 941 1846 944 1847 945 1847 1002 1847 1000 1848 929 1848 944 1848 944 1849 929 1849 945 1849 989 1850 929 1850 1000 1850 906 1851 903 1851 946 1851 989 1852 903 1852 929 1852 946 1853 903 1853 989 1853 906 1854 947 1854 905 1854 906 1855 938 1855 947 1855 949 1856 948 1856 907 1856 907 1857 951 1857 949 1857 948 1858 950 1858 907 1858 907 1859 952 1859 951 1859 896 1860 952 1860 907 1860 896 1861 956 1861 952 1861 954 1862 953 1862 950 1862 955 1863 953 1863 954 1863 950 1864 953 1864 907 1864 896 1865 960 1865 956 1865 955 1866 957 1866 953 1866 957 1867 958 1867 953 1867 960 1868 900 1868 959 1868 962 1869 900 1869 961 1869 963 1870 900 1870 962 1870 959 1871 900 1871 963 1871 900 1872 953 1872 961 1872 961 1873 953 1873 958 1873 896 1874 900 1874 960 1874 858 1875 869 1875 964 1875 964 1876 869 1876 965 1876 965 1877 872 1877 966 1877 869 1878 872 1878 965 1878 966 1879 872 1879 967 1879 872 1880 876 1880 967 1880 876 1881 879 1881 967 1881 967 1882 879 1882 968 1882 968 1883 880 1883 969 1883 879 1884 880 1884 968 1884 880 1885 884 1885 969 1885 969 1886 884 1886 970 1886 884 1887 887 1887 970 1887 970 1888 887 1888 971 1888 887 1889 889 1889 971 1889 971 1890 889 1890 972 1890 889 1891 899 1891 972 1891 899 1892 898 1892 972 1892 972 1893 898 1893 973 1893 973 1894 898 1894 974 1894 898 1895 897 1895 974 1895 974 1896 893 1896 975 1896 897 1897 893 1897 974 1897 975 1898 893 1898 976 1898 893 1899 891 1899 976 1899 891 1900 886 1900 976 1900 976 1901 886 1901 977 1901 886 1902 877 1902 977 1902 977 1903 877 1903 978 1903 978 1904 877 1904 979 1904 877 1905 873 1905 979 1905 979 1906 873 1906 980 1906 873 1907 867 1907 980 1907 980 1908 867 1908 981 1908 867 1909 864 1909 981 1909 981 1910 864 1910 982 1910 864 1911 857 1911 982 1911 982 1912 857 1912 983 1912 857 1913 856 1913 983 1913 983 1914 851 1914 984 1914 856 1915 851 1915 983 1915 984 1916 851 1916 985 1916 851 1917 848 1917 985 1917 985 1918 850 1918 986 1918 848 1919 850 1919 985 1919 850 1920 853 1920 986 1920 986 1921 853 1921 987 1921 853 1922 855 1922 987 1922 987 1923 858 1923 964 1923 855 1924 858 1924 987 1924 823 1925 978 1925 979 1925 823 1926 979 1926 980 1926 820 1927 978 1927 823 1927 823 1928 980 1928 981 1928 820 1929 977 1929 978 1929 825 1930 823 1930 981 1930 820 1931 976 1931 977 1931 825 1932 981 1932 982 1932 825 1933 982 1933 983 1933 820 1934 975 1934 976 1934 819 1935 975 1935 820 1935 825 1936 983 1936 984 1936 819 1937 974 1937 975 1937 825 1938 984 1938 985 1938 827 1939 825 1939 985 1939 973 1940 974 1940 819 1940 986 1941 827 1941 985 1941 972 1942 973 1942 819 1942 986 1943 829 1943 827 1943 987 1944 829 1944 986 1944 971 1945 972 1945 819 1945 971 1946 819 1946 815 1946 964 1947 829 1947 987 1947 964 1948 832 1948 829 1948 970 1949 971 1949 815 1949 965 1950 832 1950 964 1950 969 1951 970 1951 815 1951 966 1952 832 1952 965 1952 968 1953 969 1953 815 1953 968 1954 815 1954 814 1954 966 1955 814 1955 832 1955 967 1956 968 1956 814 1956 967 1957 814 1957 966 1957 995 1958 988 1958 990 1958 989 1959 990 1959 988 1959 991 1960 990 1960 989 1960 992 1961 990 1961 991 1961 993 1962 990 1962 992 1962 994 1963 990 1963 993 1963 996 1964 990 1964 994 1964 995 1965 990 1965 996 1965 994 1966 939 1966 996 1966 939 1967 943 1967 996 1967 996 1968 943 1968 997 1968 943 1969 942 1969 997 1969 997 1970 942 1970 998 1970 998 1971 942 1971 999 1971 942 1972 946 1972 999 1972 999 1973 946 1973 988 1973 946 1974 989 1974 988 1974 989 1975 940 1975 991 1975 991 1976 940 1976 992 1976 992 1977 937 1977 993 1977 937 1978 935 1978 993 1978 993 1979 935 1979 994 1979 935 1980 939 1980 994 1980 862 1981 860 1981 863 1981 862 1982 863 1982 866 1982 947 1983 904 1983 905 1983 902 1984 953 1984 900 1984 1001 1985 1000 1985 944 1985 1002 1986 1001 1986 944 1986 924 1987 945 1987 929 1987 924 1988 1002 1988 945 1988 1002 1989 924 1989 866 1989 1002 1990 866 1990 863 1990 1002 1991 863 1991 860 1991 1002 1992 1000 1992 1001 1992 1002 1993 1003 1993 1004 1993 833 1994 1000 1994 1002 1994 833 1995 1002 1995 1004 1995 833 1996 1004 1996 1005 1996 833 1997 1005 1997 1006 1997 833 1998 1006 1998 1007 1998 923 1999 1003 1999 1002 1999 834 2000 833 2000 1007 2000 1015 2001 908 2001 907 2001 923 2002 1004 2002 1003 2002 923 2003 1005 2003 1004 2003 923 2004 922 2004 921 2004 923 2005 1006 2005 1005 2005 923 2006 1007 2006 1006 2006 1008 2007 923 2007 921 2007 923 2008 834 2008 1007 2008 1008 2009 921 2009 920 2009 1008 2010 920 2010 919 2010 1008 2011 919 2011 918 2011 1008 2012 834 2012 923 2012 1009 2013 1008 2013 918 2013 1009 2014 918 2014 917 2014 1009 2015 917 2015 916 2015 834 2016 1008 2016 1009 2016 1009 2017 916 2017 915 2017 1009 2018 915 2018 914 2018 1009 2019 914 2019 913 2019 1009 2020 839 2020 834 2020 839 2021 1009 2021 913 2021 839 2022 913 2022 912 2022 839 2023 912 2023 911 2023 1010 2024 839 2024 911 2024 1010 2025 911 2025 910 2025 1010 2026 910 2026 909 2026 1010 2027 909 2027 908 2027 1011 2028 1010 2028 908 2028 1011 2029 908 2029 1015 2029 1011 2030 839 2030 1010 2030 1011 2031 1015 2031 1014 2031 1011 2032 1014 2032 1013 2032 1011 2033 1013 2033 1012 2033 1011 2034 1012 2034 839 2034 953 2035 1015 2035 907 2035 1012 2036 846 2036 839 2036 1016 2037 846 2037 1012 2037 938 2038 904 2038 947 2038 938 2039 902 2039 904 2039 1016 2040 1012 2040 1013 2040 1016 2041 902 2041 938 2041 1016 2042 1013 2042 1014 2042 1016 2043 1014 2043 1015 2043 1016 2044 1015 2044 953 2044 1016 2045 953 2045 902 2045 934 2046 846 2046 1016 2046 936 2047 934 2047 1016 2047 936 2048 1016 2048 938 2048 1017 2049 952 2049 1018 2049 952 2050 956 2050 1018 2050 1018 2051 960 2051 1019 2051 956 2052 960 2052 1018 2052 1019 2053 960 2053 1020 2053 960 2054 959 2054 1020 2054 1020 2055 959 2055 1021 2055 959 2056 963 2056 1021 2056 1021 2057 963 2057 1022 2057 963 2058 962 2058 1022 2058 1022 2059 962 2059 1023 2059 962 2060 961 2060 1023 2060 961 2061 958 2061 1023 2061 1023 2062 958 2062 1024 2062 958 2063 957 2063 1024 2063 1024 2064 957 2064 1025 2064 957 2065 997 2065 1025 2065 997 2066 998 2066 1025 2066 957 2067 955 2067 997 2067 998 2068 999 2068 1025 2068 999 2069 1026 2069 1025 2069 997 2070 955 2070 996 2070 999 2071 988 2071 1026 2071 996 2072 955 2072 995 2072 995 2073 954 2073 1026 2073 955 2074 954 2074 995 2074 1026 2075 954 2075 1027 2075 954 2076 950 2076 1027 2076 1027 2077 950 2077 1028 2077 950 2078 948 2078 1028 2078 1028 2079 948 2079 1029 2079 948 2080 949 2080 1029 2080 1029 2081 949 2081 1030 2081 949 2082 951 2082 1030 2082 1030 2083 951 2083 1017 2083 951 2084 952 2084 1017 2084 988 2085 995 2085 1026 2085 1031 2086 1032 2086 928 2086 928 2087 1032 2087 927 2087 1032 2088 1033 2088 927 2088 927 2089 1033 2089 933 2089 933 2090 1033 2090 932 2090 1033 2091 1034 2091 932 2091 1034 2092 1035 2092 932 2092 932 2093 1035 2093 931 2093 931 2094 1035 2094 930 2094 1035 2095 1036 2095 930 2095 930 2096 1036 2096 926 2096 1036 2097 1037 2097 926 2097 926 2098 1037 2098 925 2098 1037 2099 1031 2099 925 2099 925 2100 1031 2100 928 2100 1031 2101 1037 2101 1029 2101 1029 2102 1037 2102 1028 2102 1030 2103 1031 2103 1029 2103 1028 2104 1037 2104 1027 2104 1037 2105 1036 2105 1027 2105 1017 2106 1031 2106 1030 2106 1027 2107 1036 2107 1026 2107 1017 2108 1032 2108 1031 2108 1018 2109 1032 2109 1017 2109 1036 2110 1035 2110 1026 2110 1026 2111 1035 2111 1025 2111 1019 2112 1032 2112 1018 2112 1035 2113 1024 2113 1025 2113 1034 2114 1024 2114 1035 2114 1032 2115 1019 2115 1033 2115 1019 2116 1020 2116 1033 2116 1034 2117 1023 2117 1024 2117 1020 2118 1021 2118 1033 2118 1033 2119 1023 2119 1034 2119 1033 2120 1022 2120 1023 2120 1021 2121 1022 2121 1033 2121 1038 2122 1039 2122 871 2122 871 2123 1039 2123 870 2123 870 2124 1039 2124 875 2124 1039 2125 1040 2125 875 2125 875 2126 1040 2126 881 2126 1040 2127 1041 2127 881 2127 881 2128 1041 2128 885 2128 1041 2129 1042 2129 885 2129 885 2130 1042 2130 888 2130 1042 2131 1043 2131 888 2131 888 2132 1043 2132 901 2132 1043 2133 1044 2133 901 2133 901 2134 1044 2134 878 2134 1044 2135 1045 2135 878 2135 1045 2136 1038 2136 878 2136 878 2137 1038 2137 871 2137 1048 2138 1044 2138 1046 2138 1048 2139 1045 2139 1044 2139 1044 2140 1043 2140 1046 2140 1046 2141 1043 2141 1047 2141 1048 2142 1038 2142 1045 2142 1049 2143 1038 2143 1048 2143 1043 2144 1042 2144 1047 2144 1051 2145 1039 2145 1049 2145 1049 2146 1039 2146 1038 2146 1047 2147 1042 2147 1050 2147 1042 2148 1052 2148 1050 2148 1041 2149 1052 2149 1042 2149 1051 2150 1053 2150 1039 2150 1039 2151 1053 2151 1040 2151 1040 2152 1052 2152 1041 2152 1040 2153 1053 2153 1052 2153 840 2154 837 2154 1048 2154 1048 2155 837 2155 1049 2155 837 2156 836 2156 1049 2156 1049 2157 836 2157 1051 2157 836 2158 835 2158 1051 2158 835 2159 838 2159 1051 2159 1051 2160 838 2160 1053 2160 838 2161 841 2161 1053 2161 1053 2162 841 2162 1052 2162 841 2163 842 2163 1052 2163 1052 2164 842 2164 1050 2164 842 2165 843 2165 1050 2165 843 2166 844 2166 1050 2166 1050 2167 844 2167 1047 2167 844 2168 845 2168 1047 2168 1047 2169 845 2169 1046 2169 845 2170 840 2170 1046 2170 1046 2171 840 2171 1048 2171 1137 2172 1136 2172 1055 2172 1054 2173 1137 2173 1055 2173 1054 2174 1055 2174 1057 2174 1056 2175 1054 2175 1057 2175 1058 2176 1057 2176 1059 2176 1058 2177 1056 2177 1057 2177 1060 2178 1058 2178 1059 2178 1060 2179 1059 2179 1062 2179 1061 2180 1060 2180 1062 2180 1063 2181 1061 2181 1062 2181 1063 2182 1062 2182 1064 2182 1065 2183 1064 2183 1067 2183 1065 2184 1063 2184 1064 2184 1066 2185 1065 2185 1067 2185 1068 2186 1067 2186 1069 2186 1068 2187 1066 2187 1067 2187 1068 2188 1069 2188 1071 2188 1070 2189 1068 2189 1071 2189 1070 2190 1071 2190 1072 2190 1073 2191 1070 2191 1072 2191 1073 2192 1072 2192 1074 2192 1075 2193 1073 2193 1074 2193 1075 2194 1074 2194 1076 2194 1077 2195 1076 2195 1078 2195 1077 2196 1075 2196 1076 2196 1079 2197 1078 2197 1080 2197 1079 2198 1077 2198 1078 2198 1081 2199 1079 2199 1080 2199 1081 2200 1080 2200 1082 2200 1084 2201 1081 2201 1082 2201 1084 2202 1082 2202 1083 2202 1085 2203 1084 2203 1083 2203 1085 2204 1083 2204 1086 2204 1085 2205 1086 2205 1088 2205 1087 2206 1085 2206 1088 2206 1089 2207 1088 2207 1090 2207 1089 2208 1087 2208 1088 2208 1089 2209 1090 2209 1091 2209 1092 2210 1089 2210 1091 2210 1093 2211 1091 2211 1094 2211 1093 2212 1092 2212 1091 2212 1093 2213 1094 2213 1095 2213 1096 2214 1093 2214 1095 2214 1097 2215 1096 2215 1095 2215 1097 2216 1095 2216 1098 2216 1097 2217 1098 2217 1099 2217 1100 2218 1097 2218 1099 2218 1100 2219 1099 2219 1101 2219 1102 2220 1100 2220 1101 2220 1102 2221 1101 2221 1104 2221 1103 2222 1102 2222 1104 2222 1105 2223 1103 2223 1104 2223 1105 2224 1104 2224 1106 2224 1107 2225 1105 2225 1106 2225 1107 2226 1106 2226 1108 2226 1109 2227 1107 2227 1108 2227 1109 2228 1108 2228 1110 2228 1111 2229 1110 2229 1112 2229 1111 2230 1109 2230 1110 2230 1111 2231 1112 2231 1113 2231 1114 2232 1111 2232 1113 2232 1114 2233 1113 2233 1116 2233 1115 2234 1114 2234 1116 2234 1117 2235 1115 2235 1116 2235 1117 2236 1116 2236 1118 2236 1119 2237 1117 2237 1118 2237 1119 2238 1118 2238 1120 2238 1121 2239 1119 2239 1120 2239 1121 2240 1120 2240 1122 2240 1123 2241 1121 2241 1122 2241 1123 2242 1122 2242 1124 2242 1125 2243 1124 2243 1126 2243 1125 2244 1123 2244 1124 2244 1127 2245 1126 2245 1128 2245 1127 2246 1125 2246 1126 2246 1129 2247 1127 2247 1128 2247 1129 2248 1128 2248 1130 2248 1131 2249 1129 2249 1130 2249 1131 2250 1130 2250 1132 2250 1133 2251 1131 2251 1132 2251 1133 2252 1132 2252 1134 2252 1135 2253 1133 2253 1134 2253 1135 2254 1134 2254 1136 2254 1137 2255 1135 2255 1136 2255 1138 2256 1128 2256 1126 2256 1138 2257 1139 2257 1128 2257 1139 2258 1130 2258 1128 2258 1138 2259 1126 2259 1124 2259 1139 2260 1132 2260 1130 2260 1138 2261 1124 2261 1122 2261 1139 2262 1134 2262 1132 2262 1138 2263 1122 2263 1120 2263 1139 2264 1136 2264 1134 2264 1138 2265 1120 2265 1118 2265 1139 2266 1055 2266 1136 2266 1141 2267 1138 2267 1118 2267 1141 2268 1118 2268 1116 2268 1140 2269 1057 2269 1055 2269 1140 2270 1055 2270 1139 2270 1141 2271 1116 2271 1113 2271 1140 2272 1059 2272 1057 2272 1141 2273 1113 2273 1112 2273 1062 2274 1059 2274 1140 2274 1141 2275 1112 2275 1110 2275 1064 2276 1062 2276 1140 2276 1141 2277 1110 2277 1108 2277 1143 2278 1064 2278 1140 2278 1142 2279 1141 2279 1108 2279 1067 2280 1064 2280 1143 2280 1106 2281 1142 2281 1108 2281 1069 2282 1067 2282 1143 2282 1104 2283 1142 2283 1106 2283 1145 2284 1142 2284 1104 2284 1101 2285 1145 2285 1104 2285 1071 2286 1069 2286 1143 2286 1072 2287 1071 2287 1143 2287 1099 2288 1145 2288 1101 2288 1098 2289 1145 2289 1099 2289 1072 2290 1143 2290 1144 2290 1074 2291 1072 2291 1144 2291 1095 2292 1145 2292 1098 2292 1095 2293 1146 2293 1145 2293 1076 2294 1074 2294 1144 2294 1094 2295 1146 2295 1095 2295 1078 2296 1076 2296 1144 2296 1091 2297 1146 2297 1094 2297 1080 2298 1078 2298 1144 2298 1080 2299 1144 2299 1147 2299 1090 2300 1146 2300 1091 2300 1082 2301 1080 2301 1147 2301 1088 2302 1146 2302 1090 2302 1086 2303 1146 2303 1088 2303 1083 2304 1082 2304 1147 2304 1086 2305 1147 2305 1146 2305 1083 2306 1147 2306 1086 2306 1140 2307 1139 2307 1148 2307 1140 2308 1148 2308 1149 2308 1143 2309 1140 2309 1149 2309 1143 2310 1149 2310 1154 2310 1144 2311 1143 2311 1154 2311 1144 2312 1154 2312 1150 2312 1147 2313 1144 2313 1150 2313 1147 2314 1150 2314 1153 2314 1147 2315 1153 2315 1155 2315 1146 2316 1147 2316 1155 2316 1146 2317 1155 2317 1158 2317 1145 2318 1146 2318 1158 2318 1145 2319 1158 2319 1151 2319 1142 2320 1145 2320 1151 2320 1142 2321 1151 2321 1160 2321 1141 2322 1142 2322 1160 2322 1141 2323 1160 2323 1156 2323 1141 2324 1156 2324 1159 2324 1138 2325 1141 2325 1159 2325 1138 2326 1159 2326 1161 2326 1139 2327 1138 2327 1161 2327 1139 2328 1161 2328 1148 2328 1149 2329 1152 2329 1162 2329 1154 2330 1149 2330 1162 2330 1154 2331 1162 2331 1163 2331 1150 2332 1154 2332 1163 2332 1153 2333 1150 2333 1163 2333 1149 2334 1148 2334 1152 2334 1155 2335 1153 2335 1164 2335 1158 2336 1155 2336 1164 2336 1151 2337 1158 2337 1165 2337 1151 2338 1165 2338 1166 2338 1160 2339 1151 2339 1166 2339 1160 2340 1166 2340 1156 2340 1159 2341 1156 2341 1157 2341 1161 2342 1159 2342 1157 2342 1161 2343 1157 2343 1167 2343 1148 2344 1167 2344 1152 2344 1148 2345 1161 2345 1167 2345 1153 2346 1163 2346 1164 2346 1158 2347 1164 2347 1165 2347 1156 2348 1166 2348 1157 2348 1168 2349 1167 2349 1157 2349 1169 2350 1168 2350 1157 2350 1170 2351 1167 2351 1168 2351 1172 2352 1169 2352 1157 2352 1171 2353 1167 2353 1170 2353 1173 2354 1172 2354 1157 2354 1174 2355 1152 2355 1167 2355 1174 2356 1167 2356 1171 2356 1175 2357 1173 2357 1157 2357 1175 2358 1157 2358 1166 2358 1176 2359 1152 2359 1174 2359 1176 2360 1162 2360 1152 2360 1177 2361 1175 2361 1166 2361 1178 2362 1162 2362 1176 2362 1180 2363 1177 2363 1166 2363 1179 2364 1162 2364 1178 2364 1166 2365 1181 2365 1180 2365 1182 2366 1162 2366 1179 2366 1165 2367 1181 2367 1166 2367 1165 2368 1183 2368 1181 2368 1162 2369 1182 2369 1184 2369 1165 2370 1186 2370 1183 2370 1163 2371 1162 2371 1184 2371 1163 2372 1184 2372 1185 2372 1165 2373 1187 2373 1186 2373 1163 2374 1185 2374 1188 2374 1164 2375 1187 2375 1165 2375 1164 2376 1189 2376 1187 2376 1163 2377 1188 2377 1190 2377 1164 2378 1190 2378 1189 2378 1164 2379 1163 2379 1190 2379 1174 2380 1214 2380 1191 2380 1176 2381 1174 2381 1191 2381 1176 2382 1191 2382 1192 2382 1178 2383 1176 2383 1192 2383 1178 2384 1192 2384 1193 2384 1179 2385 1178 2385 1193 2385 1182 2386 1179 2386 1193 2386 1182 2387 1193 2387 1194 2387 1184 2388 1194 2388 1195 2388 1184 2389 1182 2389 1194 2389 1185 2390 1195 2390 1196 2390 1185 2391 1184 2391 1195 2391 1185 2392 1196 2392 1197 2392 1188 2393 1185 2393 1197 2393 1188 2394 1197 2394 1198 2394 1190 2395 1188 2395 1198 2395 1190 2396 1198 2396 1199 2396 1189 2397 1190 2397 1199 2397 1189 2398 1199 2398 1200 2398 1187 2399 1189 2399 1200 2399 1187 2400 1200 2400 1201 2400 1186 2401 1187 2401 1201 2401 1186 2402 1201 2402 1202 2402 1183 2403 1186 2403 1202 2403 1183 2404 1202 2404 1203 2404 1181 2405 1183 2405 1203 2405 1181 2406 1203 2406 1204 2406 1180 2407 1181 2407 1204 2407 1180 2408 1204 2408 1205 2408 1177 2409 1180 2409 1205 2409 1177 2410 1205 2410 1206 2410 1175 2411 1177 2411 1206 2411 1175 2412 1206 2412 1207 2412 1173 2413 1175 2413 1207 2413 1173 2414 1207 2414 1208 2414 1172 2415 1173 2415 1208 2415 1172 2416 1208 2416 1209 2416 1169 2417 1209 2417 1210 2417 1169 2418 1172 2418 1209 2418 1168 2419 1210 2419 1211 2419 1168 2420 1169 2420 1210 2420 1170 2421 1168 2421 1211 2421 1170 2422 1211 2422 1212 2422 1170 2423 1212 2423 1213 2423 1171 2424 1170 2424 1213 2424 1171 2425 1213 2425 1214 2425 1174 2426 1171 2426 1214 2426 1215 2427 1191 2427 1214 2427 1215 2428 1192 2428 1191 2428 1215 2429 1193 2429 1192 2429 1215 2430 1194 2430 1193 2430 1216 2431 1194 2431 1215 2431 1216 2432 1195 2432 1194 2432 1216 2433 1196 2433 1195 2433 1216 2434 1197 2434 1196 2434 1217 2435 1197 2435 1216 2435 1217 2436 1198 2436 1197 2436 1217 2437 1199 2437 1198 2437 1217 2438 1200 2438 1199 2438 1218 2439 1200 2439 1217 2439 1218 2440 1201 2440 1200 2440 1218 2441 1202 2441 1201 2441 1218 2442 1203 2442 1202 2442 1218 2443 1204 2443 1203 2443 1219 2444 1205 2444 1204 2444 1219 2445 1204 2445 1218 2445 1219 2446 1206 2446 1205 2446 1219 2447 1207 2447 1206 2447 1219 2448 1208 2448 1207 2448 1220 2449 1209 2449 1208 2449 1220 2450 1208 2450 1219 2450 1220 2451 1210 2451 1209 2451 1220 2452 1211 2452 1210 2452 1220 2453 1212 2453 1211 2453 1215 2454 1212 2454 1220 2454 1215 2455 1213 2455 1212 2455 1215 2456 1214 2456 1213 2456 1223 2457 1221 2457 1220 2457 1221 2458 1215 2458 1220 2458 1222 2459 1215 2459 1221 2459 1223 2460 1220 2460 1219 2460 1225 2461 1223 2461 1219 2461 1224 2462 1215 2462 1222 2462 1226 2463 1225 2463 1219 2463 1227 2464 1215 2464 1224 2464 1216 2465 1215 2465 1227 2465 1216 2466 1227 2466 1228 2466 1218 2467 1229 2467 1226 2467 1218 2468 1226 2468 1219 2468 1218 2469 1231 2469 1229 2469 1216 2470 1228 2470 1230 2470 1216 2471 1230 2471 1232 2471 1217 2472 1216 2472 1232 2472 1217 2473 1231 2473 1218 2473 1217 2474 1232 2474 1231 2474 1234 2475 1240 2475 1233 2475 1234 2476 1235 2476 1240 2476 1236 2477 1235 2477 1234 2477 1237 2478 1235 2478 1236 2478 1238 2479 1235 2479 1237 2479 1239 2480 1235 2480 1238 2480 1241 2481 1235 2481 1239 2481 1242 2482 1235 2482 1241 2482 1242 2483 1240 2483 1235 2483 1243 2484 1240 2484 1242 2484 1244 2485 1240 2485 1243 2485 1245 2486 1240 2486 1244 2486 1233 2487 1240 2487 1245 2487 1233 2488 1231 2488 1234 2488 1234 2489 1232 2489 1236 2489 1231 2490 1232 2490 1234 2490 1232 2491 1230 2491 1236 2491 1236 2492 1230 2492 1237 2492 1230 2493 1228 2493 1237 2493 1237 2494 1228 2494 1238 2494 1228 2495 1227 2495 1238 2495 1238 2496 1224 2496 1239 2496 1227 2497 1224 2497 1238 2497 1224 2498 1222 2498 1239 2498 1239 2499 1222 2499 1241 2499 1222 2500 1221 2500 1241 2500 1241 2501 1221 2501 1242 2501 1221 2502 1223 2502 1242 2502 1242 2503 1223 2503 1243 2503 1223 2504 1225 2504 1243 2504 1243 2505 1225 2505 1244 2505 1225 2506 1226 2506 1244 2506 1244 2507 1226 2507 1245 2507 1226 2508 1229 2508 1245 2508 1245 2509 1229 2509 1233 2509 1229 2510 1231 2510 1233 2510 1247 2511 1065 2511 1066 2511 1246 2512 1063 2512 1065 2512 1246 2513 1065 2513 1247 2513 1247 2514 1066 2514 1068 2514 1246 2515 1061 2515 1063 2515 1246 2516 1060 2516 1061 2516 1247 2517 1068 2517 1070 2517 1246 2518 1058 2518 1060 2518 1247 2519 1070 2519 1073 2519 1246 2520 1056 2520 1058 2520 1246 2521 1054 2521 1056 2521 1247 2522 1073 2522 1075 2522 1248 2523 1054 2523 1246 2523 1249 2524 1247 2524 1075 2524 1248 2525 1137 2525 1054 2525 1248 2526 1135 2526 1137 2526 1249 2527 1075 2527 1077 2527 1249 2528 1077 2528 1079 2528 1248 2529 1133 2529 1135 2529 1249 2530 1079 2530 1081 2530 1248 2531 1131 2531 1133 2531 1248 2532 1129 2532 1131 2532 1249 2533 1081 2533 1084 2533 1252 2534 1249 2534 1084 2534 1250 2535 1127 2535 1129 2535 1250 2536 1129 2536 1248 2536 1085 2537 1252 2537 1084 2537 1125 2538 1127 2538 1250 2538 1123 2539 1125 2539 1250 2539 1087 2540 1252 2540 1085 2540 1089 2541 1252 2541 1087 2541 1121 2542 1123 2542 1250 2542 1092 2543 1252 2543 1089 2543 1119 2544 1121 2544 1250 2544 1093 2545 1252 2545 1092 2545 1119 2546 1250 2546 1251 2546 1117 2547 1119 2547 1251 2547 1096 2548 1252 2548 1093 2548 1096 2549 1253 2549 1252 2549 1115 2550 1117 2550 1251 2550 1097 2551 1253 2551 1096 2551 1114 2552 1115 2552 1251 2552 1100 2553 1253 2553 1097 2553 1111 2554 1114 2554 1251 2554 1111 2555 1251 2555 1256 2555 1102 2556 1253 2556 1100 2556 1109 2557 1111 2557 1256 2557 1103 2558 1253 2558 1102 2558 1105 2559 1253 2559 1103 2559 1107 2560 1109 2560 1256 2560 1105 2561 1256 2561 1253 2561 1107 2562 1256 2562 1105 2562 1248 2563 1260 2563 1254 2563 1250 2564 1248 2564 1254 2564 1250 2565 1254 2565 1255 2565 1251 2566 1250 2566 1255 2566 1251 2567 1255 2567 1264 2567 1256 2568 1251 2568 1264 2568 1253 2569 1256 2569 1257 2569 1253 2570 1257 2570 1267 2570 1252 2571 1253 2571 1267 2571 1252 2572 1267 2572 1266 2572 1252 2573 1266 2573 1271 2573 1249 2574 1252 2574 1271 2574 1249 2575 1271 2575 1258 2575 1247 2576 1249 2576 1258 2576 1247 2577 1258 2577 1272 2577 1246 2578 1272 2578 1259 2578 1246 2579 1247 2579 1272 2579 1246 2580 1259 2580 1260 2580 1248 2581 1246 2581 1260 2581 1260 2582 1270 2582 1261 2582 1254 2583 1260 2583 1261 2583 1255 2584 1254 2584 1262 2584 1263 2585 1255 2585 1262 2585 1264 2586 1263 2586 1265 2586 1257 2587 1265 2587 1274 2587 1263 2588 1264 2588 1255 2588 1275 2589 1266 2589 1267 2589 1265 2590 1256 2590 1264 2590 1265 2591 1257 2591 1256 2591 1258 2592 1268 2592 1269 2592 1274 2593 1267 2593 1257 2593 1268 2594 1271 2594 1266 2594 1259 2595 1273 2595 1270 2595 1260 2596 1259 2596 1270 2596 1258 2597 1271 2597 1268 2597 1258 2598 1269 2598 1272 2598 1273 2599 1259 2599 1272 2599 1254 2600 1261 2600 1262 2600 1267 2601 1274 2601 1275 2601 1268 2602 1266 2602 1275 2602 1273 2603 1272 2603 1269 2603 1277 2604 1276 2604 1273 2604 1277 2605 1273 2605 1269 2605 1279 2606 1273 2606 1276 2606 1279 2607 1270 2607 1273 2607 1278 2608 1277 2608 1269 2608 1280 2609 1270 2609 1279 2609 1281 2610 1278 2610 1269 2610 1282 2611 1270 2611 1280 2611 1282 2612 1261 2612 1270 2612 1284 2613 1269 2613 1268 2613 1284 2614 1281 2614 1269 2614 1283 2615 1261 2615 1282 2615 1286 2616 1284 2616 1268 2616 1285 2617 1261 2617 1283 2617 1287 2618 1261 2618 1285 2618 1286 2619 1268 2619 1275 2619 1288 2620 1286 2620 1275 2620 1287 2621 1262 2621 1261 2621 1262 2622 1287 2622 1289 2622 1275 2623 1290 2623 1288 2623 1291 2624 1290 2624 1275 2624 1262 2625 1289 2625 1292 2625 1275 2626 1293 2626 1291 2626 1274 2627 1293 2627 1275 2627 1262 2628 1292 2628 1295 2628 1263 2629 1262 2629 1295 2629 1274 2630 1294 2630 1293 2630 1263 2631 1295 2631 1296 2631 1265 2632 1294 2632 1274 2632 1265 2633 1297 2633 1294 2633 1263 2634 1296 2634 1298 2634 1265 2635 1298 2635 1297 2635 1265 2636 1263 2636 1298 2636 1283 2637 1282 2637 1320 2637 1283 2638 1320 2638 1299 2638 1285 2639 1299 2639 1300 2639 1285 2640 1283 2640 1299 2640 1287 2641 1285 2641 1300 2641 1287 2642 1300 2642 1301 2642 1289 2643 1287 2643 1301 2643 1289 2644 1301 2644 1302 2644 1292 2645 1289 2645 1302 2645 1292 2646 1302 2646 1303 2646 1295 2647 1292 2647 1303 2647 1295 2648 1303 2648 1304 2648 1296 2649 1295 2649 1304 2649 1298 2650 1296 2650 1304 2650 1298 2651 1304 2651 1305 2651 1297 2652 1298 2652 1305 2652 1297 2653 1305 2653 1306 2653 1294 2654 1297 2654 1306 2654 1294 2655 1306 2655 1307 2655 1293 2656 1294 2656 1307 2656 1293 2657 1307 2657 1308 2657 1293 2658 1308 2658 1309 2658 1291 2659 1293 2659 1309 2659 1291 2660 1309 2660 1310 2660 1290 2661 1291 2661 1310 2661 1290 2662 1310 2662 1311 2662 1288 2663 1290 2663 1311 2663 1288 2664 1311 2664 1312 2664 1286 2665 1288 2665 1312 2665 1286 2666 1312 2666 1313 2666 1284 2667 1286 2667 1313 2667 1284 2668 1313 2668 1314 2668 1281 2669 1284 2669 1314 2669 1281 2670 1314 2670 1315 2670 1278 2671 1281 2671 1315 2671 1277 2672 1315 2672 1316 2672 1277 2673 1278 2673 1315 2673 1276 2674 1277 2674 1316 2674 1276 2675 1316 2675 1317 2675 1279 2676 1276 2676 1317 2676 1279 2677 1317 2677 1318 2677 1280 2678 1279 2678 1318 2678 1280 2679 1318 2679 1319 2679 1282 2680 1280 2680 1319 2680 1282 2681 1319 2681 1320 2681 1326 2682 1299 2682 1320 2682 1321 2683 1299 2683 1326 2683 1321 2684 1300 2684 1299 2684 1322 2685 1300 2685 1321 2685 1322 2686 1301 2686 1300 2686 1322 2687 1302 2687 1301 2687 1322 2688 1303 2688 1302 2688 1323 2689 1304 2689 1303 2689 1323 2690 1303 2690 1322 2690 1323 2691 1305 2691 1304 2691 1323 2692 1306 2692 1305 2692 1323 2693 1307 2693 1306 2693 1323 2694 1308 2694 1307 2694 1324 2695 1308 2695 1323 2695 1324 2696 1309 2696 1308 2696 1324 2697 1310 2697 1309 2697 1324 2698 1311 2698 1310 2698 1324 2699 1312 2699 1311 2699 1325 2700 1313 2700 1312 2700 1325 2701 1312 2701 1324 2701 1325 2702 1314 2702 1313 2702 1325 2703 1315 2703 1314 2703 1325 2704 1316 2704 1315 2704 1326 2705 1316 2705 1325 2705 1326 2706 1317 2706 1316 2706 1326 2707 1318 2707 1317 2707 1326 2708 1319 2708 1318 2708 1326 2709 1320 2709 1319 2709 1328 2710 1326 2710 1327 2710 1329 2711 1327 2711 1326 2711 1329 2712 1326 2712 1325 2712 1330 2713 1329 2713 1325 2713 1328 2714 1321 2714 1326 2714 1331 2715 1321 2715 1328 2715 1333 2716 1330 2716 1325 2716 1324 2717 1333 2717 1325 2717 1321 2718 1331 2718 1332 2718 1324 2719 1334 2719 1333 2719 1323 2720 1334 2720 1324 2720 1322 2721 1321 2721 1332 2721 1322 2722 1332 2722 1335 2722 1323 2723 1336 2723 1334 2723 1323 2724 1322 2724 1335 2724 1323 2725 1335 2725 1336 2725 1339 2726 1337 2726 1338 2726 1340 2727 1337 2727 1339 2727 1341 2728 1337 2728 1340 2728 1343 2729 1337 2729 1341 2729 1343 2730 1342 2730 1337 2730 1344 2731 1342 2731 1343 2731 1345 2732 1342 2732 1344 2732 1346 2733 1342 2733 1345 2733 1347 2734 1342 2734 1346 2734 1348 2735 1342 2735 1347 2735 1338 2736 1337 2736 1348 2736 1348 2737 1337 2737 1342 2737 1338 2738 1328 2738 1339 2738 1328 2739 1327 2739 1339 2739 1339 2740 1327 2740 1340 2740 1327 2741 1329 2741 1340 2741 1329 2742 1330 2742 1340 2742 1340 2743 1330 2743 1341 2743 1330 2744 1333 2744 1341 2744 1341 2745 1333 2745 1343 2745 1333 2746 1334 2746 1343 2746 1343 2747 1334 2747 1344 2747 1334 2748 1336 2748 1344 2748 1344 2749 1336 2749 1345 2749 1336 2750 1335 2750 1345 2750 1345 2751 1335 2751 1346 2751 1335 2752 1332 2752 1346 2752 1346 2753 1332 2753 1347 2753 1332 2754 1331 2754 1347 2754 1347 2755 1331 2755 1348 2755 1348 2756 1331 2756 1338 2756 1331 2757 1328 2757 1338 2757 1349 2758 1355 2758 1350 2758 1351 2759 1355 2759 1349 2759 1352 2760 1349 2760 1350 2760 1353 2761 1352 2761 1350 2761 1354 2762 1355 2762 1351 2762 1353 2763 1355 2763 1354 2763 1356 2764 1352 2764 1353 2764 1353 2765 1354 2765 1357 2765 1353 2766 1357 2766 1356 2766 1358 2767 1359 2767 1365 2767 1365 2768 1361 2768 1358 2768 1359 2769 1360 2769 1365 2769 1365 2770 1362 2770 1361 2770 1363 2771 1365 2771 1360 2771 1362 2772 1365 2772 1364 2772 1364 2773 1365 2773 1366 2773 1366 2774 1365 2774 1363 2774 1356 2775 1357 2775 1375 2775 1356 2776 1375 2776 1376 2776 1357 2777 1354 2777 1377 2777 1357 2778 1377 2778 1375 2778 1354 2779 1351 2779 1378 2779 1354 2780 1378 2780 1377 2780 1351 2781 1349 2781 1379 2781 1351 2782 1379 2782 1378 2782 1352 2783 1380 2783 1379 2783 1352 2784 1379 2784 1349 2784 1352 2785 1356 2785 1376 2785 1352 2786 1376 2786 1380 2786 1363 2787 1381 2787 1382 2787 1366 2788 1363 2788 1382 2788 1364 2789 1366 2789 1382 2789 1364 2790 1382 2790 1383 2790 1362 2791 1364 2791 1383 2791 1362 2792 1383 2792 1384 2792 1361 2793 1384 2793 1385 2793 1361 2794 1362 2794 1384 2794 1358 2795 1361 2795 1385 2795 1358 2796 1385 2796 1386 2796 1358 2797 1386 2797 1387 2797 1359 2798 1358 2798 1387 2798 1359 2799 1387 2799 1388 2799 1360 2800 1359 2800 1388 2800 1360 2801 1388 2801 1389 2801 1363 2802 1360 2802 1389 2802 1363 2803 1389 2803 1381 2803 1374 2804 1367 2804 1365 2804 1373 2805 1374 2805 1365 2805 1372 2806 1373 2806 1365 2806 1371 2807 1372 2807 1365 2807 1370 2808 1371 2808 1365 2808 1369 2809 1370 2809 1365 2809 1368 2810 1369 2810 1365 2810 1367 2811 1368 2811 1365 2811 1367 2812 1374 2812 1353 2812 1350 2813 1367 2813 1353 2813 1368 2814 1367 2814 1350 2814 1369 2815 1368 2815 1350 2815 1369 2816 1350 2816 1355 2816 1370 2817 1369 2817 1355 2817 1371 2818 1370 2818 1355 2818 1372 2819 1371 2819 1355 2819 1353 2820 1372 2820 1355 2820 1373 2821 1372 2821 1353 2821 1374 2822 1373 2822 1353 2822 1382 2823 1381 2823 1390 2823 1383 2824 1382 2824 1390 2824 1384 2825 1383 2825 1390 2825 1385 2826 1384 2826 1390 2826 1386 2827 1385 2827 1390 2827 1387 2828 1386 2828 1390 2828 1388 2829 1387 2829 1390 2829 1389 2830 1388 2830 1390 2830 1381 2831 1389 2831 1390 2831 1375 2832 1379 2832 1380 2832 1375 2833 1380 2833 1376 2833 1375 2834 1377 2834 1378 2834 1375 2835 1378 2835 1379 2835 1391 2836 1397 2836 1392 2836 1393 2837 1397 2837 1391 2837 1394 2838 1391 2838 1392 2838 1395 2839 1394 2839 1392 2839 1395 2840 1397 2840 1393 2840 1396 2841 1394 2841 1395 2841 1395 2842 1398 2842 1396 2842 1399 2843 1400 2843 1401 2843 1401 2844 1403 2844 1399 2844 1400 2845 1402 2845 1401 2845 1418 2846 1403 2846 1401 2846 1401 2847 1402 2847 1406 2847 1418 2848 1404 2848 1403 2848 1402 2849 1405 2849 1406 2849 1404 2850 1418 2850 1407 2850 1418 2851 1412 2851 1407 2851 1408 2852 1406 2852 1405 2852 1409 2853 1406 2853 1408 2853 1407 2854 1412 2854 1410 2854 1409 2855 1412 2855 1406 2855 1411 2856 1412 2856 1409 2856 1410 2857 1412 2857 1411 2857 1396 2858 1398 2858 1422 2858 1396 2859 1422 2859 1423 2859 1398 2860 1395 2860 1424 2860 1398 2861 1424 2861 1422 2861 1395 2862 1393 2862 1425 2862 1395 2863 1425 2863 1424 2863 1393 2864 1391 2864 1426 2864 1393 2865 1426 2865 1425 2865 1394 2866 1427 2866 1426 2866 1394 2867 1426 2867 1391 2867 1394 2868 1396 2868 1423 2868 1394 2869 1423 2869 1427 2869 1409 2870 1428 2870 1429 2870 1411 2871 1409 2871 1429 2871 1411 2872 1429 2872 1430 2872 1410 2873 1411 2873 1430 2873 1410 2874 1430 2874 1431 2874 1407 2875 1410 2875 1431 2875 1407 2876 1431 2876 1432 2876 1404 2877 1407 2877 1432 2877 1404 2878 1432 2878 1433 2878 1403 2879 1404 2879 1433 2879 1399 2880 1403 2880 1433 2880 1399 2881 1433 2881 1434 2881 1399 2882 1434 2882 1435 2882 1400 2883 1399 2883 1435 2883 1402 2884 1400 2884 1435 2884 1402 2885 1435 2885 1436 2885 1405 2886 1436 2886 1437 2886 1405 2887 1402 2887 1436 2887 1408 2888 1405 2888 1437 2888 1408 2889 1437 2889 1428 2889 1409 2890 1408 2890 1428 2890 1412 2891 1421 2891 1406 2891 1420 2892 1421 2892 1412 2892 1419 2893 1420 2893 1412 2893 1418 2894 1419 2894 1412 2894 1417 2895 1418 2895 1401 2895 1416 2896 1417 2896 1401 2896 1415 2897 1416 2897 1401 2897 1415 2898 1401 2898 1406 2898 1414 2899 1415 2899 1406 2899 1413 2900 1414 2900 1406 2900 1421 2901 1413 2901 1406 2901 1413 2902 1421 2902 1395 2902 1414 2903 1413 2903 1395 2903 1392 2904 1414 2904 1395 2904 1415 2905 1414 2905 1392 2905 1416 2906 1415 2906 1392 2906 1397 2907 1416 2907 1392 2907 1417 2908 1416 2908 1397 2908 1418 2909 1417 2909 1397 2909 1419 2910 1418 2910 1397 2910 1419 2911 1397 2911 1395 2911 1420 2912 1419 2912 1395 2912 1421 2913 1420 2913 1395 2913 1429 2914 1428 2914 1438 2914 1430 2915 1429 2915 1438 2915 1431 2916 1430 2916 1438 2916 1432 2917 1431 2917 1438 2917 1433 2918 1432 2918 1438 2918 1434 2919 1433 2919 1438 2919 1435 2920 1434 2920 1438 2920 1436 2921 1435 2921 1438 2921 1437 2922 1436 2922 1438 2922 1428 2923 1437 2923 1438 2923 1423 2924 1426 2924 1427 2924 1423 2925 1425 2925 1426 2925 1422 2926 1424 2926 1425 2926 1422 2927 1425 2927 1423 2927 1440 2928 1446 2928 1441 2928 1440 2929 1441 2929 1446 2929 1440 2930 1446 2930 1439 2930 1442 2931 1439 2931 1446 2931 1443 2932 1446 2932 1440 2932 1444 2933 1442 2933 1446 2933 1446 2934 1443 2934 1445 2934 1446 2935 1445 2935 1444 2935 1447 2936 1448 2936 1456 2936 1456 2937 1449 2937 1447 2937 1448 2938 1451 2938 1456 2938 1456 2939 1450 2939 1449 2939 1451 2940 1452 2940 1456 2940 1450 2941 1456 2941 1453 2941 1454 2942 1456 2942 1452 2942 1453 2943 1456 2943 1455 2943 1455 2944 1456 2944 1454 2944 1444 2945 1463 2945 1467 2945 1444 2946 1445 2946 1463 2946 1445 2947 1464 2947 1463 2947 1445 2948 1443 2948 1464 2948 1443 2949 1465 2949 1464 2949 1443 2950 1440 2950 1465 2950 1440 2951 1466 2951 1465 2951 1440 2952 1439 2952 1466 2952 1442 2953 1467 2953 1466 2953 1442 2954 1466 2954 1439 2954 1442 2955 1444 2955 1467 2955 1454 2956 1476 2956 1468 2956 1455 2957 1454 2957 1468 2957 1455 2958 1468 2958 1469 2958 1453 2959 1455 2959 1469 2959 1453 2960 1469 2960 1470 2960 1450 2961 1453 2961 1470 2961 1450 2962 1470 2962 1471 2962 1449 2963 1450 2963 1471 2963 1449 2964 1471 2964 1472 2964 1447 2965 1449 2965 1472 2965 1447 2966 1472 2966 1473 2966 1448 2967 1447 2967 1473 2967 1448 2968 1473 2968 1474 2968 1448 2969 1474 2969 1475 2969 1451 2970 1448 2970 1475 2970 1452 2971 1451 2971 1475 2971 1452 2972 1475 2972 1476 2972 1454 2973 1452 2973 1476 2973 1463 2974 1465 2974 1466 2974 1463 2975 1466 2975 1467 2975 1463 2976 1464 2976 1465 2976 1462 2977 1457 2977 1456 2977 1461 2978 1462 2978 1456 2978 1460 2979 1461 2979 1456 2979 1441 2980 1460 2980 1456 2980 1459 2981 1441 2981 1456 2981 1458 2982 1459 2982 1456 2982 1457 2983 1458 2983 1456 2983 1458 2984 1457 2984 1446 2984 1459 2985 1458 2985 1446 2985 1441 2986 1459 2986 1446 2986 1460 2987 1441 2987 1446 2987 1461 2988 1460 2988 1446 2988 1462 2989 1461 2989 1446 2989 1457 2990 1462 2990 1446 2990 1468 2991 1476 2991 1477 2991 1469 2992 1468 2992 1477 2992 1470 2993 1469 2993 1477 2993 1471 2994 1470 2994 1477 2994 1472 2995 1471 2995 1477 2995 1473 2996 1472 2996 1477 2996 1474 2997 1473 2997 1477 2997 1475 2998 1474 2998 1477 2998 1476 2999 1475 2999 1477 2999 1479 3000 1478 3000 1482 3000 1480 3001 1482 3001 1478 3001 1481 3002 1479 3002 1482 3002 1487 3003 1484 3003 1483 3003 1483 3004 1485 3004 1487 3004 1487 3005 1486 3005 1484 3005 1485 3006 1488 3006 1487 3006 1487 3007 1489 3007 1486 3007 1489 3008 1487 3008 1490 3008 1491 3009 1487 3009 1488 3009 1492 3010 1487 3010 1491 3010 1490 3011 1487 3011 1492 3011 1481 3012 1499 3012 1503 3012 1481 3013 1482 3013 1499 3013 1482 3014 1500 3014 1499 3014 1482 3015 1480 3015 1500 3015 1480 3016 1501 3016 1500 3016 1480 3017 1478 3017 1501 3017 1478 3018 1502 3018 1501 3018 1479 3019 1503 3019 1502 3019 1479 3020 1502 3020 1478 3020 1479 3021 1481 3021 1503 3021 1492 3022 1491 3022 1504 3022 1492 3023 1504 3023 1505 3023 1490 3024 1492 3024 1505 3024 1490 3025 1505 3025 1506 3025 1489 3026 1490 3026 1506 3026 1489 3027 1506 3027 1507 3027 1486 3028 1489 3028 1507 3028 1486 3029 1507 3029 1508 3029 1484 3030 1486 3030 1508 3030 1484 3031 1508 3031 1509 3031 1483 3032 1484 3032 1509 3032 1483 3033 1509 3033 1510 3033 1485 3034 1483 3034 1510 3034 1485 3035 1510 3035 1511 3035 1485 3036 1511 3036 1512 3036 1488 3037 1485 3037 1512 3037 1488 3038 1512 3038 1513 3038 1491 3039 1488 3039 1513 3039 1491 3040 1513 3040 1504 3040 1499 3041 1501 3041 1502 3041 1499 3042 1502 3042 1503 3042 1499 3043 1500 3043 1501 3043 1497 3044 1498 3044 1487 3044 1496 3045 1497 3045 1487 3045 1495 3046 1496 3046 1487 3046 1494 3047 1495 3047 1487 3047 1493 3048 1494 3048 1487 3048 1498 3049 1493 3049 1487 3049 1493 3050 1498 3050 1482 3050 1494 3051 1493 3051 1482 3051 1495 3052 1494 3052 1482 3052 1496 3053 1495 3053 1482 3053 1497 3054 1496 3054 1482 3054 1498 3055 1497 3055 1482 3055 1505 3056 1504 3056 1514 3056 1506 3057 1505 3057 1514 3057 1507 3058 1506 3058 1514 3058 1508 3059 1507 3059 1514 3059 1509 3060 1508 3060 1514 3060 1510 3061 1509 3061 1514 3061 1511 3062 1510 3062 1514 3062 1512 3063 1511 3063 1514 3063 1513 3064 1512 3064 1514 3064 1504 3065 1513 3065 1514 3065 1516 3066 1521 3066 1515 3066 1517 3067 1515 3067 1521 3067 1518 3068 1521 3068 1516 3068 1519 3069 1517 3069 1521 3069 1536 3070 1521 3070 1518 3070 1521 3071 1536 3071 1518 3071 1521 3072 1518 3072 1520 3072 1521 3073 1520 3073 1519 3073 1522 3074 1524 3074 1523 3074 1523 3075 1525 3075 1522 3075 1524 3076 1526 3076 1523 3076 1523 3077 1527 3077 1525 3077 1528 3078 1523 3078 1526 3078 1527 3079 1523 3079 1529 3079 1530 3080 1523 3080 1528 3080 1529 3081 1523 3081 1531 3081 1531 3082 1523 3082 1530 3082 1519 3083 1539 3083 1543 3083 1519 3084 1520 3084 1539 3084 1520 3085 1540 3085 1539 3085 1520 3086 1518 3086 1540 3086 1518 3087 1541 3087 1540 3087 1518 3088 1516 3088 1541 3088 1516 3089 1542 3089 1541 3089 1516 3090 1515 3090 1542 3090 1517 3091 1543 3091 1542 3091 1517 3092 1542 3092 1515 3092 1517 3093 1519 3093 1543 3093 1531 3094 1544 3094 1545 3094 1531 3095 1530 3095 1544 3095 1529 3096 1531 3096 1545 3096 1529 3097 1545 3097 1546 3097 1527 3098 1529 3098 1546 3098 1527 3099 1546 3099 1547 3099 1525 3100 1527 3100 1547 3100 1525 3101 1547 3101 1548 3101 1522 3102 1525 3102 1548 3102 1522 3103 1548 3103 1549 3103 1524 3104 1522 3104 1549 3104 1524 3105 1549 3105 1550 3105 1526 3106 1524 3106 1550 3106 1526 3107 1550 3107 1551 3107 1526 3108 1551 3108 1552 3108 1528 3109 1526 3109 1552 3109 1530 3110 1528 3110 1552 3110 1530 3111 1552 3111 1544 3111 1543 3112 1541 3112 1542 3112 1539 3113 1540 3113 1541 3113 1539 3114 1541 3114 1543 3114 1538 3115 1532 3115 1523 3115 1537 3116 1538 3116 1523 3116 1536 3117 1537 3117 1523 3117 1535 3118 1536 3118 1523 3118 1534 3119 1535 3119 1523 3119 1533 3120 1534 3120 1523 3120 1532 3121 1533 3121 1523 3121 1533 3122 1532 3122 1521 3122 1534 3123 1533 3123 1521 3123 1535 3124 1534 3124 1521 3124 1536 3125 1535 3125 1521 3125 1537 3126 1536 3126 1521 3126 1538 3127 1537 3127 1521 3127 1532 3128 1538 3128 1521 3128 1545 3129 1544 3129 1553 3129 1546 3130 1545 3130 1553 3130 1547 3131 1546 3131 1553 3131 1548 3132 1547 3132 1553 3132 1549 3133 1548 3133 1553 3133 1550 3134 1549 3134 1553 3134 1551 3135 1550 3135 1553 3135 1552 3136 1551 3136 1553 3136 1544 3137 1552 3137 1553 3137 1557 3138 1555 3138 1554 3138 1557 3139 2425 3139 1555 3139 1555 3140 2425 3140 1556 3140 1557 3141 1558 3141 2425 3141 1559 3142 1561 3142 1558 3142 1561 3143 1560 3143 1558 3143 1558 3144 1560 3144 2425 3144 1560 3145 1561 3145 2423 3145 2848 3146 1564 3146 1563 3146 1564 3147 2830 3147 1566 3147 1562 3148 1565 3148 2829 3148 1566 3149 2829 3149 1565 3149 2830 3150 2829 3150 1566 3150 1567 3151 1569 3151 1570 3151 1568 3152 1569 3152 1567 3152 1570 3153 1571 3153 1572 3153 1569 3154 1571 3154 1570 3154 1571 3155 1573 3155 1572 3155 1572 3156 1573 3156 1574 3156 1574 3157 1573 3157 1575 3157 1573 3158 1576 3158 1575 3158 1575 3159 1576 3159 1577 3159 1576 3160 1578 3160 1577 3160 1577 3161 1578 3161 1579 3161 1578 3162 1580 3162 1579 3162 1579 3163 1580 3163 1567 3163 1580 3164 1568 3164 1567 3164 1592 3165 1581 3165 1583 3165 1581 3166 1582 3166 1583 3166 1583 3167 1584 3167 1586 3167 1582 3168 1584 3168 1583 3168 1584 3169 1585 3169 1586 3169 1586 3170 1585 3170 1587 3170 1585 3171 1588 3171 1587 3171 1588 3172 1589 3172 1587 3172 1587 3173 1589 3173 1590 3173 1589 3174 1591 3174 1590 3174 1590 3175 1591 3175 1592 3175 1591 3176 1581 3176 1592 3176 1593 3177 1594 3177 1595 3177 1594 3178 1596 3178 1595 3178 1595 3179 1596 3179 1597 3179 1596 3180 1598 3180 1597 3180 1597 3181 1599 3181 1601 3181 1598 3182 1599 3182 1597 3182 1599 3183 1600 3183 1601 3183 1601 3184 1603 3184 1602 3184 1600 3185 1603 3185 1601 3185 1603 3186 1604 3186 1602 3186 1602 3187 1604 3187 1605 3187 1604 3188 2393 3188 1605 3188 2393 3189 1594 3189 1605 3189 1605 3190 1594 3190 1593 3190 1619 3191 1606 3191 1607 3191 1606 3192 1609 3192 1607 3192 1607 3193 1609 3193 1608 3193 1609 3194 1610 3194 1608 3194 1610 3195 1611 3195 1608 3195 1611 3196 1613 3196 1608 3196 1608 3197 1613 3197 1612 3197 1612 3198 1613 3198 1615 3198 1613 3199 1614 3199 1615 3199 1614 3200 1616 3200 1615 3200 1615 3201 1616 3201 1617 3201 1616 3202 1618 3202 1617 3202 1617 3203 1618 3203 1619 3203 1618 3204 1620 3204 1619 3204 1620 3205 1606 3205 1619 3205 1634 3206 1621 3206 1622 3206 1622 3207 1621 3207 1623 3207 1621 3208 1624 3208 1623 3208 1624 3209 1625 3209 1623 3209 1623 3210 1625 3210 1627 3210 1625 3211 1626 3211 1627 3211 1627 3212 1628 3212 1629 3212 1626 3213 1628 3213 1627 3213 1628 3214 1630 3214 1629 3214 1629 3215 1630 3215 1631 3215 1630 3216 1632 3216 1631 3216 1631 3217 1632 3217 1633 3217 1632 3218 1634 3218 1633 3218 1633 3219 1634 3219 1622 3219 1651 3220 1636 3220 1635 3220 1635 3221 1636 3221 1637 3221 1636 3222 1638 3222 1637 3222 1637 3223 1638 3223 1639 3223 1638 3224 1640 3224 1639 3224 1640 3225 1641 3225 1639 3225 1639 3226 1641 3226 1642 3226 1641 3227 1643 3227 1642 3227 1642 3228 1643 3228 1644 3228 1643 3229 1645 3229 1644 3229 1644 3230 1645 3230 1646 3230 1645 3231 1647 3231 1646 3231 1647 3232 1648 3232 1646 3232 1646 3233 1648 3233 1649 3233 1648 3234 1650 3234 1649 3234 1650 3235 1651 3235 1649 3235 1649 3236 1651 3236 1635 3236 1668 3237 1652 3237 1653 3237 1652 3238 1654 3238 1653 3238 1654 3239 1655 3239 1653 3239 1653 3240 1655 3240 1657 3240 1655 3241 1656 3241 1657 3241 1656 3242 1658 3242 1657 3242 1657 3243 1658 3243 1660 3243 1658 3244 1659 3244 1660 3244 1660 3245 1659 3245 1661 3245 1659 3246 1662 3246 1661 3246 1661 3247 1662 3247 1663 3247 1662 3248 1664 3248 1663 3248 1663 3249 1664 3249 1665 3249 1664 3250 1666 3250 1665 3250 1666 3251 1667 3251 1665 3251 1665 3252 1667 3252 1668 3252 1667 3253 1652 3253 1668 3253 1683 3254 1669 3254 1670 3254 1669 3255 1671 3255 1670 3255 1670 3256 1671 3256 1672 3256 1671 3257 1673 3257 1672 3257 1672 3258 1673 3258 1674 3258 1673 3259 1675 3259 1674 3259 1674 3260 1675 3260 1676 3260 1675 3261 1677 3261 1676 3261 1676 3262 1677 3262 1679 3262 1677 3263 1678 3263 1679 3263 1678 3264 1680 3264 1679 3264 1679 3265 1680 3265 1681 3265 1680 3266 1682 3266 1681 3266 1681 3267 1682 3267 1683 3267 1682 3268 1684 3268 1683 3268 1684 3269 1669 3269 1683 3269 1685 3270 1686 3270 1687 3270 1688 3271 1685 3271 1687 3271 1688 3272 1687 3272 1690 3272 1689 3273 1688 3273 1690 3273 1689 3274 1690 3274 1691 3274 1692 3275 1689 3275 1691 3275 1692 3276 1691 3276 1693 3276 1694 3277 1692 3277 1693 3277 1694 3278 1693 3278 1695 3278 1696 3279 1694 3279 1695 3279 1696 3280 1695 3280 1697 3280 1698 3281 1696 3281 1697 3281 2731 3282 1698 3282 1699 3282 1700 3283 2731 3283 1699 3283 1700 3284 1699 3284 1701 3284 1702 3285 1700 3285 1701 3285 1703 3286 1701 3286 1704 3286 1703 3287 1702 3287 1701 3287 1705 3288 1704 3288 1706 3288 1705 3289 1703 3289 1704 3289 1707 3290 1685 3290 1708 3290 1707 3291 1686 3291 1685 3291 1709 3292 1710 3292 1711 3292 1712 3293 1711 3293 1713 3293 1712 3294 1709 3294 1711 3294 1714 3295 1713 3295 1715 3295 1714 3296 1712 3296 1713 3296 1716 3297 1714 3297 1715 3297 1716 3298 1715 3298 1717 3298 1719 3299 1716 3299 1717 3299 1719 3300 1717 3300 1718 3300 1719 3301 1718 3301 1720 3301 1721 3302 1719 3302 1720 3302 1721 3303 1720 3303 1722 3303 1723 3304 1721 3304 1722 3304 1723 3305 1722 3305 1724 3305 1725 3306 1724 3306 1726 3306 1725 3307 1723 3307 1724 3307 1727 3308 1726 3308 1728 3308 1727 3309 1728 3309 1729 3309 1730 3310 1727 3310 1729 3310 1730 3311 1729 3311 1707 3311 1708 3312 1730 3312 1707 3312 1752 3313 1711 3313 1731 3313 1731 3314 1711 3314 1710 3314 1734 3315 1732 3315 1733 3315 1734 3316 1733 3316 1735 3316 1736 3317 1735 3317 1737 3317 1736 3318 1734 3318 1735 3318 1738 3319 1737 3319 1739 3319 1738 3320 1736 3320 1737 3320 1740 3321 1738 3321 1739 3321 1740 3322 1739 3322 1741 3322 1742 3323 1740 3323 1741 3323 1742 3324 1741 3324 1743 3324 1742 3325 1743 3325 1744 3325 1745 3326 1742 3326 1744 3326 1745 3327 1744 3327 1746 3327 1747 3328 1745 3328 1746 3328 1748 3329 1746 3329 1749 3329 1748 3330 1747 3330 1746 3330 1748 3331 1749 3331 1750 3331 1751 3332 1748 3332 1750 3332 1751 3333 1750 3333 1752 3333 1753 3334 1751 3334 1752 3334 1731 3335 1753 3335 1752 3335 1754 3336 1733 3336 1755 3336 1755 3337 1733 3337 1732 3337 1758 3338 1756 3338 1757 3338 1758 3339 1757 3339 1759 3339 1761 3340 1759 3340 1760 3340 1761 3341 1760 3341 1762 3341 1763 3342 1761 3342 1762 3342 1763 3343 1762 3343 1764 3343 1765 3344 1763 3344 1764 3344 1765 3345 1764 3345 1766 3345 1767 3346 1765 3346 1766 3346 1767 3347 1766 3347 1768 3347 1769 3348 1767 3348 1768 3348 1771 3349 1769 3349 1770 3349 1771 3350 1770 3350 1772 3350 1773 3351 1772 3351 1774 3351 1773 3352 1771 3352 1772 3352 1775 3353 1773 3353 1774 3353 1775 3354 1774 3354 1776 3354 1777 3355 1776 3355 1778 3355 1777 3356 1775 3356 1776 3356 1779 3357 1778 3357 1780 3357 1779 3358 1777 3358 1778 3358 1755 3359 1779 3359 1780 3359 1755 3360 1780 3360 1754 3360 1706 3361 1757 3361 1705 3361 1705 3362 1757 3362 1756 3362 1783 3363 1782 3363 1781 3363 1785 3364 1784 3364 1781 3364 1786 3365 1781 3365 1784 3365 1787 3366 1785 3366 1781 3366 1789 3367 1787 3367 1781 3367 1788 3368 1781 3368 1786 3368 1790 3369 1789 3369 1781 3369 1791 3370 1781 3370 1788 3370 1792 3371 1790 3371 1781 3371 1794 3372 1792 3372 1781 3372 1793 3373 1781 3373 1791 3373 1795 3374 1781 3374 1793 3374 1796 3375 1794 3375 1781 3375 1797 3376 1781 3376 1795 3376 1797 3377 1783 3377 1781 3377 1798 3378 1799 3378 1801 3378 1800 3379 1799 3379 1798 3379 1803 3380 1798 3380 1801 3380 1800 3381 1802 3381 1799 3381 1803 3382 1801 3382 1804 3382 1805 3383 1802 3383 1800 3383 1806 3384 1803 3384 1804 3384 1806 3385 1804 3385 1807 3385 1809 3386 1797 3386 1802 3386 1809 3387 1802 3387 1805 3387 1808 3388 1806 3388 1807 3388 1808 3389 1807 3389 1810 3389 1809 3390 1783 3390 1797 3390 1812 3391 1808 3391 1810 3391 1811 3392 1783 3392 1809 3392 1812 3393 1810 3393 1815 3393 1813 3394 1783 3394 1811 3394 1814 3395 1812 3395 1815 3395 1817 3396 1783 3396 1813 3396 1814 3397 1815 3397 1816 3397 1818 3398 1814 3398 1816 3398 1819 3399 1783 3399 1817 3399 1818 3400 1816 3400 1826 3400 1820 3401 1783 3401 1819 3401 1824 3402 1822 3402 1825 3402 1824 3403 1821 3403 1822 3403 1821 3404 1823 3404 1822 3404 1829 3405 1823 3405 1821 3405 1824 3406 1825 3406 1828 3406 1829 3407 1830 3407 1823 3407 1827 3408 1824 3408 1828 3408 1827 3409 1828 3409 1834 3409 1835 3410 1818 3410 1826 3410 1835 3411 1826 3411 1831 3411 1832 3412 1830 3412 1829 3412 1832 3413 1833 3413 1830 3413 1837 3414 1827 3414 1834 3414 1836 3415 1833 3415 1832 3415 1836 3416 1839 3416 1833 3416 1838 3417 1783 3417 1820 3417 1841 3418 1834 3418 1842 3418 1841 3419 1837 3419 1834 3419 1840 3420 1831 3420 1845 3420 1840 3421 1835 3421 1831 3421 1843 3422 1839 3422 1836 3422 1841 3423 1842 3423 1796 3423 1844 3424 1841 3424 1796 3424 1844 3425 1796 3425 1781 3425 1843 3426 1847 3426 1839 3426 2068 3427 1844 3427 1781 3427 1846 3428 1847 3428 1843 3428 1846 3429 1850 3429 1847 3429 1848 3430 1783 3430 1838 3430 1863 3431 1845 3431 1856 3431 1863 3432 1840 3432 1845 3432 1849 3433 1850 3433 1846 3433 1852 3434 1783 3434 1848 3434 1849 3435 1854 3435 1850 3435 1851 3436 1854 3436 1849 3436 1853 3437 1783 3437 1852 3437 1855 3438 1783 3438 1853 3438 1857 3439 1856 3439 1854 3439 1857 3440 1854 3440 1851 3440 1858 3441 1783 3441 1855 3441 1859 3442 1783 3442 1858 3442 1860 3443 1861 3443 1866 3443 1862 3444 1863 3444 1856 3444 1862 3445 1856 3445 1857 3445 1862 3446 1861 3446 1860 3446 1862 3447 1857 3447 1861 3447 1865 3448 1860 3448 1866 3448 1862 3449 1867 3449 1863 3449 1864 3450 1867 3450 1862 3450 1865 3451 1866 3451 1869 3451 1868 3452 1865 3452 1869 3452 1870 3453 1867 3453 1864 3453 1870 3454 1873 3454 1867 3454 1871 3455 1868 3455 1869 3455 1871 3456 1869 3456 1872 3456 1874 3457 1873 3457 1870 3457 1874 3458 1875 3458 1873 3458 1877 3459 1871 3459 1872 3459 1876 3460 1875 3460 1874 3460 1876 3461 1880 3461 1875 3461 1877 3462 1872 3462 1878 3462 1879 3463 1880 3463 1876 3463 1881 3464 1877 3464 1878 3464 1881 3465 1878 3465 1882 3465 1879 3466 1884 3466 1880 3466 1883 3467 1881 3467 1882 3467 1887 3468 1884 3468 1879 3468 1883 3469 1882 3469 1885 3469 1887 3470 1889 3470 1884 3470 1883 3471 1885 3471 1886 3471 1890 3472 1883 3472 1886 3472 1888 3473 1889 3473 1887 3473 1891 3474 1895 3474 1893 3474 1894 3475 1895 3475 1891 3475 1892 3476 1891 3476 1893 3476 1894 3477 1899 3477 1895 3477 1892 3478 1893 3478 1896 3478 1897 3479 1892 3479 1896 3479 1897 3480 1896 3480 1900 3480 1898 3481 1899 3481 1894 3481 1888 3482 1909 3482 1889 3482 1901 3483 1897 3483 1900 3483 1908 3484 1909 3484 1888 3484 1903 3485 1899 3485 1898 3485 1903 3486 1907 3486 1899 3486 1901 3487 1900 3487 1902 3487 1904 3488 1902 3488 1905 3488 1904 3489 1901 3489 1902 3489 1913 3490 1890 3490 1886 3490 1913 3491 1886 3491 1906 3491 1903 3492 1912 3492 1907 3492 1904 3493 1905 3493 1910 3493 1908 3494 1916 3494 1909 3494 1911 3495 1904 3495 1910 3495 1914 3496 1912 3496 1903 3496 1914 3497 1915 3497 1912 3497 1917 3498 1916 3498 1908 3498 1914 3499 1922 3499 1915 3499 1971 3500 1906 3500 1918 3500 1971 3501 1913 3501 1906 3501 1919 3502 1916 3502 1917 3502 1919 3503 1920 3503 1916 3503 1921 3504 1922 3504 1914 3504 1921 3505 1924 3505 1922 3505 1923 3506 1924 3506 1921 3506 1927 3507 1920 3507 1919 3507 1927 3508 1928 3508 1920 3508 1925 3509 1926 3509 1924 3509 1925 3510 1924 3510 1923 3510 1931 3511 1926 3511 1925 3511 1927 3512 1929 3512 1928 3512 1930 3513 1929 3513 1927 3513 1931 3514 1918 3514 1926 3514 1933 3515 1932 3515 1929 3515 1933 3516 1929 3516 1930 3516 1934 3517 1935 3517 1932 3517 1934 3518 1932 3518 1933 3518 1936 3519 1937 3519 1938 3519 1939 3520 1936 3520 1938 3520 1939 3521 1938 3521 1941 3521 1942 3522 1937 3522 1936 3522 1942 3523 1940 3523 1937 3523 1943 3524 1939 3524 1941 3524 1944 3525 1940 3525 1942 3525 1944 3526 1946 3526 1940 3526 1943 3527 1941 3527 1947 3527 1945 3528 1943 3528 1947 3528 1949 3529 1946 3529 1944 3529 1949 3530 1953 3530 1946 3530 1945 3531 1947 3531 1948 3531 1950 3532 1945 3532 1948 3532 1954 3533 1953 3533 1949 3533 1951 3534 1948 3534 1952 3534 1951 3535 1950 3535 1948 3535 1954 3536 1955 3536 1953 3536 1956 3537 1955 3537 1954 3537 1956 3538 1957 3538 1955 3538 1958 3539 1957 3539 1956 3539 1958 3540 1959 3540 1957 3540 1958 3541 1961 3541 1959 3541 1960 3542 1961 3542 1958 3542 1960 3543 1963 3543 1961 3543 1962 3544 1963 3544 1960 3544 1964 3545 1963 3545 1962 3545 1964 3546 1965 3546 1963 3546 1966 3547 1968 3547 1967 3547 1970 3548 1968 3548 1966 3548 1969 3549 1966 3549 1967 3549 1970 3550 1931 3550 1968 3550 1970 3551 1971 3551 1918 3551 1970 3552 1918 3552 1931 3552 1975 3553 1969 3553 1967 3553 1975 3554 1967 3554 1973 3554 1972 3555 1971 3555 1970 3555 1964 3556 1998 3556 1965 3556 1972 3557 1974 3557 1971 3557 1975 3558 1973 3558 1977 3558 1979 3559 1974 3559 1972 3559 1978 3560 1975 3560 1977 3560 1979 3561 1980 3561 1974 3561 1976 3562 1998 3562 1964 3562 1982 3563 1978 3563 1977 3563 1981 3564 1983 3564 1980 3564 1981 3565 1980 3565 1979 3565 1982 3566 1977 3566 1984 3566 1985 3567 1983 3567 1981 3567 1985 3568 1989 3568 1983 3568 1986 3569 1982 3569 1984 3569 1986 3570 1984 3570 1987 3570 1988 3571 1989 3571 1985 3571 1988 3572 1991 3572 1989 3572 1986 3573 1987 3573 1990 3573 1993 3574 1991 3574 1988 3574 1994 3575 1986 3575 1990 3575 1994 3576 1990 3576 1992 3576 1996 3577 1997 3577 1991 3577 1996 3578 1991 3578 1993 3578 1995 3579 1994 3579 1992 3579 1995 3580 1992 3580 1998 3580 1999 3581 2001 3581 1997 3581 1999 3582 1997 3582 1996 3582 2000 3583 1995 3583 1998 3583 2002 3584 2001 3584 1999 3584 2002 3585 2003 3585 2001 3585 2002 3586 2004 3586 2003 3586 2005 3587 2004 3587 2002 3587 2006 3588 2007 3588 2004 3588 2006 3589 2004 3589 2005 3589 2008 3590 2007 3590 2006 3590 2008 3591 2009 3591 2007 3591 2010 3592 2011 3592 2009 3592 2010 3593 2009 3593 2008 3593 2010 3594 2097 3594 2011 3594 2012 3595 2097 3595 2010 3595 2015 3596 2013 3596 2014 3596 2017 3597 2014 3597 2013 3597 2017 3598 2016 3598 2014 3598 2015 3599 2014 3599 2000 3599 2015 3600 1998 3600 1976 3600 2015 3601 2000 3601 1998 3601 2018 3602 2015 3602 1976 3602 2017 3603 2020 3603 2016 3603 2018 3604 1976 3604 2019 3604 2021 3605 2020 3605 2017 3605 2022 3606 2018 3606 2019 3606 2022 3607 2019 3607 2023 3607 2024 3608 2022 3608 2023 3608 2021 3609 2026 3609 2020 3609 2025 3610 2026 3610 2021 3610 2025 3611 2027 3611 2026 3611 2024 3612 2023 3612 2029 3612 2028 3613 2024 3613 2029 3613 2025 3614 2030 3614 2027 3614 2031 3615 2030 3615 2025 3615 2033 3616 2028 3616 2029 3616 2031 3617 2032 3617 2030 3617 2033 3618 2029 3618 2034 3618 2035 3619 2032 3619 2031 3619 2035 3620 2036 3620 2032 3620 2033 3621 2034 3621 2040 3621 2037 3622 2036 3622 2035 3622 2039 3623 2033 3623 2040 3623 2037 3624 2038 3624 2036 3624 2039 3625 2040 3625 2041 3625 2043 3626 2038 3626 2037 3626 2042 3627 2039 3627 2041 3627 2043 3628 2045 3628 2038 3628 2042 3629 2041 3629 2047 3629 2044 3630 2045 3630 2043 3630 2046 3631 2042 3631 2047 3631 2046 3632 2047 3632 2050 3632 2044 3633 2049 3633 2045 3633 2048 3634 2049 3634 2044 3634 2051 3635 2046 3635 2050 3635 2051 3636 2050 3636 2052 3636 2053 3637 2049 3637 2048 3637 2053 3638 2054 3638 2049 3638 2055 3639 2052 3639 2056 3639 2055 3640 2051 3640 2052 3640 2057 3641 2058 3641 2054 3641 2057 3642 2054 3642 2053 3642 2059 3643 2055 3643 2056 3643 2062 3644 2058 3644 2057 3644 2059 3645 2056 3645 2060 3645 2062 3646 2064 3646 2058 3646 2061 3647 2059 3647 2060 3647 2063 3648 2064 3648 2062 3648 2065 3649 2066 3649 2064 3649 2065 3650 2064 3650 2063 3650 2095 3651 2067 3651 2066 3651 2095 3652 2066 3652 2065 3652 2083 3653 2069 3653 1951 3653 2083 3654 1910 3654 2068 3654 2083 3655 2070 3655 2069 3655 2083 3656 2071 3656 2070 3656 2083 3657 2073 3657 2071 3657 2083 3658 2074 3658 2073 3658 2083 3659 2075 3659 2074 3659 2083 3660 2076 3660 2075 3660 2083 3661 2077 3661 2076 3661 2083 3662 2079 3662 2077 3662 2083 3663 2078 3663 1911 3663 2083 3664 2080 3664 2079 3664 2083 3665 1952 3665 2078 3665 2083 3666 2081 3666 2080 3666 2083 3667 2082 3667 2081 3667 2083 3668 2072 3668 2082 3668 2083 3669 1951 3669 1952 3669 2083 3670 1911 3670 1910 3670 2083 3671 2068 3671 1781 3671 2083 3672 2084 3672 2072 3672 2083 3673 2060 3673 2084 3673 2083 3674 2061 3674 2060 3674 1783 3675 2086 3675 2085 3675 1783 3676 2087 3676 2086 3676 1783 3677 2088 3677 2087 3677 1783 3678 2089 3678 2088 3678 1783 3679 2090 3679 2089 3679 1783 3680 2092 3680 2090 3680 1783 3681 2085 3681 2091 3681 1783 3682 2093 3682 2092 3682 1783 3683 2094 3683 2093 3683 1783 3684 2095 3684 2094 3684 1783 3685 2061 3685 2083 3685 1783 3686 2091 3686 2061 3686 2095 3687 1783 3687 2067 3687 2067 3688 1783 3688 2012 3688 2012 3689 1783 3689 2097 3689 2097 3690 1783 3690 2098 3690 2098 3691 1783 3691 1934 3691 1934 3692 1783 3692 1935 3692 1935 3693 1783 3693 2099 3693 2099 3694 1783 3694 1859 3694 1683 3695 2101 3695 2100 3695 1683 3696 2100 3696 2102 3696 1681 3697 1683 3697 2102 3697 1683 3698 2104 3698 2101 3698 1681 3699 2102 3699 2103 3699 1683 3700 2106 3700 2104 3700 1681 3701 2103 3701 2105 3701 1681 3702 2105 3702 2107 3702 1683 3703 2109 3703 2106 3703 1681 3704 2107 3704 2108 3704 1670 3705 2110 3705 2109 3705 1670 3706 2109 3706 1683 3706 1670 3707 2111 3707 2110 3707 1670 3708 2113 3708 2111 3708 1681 3709 2108 3709 2112 3709 1670 3710 2115 3710 2113 3710 1681 3711 2112 3711 2114 3711 1679 3712 1681 3712 2114 3712 1670 3713 2117 3713 2115 3713 1679 3714 2114 3714 2116 3714 2118 3715 2117 3715 1670 3715 2118 3716 1670 3716 1672 3716 2119 3717 1679 3717 2116 3717 2121 3718 2118 3718 1672 3718 2120 3719 1679 3719 2119 3719 2122 3720 2121 3720 1672 3720 2123 3721 1679 3721 2120 3721 2123 3722 1676 3722 1679 3722 2124 3723 2122 3723 1672 3723 2125 3724 1676 3724 2123 3724 2126 3725 2124 3725 1672 3725 2127 3726 1676 3726 2125 3726 2128 3727 2126 3727 1672 3727 2128 3728 1672 3728 1674 3728 2129 3729 2128 3729 1674 3729 2130 3730 1676 3730 2127 3730 2131 3731 2129 3731 1674 3731 2132 3732 1676 3732 2130 3732 2133 3733 2131 3733 1674 3733 2134 3734 1676 3734 2132 3734 2134 3735 1674 3735 1676 3735 2133 3736 1674 3736 2134 3736 2125 3737 2085 3737 2127 3737 2085 3738 2086 3738 2127 3738 2127 3739 2086 3739 2130 3739 2086 3740 2087 3740 2130 3740 2130 3741 2087 3741 2132 3741 2087 3742 2088 3742 2132 3742 2132 3743 2088 3743 2134 3743 2088 3744 2089 3744 2134 3744 2134 3745 2089 3745 2133 3745 2089 3746 2090 3746 2133 3746 2133 3747 2090 3747 2131 3747 2090 3748 2092 3748 2131 3748 2131 3749 2092 3749 2129 3749 2092 3750 2093 3750 2129 3750 2129 3751 2093 3751 2128 3751 2093 3752 2094 3752 2128 3752 2128 3753 2094 3753 2126 3753 2094 3754 2095 3754 2126 3754 2126 3755 2095 3755 2124 3755 2095 3756 2065 3756 2124 3756 2124 3757 2063 3757 2122 3757 2065 3758 2063 3758 2124 3758 2063 3759 2062 3759 2122 3759 2122 3760 2062 3760 2121 3760 2062 3761 2057 3761 2121 3761 2121 3762 2057 3762 2118 3762 2057 3763 2053 3763 2118 3763 2118 3764 2053 3764 2117 3764 2053 3765 2048 3765 2117 3765 2117 3766 2048 3766 2115 3766 2048 3767 2044 3767 2115 3767 2115 3768 2044 3768 2113 3768 2044 3769 2043 3769 2113 3769 2113 3770 2037 3770 2111 3770 2043 3771 2037 3771 2113 3771 2111 3772 2037 3772 2110 3772 2037 3773 2035 3773 2110 3773 2110 3774 2031 3774 2109 3774 2035 3775 2031 3775 2110 3775 2109 3776 2031 3776 2106 3776 2031 3777 2025 3777 2106 3777 2106 3778 2025 3778 2104 3778 2025 3779 2021 3779 2104 3779 2021 3780 2017 3780 2104 3780 2104 3781 2017 3781 2101 3781 2017 3782 2013 3782 2101 3782 2101 3783 2013 3783 2100 3783 2013 3784 2015 3784 2100 3784 2100 3785 2015 3785 2102 3785 2015 3786 2018 3786 2102 3786 2102 3787 2022 3787 2103 3787 2018 3788 2022 3788 2102 3788 2022 3789 2024 3789 2103 3789 2103 3790 2024 3790 2105 3790 2024 3791 2028 3791 2105 3791 2105 3792 2028 3792 2107 3792 2028 3793 2033 3793 2107 3793 2107 3794 2033 3794 2108 3794 2033 3795 2039 3795 2108 3795 2108 3796 2039 3796 2112 3796 2039 3797 2042 3797 2112 3797 2112 3798 2042 3798 2114 3798 2042 3799 2046 3799 2114 3799 2114 3800 2046 3800 2116 3800 2046 3801 2051 3801 2116 3801 2116 3802 2051 3802 2119 3802 2051 3803 2055 3803 2119 3803 2119 3804 2055 3804 2120 3804 2055 3805 2059 3805 2120 3805 2120 3806 2061 3806 2123 3806 2059 3807 2061 3807 2120 3807 2061 3808 2091 3808 2123 3808 2123 3809 2091 3809 2125 3809 2091 3810 2085 3810 2125 3810 1665 3811 2136 3811 2135 3811 1665 3812 2137 3812 2138 3812 1665 3813 2135 3813 2137 3813 1668 3814 2136 3814 1665 3814 1668 3815 2139 3815 2136 3815 1668 3816 2140 3816 2139 3816 1665 3817 2138 3817 2141 3817 1663 3818 1665 3818 2141 3818 1668 3819 2142 3819 2140 3819 1663 3820 2141 3820 2143 3820 1668 3821 2144 3821 2142 3821 1663 3822 2143 3822 2146 3822 1668 3823 2145 3823 2144 3823 1653 3824 2145 3824 1668 3824 1663 3825 2146 3825 2147 3825 1653 3826 2149 3826 2145 3826 1663 3827 2147 3827 2148 3827 1663 3828 2148 3828 2151 3828 1653 3829 2150 3829 2149 3829 1661 3830 1663 3830 2151 3830 1661 3831 2151 3831 2152 3831 1653 3832 2153 3832 2150 3832 2155 3833 2153 3833 1653 3833 2154 3834 1661 3834 2152 3834 2156 3835 2155 3835 1653 3835 2157 3836 1661 3836 2154 3836 2159 3837 1661 3837 2157 3837 2158 3838 2156 3838 1653 3838 2160 3839 1661 3839 2159 3839 2160 3840 1660 3840 1661 3840 2161 3841 2158 3841 1653 3841 2163 3842 2161 3842 1653 3842 2162 3843 1660 3843 2160 3843 2163 3844 1653 3844 1657 3844 2165 3845 1660 3845 2162 3845 2164 3846 2163 3846 1657 3846 2166 3847 1660 3847 2165 3847 2167 3848 2164 3848 1657 3848 2168 3849 2167 3849 1657 3849 2169 3850 1660 3850 2166 3850 2169 3851 1657 3851 1660 3851 2170 3852 2168 3852 1657 3852 2171 3853 1657 3853 2169 3853 2171 3854 2170 3854 1657 3854 2162 3855 2030 3855 2165 3855 2030 3856 2032 3856 2165 3856 2165 3857 2036 3857 2166 3857 2032 3858 2036 3858 2165 3858 2036 3859 2038 3859 2166 3859 2166 3860 2038 3860 2169 3860 2038 3861 2045 3861 2169 3861 2169 3862 2045 3862 2171 3862 2045 3863 2049 3863 2171 3863 2171 3864 2049 3864 2170 3864 2049 3865 2054 3865 2170 3865 2170 3866 2054 3866 2168 3866 2054 3867 2058 3867 2168 3867 2168 3868 2058 3868 2167 3868 2058 3869 2064 3869 2167 3869 2167 3870 2064 3870 2164 3870 2064 3871 2066 3871 2164 3871 2164 3872 2066 3872 2163 3872 2066 3873 2067 3873 2163 3873 2067 3874 2012 3874 2163 3874 2163 3875 2012 3875 2161 3875 2012 3876 2010 3876 2161 3876 2161 3877 2010 3877 2158 3877 2010 3878 2008 3878 2158 3878 2158 3879 2008 3879 2156 3879 2008 3880 2006 3880 2156 3880 2156 3881 2006 3881 2155 3881 2006 3882 2005 3882 2155 3882 2005 3883 2002 3883 2155 3883 2155 3884 2002 3884 2153 3884 2002 3885 1999 3885 2153 3885 2153 3886 1999 3886 2150 3886 2150 3887 1996 3887 2149 3887 1999 3888 1996 3888 2150 3888 1996 3889 1993 3889 2149 3889 2149 3890 1993 3890 2145 3890 1993 3891 1988 3891 2145 3891 2145 3892 1988 3892 2144 3892 1988 3893 1985 3893 2144 3893 1985 3894 1981 3894 2144 3894 2144 3895 1981 3895 2142 3895 1981 3896 1979 3896 2142 3896 2142 3897 1979 3897 2140 3897 1979 3898 1972 3898 2140 3898 2140 3899 1972 3899 2139 3899 2139 3900 1970 3900 2136 3900 1972 3901 1970 3901 2139 3901 2135 3902 1966 3902 2137 3902 2136 3903 1966 3903 2135 3903 1970 3904 1966 3904 2136 3904 1966 3905 1969 3905 2137 3905 2137 3906 1975 3906 2138 3906 1969 3907 1975 3907 2137 3907 2138 3908 1978 3908 2141 3908 1975 3909 1978 3909 2138 3909 1978 3910 1982 3910 2141 3910 2141 3911 1982 3911 2143 3911 1982 3912 1986 3912 2143 3912 2143 3913 1986 3913 2146 3913 2146 3914 1986 3914 2147 3914 1986 3915 1994 3915 2147 3915 2147 3916 1994 3916 2148 3916 1994 3917 1995 3917 2148 3917 2148 3918 1995 3918 2151 3918 1995 3919 2000 3919 2151 3919 2151 3920 2000 3920 2152 3920 2000 3921 2014 3921 2152 3921 2152 3922 2014 3922 2154 3922 2014 3923 2016 3923 2154 3923 2154 3924 2016 3924 2157 3924 2016 3925 2020 3925 2157 3925 2157 3926 2020 3926 2159 3926 2159 3927 2026 3927 2160 3927 2020 3928 2026 3928 2159 3928 2026 3929 2027 3929 2160 3929 2160 3930 2027 3930 2162 3930 2027 3931 2030 3931 2162 3931 1649 3932 2172 3932 2173 3932 1649 3933 2174 3933 2172 3933 1646 3934 1649 3934 2173 3934 1646 3935 2173 3935 2176 3935 1649 3936 2175 3936 2174 3936 1646 3937 2176 3937 2177 3937 1649 3938 2178 3938 2175 3938 1646 3939 2177 3939 2179 3939 1649 3940 2180 3940 2178 3940 1635 3941 2180 3941 1649 3941 1635 3942 2182 3942 2180 3942 1646 3943 2179 3943 2181 3943 1646 3944 2181 3944 2184 3944 1635 3945 2183 3945 2182 3945 1646 3946 2184 3946 2185 3946 1635 3947 2186 3947 2183 3947 1646 3948 2185 3948 2187 3948 1635 3949 2188 3949 2186 3949 1644 3950 1646 3950 2187 3950 1635 3951 2189 3951 2188 3951 1644 3952 2187 3952 2190 3952 1644 3953 2190 3953 2191 3953 2192 3954 2189 3954 1635 3954 1637 3955 2192 3955 1635 3955 2194 3956 2192 3956 1637 3956 2193 3957 1644 3957 2191 3957 2195 3958 1644 3958 2193 3958 2196 3959 2194 3959 1637 3959 2195 3960 1642 3960 1644 3960 2197 3961 1642 3961 2195 3961 2198 3962 2196 3962 1637 3962 2200 3963 1642 3963 2197 3963 2199 3964 2198 3964 1637 3964 2202 3965 2199 3965 1637 3965 2201 3966 1642 3966 2200 3966 2202 3967 1637 3967 1639 3967 2203 3968 1642 3968 2201 3968 2204 3969 2202 3969 1639 3969 2205 3970 2204 3970 1639 3970 2206 3971 1642 3971 2203 3971 2207 3972 2205 3972 1639 3972 2208 3973 1642 3973 2206 3973 2208 3974 1639 3974 1642 3974 2209 3975 2207 3975 1639 3975 2209 3976 1639 3976 2208 3976 2201 3977 1957 3977 2203 3977 1957 3978 1959 3978 2203 3978 2203 3979 1959 3979 2206 3979 1959 3980 1961 3980 2206 3980 2206 3981 1961 3981 2208 3981 1961 3982 1963 3982 2208 3982 2208 3983 1963 3983 2209 3983 1963 3984 1965 3984 2209 3984 2209 3985 1965 3985 2207 3985 1965 3986 1998 3986 2207 3986 2207 3987 1998 3987 2205 3987 1998 3988 1992 3988 2205 3988 2205 3989 1992 3989 2204 3989 1992 3990 1990 3990 2204 3990 2204 3991 1990 3991 2202 3991 1990 3992 1987 3992 2202 3992 1987 3993 1984 3993 2202 3993 2202 3994 1984 3994 2199 3994 2199 3995 1984 3995 2198 3995 1984 3996 1977 3996 2198 3996 2198 3997 1977 3997 2196 3997 1977 3998 1973 3998 2196 3998 2196 3999 1973 3999 2194 3999 1973 4000 1967 4000 2194 4000 2194 4001 1967 4001 2192 4001 1967 4002 1968 4002 2192 4002 1968 4003 1931 4003 2192 4003 2192 4004 1931 4004 2189 4004 2189 4005 1931 4005 2188 4005 2188 4006 1925 4006 2186 4006 1931 4007 1925 4007 2188 4007 1925 4008 1923 4008 2186 4008 2186 4009 1923 4009 2183 4009 1923 4010 1921 4010 2183 4010 2183 4011 1914 4011 2182 4011 1921 4012 1914 4012 2183 4012 2182 4013 1914 4013 2180 4013 1914 4014 1903 4014 2180 4014 2180 4015 1903 4015 2178 4015 1903 4016 1898 4016 2178 4016 2178 4017 1898 4017 2175 4017 1898 4018 1894 4018 2175 4018 2175 4019 1894 4019 2174 4019 2174 4020 1891 4020 2172 4020 1894 4021 1891 4021 2174 4021 2172 4022 1891 4022 2173 4022 1891 4023 1892 4023 2173 4023 2173 4024 1897 4024 2176 4024 1892 4025 1897 4025 2173 4025 1897 4026 1901 4026 2176 4026 2176 4027 1901 4027 2177 4027 1901 4028 1904 4028 2177 4028 2177 4029 1904 4029 2179 4029 1904 4030 1911 4030 2179 4030 2179 4031 1911 4031 2181 4031 1911 4032 2078 4032 2181 4032 2078 4033 1952 4033 2181 4033 2181 4034 1952 4034 2184 4034 2184 4035 1948 4035 2185 4035 1952 4036 1948 4036 2184 4036 1948 4037 1947 4037 2185 4037 2185 4038 1947 4038 2187 4038 2187 4039 1941 4039 2190 4039 1947 4040 1941 4040 2187 4040 2190 4041 1938 4041 2191 4041 1941 4042 1938 4042 2190 4042 1938 4043 1937 4043 2191 4043 2191 4044 1937 4044 2193 4044 1937 4045 1940 4045 2193 4045 2193 4046 1940 4046 2195 4046 2195 4047 1946 4047 2197 4047 1940 4048 1946 4048 2195 4048 1946 4049 1953 4049 2197 4049 2197 4050 1953 4050 2200 4050 2200 4051 1955 4051 2201 4051 1953 4052 1955 4052 2200 4052 1955 4053 1957 4053 2201 4053 1633 4054 2210 4054 2211 4054 1633 4055 2213 4055 2210 4055 1631 4056 1633 4056 2211 4056 1631 4057 2211 4057 2212 4057 1631 4058 2212 4058 2215 4058 1633 4059 2214 4059 2213 4059 1633 4060 2216 4060 2214 4060 1631 4061 2215 4061 2218 4061 1633 4062 2217 4062 2216 4062 1633 4063 2219 4063 2217 4063 1631 4064 2218 4064 2220 4064 1622 4065 2219 4065 1633 4065 1631 4066 2220 4066 2221 4066 1622 4067 2223 4067 2219 4067 1629 4068 1631 4068 2221 4068 1629 4069 2221 4069 2222 4069 1622 4070 2224 4070 2223 4070 1629 4071 2222 4071 2225 4071 1622 4072 2226 4072 2224 4072 1629 4073 2225 4073 2227 4073 1622 4074 2228 4074 2226 4074 2229 4075 2228 4075 1622 4075 2230 4076 1629 4076 2227 4076 2232 4077 1629 4077 2230 4077 2231 4078 2229 4078 1622 4078 2232 4079 1627 4079 1629 4079 2234 4080 1627 4080 2232 4080 2233 4081 2231 4081 1622 4081 2233 4082 1622 4082 1623 4082 2235 4083 2233 4083 1623 4083 2236 4084 1627 4084 2234 4084 2238 4085 2235 4085 1623 4085 2237 4086 1627 4086 2236 4086 2239 4087 2238 4087 1623 4087 2240 4088 1627 4088 2237 4088 2242 4089 2239 4089 1623 4089 2241 4090 1627 4090 2240 4090 2244 4091 2242 4091 1623 4091 2243 4092 1627 4092 2241 4092 2244 4093 1623 4093 1627 4093 2243 4094 2244 4094 1627 4094 2236 4095 1915 4095 2237 4095 1915 4096 1922 4096 2237 4096 2237 4097 1922 4097 2240 4097 1922 4098 1924 4098 2240 4098 2240 4099 1924 4099 2241 4099 1924 4100 1926 4100 2241 4100 2241 4101 1926 4101 2243 4101 1926 4102 1918 4102 2243 4102 2243 4103 1906 4103 2244 4103 1918 4104 1906 4104 2243 4104 2244 4105 1906 4105 2242 4105 1906 4106 1886 4106 2242 4106 2242 4107 1886 4107 2239 4107 1886 4108 1885 4108 2239 4108 2239 4109 1885 4109 2238 4109 1885 4110 1882 4110 2238 4110 2238 4111 1882 4111 2235 4111 1882 4112 1878 4112 2235 4112 1878 4113 1872 4113 2235 4113 2235 4114 1872 4114 2233 4114 2233 4115 1872 4115 2231 4115 1872 4116 1869 4116 2231 4116 1869 4117 1866 4117 2231 4117 2231 4118 1866 4118 2229 4118 1866 4119 1861 4119 2229 4119 2229 4120 1861 4120 2228 4120 1861 4121 1857 4121 2228 4121 2228 4122 1857 4122 2226 4122 1857 4123 1851 4123 2226 4123 2226 4124 1851 4124 2224 4124 2224 4125 1851 4125 2223 4125 1851 4126 1849 4126 2223 4126 2223 4127 1846 4127 2219 4127 1849 4128 1846 4128 2223 4128 1846 4129 1843 4129 2219 4129 2219 4130 1843 4130 2217 4130 1843 4131 1836 4131 2217 4131 2217 4132 1836 4132 2216 4132 2216 4133 1836 4133 2214 4133 1836 4134 1832 4134 2214 4134 2214 4135 1832 4135 2213 4135 1832 4136 1829 4136 2213 4136 2213 4137 1821 4137 2210 4137 1829 4138 1821 4138 2213 4138 2210 4139 1821 4139 2211 4139 1821 4140 1824 4140 2211 4140 2211 4141 1824 4141 2212 4141 1824 4142 1827 4142 2212 4142 1827 4143 1837 4143 2212 4143 2212 4144 1837 4144 2215 4144 1837 4145 1841 4145 2215 4145 2215 4146 1841 4146 2218 4146 1841 4147 1844 4147 2218 4147 2218 4148 1844 4148 2220 4148 1844 4149 2068 4149 2220 4149 2068 4150 1910 4150 2220 4150 2220 4151 1905 4151 2221 4151 1910 4152 1905 4152 2220 4152 2221 4153 1905 4153 2222 4153 1905 4154 1902 4154 2222 4154 2222 4155 1900 4155 2225 4155 1902 4156 1900 4156 2222 4156 2225 4157 1896 4157 2227 4157 1900 4158 1896 4158 2225 4158 1896 4159 1893 4159 2227 4159 2227 4160 1895 4160 2230 4160 1893 4161 1895 4161 2227 4161 2230 4162 1895 4162 2232 4162 1895 4163 1899 4163 2232 4163 2232 4164 1907 4164 2234 4164 1899 4165 1907 4165 2232 4165 1907 4166 1912 4166 2234 4166 2234 4167 1912 4167 2236 4167 1912 4168 1915 4168 2236 4168 1617 4169 2246 4169 2245 4169 1617 4170 2245 4170 2248 4170 1619 4171 2246 4171 1617 4171 1619 4172 2247 4172 2246 4172 1617 4173 2248 4173 2249 4173 1619 4174 2251 4174 2247 4174 1617 4175 2249 4175 2250 4175 1617 4176 2250 4176 2253 4176 1619 4177 2252 4177 2251 4177 1617 4178 2253 4178 2255 4178 1619 4179 2254 4179 2252 4179 1619 4180 2256 4180 2254 4180 1615 4181 1617 4181 2255 4181 1607 4182 2256 4182 1619 4182 1615 4183 2255 4183 2258 4183 1607 4184 2257 4184 2256 4184 1615 4185 2258 4185 2259 4185 1607 4186 2260 4186 2257 4186 1615 4187 2259 4187 2261 4187 1607 4188 2262 4188 2260 4188 2263 4189 1615 4189 2261 4189 2264 4190 2262 4190 1607 4190 2266 4191 1612 4191 1615 4191 2266 4192 1615 4192 2263 4192 2265 4193 2264 4193 1607 4193 2268 4194 2265 4194 1607 4194 2267 4195 1612 4195 2266 4195 2269 4196 1607 4196 1608 4196 2269 4197 2268 4197 1607 4197 2270 4198 1612 4198 2267 4198 2272 4199 2269 4199 1608 4199 2271 4200 1612 4200 2270 4200 2274 4201 2272 4201 1608 4201 2273 4202 1612 4202 2271 4202 2275 4203 2274 4203 1608 4203 2276 4204 1612 4204 2273 4204 2276 4205 1608 4205 1612 4205 2277 4206 2275 4206 1608 4206 2278 4207 1608 4207 2276 4207 2279 4208 2277 4208 1608 4208 2279 4209 1608 4209 2278 4209 1989 4210 1991 4210 2271 4210 2271 4211 1991 4211 2273 4211 1991 4212 1997 4212 2273 4212 2273 4213 1997 4213 2276 4213 1997 4214 2001 4214 2276 4214 2276 4215 2001 4215 2278 4215 2001 4216 2003 4216 2278 4216 2278 4217 2003 4217 2279 4217 2003 4218 2004 4218 2279 4218 2279 4219 2004 4219 2277 4219 2004 4220 2007 4220 2277 4220 2277 4221 2007 4221 2275 4221 2007 4222 2009 4222 2275 4222 2275 4223 2009 4223 2274 4223 2009 4224 2011 4224 2274 4224 2011 4225 2097 4225 2274 4225 2274 4226 2097 4226 2272 4226 2097 4227 2098 4227 2272 4227 2098 4228 1934 4228 2272 4228 2272 4229 1934 4229 2269 4229 2269 4230 1934 4230 2268 4230 1934 4231 1933 4231 2268 4231 1933 4232 1930 4232 2268 4232 2268 4233 1930 4233 2265 4233 1930 4234 1927 4234 2265 4234 2265 4235 1927 4235 2264 4235 1927 4236 1919 4236 2264 4236 2264 4237 1919 4237 2262 4237 1919 4238 1917 4238 2262 4238 1917 4239 1908 4239 2262 4239 2262 4240 1908 4240 2260 4240 1908 4241 1888 4241 2260 4241 2260 4242 1888 4242 2257 4242 2257 4243 1888 4243 2256 4243 1888 4244 1887 4244 2256 4244 2256 4245 1879 4245 2254 4245 1887 4246 1879 4246 2256 4246 2254 4247 1879 4247 2252 4247 1879 4248 1876 4248 2252 4248 1876 4249 1874 4249 2252 4249 2252 4250 1874 4250 2251 4250 1874 4251 1870 4251 2251 4251 2251 4252 1870 4252 2247 4252 1870 4253 1864 4253 2247 4253 2247 4254 1864 4254 2246 4254 1864 4255 1862 4255 2246 4255 2246 4256 1862 4256 2245 4256 1862 4257 1860 4257 2245 4257 2245 4258 1865 4258 2248 4258 1860 4259 1865 4259 2245 4259 2248 4260 1865 4260 2249 4260 1865 4261 1868 4261 2249 4261 2249 4262 1868 4262 2250 4262 1868 4263 1871 4263 2250 4263 1871 4264 1877 4264 2250 4264 2250 4265 1877 4265 2253 4265 2253 4266 1877 4266 2255 4266 1877 4267 1881 4267 2255 4267 1881 4268 1883 4268 2255 4268 2255 4269 1883 4269 2258 4269 1883 4270 1890 4270 2258 4270 2258 4271 1890 4271 2259 4271 2259 4272 1913 4272 2261 4272 1890 4273 1913 4273 2259 4273 2261 4274 1913 4274 2263 4274 1913 4275 1971 4275 2263 4275 1971 4276 1974 4276 2263 4276 2263 4277 1974 4277 2266 4277 1974 4278 1980 4278 2266 4278 2266 4279 1980 4279 2267 4279 1980 4280 1983 4280 2267 4280 2267 4281 1983 4281 2270 4281 1983 4282 1989 4282 2270 4282 2270 4283 1989 4283 2271 4283 1605 4284 2281 4284 2280 4284 1605 4285 2280 4285 2282 4285 1605 4286 2285 4286 2281 4286 1605 4287 2282 4287 2283 4287 1593 4288 2285 4288 1605 4288 1605 4289 2283 4289 2284 4289 1593 4290 2286 4290 2285 4290 1605 4291 2284 4291 2287 4291 1602 4292 1605 4292 2287 4292 1593 4293 2289 4293 2286 4293 1602 4294 2287 4294 2288 4294 1593 4295 2290 4295 2289 4295 1602 4296 2288 4296 2291 4296 1593 4297 2292 4297 2290 4297 1602 4298 2291 4298 2293 4298 1593 4299 2294 4299 2292 4299 1593 4300 2295 4300 2294 4300 1602 4301 2293 4301 2296 4301 1595 4302 2295 4302 1593 4302 2297 4303 2295 4303 1595 4303 2298 4304 1601 4304 1602 4304 2298 4305 1602 4305 2296 4305 2299 4306 2297 4306 1595 4306 2300 4307 1601 4307 2298 4307 2301 4308 2299 4308 1595 4308 2302 4309 1601 4309 2300 4309 2303 4310 2301 4310 1595 4310 2304 4311 1601 4311 2302 4311 2305 4312 2303 4312 1595 4312 2306 4313 1595 4313 1597 4313 2306 4314 2305 4314 1595 4314 2307 4315 1601 4315 2304 4315 2308 4316 2306 4316 1597 4316 2309 4317 1601 4317 2307 4317 2309 4318 1597 4318 1601 4318 2310 4319 1597 4319 2309 4319 2311 4320 2308 4320 1597 4320 2313 4321 1597 4321 2310 4321 2312 4322 2311 4322 1597 4322 2312 4323 1597 4323 2313 4323 2304 4324 1880 4324 2307 4324 1880 4325 1884 4325 2307 4325 2307 4326 1884 4326 2309 4326 1884 4327 1889 4327 2309 4327 2309 4328 1889 4328 2310 4328 1889 4329 1909 4329 2310 4329 2310 4330 1909 4330 2313 4330 1909 4331 1916 4331 2313 4331 2313 4332 1916 4332 2312 4332 1916 4333 1920 4333 2312 4333 2312 4334 1920 4334 2311 4334 1920 4335 1928 4335 2311 4335 2311 4336 1928 4336 2308 4336 1928 4337 1929 4337 2308 4337 1929 4338 1932 4338 2308 4338 2308 4339 1932 4339 2306 4339 1932 4340 1935 4340 2306 4340 2306 4341 1935 4341 2305 4341 1935 4342 2099 4342 2305 4342 2099 4343 1859 4343 2305 4343 2305 4344 1859 4344 2303 4344 1859 4345 1858 4345 2303 4345 2303 4346 1858 4346 2301 4346 1858 4347 1855 4347 2301 4347 1855 4348 1853 4348 2301 4348 2301 4349 1853 4349 2299 4349 1853 4350 1852 4350 2299 4350 2299 4351 1852 4351 2297 4351 1852 4352 1848 4352 2297 4352 2297 4353 1848 4353 2295 4353 1848 4354 1838 4354 2295 4354 2295 4355 1838 4355 2294 4355 1838 4356 1820 4356 2294 4356 2294 4357 1820 4357 2292 4357 1820 4358 1819 4358 2292 4358 2292 4359 1819 4359 2290 4359 1819 4360 1817 4360 2290 4360 2290 4361 1817 4361 2289 4361 1817 4362 1813 4362 2289 4362 2289 4363 1813 4363 2286 4363 1813 4364 1811 4364 2286 4364 1811 4365 1809 4365 2286 4365 2286 4366 1809 4366 2285 4366 1809 4367 1805 4367 2285 4367 2285 4368 1805 4368 2281 4368 1805 4369 1800 4369 2281 4369 2281 4370 1798 4370 2280 4370 1800 4371 1798 4371 2281 4371 2280 4372 1803 4372 2282 4372 1798 4373 1803 4373 2280 4373 2282 4374 1806 4374 2283 4374 1803 4375 1806 4375 2282 4375 2283 4376 1806 4376 2284 4376 1806 4377 1808 4377 2284 4377 1808 4378 1812 4378 2284 4378 2284 4379 1812 4379 2287 4379 2287 4380 1812 4380 2288 4380 1812 4381 1814 4381 2288 4381 2288 4382 1818 4382 2291 4382 1814 4383 1818 4383 2288 4383 2291 4384 1835 4384 2293 4384 1818 4385 1835 4385 2291 4385 2293 4386 1840 4386 2296 4386 1835 4387 1840 4387 2293 4387 1840 4388 1863 4388 2296 4388 2296 4389 1863 4389 2298 4389 1863 4390 1867 4390 2298 4390 2298 4391 1867 4391 2300 4391 1867 4392 1873 4392 2300 4392 2300 4393 1873 4393 2302 4393 2302 4394 1875 4394 2304 4394 1873 4395 1875 4395 2302 4395 1875 4396 1880 4396 2304 4396 1590 4397 1592 4397 2315 4397 1590 4398 2315 4398 2314 4398 1592 4399 2317 4399 2315 4399 1590 4400 2314 4400 2316 4400 1592 4401 2318 4401 2317 4401 1590 4402 2316 4402 2319 4402 1590 4403 2319 4403 2320 4403 1592 4404 2321 4404 2318 4404 1592 4405 2322 4405 2321 4405 1590 4406 2320 4406 2323 4406 1592 4407 2324 4407 2322 4407 1590 4408 2323 4408 2326 4408 1592 4409 2325 4409 2324 4409 1583 4410 2325 4410 1592 4410 1590 4411 2326 4411 2328 4411 1583 4412 2327 4412 2325 4412 1587 4413 1590 4413 2328 4413 1583 4414 2330 4414 2327 4414 1587 4415 2328 4415 2329 4415 2331 4416 1587 4416 2329 4416 2332 4417 2330 4417 1583 4417 2333 4418 1587 4418 2331 4418 2334 4419 2332 4419 1583 4419 2335 4420 1587 4420 2333 4420 2337 4421 2334 4421 1583 4421 2336 4422 1587 4422 2335 4422 2337 4423 1583 4423 1586 4423 2338 4424 2337 4424 1586 4424 2339 4425 1587 4425 2336 4425 2340 4426 2338 4426 1586 4426 2341 4427 1587 4427 2339 4427 2342 4428 2340 4428 1586 4428 2344 4429 1587 4429 2341 4429 2343 4430 2342 4430 1586 4430 2344 4431 1586 4431 1587 4431 2346 4432 2343 4432 1586 4432 2345 4433 1586 4433 2344 4433 2345 4434 2346 4434 1586 4434 2339 4435 1847 4435 2341 4435 1847 4436 1850 4436 2341 4436 2341 4437 1850 4437 2344 4437 1850 4438 1854 4438 2344 4438 1854 4439 1856 4439 2344 4439 2344 4440 1856 4440 2345 4440 2345 4441 1845 4441 2346 4441 1856 4442 1845 4442 2345 4442 2346 4443 1831 4443 2343 4443 1845 4444 1831 4444 2346 4444 1831 4445 1826 4445 2343 4445 2343 4446 1826 4446 2342 4446 1826 4447 1816 4447 2342 4447 2342 4448 1816 4448 2340 4448 1816 4449 1815 4449 2340 4449 2340 4450 1815 4450 2338 4450 1815 4451 1810 4451 2338 4451 2338 4452 1810 4452 2337 4452 1810 4453 1807 4453 2337 4453 2337 4454 1807 4454 2334 4454 1807 4455 1804 4455 2334 4455 2334 4456 1804 4456 2332 4456 1804 4457 1801 4457 2332 4457 2332 4458 1801 4458 2330 4458 1801 4459 1799 4459 2330 4459 1799 4460 1802 4460 2330 4460 2330 4461 1802 4461 2327 4461 2327 4462 1802 4462 2325 4462 1802 4463 1797 4463 2325 4463 2325 4464 1797 4464 2324 4464 1797 4465 1795 4465 2324 4465 2324 4466 1795 4466 2322 4466 1795 4467 1793 4467 2322 4467 2322 4468 1793 4468 2321 4468 1793 4469 1791 4469 2321 4469 2321 4470 1791 4470 2318 4470 1791 4471 1788 4471 2318 4471 2318 4472 1788 4472 2317 4472 1788 4473 1786 4473 2317 4473 2317 4474 1786 4474 2315 4474 1786 4475 1784 4475 2315 4475 2315 4476 1784 4476 2314 4476 1784 4477 1785 4477 2314 4477 2314 4478 1785 4478 2316 4478 1785 4479 1787 4479 2316 4479 2316 4480 1787 4480 2319 4480 1787 4481 1789 4481 2319 4481 1789 4482 1790 4482 2319 4482 2319 4483 1790 4483 2320 4483 1790 4484 1792 4484 2320 4484 2320 4485 1792 4485 2323 4485 1792 4486 1794 4486 2323 4486 2323 4487 1796 4487 2326 4487 1794 4488 1796 4488 2323 4488 1796 4489 1842 4489 2326 4489 1842 4490 1834 4490 2326 4490 2326 4491 1834 4491 2328 4491 1834 4492 1828 4492 2328 4492 2328 4493 1828 4493 2329 4493 1828 4494 1825 4494 2329 4494 2329 4495 1822 4495 2331 4495 1825 4496 1822 4496 2329 4496 1822 4497 1823 4497 2331 4497 2331 4498 1823 4498 2333 4498 1823 4499 1830 4499 2333 4499 2333 4500 1830 4500 2335 4500 1830 4501 1833 4501 2335 4501 2335 4502 1833 4502 2336 4502 1833 4503 1839 4503 2336 4503 2336 4504 1839 4504 2339 4504 1839 4505 1847 4505 2339 4505 1579 4506 2347 4506 2348 4506 1579 4507 2349 4507 2347 4507 1579 4508 2348 4508 2350 4508 1577 4509 1579 4509 2350 4509 1579 4510 2351 4510 2349 4510 1577 4511 2350 4511 2352 4511 1579 4512 2353 4512 2351 4512 1577 4513 2352 4513 2355 4513 1579 4514 2354 4514 2353 4514 1567 4515 2356 4515 2354 4515 1567 4516 2354 4516 1579 4516 1577 4517 2355 4517 2357 4517 1577 4518 2357 4518 2358 4518 1567 4519 2359 4519 2356 4519 1577 4520 2358 4520 2360 4520 1567 4521 2361 4521 2359 4521 1577 4522 2360 4522 2363 4522 1567 4523 2362 4523 2361 4523 1577 4524 2363 4524 2364 4524 1575 4525 1577 4525 2364 4525 1570 4526 2362 4526 1567 4526 1575 4527 2364 4527 2365 4527 2366 4528 2362 4528 1570 4528 2367 4529 1575 4529 2365 4529 2368 4530 2366 4530 1570 4530 2369 4531 2368 4531 1570 4531 2370 4532 1575 4532 2367 4532 2371 4533 2369 4533 1570 4533 2372 4534 1575 4534 2370 4534 2373 4535 2371 4535 1570 4535 2374 4536 1574 4536 1575 4536 2374 4537 1575 4537 2372 4537 2375 4538 1574 4538 2374 4538 2376 4539 2373 4539 1570 4539 2376 4540 1570 4540 1572 4540 2377 4541 1574 4541 2375 4541 2379 4542 2376 4542 1572 4542 2378 4543 1574 4543 2377 4543 2380 4544 1574 4544 2378 4544 2381 4545 2379 4545 1572 4545 2380 4546 1572 4546 1574 4546 2382 4547 1572 4547 2380 4547 2383 4548 2381 4548 1572 4548 2384 4549 2383 4549 1572 4549 2384 4550 1572 4550 2382 4550 2377 4551 2084 4551 2378 4551 2072 4552 2084 4552 2377 4552 2378 4553 2060 4553 2380 4553 2084 4554 2060 4554 2378 4554 2060 4555 2056 4555 2380 4555 2380 4556 2056 4556 2382 4556 2056 4557 2052 4557 2382 4557 2382 4558 2052 4558 2384 4558 2052 4559 2050 4559 2384 4559 2384 4560 2050 4560 2383 4560 2050 4561 2047 4561 2383 4561 2383 4562 2047 4562 2381 4562 2047 4563 2041 4563 2381 4563 2381 4564 2040 4564 2379 4564 2041 4565 2040 4565 2381 4565 2040 4566 2034 4566 2379 4566 2379 4567 2034 4567 2376 4567 2034 4568 2029 4568 2376 4568 2376 4569 2029 4569 2373 4569 2029 4570 2023 4570 2373 4570 2373 4571 2023 4571 2371 4571 2371 4572 2023 4572 2369 4572 2023 4573 2019 4573 2369 4573 2019 4574 1976 4574 2369 4574 2369 4575 1976 4575 2368 4575 1976 4576 1964 4576 2368 4576 2368 4577 1964 4577 2366 4577 1964 4578 1962 4578 2366 4578 2366 4579 1962 4579 2362 4579 2362 4580 1962 4580 2361 4580 1962 4581 1960 4581 2361 4581 2361 4582 1958 4582 2359 4582 1960 4583 1958 4583 2361 4583 1958 4584 1956 4584 2359 4584 2359 4585 1956 4585 2356 4585 2356 4586 1956 4586 2354 4586 1956 4587 1954 4587 2354 4587 1954 4588 1949 4588 2354 4588 2354 4589 1949 4589 2353 4589 2353 4590 1949 4590 2351 4590 1949 4591 1944 4591 2351 4591 1944 4592 1942 4592 2351 4592 2351 4593 1942 4593 2349 4593 2349 4594 1936 4594 2347 4594 1942 4595 1936 4595 2349 4595 2347 4596 1936 4596 2348 4596 1936 4597 1939 4597 2348 4597 2348 4598 1939 4598 2350 4598 1939 4599 1943 4599 2350 4599 2350 4600 1943 4600 2352 4600 1943 4601 1945 4601 2352 4601 1945 4602 1950 4602 2352 4602 2352 4603 1950 4603 2355 4603 1950 4604 1951 4604 2355 4604 2355 4605 1951 4605 2357 4605 1951 4606 2069 4606 2357 4606 2357 4607 2070 4607 2358 4607 2069 4608 2070 4608 2357 4608 2070 4609 2071 4609 2358 4609 2358 4610 2071 4610 2360 4610 2071 4611 2073 4611 2360 4611 2360 4612 2073 4612 2363 4612 2363 4613 2074 4613 2364 4613 2073 4614 2074 4614 2363 4614 2074 4615 2075 4615 2364 4615 2364 4616 2075 4616 2365 4616 2075 4617 2076 4617 2365 4617 2365 4618 2077 4618 2367 4618 2076 4619 2077 4619 2365 4619 2077 4620 2079 4620 2367 4620 2367 4621 2079 4621 2370 4621 2370 4622 2079 4622 2372 4622 2079 4623 2080 4623 2372 4623 2372 4624 2081 4624 2374 4624 2080 4625 2081 4625 2372 4625 2374 4626 2082 4626 2375 4626 2081 4627 2082 4627 2374 4627 2375 4628 2072 4628 2377 4628 2082 4629 2072 4629 2375 4629 1576 4630 2385 4630 2386 4630 1576 4631 2387 4631 2385 4631 1573 4632 2387 4632 1576 4632 1578 4633 1576 4633 2386 4633 1571 4634 2387 4634 1573 4634 1645 4635 1580 4635 1578 4635 1645 4636 1643 4636 1580 4636 1645 4637 1578 4637 2386 4637 1647 4638 1645 4638 2386 4638 1643 4639 1568 4639 1580 4639 1641 4640 1568 4640 1643 4640 1641 4641 1569 4641 1568 4641 1640 4642 1569 4642 1641 4642 1682 4643 1680 4643 1571 4643 1678 4644 2387 4644 1571 4644 1678 4645 1571 4645 1680 4645 1682 4646 1571 4646 1569 4646 1675 4647 1678 4647 1677 4647 1675 4648 2388 4648 1678 4648 1684 4649 1682 4649 1569 4649 1684 4650 1569 4650 1640 4650 2389 4651 2388 4651 1675 4651 2389 4652 1675 4652 1673 4652 1671 4653 2389 4653 1673 4653 1662 4654 1684 4654 1640 4654 1659 4655 1684 4655 1662 4655 1659 4656 1669 4656 1684 4656 1662 4657 1640 4657 1638 4657 1664 4658 1662 4658 1638 4658 1658 4659 1669 4659 1659 4659 1658 4660 1671 4660 1669 4660 1664 4661 1638 4661 1636 4661 1666 4662 1664 4662 1636 4662 1667 4663 1666 4663 1636 4663 1628 4664 1650 4664 1648 4664 1656 4665 1671 4665 1658 4665 1630 4666 1628 4666 1648 4666 1630 4667 1648 4667 1647 4667 1626 4668 1650 4668 1628 4668 1626 4669 1651 4669 1650 4669 1656 4670 2389 4670 1671 4670 1625 4671 1651 4671 1626 4671 1625 4672 1636 4672 1651 4672 1614 4673 1667 4673 1636 4673 1614 4674 1636 4674 1625 4674 1613 4675 1667 4675 1614 4675 1614 4676 1625 4676 1624 4676 1613 4677 1652 4677 1667 4677 1616 4678 1614 4678 1624 4678 1618 4679 1616 4679 1624 4679 1618 4680 1624 4680 1621 4680 1613 4681 1654 4681 1652 4681 1611 4682 1654 4682 1613 4682 1588 4683 1634 4683 1632 4683 1589 4684 1588 4684 1632 4684 1585 4685 1634 4685 1588 4685 1585 4686 1621 4686 1634 4686 2390 4687 1591 4687 1589 4687 2390 4688 1632 4688 1630 4688 2390 4689 1589 4689 1632 4689 1585 4690 1618 4690 1621 4690 1591 4691 2390 4691 2391 4691 2391 4692 1581 4692 1591 4692 1582 4693 1581 4693 2391 4693 1603 4694 1585 4694 1584 4694 1600 4695 1618 4695 1585 4695 1600 4696 1585 4696 1603 4696 1600 4697 1620 4697 1618 4697 1599 4698 1620 4698 1600 4698 1599 4699 1606 4699 1620 4699 1604 4700 1603 4700 1584 4700 1604 4701 1584 4701 1582 4701 1598 4702 1606 4702 1599 4702 2393 4703 1604 4703 1582 4703 1598 4704 1609 4704 1606 4704 2393 4705 1582 4705 2391 4705 2392 4706 1598 4706 1596 4706 2392 4707 1596 4707 1594 4707 2393 4708 2392 4708 1594 4708 2392 4709 2389 4709 1655 4709 1655 4710 2389 4710 1656 4710 2392 4711 1655 4711 1654 4711 2392 4712 1654 4712 1610 4712 1610 4713 1654 4713 1611 4713 2392 4714 1610 4714 1609 4714 2392 4715 1609 4715 1598 4715 2386 4716 2390 4716 1630 4716 2386 4717 1630 4717 1647 4717 2386 4718 2616 4718 2390 4718 2394 4719 2616 4719 2386 4719 1678 4720 2614 4720 2387 4720 2392 4721 2619 4721 2389 4721 2615 4722 2619 4722 2392 4722 2391 4723 2395 4723 2393 4723 2396 4724 2397 4724 2398 4724 2396 4725 2398 4725 2399 4725 2401 4726 2402 4726 2403 4726 2404 4727 2402 4727 2401 4727 2417 4728 2406 4728 2418 4728 2408 4729 2418 4729 2406 4729 2414 4730 2411 4730 2415 4730 2418 4731 2410 4731 2409 4731 2415 4732 2410 4732 2408 4732 2408 4733 2410 4733 2418 4733 1759 4734 2411 4734 1760 4734 2411 4735 2410 4735 2415 4735 2411 4736 2412 4736 2410 4736 2408 4737 1754 4737 2415 4737 1733 4738 1754 4738 2408 4738 2413 4739 1760 4739 2411 4739 1759 4740 1757 4740 2411 4740 1769 4741 2413 4741 2411 4741 2414 4742 1769 4742 2411 4742 2413 4743 1764 4743 1762 4743 2413 4744 1762 4744 1760 4744 2413 4745 1766 4745 1764 4745 2413 4746 1768 4746 1766 4746 1769 4747 1768 4747 2413 4747 2414 4748 1772 4748 1770 4748 2414 4749 1770 4749 1769 4749 2414 4750 1774 4750 1772 4750 2415 4751 1776 4751 1774 4751 2415 4752 1778 4752 1776 4752 2415 4753 1774 4753 2414 4753 2415 4754 1780 4754 1778 4754 2415 4755 1754 4755 1780 4755 2416 4756 2408 4756 2406 4756 2416 4757 1733 4757 2408 4757 2417 4758 2416 4758 2406 4758 2416 4759 1735 4759 1733 4759 2416 4760 1737 4760 1735 4760 2407 4761 2417 4761 2418 4761 2416 4762 1739 4762 1737 4762 2417 4763 1739 4763 2416 4763 2417 4764 1741 4764 1739 4764 2417 4765 1743 4765 1741 4765 2407 4766 1744 4766 1743 4766 2407 4767 1743 4767 2417 4767 2407 4768 1746 4768 1744 4768 2407 4769 1749 4769 1746 4769 2407 4770 1750 4770 1749 4770 2418 4771 1750 4771 2407 4771 2418 4772 1752 4772 1750 4772 1757 4773 2412 4773 2411 4773 2419 4774 1706 4774 1559 4774 1559 4775 1706 4775 1561 4775 1757 4776 1706 4776 2412 4776 2412 4777 1706 4777 2420 4777 2420 4778 1706 4778 2419 4778 1711 4779 1554 4779 1555 4779 1711 4780 2421 4780 1554 4780 2409 4781 1752 4781 2418 4781 1711 4782 1752 4782 2421 4782 2421 4783 1752 4783 2422 4783 2422 4784 1752 4784 2409 4784 1560 4785 1687 4785 1686 4785 1560 4786 1690 4786 1687 4786 1560 4787 1691 4787 1690 4787 1698 4788 2423 4788 1561 4788 2423 4789 1693 4789 1691 4789 2423 4790 1691 4790 1560 4790 2423 4791 1695 4791 1693 4791 2423 4792 1697 4792 1695 4792 2423 4793 1698 4793 1697 4793 1561 4794 1699 4794 1698 4794 1561 4795 1701 4795 1699 4795 1561 4796 1704 4796 1701 4796 1561 4797 1706 4797 1704 4797 2424 4798 1555 4798 1556 4798 1555 4799 1713 4799 1711 4799 1726 4800 2424 4800 1556 4800 1555 4801 1715 4801 1713 4801 1726 4802 1556 4802 2425 4802 1555 4803 1717 4803 1715 4803 2424 4804 1718 4804 1717 4804 2424 4805 1717 4805 1555 4805 2424 4806 1720 4806 1718 4806 2424 4807 1722 4807 1720 4807 1726 4808 1722 4808 2424 4808 1726 4809 1724 4809 1722 4809 2425 4810 1728 4810 1726 4810 2425 4811 1729 4811 1728 4811 2425 4812 1707 4812 1729 4812 1560 4813 1707 4813 2425 4813 1686 4814 1707 4814 1560 4814 2397 4815 2427 4815 2398 4815 2428 4816 2404 4816 2401 4816 2428 4817 2401 4817 2552 4817 2396 4818 2399 4818 2599 4818 2430 4819 2396 4819 2599 4819 2402 4820 2434 4820 2403 4820 2421 4821 2422 4821 2435 4821 2435 4822 2422 4822 2436 4822 2613 4823 2437 4823 2438 4823 2613 4824 2508 4824 2437 4824 2439 4825 2508 4825 2612 4825 2441 4826 2489 4826 2439 4826 2422 4827 2440 4827 2436 4827 2441 4828 2440 4828 2422 4828 2491 4829 2441 4829 2422 4829 2442 4830 2421 4830 2435 4830 2484 4831 2421 4831 2442 4831 2443 4832 2484 4832 2442 4832 2483 4833 2481 4833 2577 4833 2483 4834 2577 4834 2445 4834 2483 4835 2445 4835 2446 4835 2437 4836 2447 4836 2438 4836 2438 4837 2447 4837 2448 4837 2449 4838 2446 4838 2450 4838 2450 4839 2446 4839 2445 4839 2562 4840 2420 4840 2451 4840 2453 4841 2562 4841 2561 4841 2452 4842 2420 4842 2562 4842 2453 4843 2452 4843 2562 4843 2517 4844 2448 4844 2447 4844 2455 4845 2449 4845 2450 4845 2455 4846 2450 4846 2454 4846 2478 4847 2456 4847 2457 4847 2458 4848 2478 4848 2457 4848 2458 4849 2463 4849 2478 4849 2419 4850 2458 4850 2459 4850 2419 4851 2463 4851 2458 4851 2420 4852 2459 4852 2451 4852 2420 4853 2419 4853 2459 4853 2460 4854 2462 4854 2463 4854 2463 4855 2462 4855 2478 4855 2419 4856 2461 4856 2460 4856 2461 4857 2462 4857 2460 4857 2473 4858 2462 4858 2461 4858 2460 4859 2463 4859 2419 4859 1559 4860 2461 4860 2419 4860 2473 4861 2461 4861 1559 4861 2464 4862 2468 4862 1558 4862 2465 4863 2468 4863 2464 4863 1558 4864 2468 4864 1559 4864 2466 4865 2468 4865 2465 4865 2467 4866 2468 4866 2466 4866 2469 4867 2475 4867 2467 4867 2467 4868 2475 4868 2468 4868 2470 4869 2475 4869 2469 4869 2475 4870 2473 4870 2468 4870 2471 4871 2475 4871 2470 4871 2472 4872 2455 4872 2471 4872 2471 4873 2455 4873 2475 4873 2474 4874 2455 4874 2472 4874 2468 4875 2473 4875 1559 4875 2475 4876 2477 4876 2473 4876 2455 4877 2477 4877 2475 4877 2449 4878 2455 4878 2476 4878 2476 4879 2455 4879 2474 4879 2455 4880 2456 4880 2477 4880 2454 4881 2456 4881 2455 4881 2477 4882 2462 4882 2473 4882 2477 4883 2478 4883 2462 4883 2477 4884 2456 4884 2478 4884 1557 4885 2464 4885 1558 4885 2476 4886 2446 4886 2449 4886 2485 4887 2479 4887 1554 4887 1554 4888 2479 4888 1557 4888 2487 4889 2482 4889 2485 4889 2485 4890 2482 4890 2480 4890 2487 4891 2481 4891 2482 4891 1557 4892 2479 4892 2464 4892 2464 4893 2479 4893 2465 4893 2485 4894 2480 4894 2479 4894 2465 4895 2479 4895 2466 4895 2479 4896 2480 4896 2466 4896 2466 4897 2480 4897 2467 4897 2467 4898 2480 4898 2469 4898 2469 4899 2480 4899 2470 4899 2470 4900 2480 4900 2471 4900 2471 4901 2482 4901 2472 4901 2480 4902 2482 4902 2471 4902 2472 4903 2482 4903 2474 4903 2474 4904 2482 4904 2476 4904 2481 4905 2483 4905 2482 4905 2482 4906 2483 4906 2476 4906 2476 4907 2483 4907 2446 4907 2444 4908 2481 4908 2443 4908 2481 4909 2487 4909 2443 4909 2443 4910 2486 4910 2484 4910 2484 4911 2486 4911 2421 4911 1554 4912 2488 4912 2485 4912 2421 4913 2488 4913 1554 4913 2485 4914 2488 4914 2487 4914 2487 4915 2486 4915 2443 4915 2488 4916 2486 4916 2487 4916 2421 4917 2486 4917 2488 4917 2491 4918 2490 4918 2441 4918 2489 4919 2490 4919 2492 4919 2441 4920 2490 4920 2489 4920 2422 4921 2494 4921 2492 4921 2494 4922 2493 4922 2492 4922 2492 4923 2493 4923 2489 4923 2490 4924 2491 4924 2492 4924 2492 4925 2491 4925 2422 4925 2503 4926 2494 4926 2409 4926 2409 4927 2494 4927 2422 4927 2493 4928 2494 4928 2503 4928 2495 4929 2496 4929 2410 4929 2410 4930 2496 4930 2409 4930 2513 4931 2509 4931 2495 4931 2495 4932 2509 4932 2496 4932 2509 4933 2500 4933 2496 4933 2510 4934 2500 4934 2509 4934 2497 4935 2500 4935 2510 4935 2498 4936 2500 4936 2497 4936 2496 4937 2503 4937 2409 4937 2499 4938 2507 4938 2498 4938 2498 4939 2507 4939 2500 4939 2501 4940 2507 4940 2502 4940 2502 4941 2507 4941 2499 4941 2500 4942 2503 4942 2496 4942 2501 4943 2508 4943 2507 4943 2504 4944 2508 4944 2501 4944 2500 4945 2507 4945 2503 4945 2505 4946 2508 4946 2504 4946 2437 4947 2508 4947 2506 4947 2506 4948 2508 4948 2505 4948 2507 4949 2493 4949 2503 4949 2508 4950 2493 4950 2507 4950 2508 4951 2489 4951 2493 4951 2508 4952 2439 4952 2489 4952 2506 4953 2447 4953 2437 4953 2521 4954 2511 4954 2412 4954 2521 4955 2512 4955 2511 4955 2512 4956 2514 4956 2511 4956 2515 4957 2512 4957 2521 4957 2412 4958 2511 4958 2410 4958 2511 4959 2513 4959 2410 4959 2511 4960 2514 4960 2513 4960 2410 4961 2513 4961 2495 4961 2515 4962 2516 4962 2512 4962 2513 4963 2514 4963 2509 4963 2515 4964 2561 4964 2516 4964 2509 4965 2514 4965 2510 4965 2512 4966 2497 4966 2514 4966 2512 4967 2516 4967 2497 4967 2514 4968 2497 4968 2510 4968 2497 4969 2516 4969 2498 4969 2498 4970 2516 4970 2499 4970 2561 4971 2517 4971 2516 4971 2499 4972 2516 4972 2502 4972 2502 4973 2516 4973 2501 4973 2501 4974 2516 4974 2504 4974 2504 4975 2516 4975 2505 4975 2516 4976 2517 4976 2505 4976 2506 4977 2517 4977 2447 4977 2505 4978 2517 4978 2506 4978 2515 4979 2453 4979 2561 4979 2515 4980 2518 4980 2453 4980 2521 4981 2518 4981 2515 4981 2453 4982 2519 4982 2452 4982 2452 4983 2519 4983 2420 4983 2518 4984 2521 4984 2520 4984 2412 4985 2520 4985 2521 4985 2420 4986 2520 4986 2412 4986 2518 4987 2519 4987 2453 4987 2520 4988 2519 4988 2518 4988 2420 4989 2519 4989 2520 4989 2459 4990 2522 4990 2451 4990 2451 4991 2522 4991 2523 4991 2523 4992 2524 4992 2525 4992 2522 4993 2524 4993 2523 4993 2525 4994 2526 4994 2527 4994 2524 4995 2526 4995 2525 4995 2527 4996 2528 4996 2529 4996 2526 4997 2528 4997 2527 4997 2529 4998 2530 4998 2531 4998 2528 4999 2530 4999 2529 4999 2531 5000 2532 5000 2533 5000 2530 5001 2532 5001 2531 5001 2533 5002 2534 5002 2535 5002 2532 5003 2534 5003 2533 5003 2535 5004 2536 5004 2537 5004 2534 5005 2536 5005 2535 5005 2537 5006 2538 5006 2539 5006 2536 5007 2538 5007 2537 5007 2539 5008 2540 5008 2541 5008 2538 5009 2540 5009 2539 5009 2541 5010 2542 5010 2543 5010 2540 5011 2542 5011 2541 5011 2543 5012 2544 5012 2545 5012 2542 5013 2544 5013 2543 5013 2545 5014 2546 5014 2547 5014 2544 5015 2546 5015 2545 5015 2547 5016 2548 5016 2549 5016 2546 5017 2548 5017 2547 5017 2549 5018 2550 5018 2551 5018 2548 5019 2550 5019 2549 5019 2551 5020 2401 5020 2403 5020 2550 5021 2401 5021 2551 5021 2401 5022 2550 5022 2552 5022 2454 5023 2450 5023 2563 5023 2548 5024 2552 5024 2550 5024 2546 5025 2552 5025 2548 5025 2544 5026 2552 5026 2546 5026 2542 5027 2552 5027 2544 5027 2542 5028 2457 5028 2552 5028 2540 5029 2457 5029 2542 5029 2538 5030 2457 5030 2540 5030 2536 5031 2457 5031 2538 5031 2534 5032 2457 5032 2536 5032 2532 5033 2457 5033 2534 5033 2530 5034 2457 5034 2532 5034 2528 5035 2457 5035 2530 5035 2526 5036 2457 5036 2528 5036 2552 5037 2457 5037 2553 5037 2524 5038 2457 5038 2526 5038 2524 5039 2458 5039 2457 5039 2522 5040 2458 5040 2524 5040 2459 5041 2458 5041 2522 5041 2553 5042 2554 5042 2429 5042 2400 5043 2554 5043 2569 5043 2569 5044 2554 5044 2568 5044 2457 5045 2456 5045 2553 5045 2553 5046 2555 5046 2554 5046 2568 5047 2554 5047 2567 5047 2554 5048 2555 5048 2567 5048 2553 5049 2456 5049 2555 5049 2567 5050 2555 5050 2566 5050 2566 5051 2555 5051 2565 5051 2565 5052 2555 5052 2564 5052 2456 5053 2454 5053 2555 5053 2555 5054 2454 5054 2564 5054 2564 5055 2454 5055 2556 5055 2556 5056 2454 5056 2563 5056 2562 5057 2451 5057 2523 5057 2575 5058 2557 5058 2405 5058 2574 5059 2557 5059 2575 5059 2573 5060 2557 5060 2574 5060 2573 5061 2560 5061 2557 5061 2572 5062 2560 5062 2573 5062 2572 5063 2558 5063 2560 5063 2557 5064 2560 5064 2433 5064 2560 5065 2562 5065 2433 5065 2559 5066 2558 5066 2570 5066 2448 5067 2558 5067 2559 5067 2448 5068 2517 5068 2558 5068 2558 5069 2517 5069 2560 5069 2560 5070 2561 5070 2562 5070 2517 5071 2561 5071 2560 5071 2551 5072 2434 5072 2549 5072 2403 5073 2434 5073 2551 5073 2549 5074 2434 5074 2547 5074 2547 5075 2434 5075 2545 5075 2545 5076 2434 5076 2543 5076 2543 5077 2434 5077 2541 5077 2541 5078 2434 5078 2539 5078 2433 5079 2562 5079 2434 5079 2539 5080 2434 5080 2537 5080 2537 5081 2434 5081 2535 5081 2535 5082 2434 5082 2533 5082 2533 5083 2562 5083 2531 5083 2434 5084 2562 5084 2533 5084 2531 5085 2562 5085 2529 5085 2529 5086 2562 5086 2527 5086 2527 5087 2562 5087 2525 5087 2525 5088 2562 5088 2523 5088 2445 5089 2563 5089 2450 5089 2570 5090 2558 5090 2571 5090 2558 5091 2572 5091 2571 5091 2573 5092 2574 5092 2611 5092 2445 5093 2577 5093 2563 5093 2400 5094 2576 5094 2828 5094 2569 5095 2576 5095 2400 5095 2568 5096 2576 5096 2569 5096 2567 5097 2577 5097 2568 5097 2568 5098 2577 5098 2576 5098 2566 5099 2577 5099 2567 5099 2576 5100 2577 5100 2444 5100 2565 5101 2577 5101 2566 5101 2576 5102 2444 5102 2426 5102 2564 5103 2577 5103 2565 5103 2556 5104 2577 5104 2564 5104 2563 5105 2577 5105 2556 5105 2577 5106 2481 5106 2444 5106 2426 5107 2444 5107 2427 5107 2398 5108 2427 5108 2578 5108 2444 5109 2580 5109 2427 5109 2578 5110 2427 5110 2579 5110 2579 5111 2580 5111 2581 5111 2581 5112 2580 5112 2582 5112 2427 5113 2580 5113 2579 5113 2582 5114 2580 5114 2583 5114 2583 5115 2580 5115 2584 5115 2584 5116 2580 5116 2585 5116 2585 5117 2580 5117 2586 5117 2442 5118 2444 5118 2443 5118 2586 5119 2580 5119 2587 5119 2444 5120 2442 5120 2580 5120 2587 5121 2580 5121 2588 5121 2588 5122 2580 5122 2589 5122 2589 5123 2580 5123 2590 5123 2580 5124 2442 5124 2590 5124 2590 5125 2442 5125 2591 5125 2591 5126 2442 5126 2592 5126 2592 5127 2442 5127 2593 5127 2593 5128 2442 5128 2435 5128 2436 5129 2440 5129 2594 5129 2613 5130 2438 5130 2448 5130 2595 5131 2599 5131 2399 5131 2596 5132 2599 5132 2595 5132 2597 5133 2599 5133 2596 5133 2598 5134 2599 5134 2597 5134 2600 5135 2599 5135 2598 5135 2600 5136 2609 5136 2599 5136 2601 5137 2609 5137 2600 5137 2602 5138 2609 5138 2601 5138 2603 5139 2609 5139 2602 5139 2604 5140 2609 5140 2603 5140 2599 5141 2609 5141 2431 5141 2605 5142 2609 5142 2604 5142 2606 5143 2609 5143 2605 5143 2606 5144 2440 5144 2609 5144 2607 5145 2440 5145 2606 5145 2608 5146 2440 5146 2607 5146 2610 5147 2440 5147 2608 5147 2594 5148 2440 5148 2610 5148 2609 5149 2440 5149 2441 5149 2609 5150 2612 5150 2431 5150 2405 5151 2432 5151 2575 5151 2441 5152 2439 5152 2609 5152 2575 5153 2432 5153 2574 5153 2432 5154 2431 5154 2611 5154 2609 5155 2439 5155 2612 5155 2432 5156 2611 5156 2574 5156 2573 5157 2611 5157 2572 5157 2431 5158 2612 5158 2611 5158 2611 5159 2612 5159 2572 5159 2571 5160 2612 5160 2570 5160 2572 5161 2612 5161 2571 5161 2508 5162 2613 5162 2612 5162 2570 5163 2612 5163 2559 5163 2612 5164 2613 5164 2559 5164 2559 5165 2613 5165 2448 5165 2435 5166 2436 5166 2593 5166 2593 5167 2594 5167 2592 5167 2436 5168 2594 5168 2593 5168 2592 5169 2610 5169 2591 5169 2594 5170 2610 5170 2592 5170 2591 5171 2608 5171 2590 5171 2610 5172 2608 5172 2591 5172 2590 5173 2607 5173 2589 5173 2608 5174 2607 5174 2590 5174 2589 5175 2606 5175 2588 5175 2607 5176 2606 5176 2589 5176 2588 5177 2605 5177 2587 5177 2606 5178 2605 5178 2588 5178 2587 5179 2604 5179 2586 5179 2605 5180 2604 5180 2587 5180 2586 5181 2603 5181 2585 5181 2604 5182 2603 5182 2586 5182 2585 5183 2602 5183 2584 5183 2603 5184 2602 5184 2585 5184 2584 5185 2601 5185 2583 5185 2602 5186 2601 5186 2584 5186 2583 5187 2600 5187 2582 5187 2601 5188 2600 5188 2583 5188 2582 5189 2598 5189 2581 5189 2600 5190 2598 5190 2582 5190 2581 5191 2597 5191 2579 5191 2598 5192 2597 5192 2581 5192 2579 5193 2596 5193 2578 5193 2597 5194 2596 5194 2579 5194 2578 5195 2595 5195 2398 5195 2596 5196 2595 5196 2578 5196 2595 5197 2399 5197 2398 5197 1678 5198 2388 5198 2614 5198 2388 5199 2389 5199 2619 5199 2392 5200 2393 5200 2615 5200 2615 5201 2393 5201 2395 5201 2395 5202 2391 5202 2616 5202 2391 5203 2390 5203 2616 5203 2394 5204 2386 5204 2617 5204 2386 5205 2385 5205 2617 5205 2617 5206 2385 5206 2618 5206 2618 5207 2387 5207 2614 5207 2385 5208 2387 5208 2618 5208 1565 5209 2618 5209 2614 5209 2618 5210 1565 5210 2617 5210 1565 5211 2394 5211 2617 5211 1566 5212 2388 5212 2619 5212 1566 5213 2614 5213 2388 5213 1565 5214 2614 5214 1566 5214 2394 5215 1562 5215 2616 5215 1565 5216 1562 5216 2394 5216 2615 5217 1566 5217 2619 5217 2848 5218 2616 5218 1562 5218 2395 5219 2616 5219 1563 5219 1563 5220 2616 5220 2848 5220 1563 5221 2615 5221 2395 5221 1564 5222 2615 5222 1563 5222 1566 5223 2615 5223 1564 5223 1709 5224 2620 5224 1710 5224 2656 5225 2083 5225 2621 5225 2622 5226 1730 5226 1708 5226 2083 5227 2656 5227 2698 5227 1712 5228 2620 5228 1709 5228 1712 5229 2623 5229 2620 5229 1712 5230 2624 5230 2623 5230 1712 5231 2625 5231 2624 5231 1712 5232 2626 5232 2625 5232 1712 5233 2627 5233 2626 5233 2632 5234 2627 5234 1712 5234 2632 5235 2628 5235 2627 5235 2647 5236 1712 5236 1714 5236 2632 5237 2629 5237 2628 5237 2632 5238 2630 5238 2629 5238 2647 5239 1714 5239 1716 5239 2632 5240 2631 5240 2630 5240 2632 5241 2633 5241 2631 5241 2632 5242 2634 5242 2633 5242 2632 5243 2635 5243 2634 5243 2632 5244 2636 5244 2635 5244 2637 5245 2636 5245 2632 5245 2637 5246 2638 5246 2636 5246 2647 5247 2632 5247 1712 5247 2637 5248 2639 5248 2638 5248 2647 5249 1716 5249 1719 5249 2637 5250 2640 5250 2639 5250 2637 5251 2641 5251 2640 5251 2637 5252 2642 5252 2641 5252 2645 5253 2632 5253 2647 5253 2637 5254 2643 5254 2642 5254 2637 5255 2644 5255 2643 5255 2657 5256 2647 5256 1719 5256 2657 5257 1719 5257 1721 5257 2637 5258 2646 5258 2644 5258 2637 5259 2648 5259 2646 5259 2637 5260 2649 5260 2648 5260 2645 5261 2637 5261 2632 5261 2637 5262 2650 5262 2649 5262 2657 5263 1721 5263 1723 5263 2656 5264 2651 5264 2650 5264 2656 5265 2650 5265 2637 5265 2656 5266 2652 5266 2651 5266 2656 5267 2653 5267 2652 5267 2656 5268 2654 5268 2653 5268 2656 5269 2655 5269 2654 5269 2658 5270 2657 5270 1723 5270 2657 5271 2645 5271 2647 5271 2656 5272 2621 5272 2655 5272 2658 5273 1723 5273 1725 5273 2645 5274 2656 5274 2637 5274 2658 5275 1725 5275 1726 5275 2658 5276 1726 5276 1727 5276 2661 5277 2657 5277 2658 5277 2661 5278 2658 5278 2659 5278 2661 5279 2645 5279 2657 5279 2658 5280 1727 5280 1730 5280 2658 5281 1730 5281 2622 5281 2658 5282 2622 5282 2660 5282 2658 5283 2660 5283 2707 5283 2659 5284 2707 5284 2706 5284 2659 5285 2658 5285 2707 5285 2656 5286 2645 5286 2661 5286 2659 5287 2706 5287 2662 5287 2659 5288 2662 5288 2705 5288 2666 5289 2656 5289 2661 5289 2659 5290 2705 5290 2704 5290 2659 5291 2664 5291 2661 5291 2666 5292 2661 5292 2664 5292 2659 5293 2704 5293 2663 5293 2664 5294 2659 5294 2663 5294 2664 5295 2663 5295 2665 5295 2664 5296 2665 5296 2703 5296 2664 5297 2703 5297 2702 5297 2666 5298 2664 5298 2702 5298 2666 5299 2702 5299 2701 5299 2666 5300 2701 5300 2700 5300 2666 5301 2700 5301 2699 5301 2666 5302 2699 5302 2698 5302 2666 5303 2698 5303 2656 5303 2621 5304 2083 5304 1781 5304 2621 5305 2667 5305 2668 5305 2621 5306 1781 5306 2667 5306 2655 5307 2668 5307 2669 5307 2655 5308 2621 5308 2668 5308 2654 5309 2655 5309 2669 5309 2653 5310 2670 5310 2671 5310 2653 5311 2669 5311 2670 5311 2653 5312 2654 5312 2669 5312 2652 5313 2653 5313 2671 5313 2651 5314 2672 5314 2673 5314 2651 5315 2671 5315 2672 5315 2651 5316 2652 5316 2671 5316 2650 5317 2651 5317 2673 5317 2649 5318 2650 5318 2673 5318 2649 5319 2673 5319 2674 5319 2648 5320 2649 5320 2674 5320 2648 5321 2674 5321 2675 5321 2646 5322 2648 5322 2675 5322 2646 5323 2675 5323 2676 5323 2644 5324 2646 5324 2676 5324 2644 5325 2676 5325 2677 5325 2643 5326 2644 5326 2677 5326 2643 5327 2677 5327 2678 5327 2642 5328 2643 5328 2678 5328 2642 5329 2678 5329 2679 5329 2641 5330 2642 5330 2679 5330 2641 5331 2679 5331 2680 5331 2640 5332 2641 5332 2680 5332 2640 5333 2680 5333 2681 5333 2639 5334 2640 5334 2681 5334 2639 5335 2681 5335 2682 5335 2638 5336 2639 5336 2682 5336 2638 5337 2683 5337 2684 5337 2638 5338 2682 5338 2683 5338 2636 5339 2638 5339 2684 5339 2635 5340 2684 5340 2685 5340 2635 5341 2636 5341 2684 5341 2634 5342 2685 5342 2686 5342 2634 5343 2635 5343 2685 5343 2633 5344 2634 5344 2686 5344 2633 5345 2686 5345 2687 5345 2631 5346 2687 5346 2688 5346 2631 5347 2633 5347 2687 5347 2630 5348 2631 5348 2688 5348 2630 5349 2688 5349 2689 5349 2629 5350 2689 5350 2690 5350 2629 5351 2630 5351 2689 5351 2628 5352 2690 5352 2691 5352 2628 5353 2629 5353 2690 5353 2627 5354 2691 5354 2692 5354 2627 5355 2628 5355 2691 5355 2626 5356 2692 5356 2693 5356 2626 5357 2627 5357 2692 5357 2625 5358 2694 5358 2695 5358 2625 5359 2693 5359 2694 5359 2625 5360 2626 5360 2693 5360 2624 5361 2625 5361 2695 5361 2623 5362 2696 5362 2697 5362 2623 5363 2695 5363 2696 5363 2623 5364 2624 5364 2695 5364 2620 5365 2623 5365 2697 5365 1710 5366 2697 5366 1731 5366 1710 5367 2620 5367 2697 5367 2698 5368 1783 5368 2083 5368 2708 5369 2660 5369 2622 5369 2708 5370 2707 5370 2660 5370 1685 5371 2622 5371 1708 5371 1685 5372 2708 5372 2622 5372 1734 5373 2709 5373 1732 5373 2722 5374 1781 5374 2710 5374 2697 5375 1753 5375 1731 5375 1781 5376 2722 5376 2667 5376 2712 5377 2709 5377 1734 5377 2712 5378 2770 5378 2709 5378 2712 5379 1734 5379 1736 5379 2712 5380 2769 5380 2770 5380 2712 5381 2768 5381 2769 5381 2712 5382 1736 5382 1738 5382 2712 5383 2711 5383 2768 5383 2714 5384 2711 5384 2712 5384 2714 5385 2713 5385 2711 5385 2718 5386 2712 5386 1738 5386 2714 5387 2712 5387 2718 5387 2714 5388 2715 5388 2713 5388 2718 5389 1738 5389 1740 5389 2714 5390 2716 5390 2715 5390 2714 5391 2717 5391 2716 5391 2718 5392 1740 5392 1742 5392 2720 5393 2717 5393 2714 5393 2720 5394 2766 5394 2717 5394 2721 5395 2718 5395 1742 5395 2720 5396 2719 5396 2766 5396 2718 5397 2720 5397 2714 5397 2720 5398 2765 5398 2719 5398 2721 5399 1742 5399 1745 5399 2720 5400 2764 5400 2765 5400 2720 5401 2763 5401 2764 5401 2722 5402 2763 5402 2720 5402 2721 5403 1745 5403 1747 5403 2723 5404 2720 5404 2718 5404 2722 5405 2710 5405 2763 5405 2723 5406 2718 5406 2721 5406 2721 5407 1747 5407 1748 5407 2724 5408 1748 5408 1751 5408 2724 5409 2721 5409 1748 5409 2726 5410 2720 5410 2723 5410 2724 5411 2723 5411 2721 5411 2724 5412 1751 5412 1753 5412 2722 5413 2720 5413 2726 5413 2724 5414 1753 5414 2697 5414 2724 5415 2697 5415 2696 5415 2724 5416 2696 5416 2695 5416 2724 5417 2695 5417 2694 5417 2724 5418 2694 5418 2693 5418 2724 5419 2693 5419 2692 5419 2724 5420 2692 5420 2691 5420 2725 5421 2724 5421 2691 5421 2724 5422 2725 5422 2723 5422 2725 5423 2691 5423 2690 5423 2725 5424 2690 5424 2689 5424 2725 5425 2689 5425 2688 5425 2726 5426 2723 5426 2725 5426 2725 5427 2688 5427 2687 5427 2725 5428 2687 5428 2686 5428 2725 5429 2686 5429 2685 5429 2725 5430 2685 5430 2684 5430 2725 5431 2684 5431 2683 5431 2725 5432 2683 5432 2682 5432 2725 5433 2682 5433 2681 5433 2725 5434 2681 5434 2680 5434 2725 5435 2680 5435 2679 5435 2725 5436 2679 5436 2678 5436 2726 5437 2725 5437 2678 5437 2726 5438 2678 5438 2677 5438 2726 5439 2677 5439 2676 5439 2726 5440 2676 5440 2675 5440 2726 5441 2675 5441 2674 5441 2726 5442 2674 5442 2673 5442 2726 5443 2673 5443 2672 5443 2726 5444 2672 5444 2671 5444 2726 5445 2671 5445 2670 5445 2726 5446 2670 5446 2669 5446 2726 5447 2669 5447 2668 5447 2726 5448 2668 5448 2667 5448 2726 5449 2667 5449 2722 5449 1688 5450 2708 5450 1685 5450 2096 5451 1783 5451 2698 5451 2727 5452 1703 5452 1705 5452 1783 5453 2096 5453 2772 5453 2728 5454 2708 5454 1688 5454 2728 5455 1688 5455 1689 5455 2728 5456 2707 5456 2708 5456 2728 5457 2706 5457 2707 5457 2728 5458 2662 5458 2706 5458 2728 5459 1689 5459 1692 5459 2728 5460 2705 5460 2662 5460 2728 5461 2704 5461 2705 5461 2733 5462 2728 5462 1692 5462 2729 5463 2663 5463 2704 5463 2729 5464 2704 5464 2728 5464 2733 5465 1692 5465 1694 5465 2729 5466 2665 5466 2663 5466 2729 5467 2703 5467 2665 5467 2732 5468 2729 5468 2728 5468 2730 5469 2703 5469 2729 5469 2733 5470 2732 5470 2728 5470 2733 5471 1694 5471 1696 5471 2730 5472 2702 5472 2703 5472 2730 5473 2701 5473 2702 5473 2732 5474 2730 5474 2729 5474 2730 5475 2700 5475 2701 5475 2731 5476 1696 5476 1698 5476 2731 5477 2733 5477 1696 5477 2730 5478 2699 5478 2700 5478 2730 5479 2698 5479 2699 5479 2730 5480 2096 5480 2698 5480 2735 5481 2733 5481 2731 5481 2732 5482 2096 5482 2730 5482 2742 5483 2731 5483 1700 5483 2742 5484 2735 5484 2731 5484 2742 5485 1700 5485 1702 5485 2742 5486 1702 5486 1703 5486 2735 5487 2732 5487 2733 5487 2742 5488 1703 5488 2727 5488 2742 5489 2727 5489 2734 5489 2742 5490 2734 5490 2736 5490 2742 5491 2736 5491 2737 5491 2756 5492 2735 5492 2742 5492 2742 5493 2738 5493 2739 5493 2742 5494 2737 5494 2738 5494 2742 5495 2739 5495 2740 5495 2742 5496 2740 5496 2741 5496 2742 5497 2741 5497 2743 5497 2756 5498 2743 5498 2744 5498 2756 5499 2742 5499 2743 5499 2756 5500 2744 5500 2745 5500 2756 5501 2745 5501 2746 5501 2756 5502 2747 5502 2748 5502 2756 5503 2746 5503 2747 5503 2096 5504 2732 5504 2754 5504 2756 5505 2748 5505 2749 5505 2756 5506 2749 5506 2750 5506 2754 5507 2732 5507 2735 5507 2756 5508 2750 5508 2751 5508 2756 5509 2751 5509 2752 5509 2756 5510 2752 5510 2753 5510 2756 5511 2753 5511 2755 5511 2756 5512 2755 5512 2757 5512 2754 5513 2735 5513 2756 5513 2754 5514 2757 5514 2758 5514 2754 5515 2756 5515 2757 5515 2754 5516 2758 5516 2759 5516 2754 5517 2760 5517 2761 5517 2754 5518 2759 5518 2760 5518 2754 5519 2761 5519 2762 5519 2754 5520 2776 5520 2775 5520 2754 5521 2762 5521 2776 5521 2754 5522 2775 5522 2774 5522 2754 5523 2774 5523 2773 5523 2096 5524 2773 5524 2772 5524 2096 5525 2754 5525 2773 5525 2768 5526 2711 5526 2767 5526 2709 5527 2770 5527 2771 5527 1732 5528 2771 5528 1755 5528 1732 5529 2709 5529 2771 5529 2777 5530 2776 5530 2762 5530 2778 5531 2762 5531 2761 5531 2778 5532 2761 5532 2760 5532 2778 5533 2777 5533 2762 5533 2779 5534 2778 5534 2760 5534 2780 5535 2779 5535 2760 5535 2780 5536 2760 5536 2759 5536 2781 5537 2759 5537 2758 5537 2781 5538 2758 5538 2757 5538 2781 5539 2780 5539 2759 5539 2782 5540 2781 5540 2757 5540 2783 5541 2757 5541 2755 5541 2783 5542 2782 5542 2757 5542 2784 5543 2755 5543 2753 5543 2784 5544 2753 5544 2752 5544 2784 5545 2783 5545 2755 5545 2785 5546 2784 5546 2752 5546 2786 5547 2752 5547 2751 5547 2786 5548 2785 5548 2752 5548 2787 5549 2751 5549 2750 5549 2787 5550 2786 5550 2751 5550 2788 5551 2750 5551 2749 5551 2788 5552 2787 5552 2750 5552 2789 5553 2749 5553 2748 5553 2789 5554 2788 5554 2749 5554 2790 5555 2748 5555 2747 5555 2790 5556 2789 5556 2748 5556 2791 5557 2747 5557 2746 5557 2791 5558 2790 5558 2747 5558 2792 5559 2746 5559 2745 5559 2792 5560 2745 5560 2744 5560 2792 5561 2791 5561 2746 5561 2793 5562 2792 5562 2744 5562 2794 5563 2744 5563 2743 5563 2794 5564 2743 5564 2741 5564 2794 5565 2793 5565 2744 5565 2795 5566 2794 5566 2741 5566 2796 5567 2741 5567 2740 5567 2796 5568 2795 5568 2741 5568 2797 5569 2740 5569 2739 5569 2797 5570 2739 5570 2738 5570 2797 5571 2796 5571 2740 5571 2798 5572 2797 5572 2738 5572 2799 5573 2738 5573 2737 5573 2799 5574 2737 5574 2736 5574 2799 5575 2798 5575 2738 5575 2800 5576 2799 5576 2736 5576 2801 5577 2736 5577 2734 5577 2801 5578 2800 5578 2736 5578 2802 5579 2734 5579 2727 5579 2802 5580 2801 5580 2734 5580 1756 5581 2727 5581 1705 5581 1756 5582 2802 5582 2727 5582 1758 5583 2802 5583 1756 5583 1782 5584 1783 5584 2772 5584 2771 5585 1779 5585 1755 5585 1781 5586 1782 5586 2710 5586 1758 5587 2801 5587 2802 5587 1758 5588 2800 5588 2801 5588 1758 5589 2799 5589 2800 5589 2803 5590 2799 5590 1758 5590 2803 5591 2798 5591 2799 5591 2803 5592 2797 5592 2798 5592 2803 5593 2796 5593 2797 5593 1758 5594 1759 5594 1761 5594 2803 5595 2795 5595 2796 5595 2803 5596 2794 5596 2795 5596 2804 5597 1761 5597 1763 5597 2804 5598 1758 5598 1761 5598 2803 5599 2793 5599 2794 5599 2803 5600 2792 5600 2793 5600 2803 5601 2791 5601 2792 5601 2803 5602 2790 5602 2791 5602 2804 5603 2803 5603 1758 5603 2803 5604 2789 5604 2790 5604 2804 5605 1763 5605 1765 5605 2803 5606 2788 5606 2789 5606 2803 5607 2787 5607 2788 5607 2803 5608 2786 5608 2787 5608 2803 5609 2785 5609 2786 5609 2807 5610 1765 5610 1767 5610 2807 5611 2804 5611 1765 5611 2805 5612 2784 5612 2785 5612 2805 5613 2785 5613 2803 5613 2806 5614 2803 5614 2804 5614 2805 5615 2783 5615 2784 5615 2805 5616 2782 5616 2783 5616 2805 5617 2781 5617 2782 5617 2807 5618 1767 5618 1769 5618 2805 5619 2780 5619 2781 5619 2805 5620 2779 5620 2780 5620 2807 5621 2806 5621 2804 5621 2806 5622 2805 5622 2803 5622 2805 5623 2778 5623 2779 5623 1782 5624 2777 5624 2778 5624 1782 5625 2778 5625 2805 5625 1782 5626 2776 5626 2777 5626 1782 5627 2775 5627 2776 5627 1782 5628 2774 5628 2775 5628 2807 5629 1769 5629 1771 5629 1782 5630 2773 5630 2774 5630 2809 5631 2805 5631 2806 5631 1782 5632 2772 5632 2773 5632 2808 5633 1771 5633 1773 5633 2808 5634 2807 5634 1771 5634 1782 5635 2805 5635 2809 5635 2808 5636 1773 5636 1775 5636 2810 5637 1775 5637 1777 5637 2810 5638 2808 5638 1775 5638 2809 5639 2807 5639 2808 5639 2809 5640 2806 5640 2807 5640 2810 5641 1777 5641 1779 5641 2810 5642 1779 5642 2771 5642 2810 5643 2771 5643 2770 5643 2811 5644 2808 5644 2810 5644 2810 5645 2770 5645 2769 5645 2810 5646 2769 5646 2768 5646 2810 5647 2768 5647 2767 5647 2811 5648 2809 5648 2808 5648 2810 5649 2767 5649 2711 5649 2811 5650 2810 5650 2711 5650 2811 5651 2711 5651 2713 5651 2811 5652 2713 5652 2715 5652 2811 5653 2715 5653 2716 5653 2811 5654 2812 5654 2809 5654 2811 5655 2716 5655 2717 5655 2811 5656 2717 5656 2766 5656 1782 5657 2809 5657 2812 5657 2812 5658 2811 5658 2766 5658 2812 5659 2766 5659 2719 5659 2812 5660 2719 5660 2765 5660 2812 5661 2765 5661 2764 5661 2812 5662 2764 5662 2763 5662 2812 5663 2763 5663 2710 5663 2812 5664 2710 5664 1782 5664 2826 5665 1562 5665 2829 5665 2826 5666 2816 5666 1562 5666 2826 5667 2817 5667 2816 5667 2826 5668 2818 5668 2817 5668 2826 5669 2819 5669 2818 5669 2821 5670 2819 5670 2826 5670 2821 5671 2820 5671 2819 5671 2821 5672 2822 5672 2820 5672 2821 5673 2836 5673 2822 5673 2821 5674 2835 5674 2836 5674 2821 5675 2823 5675 2835 5675 2821 5676 2824 5676 2823 5676 2827 5677 2821 5677 2826 5677 2821 5678 2834 5678 2824 5678 2821 5679 2825 5679 2834 5679 2821 5680 2427 5680 2397 5680 2821 5681 2397 5681 2825 5681 2827 5682 2427 5682 2821 5682 2827 5683 2426 5683 2427 5683 2828 5684 2827 5684 2826 5684 2828 5685 2826 5685 2829 5685 2828 5686 2829 5686 2815 5686 2828 5687 2815 5687 2814 5687 2827 5688 2576 5688 2426 5688 2828 5689 2814 5689 2813 5689 2828 5690 2576 5690 2827 5690 2828 5691 2813 5691 2400 5691 2829 5692 2814 5692 2815 5692 2829 5693 2813 5693 2814 5693 2829 5694 2400 5694 2813 5694 2554 5695 2400 5695 2829 5695 2829 5696 2429 5696 2554 5696 2832 5697 2429 5697 2829 5697 2830 5698 2832 5698 2829 5698 2830 5699 2843 5699 2842 5699 2429 5700 2552 5700 2553 5700 2830 5701 2842 5701 2841 5701 2832 5702 2552 5702 2429 5702 2830 5703 2841 5703 2831 5703 2830 5704 2831 5704 2833 5704 2830 5705 2833 5705 2840 5705 2830 5706 2840 5706 2839 5706 2428 5707 2832 5707 2830 5707 2428 5708 2552 5708 2832 5708 2830 5709 2839 5709 2838 5709 2428 5710 2830 5710 2838 5710 2428 5711 2838 5711 2837 5711 2428 5712 2837 5712 2404 5712 2397 5713 2396 5713 2825 5713 2837 5714 2402 5714 2404 5714 2396 5715 2430 5715 2825 5715 2844 5716 2848 5716 1562 5716 2844 5717 2849 5717 2848 5717 2844 5718 2850 5718 2849 5718 2432 5719 2850 5719 2844 5719 2432 5720 2845 5720 2850 5720 2847 5721 2844 5721 1562 5721 2432 5722 2851 5722 2845 5722 2432 5723 2405 5723 2851 5723 2432 5724 2844 5724 2847 5724 2846 5725 2847 5725 1562 5725 2431 5726 2432 5726 2847 5726 2846 5727 1562 5727 2816 5727 2846 5728 2816 5728 2817 5728 2846 5729 2817 5729 2818 5729 2847 5730 2599 5730 2431 5730 2846 5731 2818 5731 2819 5731 2430 5732 2847 5732 2846 5732 2846 5733 2819 5733 2820 5733 2846 5734 2820 5734 2822 5734 2846 5735 2822 5735 2836 5735 2430 5736 2846 5736 2836 5736 2430 5737 2599 5737 2847 5737 2430 5738 2836 5738 2835 5738 2430 5739 2835 5739 2823 5739 2430 5740 2823 5740 2824 5740 2430 5741 2824 5741 2834 5741 2430 5742 2834 5742 2825 5742 2402 5743 2843 5743 2830 5743 2402 5744 2830 5744 1564 5744 2402 5745 2842 5745 2843 5745 2402 5746 2841 5746 2842 5746 2402 5747 2831 5747 2841 5747 2402 5748 2833 5748 2831 5748 2402 5749 2840 5749 2833 5749 2402 5750 2839 5750 2840 5750 2402 5751 2838 5751 2839 5751 2402 5752 2837 5752 2838 5752 2848 5753 2402 5753 1564 5753 2402 5754 2433 5754 2434 5754 2848 5755 2433 5755 2402 5755 2848 5756 2849 5756 2850 5756 2557 5757 2433 5757 2848 5757 2848 5758 2850 5758 2845 5758 2557 5759 2845 5759 2851 5759 2557 5760 2848 5760 2845 5760 2557 5761 2851 5761 2405 5761</p>
                </triangles>
            </mesh>
        </geometry>
    </library_geometries>
    <library_visual_scenes>
        <visual_scene id="VisualSceneNode" name="VisualScene">
            <node id="node" name="node">
                <instance_geometry url="#shape0-lib"/>
            </node>
        </visual_scene>
    </library_visual_scenes>
    <scene>
        <instance_visual_scene url="#VisualSceneNode"/>
    </scene>
</COLLADA>
